
===========================================================================
report_checks -path_delay min (Hold)
============================================================================
======================= Fastest Corner ===================================

Startpoint: _268_ (rising edge-triggered flip-flop clocked by CLK100MHZ)
Endpoint: _268_ (rising edge-triggered flip-flop clocked by CLK100MHZ)
Path Group: CLK100MHZ
Path Type: min
Corner: Fastest

Fanout     Cap    Slew   Delay    Time   Description
-----------------------------------------------------------------------------
                          0.00    0.00   clock CLK100MHZ (rise edge)
                          0.00    0.00   clock source latency
     1    0.02    0.07    0.05    0.05 ^ CLK100MHZ (in)
                                         CLK100MHZ (net)
                  0.07    0.00    0.05 ^ clkbuf_0_CLK100MHZ/A (sky130_fd_sc_hd__clkbuf_16)
     4    0.04    0.05    0.10    0.15 ^ clkbuf_0_CLK100MHZ/X (sky130_fd_sc_hd__clkbuf_16)
                                         clknet_0_CLK100MHZ (net)
                  0.05    0.00    0.15 ^ clkbuf_2_1__f_CLK100MHZ/A (sky130_fd_sc_hd__clkbuf_16)
     8    0.03    0.03    0.09    0.24 ^ clkbuf_2_1__f_CLK100MHZ/X (sky130_fd_sc_hd__clkbuf_16)
                                         clknet_2_1__leaf_CLK100MHZ (net)
                  0.03    0.00    0.24 ^ _268_/CLK (sky130_fd_sc_hd__dfrtp_2)
     3    0.03    0.11    0.26    0.51 ^ _268_/Q (sky130_fd_sc_hd__dfrtp_2)
                                         decoder.delay[18] (net)
                  0.11    0.00    0.51 ^ _211_/A (sky130_fd_sc_hd__xor2_1)
     1    0.00    0.03    0.05    0.56 v _211_/X (sky130_fd_sc_hd__xor2_1)
                                         _009_ (net)
                  0.03    0.00    0.56 v _268_/D (sky130_fd_sc_hd__dfrtp_2)
                                  0.56   data arrival time

                          0.00    0.00   clock CLK100MHZ (rise edge)
                          0.00    0.00   clock source latency
     1    0.02    0.07    0.05    0.05 ^ CLK100MHZ (in)
                                         CLK100MHZ (net)
                  0.07    0.00    0.05 ^ clkbuf_0_CLK100MHZ/A (sky130_fd_sc_hd__clkbuf_16)
     4    0.04    0.05    0.12    0.17 ^ clkbuf_0_CLK100MHZ/X (sky130_fd_sc_hd__clkbuf_16)
                                         clknet_0_CLK100MHZ (net)
                  0.05    0.00    0.17 ^ clkbuf_2_1__f_CLK100MHZ/A (sky130_fd_sc_hd__clkbuf_16)
     8    0.03    0.03    0.10    0.27 ^ clkbuf_2_1__f_CLK100MHZ/X (sky130_fd_sc_hd__clkbuf_16)
                                         clknet_2_1__leaf_CLK100MHZ (net)
                  0.03    0.00    0.27 ^ _268_/CLK (sky130_fd_sc_hd__dfrtp_2)
                          0.25    0.52   clock uncertainty
                         -0.03    0.49   clock reconvergence pessimism
                         -0.03    0.46   library hold time
                                  0.46   data required time
-----------------------------------------------------------------------------
                                  0.46   data required time
                                 -0.56   data arrival time
-----------------------------------------------------------------------------
                                  0.09   slack (MET)


Startpoint: _250_ (rising edge-triggered flip-flop clocked by CLK100MHZ)
Endpoint: _250_ (rising edge-triggered flip-flop clocked by CLK100MHZ)
Path Group: CLK100MHZ
Path Type: min
Corner: Fastest

Fanout     Cap    Slew   Delay    Time   Description
-----------------------------------------------------------------------------
                          0.00    0.00   clock CLK100MHZ (rise edge)
                          0.00    0.00   clock source latency
     1    0.02    0.07    0.05    0.05 ^ CLK100MHZ (in)
                                         CLK100MHZ (net)
                  0.07    0.00    0.05 ^ clkbuf_0_CLK100MHZ/A (sky130_fd_sc_hd__clkbuf_16)
     4    0.04    0.05    0.10    0.15 ^ clkbuf_0_CLK100MHZ/X (sky130_fd_sc_hd__clkbuf_16)
                                         clknet_0_CLK100MHZ (net)
                  0.05    0.00    0.15 ^ clkbuf_2_2__f_CLK100MHZ/A (sky130_fd_sc_hd__clkbuf_16)
     8    0.03    0.04    0.09    0.25 ^ clkbuf_2_2__f_CLK100MHZ/X (sky130_fd_sc_hd__clkbuf_16)
                                         clknet_2_2__leaf_CLK100MHZ (net)
                  0.04    0.00    0.25 ^ _250_/CLK (sky130_fd_sc_hd__dfrtp_2)
     5    0.04    0.16    0.30    0.55 ^ _250_/Q (sky130_fd_sc_hd__dfrtp_2)
                                         decoder.delay[0] (net)
                  0.16    0.00    0.55 ^ _165_/A (sky130_fd_sc_hd__inv_2)
     1    0.00    0.03    0.01    0.56 v _165_/Y (sky130_fd_sc_hd__inv_2)
                                         _000_ (net)
                  0.03    0.00    0.56 v _250_/D (sky130_fd_sc_hd__dfrtp_2)
                                  0.56   data arrival time

                          0.00    0.00   clock CLK100MHZ (rise edge)
                          0.00    0.00   clock source latency
     1    0.02    0.07    0.05    0.05 ^ CLK100MHZ (in)
                                         CLK100MHZ (net)
                  0.07    0.00    0.05 ^ clkbuf_0_CLK100MHZ/A (sky130_fd_sc_hd__clkbuf_16)
     4    0.04    0.05    0.12    0.17 ^ clkbuf_0_CLK100MHZ/X (sky130_fd_sc_hd__clkbuf_16)
                                         clknet_0_CLK100MHZ (net)
                  0.05    0.00    0.17 ^ clkbuf_2_2__f_CLK100MHZ/A (sky130_fd_sc_hd__clkbuf_16)
     8    0.03    0.04    0.10    0.27 ^ clkbuf_2_2__f_CLK100MHZ/X (sky130_fd_sc_hd__clkbuf_16)
                                         clknet_2_2__leaf_CLK100MHZ (net)
                  0.04    0.00    0.27 ^ _250_/CLK (sky130_fd_sc_hd__dfrtp_2)
                          0.25    0.52   clock uncertainty
                         -0.03    0.50   clock reconvergence pessimism
                         -0.03    0.47   library hold time
                                  0.47   data required time
-----------------------------------------------------------------------------
                                  0.47   data required time
                                 -0.56   data arrival time
-----------------------------------------------------------------------------
                                  0.09   slack (MET)


Startpoint: _266_ (rising edge-triggered flip-flop clocked by CLK100MHZ)
Endpoint: _266_ (rising edge-triggered flip-flop clocked by CLK100MHZ)
Path Group: CLK100MHZ
Path Type: min
Corner: Fastest

Fanout     Cap    Slew   Delay    Time   Description
-----------------------------------------------------------------------------
                          0.00    0.00   clock CLK100MHZ (rise edge)
                          0.00    0.00   clock source latency
     1    0.02    0.07    0.05    0.05 ^ CLK100MHZ (in)
                                         CLK100MHZ (net)
                  0.07    0.00    0.05 ^ clkbuf_0_CLK100MHZ/A (sky130_fd_sc_hd__clkbuf_16)
     4    0.04    0.05    0.10    0.15 ^ clkbuf_0_CLK100MHZ/X (sky130_fd_sc_hd__clkbuf_16)
                                         clknet_0_CLK100MHZ (net)
                  0.05    0.00    0.15 ^ clkbuf_2_0__f_CLK100MHZ/A (sky130_fd_sc_hd__clkbuf_16)
     8    0.03    0.04    0.09    0.25 ^ clkbuf_2_0__f_CLK100MHZ/X (sky130_fd_sc_hd__clkbuf_16)
                                         clknet_2_0__leaf_CLK100MHZ (net)
                  0.04    0.00    0.25 ^ _266_/CLK (sky130_fd_sc_hd__dfrtp_2)
     5    0.04    0.14    0.29    0.53 ^ _266_/Q (sky130_fd_sc_hd__dfrtp_2)
                                         decoder.delay[16] (net)
                  0.14    0.00    0.53 ^ _207_/A (sky130_fd_sc_hd__xor2_1)
     1    0.00    0.03    0.05    0.59 v _207_/X (sky130_fd_sc_hd__xor2_1)
                                         _007_ (net)
                  0.03    0.00    0.59 v _266_/D (sky130_fd_sc_hd__dfrtp_2)
                                  0.59   data arrival time

                          0.00    0.00   clock CLK100MHZ (rise edge)
                          0.00    0.00   clock source latency
     1    0.02    0.07    0.05    0.05 ^ CLK100MHZ (in)
                                         CLK100MHZ (net)
                  0.07    0.00    0.05 ^ clkbuf_0_CLK100MHZ/A (sky130_fd_sc_hd__clkbuf_16)
     4    0.04    0.05    0.12    0.17 ^ clkbuf_0_CLK100MHZ/X (sky130_fd_sc_hd__clkbuf_16)
                                         clknet_0_CLK100MHZ (net)
                  0.05    0.00    0.17 ^ clkbuf_2_0__f_CLK100MHZ/A (sky130_fd_sc_hd__clkbuf_16)
     8    0.03    0.04    0.10    0.27 ^ clkbuf_2_0__f_CLK100MHZ/X (sky130_fd_sc_hd__clkbuf_16)
                                         clknet_2_0__leaf_CLK100MHZ (net)
                  0.04    0.00    0.27 ^ _266_/CLK (sky130_fd_sc_hd__dfrtp_2)
                          0.25    0.52   clock uncertainty
                         -0.03    0.50   clock reconvergence pessimism
                         -0.03    0.47   library hold time
                                  0.47   data required time
-----------------------------------------------------------------------------
                                  0.47   data required time
                                 -0.59   data arrival time
-----------------------------------------------------------------------------
                                  0.12   slack (MET)


Startpoint: _262_ (rising edge-triggered flip-flop clocked by CLK100MHZ)
Endpoint: _262_ (rising edge-triggered flip-flop clocked by CLK100MHZ)
Path Group: CLK100MHZ
Path Type: min
Corner: Fastest

Fanout     Cap    Slew   Delay    Time   Description
-----------------------------------------------------------------------------
                          0.00    0.00   clock CLK100MHZ (rise edge)
                          0.00    0.00   clock source latency
     1    0.02    0.07    0.05    0.05 ^ CLK100MHZ (in)
                                         CLK100MHZ (net)
                  0.07    0.00    0.05 ^ clkbuf_0_CLK100MHZ/A (sky130_fd_sc_hd__clkbuf_16)
     4    0.04    0.05    0.10    0.15 ^ clkbuf_0_CLK100MHZ/X (sky130_fd_sc_hd__clkbuf_16)
                                         clknet_0_CLK100MHZ (net)
                  0.05    0.00    0.15 ^ clkbuf_2_2__f_CLK100MHZ/A (sky130_fd_sc_hd__clkbuf_16)
     8    0.03    0.04    0.09    0.25 ^ clkbuf_2_2__f_CLK100MHZ/X (sky130_fd_sc_hd__clkbuf_16)
                                         clknet_2_2__leaf_CLK100MHZ (net)
                  0.04    0.00    0.25 ^ _262_/CLK (sky130_fd_sc_hd__dfrtp_2)
     5    0.03    0.13    0.27    0.52 ^ _262_/Q (sky130_fd_sc_hd__dfrtp_2)
                                         decoder.delay[12] (net)
                  0.13    0.00    0.53 ^ _199_/A (sky130_fd_sc_hd__xnor2_1)
     1    0.01    0.04    0.06    0.59 v _199_/Y (sky130_fd_sc_hd__xnor2_1)
                                         _003_ (net)
                  0.04    0.00    0.59 v _262_/D (sky130_fd_sc_hd__dfrtp_2)
                                  0.59   data arrival time

                          0.00    0.00   clock CLK100MHZ (rise edge)
                          0.00    0.00   clock source latency
     1    0.02    0.07    0.05    0.05 ^ CLK100MHZ (in)
                                         CLK100MHZ (net)
                  0.07    0.00    0.05 ^ clkbuf_0_CLK100MHZ/A (sky130_fd_sc_hd__clkbuf_16)
     4    0.04    0.05    0.12    0.17 ^ clkbuf_0_CLK100MHZ/X (sky130_fd_sc_hd__clkbuf_16)
                                         clknet_0_CLK100MHZ (net)
                  0.05    0.00    0.17 ^ clkbuf_2_2__f_CLK100MHZ/A (sky130_fd_sc_hd__clkbuf_16)
     8    0.03    0.04    0.10    0.27 ^ clkbuf_2_2__f_CLK100MHZ/X (sky130_fd_sc_hd__clkbuf_16)
                                         clknet_2_2__leaf_CLK100MHZ (net)
                  0.04    0.00    0.28 ^ _262_/CLK (sky130_fd_sc_hd__dfrtp_2)
                          0.25    0.53   clock uncertainty
                         -0.03    0.50   clock reconvergence pessimism
                         -0.03    0.47   library hold time
                                  0.47   data required time
-----------------------------------------------------------------------------
                                  0.47   data required time
                                 -0.59   data arrival time
-----------------------------------------------------------------------------
                                  0.12   slack (MET)


Startpoint: _256_ (rising edge-triggered flip-flop clocked by CLK100MHZ)
Endpoint: _256_ (rising edge-triggered flip-flop clocked by CLK100MHZ)
Path Group: CLK100MHZ
Path Type: min
Corner: Fastest

Fanout     Cap    Slew   Delay    Time   Description
-----------------------------------------------------------------------------
                          0.00    0.00   clock CLK100MHZ (rise edge)
                          0.00    0.00   clock source latency
     1    0.02    0.07    0.05    0.05 ^ CLK100MHZ (in)
                                         CLK100MHZ (net)
                  0.07    0.00    0.05 ^ clkbuf_0_CLK100MHZ/A (sky130_fd_sc_hd__clkbuf_16)
     4    0.04    0.05    0.10    0.15 ^ clkbuf_0_CLK100MHZ/X (sky130_fd_sc_hd__clkbuf_16)
                                         clknet_0_CLK100MHZ (net)
                  0.05    0.00    0.15 ^ clkbuf_2_0__f_CLK100MHZ/A (sky130_fd_sc_hd__clkbuf_16)
     8    0.03    0.04    0.09    0.25 ^ clkbuf_2_0__f_CLK100MHZ/X (sky130_fd_sc_hd__clkbuf_16)
                                         clknet_2_0__leaf_CLK100MHZ (net)
                  0.04    0.00    0.25 ^ _256_/CLK (sky130_fd_sc_hd__dfrtp_4)
     4    0.04    0.11    0.30    0.54 ^ _256_/Q (sky130_fd_sc_hd__dfrtp_4)
                                         decoder.delay[6] (net)
                  0.11    0.00    0.54 ^ _180_/A (sky130_fd_sc_hd__xor2_1)
     1    0.01    0.04    0.06    0.60 v _180_/X (sky130_fd_sc_hd__xor2_1)
                                         _021_ (net)
                  0.04    0.00    0.60 v _256_/D (sky130_fd_sc_hd__dfrtp_4)
                                  0.60   data arrival time

                          0.00    0.00   clock CLK100MHZ (rise edge)
                          0.00    0.00   clock source latency
     1    0.02    0.07    0.05    0.05 ^ CLK100MHZ (in)
                                         CLK100MHZ (net)
                  0.07    0.00    0.05 ^ clkbuf_0_CLK100MHZ/A (sky130_fd_sc_hd__clkbuf_16)
     4    0.04    0.05    0.12    0.17 ^ clkbuf_0_CLK100MHZ/X (sky130_fd_sc_hd__clkbuf_16)
                                         clknet_0_CLK100MHZ (net)
                  0.05    0.00    0.17 ^ clkbuf_2_0__f_CLK100MHZ/A (sky130_fd_sc_hd__clkbuf_16)
     8    0.03    0.04    0.10    0.27 ^ clkbuf_2_0__f_CLK100MHZ/X (sky130_fd_sc_hd__clkbuf_16)
                                         clknet_2_0__leaf_CLK100MHZ (net)
                  0.04    0.00    0.27 ^ _256_/CLK (sky130_fd_sc_hd__dfrtp_4)
                          0.25    0.52   clock uncertainty
                         -0.03    0.50   clock reconvergence pessimism
                         -0.03    0.47   library hold time
                                  0.47   data required time
-----------------------------------------------------------------------------
                                  0.47   data required time
                                 -0.60   data arrival time
-----------------------------------------------------------------------------
                                  0.14   slack (MET)


Startpoint: _274_ (rising edge-triggered flip-flop clocked by CLK100MHZ)
Endpoint: _274_ (rising edge-triggered flip-flop clocked by CLK100MHZ)
Path Group: CLK100MHZ
Path Type: min
Corner: Fastest

Fanout     Cap    Slew   Delay    Time   Description
-----------------------------------------------------------------------------
                          0.00    0.00   clock CLK100MHZ (rise edge)
                          0.00    0.00   clock source latency
     1    0.02    0.07    0.05    0.05 ^ CLK100MHZ (in)
                                         CLK100MHZ (net)
                  0.07    0.00    0.05 ^ clkbuf_0_CLK100MHZ/A (sky130_fd_sc_hd__clkbuf_16)
     4    0.04    0.05    0.10    0.15 ^ clkbuf_0_CLK100MHZ/X (sky130_fd_sc_hd__clkbuf_16)
                                         clknet_0_CLK100MHZ (net)
                  0.05    0.00    0.15 ^ clkbuf_2_3__f_CLK100MHZ/A (sky130_fd_sc_hd__clkbuf_16)
     8    0.03    0.04    0.09    0.24 ^ clkbuf_2_3__f_CLK100MHZ/X (sky130_fd_sc_hd__clkbuf_16)
                                         clknet_2_3__leaf_CLK100MHZ (net)
                  0.04    0.00    0.25 ^ _274_/CLK (sky130_fd_sc_hd__dfrtp_2)
     5    0.03    0.12    0.27    0.52 ^ _274_/Q (sky130_fd_sc_hd__dfrtp_2)
                                         decoder.delay[24] (net)
                  0.12    0.00    0.52 ^ _154_/A (sky130_fd_sc_hd__xnor2_1)
     1    0.01    0.05    0.08    0.60 v _154_/Y (sky130_fd_sc_hd__xnor2_1)
                                         _016_ (net)
                  0.05    0.00    0.60 v _274_/D (sky130_fd_sc_hd__dfrtp_2)
                                  0.60   data arrival time

                          0.00    0.00   clock CLK100MHZ (rise edge)
                          0.00    0.00   clock source latency
     1    0.02    0.07    0.05    0.05 ^ CLK100MHZ (in)
                                         CLK100MHZ (net)
                  0.07    0.00    0.05 ^ clkbuf_0_CLK100MHZ/A (sky130_fd_sc_hd__clkbuf_16)
     4    0.04    0.05    0.12    0.17 ^ clkbuf_0_CLK100MHZ/X (sky130_fd_sc_hd__clkbuf_16)
                                         clknet_0_CLK100MHZ (net)
                  0.05    0.00    0.17 ^ clkbuf_2_3__f_CLK100MHZ/A (sky130_fd_sc_hd__clkbuf_16)
     8    0.03    0.04    0.10    0.27 ^ clkbuf_2_3__f_CLK100MHZ/X (sky130_fd_sc_hd__clkbuf_16)
                                         clknet_2_3__leaf_CLK100MHZ (net)
                  0.04    0.00    0.27 ^ _274_/CLK (sky130_fd_sc_hd__dfrtp_2)
                          0.25    0.52   clock uncertainty
                         -0.03    0.50   clock reconvergence pessimism
                         -0.04    0.46   library hold time
                                  0.46   data required time
-----------------------------------------------------------------------------
                                  0.46   data required time
                                 -0.60   data arrival time
-----------------------------------------------------------------------------
                                  0.14   slack (MET)


Startpoint: _269_ (rising edge-triggered flip-flop clocked by CLK100MHZ)
Endpoint: _269_ (rising edge-triggered flip-flop clocked by CLK100MHZ)
Path Group: CLK100MHZ
Path Type: min
Corner: Fastest

Fanout     Cap    Slew   Delay    Time   Description
-----------------------------------------------------------------------------
                          0.00    0.00   clock CLK100MHZ (rise edge)
                          0.00    0.00   clock source latency
     1    0.02    0.07    0.05    0.05 ^ CLK100MHZ (in)
                                         CLK100MHZ (net)
                  0.07    0.00    0.05 ^ clkbuf_0_CLK100MHZ/A (sky130_fd_sc_hd__clkbuf_16)
     4    0.04    0.05    0.10    0.15 ^ clkbuf_0_CLK100MHZ/X (sky130_fd_sc_hd__clkbuf_16)
                                         clknet_0_CLK100MHZ (net)
                  0.05    0.00    0.15 ^ clkbuf_2_2__f_CLK100MHZ/A (sky130_fd_sc_hd__clkbuf_16)
     8    0.03    0.04    0.09    0.25 ^ clkbuf_2_2__f_CLK100MHZ/X (sky130_fd_sc_hd__clkbuf_16)
                                         clknet_2_2__leaf_CLK100MHZ (net)
                  0.04    0.00    0.25 ^ _269_/CLK (sky130_fd_sc_hd__dfrtp_1)
     2    0.02    0.11    0.25    0.50 ^ _269_/Q (sky130_fd_sc_hd__dfrtp_1)
                                         decoder.delay[19] (net)
                  0.11    0.00    0.50 ^ _213_/B2 (sky130_fd_sc_hd__o2bb2a_1)
     1    0.01    0.07    0.12    0.61 ^ _213_/X (sky130_fd_sc_hd__o2bb2a_1)
                                         _010_ (net)
                  0.07    0.00    0.61 ^ _269_/D (sky130_fd_sc_hd__dfrtp_1)
                                  0.61   data arrival time

                          0.00    0.00   clock CLK100MHZ (rise edge)
                          0.00    0.00   clock source latency
     1    0.02    0.07    0.05    0.05 ^ CLK100MHZ (in)
                                         CLK100MHZ (net)
                  0.07    0.00    0.05 ^ clkbuf_0_CLK100MHZ/A (sky130_fd_sc_hd__clkbuf_16)
     4    0.04    0.05    0.12    0.17 ^ clkbuf_0_CLK100MHZ/X (sky130_fd_sc_hd__clkbuf_16)
                                         clknet_0_CLK100MHZ (net)
                  0.05    0.00    0.17 ^ clkbuf_2_2__f_CLK100MHZ/A (sky130_fd_sc_hd__clkbuf_16)
     8    0.03    0.04    0.10    0.27 ^ clkbuf_2_2__f_CLK100MHZ/X (sky130_fd_sc_hd__clkbuf_16)
                                         clknet_2_2__leaf_CLK100MHZ (net)
                  0.04    0.00    0.27 ^ _269_/CLK (sky130_fd_sc_hd__dfrtp_1)
                          0.25    0.52   clock uncertainty
                         -0.03    0.50   clock reconvergence pessimism
                         -0.02    0.48   library hold time
                                  0.48   data required time
-----------------------------------------------------------------------------
                                  0.48   data required time
                                 -0.61   data arrival time
-----------------------------------------------------------------------------
                                  0.14   slack (MET)


Startpoint: _259_ (rising edge-triggered flip-flop clocked by CLK100MHZ)
Endpoint: _259_ (rising edge-triggered flip-flop clocked by CLK100MHZ)
Path Group: CLK100MHZ
Path Type: min
Corner: Fastest

Fanout     Cap    Slew   Delay    Time   Description
-----------------------------------------------------------------------------
                          0.00    0.00   clock CLK100MHZ (rise edge)
                          0.00    0.00   clock source latency
     1    0.02    0.07    0.05    0.05 ^ CLK100MHZ (in)
                                         CLK100MHZ (net)
                  0.07    0.00    0.05 ^ clkbuf_0_CLK100MHZ/A (sky130_fd_sc_hd__clkbuf_16)
     4    0.04    0.05    0.10    0.15 ^ clkbuf_0_CLK100MHZ/X (sky130_fd_sc_hd__clkbuf_16)
                                         clknet_0_CLK100MHZ (net)
                  0.05    0.00    0.15 ^ clkbuf_2_1__f_CLK100MHZ/A (sky130_fd_sc_hd__clkbuf_16)
     8    0.03    0.03    0.09    0.24 ^ clkbuf_2_1__f_CLK100MHZ/X (sky130_fd_sc_hd__clkbuf_16)
                                         clknet_2_1__leaf_CLK100MHZ (net)
                  0.03    0.00    0.24 ^ _259_/CLK (sky130_fd_sc_hd__dfrtp_2)
     4    0.04    0.14    0.28    0.52 ^ _259_/Q (sky130_fd_sc_hd__dfrtp_2)
                                         decoder.delay[9] (net)
                  0.14    0.00    0.53 ^ _191_/A (sky130_fd_sc_hd__xnor2_1)
     1    0.01    0.05    0.07    0.60 v _191_/Y (sky130_fd_sc_hd__xnor2_1)
                                         _024_ (net)
                  0.05    0.00    0.60 v _259_/D (sky130_fd_sc_hd__dfrtp_2)
                                  0.60   data arrival time

                          0.00    0.00   clock CLK100MHZ (rise edge)
                          0.00    0.00   clock source latency
     1    0.02    0.07    0.05    0.05 ^ CLK100MHZ (in)
                                         CLK100MHZ (net)
                  0.07    0.00    0.05 ^ clkbuf_0_CLK100MHZ/A (sky130_fd_sc_hd__clkbuf_16)
     4    0.04    0.05    0.12    0.17 ^ clkbuf_0_CLK100MHZ/X (sky130_fd_sc_hd__clkbuf_16)
                                         clknet_0_CLK100MHZ (net)
                  0.05    0.00    0.17 ^ clkbuf_2_1__f_CLK100MHZ/A (sky130_fd_sc_hd__clkbuf_16)
     8    0.03    0.03    0.10    0.27 ^ clkbuf_2_1__f_CLK100MHZ/X (sky130_fd_sc_hd__clkbuf_16)
                                         clknet_2_1__leaf_CLK100MHZ (net)
                  0.03    0.00    0.27 ^ _259_/CLK (sky130_fd_sc_hd__dfrtp_2)
                          0.25    0.52   clock uncertainty
                         -0.03    0.49   clock reconvergence pessimism
                         -0.03    0.46   library hold time
                                  0.46   data required time
-----------------------------------------------------------------------------
                                  0.46   data required time
                                 -0.60   data arrival time
-----------------------------------------------------------------------------
                                  0.14   slack (MET)


Startpoint: _264_ (rising edge-triggered flip-flop clocked by CLK100MHZ)
Endpoint: _264_ (rising edge-triggered flip-flop clocked by CLK100MHZ)
Path Group: CLK100MHZ
Path Type: min
Corner: Fastest

Fanout     Cap    Slew   Delay    Time   Description
-----------------------------------------------------------------------------
                          0.00    0.00   clock CLK100MHZ (rise edge)
                          0.00    0.00   clock source latency
     1    0.02    0.07    0.05    0.05 ^ CLK100MHZ (in)
                                         CLK100MHZ (net)
                  0.07    0.00    0.05 ^ clkbuf_0_CLK100MHZ/A (sky130_fd_sc_hd__clkbuf_16)
     4    0.04    0.05    0.10    0.15 ^ clkbuf_0_CLK100MHZ/X (sky130_fd_sc_hd__clkbuf_16)
                                         clknet_0_CLK100MHZ (net)
                  0.05    0.00    0.15 ^ clkbuf_2_0__f_CLK100MHZ/A (sky130_fd_sc_hd__clkbuf_16)
     8    0.03    0.04    0.09    0.25 ^ clkbuf_2_0__f_CLK100MHZ/X (sky130_fd_sc_hd__clkbuf_16)
                                         clknet_2_0__leaf_CLK100MHZ (net)
                  0.04    0.00    0.25 ^ _264_/CLK (sky130_fd_sc_hd__dfrtp_1)
     3    0.02    0.16    0.28    0.53 ^ _264_/Q (sky130_fd_sc_hd__dfrtp_1)
                                         decoder.delay[14] (net)
                  0.16    0.00    0.53 ^ _204_/B2 (sky130_fd_sc_hd__o2bb2a_1)
     1    0.01    0.07    0.12    0.65 ^ _204_/X (sky130_fd_sc_hd__o2bb2a_1)
                                         _005_ (net)
                  0.07    0.00    0.65 ^ _264_/D (sky130_fd_sc_hd__dfrtp_1)
                                  0.65   data arrival time

                          0.00    0.00   clock CLK100MHZ (rise edge)
                          0.00    0.00   clock source latency
     1    0.02    0.07    0.05    0.05 ^ CLK100MHZ (in)
                                         CLK100MHZ (net)
                  0.07    0.00    0.05 ^ clkbuf_0_CLK100MHZ/A (sky130_fd_sc_hd__clkbuf_16)
     4    0.04    0.05    0.12    0.17 ^ clkbuf_0_CLK100MHZ/X (sky130_fd_sc_hd__clkbuf_16)
                                         clknet_0_CLK100MHZ (net)
                  0.05    0.00    0.17 ^ clkbuf_2_0__f_CLK100MHZ/A (sky130_fd_sc_hd__clkbuf_16)
     8    0.03    0.04    0.10    0.27 ^ clkbuf_2_0__f_CLK100MHZ/X (sky130_fd_sc_hd__clkbuf_16)
                                         clknet_2_0__leaf_CLK100MHZ (net)
                  0.04    0.00    0.27 ^ _264_/CLK (sky130_fd_sc_hd__dfrtp_1)
                          0.25    0.52   clock uncertainty
                         -0.03    0.50   clock reconvergence pessimism
                         -0.02    0.47   library hold time
                                  0.47   data required time
-----------------------------------------------------------------------------
                                  0.47   data required time
                                 -0.65   data arrival time
-----------------------------------------------------------------------------
                                  0.18   slack (MET)


Startpoint: _247_ (rising edge-triggered flip-flop clocked by CLK100MHZ)
Endpoint: _247_ (rising edge-triggered flip-flop clocked by CLK100MHZ)
Path Group: CLK100MHZ
Path Type: min
Corner: Fastest

Fanout     Cap    Slew   Delay    Time   Description
-----------------------------------------------------------------------------
                          0.00    0.00   clock CLK100MHZ (rise edge)
                          0.00    0.00   clock source latency
     1    0.02    0.07    0.05    0.05 ^ CLK100MHZ (in)
                                         CLK100MHZ (net)
                  0.07    0.00    0.05 ^ clkbuf_0_CLK100MHZ/A (sky130_fd_sc_hd__clkbuf_16)
     4    0.04    0.05    0.10    0.15 ^ clkbuf_0_CLK100MHZ/X (sky130_fd_sc_hd__clkbuf_16)
                                         clknet_0_CLK100MHZ (net)
                  0.05    0.00    0.15 ^ clkbuf_2_3__f_CLK100MHZ/A (sky130_fd_sc_hd__clkbuf_16)
     8    0.03    0.04    0.09    0.24 ^ clkbuf_2_3__f_CLK100MHZ/X (sky130_fd_sc_hd__clkbuf_16)
                                         clknet_2_3__leaf_CLK100MHZ (net)
                  0.04    0.00    0.25 ^ _247_/CLK (sky130_fd_sc_hd__dfrtp_4)
     9    0.06    0.13    0.31    0.56 ^ _247_/Q (sky130_fd_sc_hd__dfrtp_4)
                                         decoder.count[1] (net)
                  0.13    0.00    0.56 ^ _140_/A (sky130_fd_sc_hd__xor2_1)
     1    0.01    0.05    0.08    0.64 v _140_/X (sky130_fd_sc_hd__xor2_1)
                                         _055_ (net)
                  0.05    0.00    0.64 v _247_/D (sky130_fd_sc_hd__dfrtp_4)
                                  0.64   data arrival time

                          0.00    0.00   clock CLK100MHZ (rise edge)
                          0.00    0.00   clock source latency
     1    0.02    0.07    0.05    0.05 ^ CLK100MHZ (in)
                                         CLK100MHZ (net)
                  0.07    0.00    0.05 ^ clkbuf_0_CLK100MHZ/A (sky130_fd_sc_hd__clkbuf_16)
     4    0.04    0.05    0.12    0.17 ^ clkbuf_0_CLK100MHZ/X (sky130_fd_sc_hd__clkbuf_16)
                                         clknet_0_CLK100MHZ (net)
                  0.05    0.00    0.17 ^ clkbuf_2_3__f_CLK100MHZ/A (sky130_fd_sc_hd__clkbuf_16)
     8    0.03    0.04    0.10    0.27 ^ clkbuf_2_3__f_CLK100MHZ/X (sky130_fd_sc_hd__clkbuf_16)
                                         clknet_2_3__leaf_CLK100MHZ (net)
                  0.04    0.00    0.27 ^ _247_/CLK (sky130_fd_sc_hd__dfrtp_4)
                          0.25    0.52   clock uncertainty
                         -0.03    0.50   clock reconvergence pessimism
                         -0.03    0.46   library hold time
                                  0.46   data required time
-----------------------------------------------------------------------------
                                  0.46   data required time
                                 -0.64   data arrival time
-----------------------------------------------------------------------------
                                  0.18   slack (MET)


Startpoint: _270_ (rising edge-triggered flip-flop clocked by CLK100MHZ)
Endpoint: _270_ (rising edge-triggered flip-flop clocked by CLK100MHZ)
Path Group: CLK100MHZ
Path Type: min
Corner: Fastest

Fanout     Cap    Slew   Delay    Time   Description
-----------------------------------------------------------------------------
                          0.00    0.00   clock CLK100MHZ (rise edge)
                          0.00    0.00   clock source latency
     1    0.02    0.07    0.05    0.05 ^ CLK100MHZ (in)
                                         CLK100MHZ (net)
                  0.07    0.00    0.05 ^ clkbuf_0_CLK100MHZ/A (sky130_fd_sc_hd__clkbuf_16)
     4    0.04    0.05    0.10    0.15 ^ clkbuf_0_CLK100MHZ/X (sky130_fd_sc_hd__clkbuf_16)
                                         clknet_0_CLK100MHZ (net)
                  0.05    0.00    0.15 ^ clkbuf_2_0__f_CLK100MHZ/A (sky130_fd_sc_hd__clkbuf_16)
     8    0.03    0.04    0.09    0.25 ^ clkbuf_2_0__f_CLK100MHZ/X (sky130_fd_sc_hd__clkbuf_16)
                                         clknet_2_0__leaf_CLK100MHZ (net)
                  0.04    0.00    0.25 ^ _270_/CLK (sky130_fd_sc_hd__dfrtp_1)
     3    0.02    0.08    0.26    0.51 v _270_/Q (sky130_fd_sc_hd__dfrtp_1)
                                         decoder.delay[20] (net)
                  0.08    0.00    0.51 v _143_/B1 (sky130_fd_sc_hd__a21oi_1)
     1    0.01    0.07    0.08    0.59 ^ _143_/Y (sky130_fd_sc_hd__a21oi_1)
                                         _072_ (net)
                  0.07    0.00    0.59 ^ _145_/A (sky130_fd_sc_hd__nor2_1)
     1    0.01    0.05    0.05    0.64 v _145_/Y (sky130_fd_sc_hd__nor2_1)
                                         _012_ (net)
                  0.05    0.00    0.64 v _270_/D (sky130_fd_sc_hd__dfrtp_1)
                                  0.64   data arrival time

                          0.00    0.00   clock CLK100MHZ (rise edge)
                          0.00    0.00   clock source latency
     1    0.02    0.07    0.05    0.05 ^ CLK100MHZ (in)
                                         CLK100MHZ (net)
                  0.07    0.00    0.05 ^ clkbuf_0_CLK100MHZ/A (sky130_fd_sc_hd__clkbuf_16)
     4    0.04    0.05    0.12    0.17 ^ clkbuf_0_CLK100MHZ/X (sky130_fd_sc_hd__clkbuf_16)
                                         clknet_0_CLK100MHZ (net)
                  0.05    0.00    0.17 ^ clkbuf_2_0__f_CLK100MHZ/A (sky130_fd_sc_hd__clkbuf_16)
     8    0.03    0.04    0.10    0.27 ^ clkbuf_2_0__f_CLK100MHZ/X (sky130_fd_sc_hd__clkbuf_16)
                                         clknet_2_0__leaf_CLK100MHZ (net)
                  0.04    0.00    0.27 ^ _270_/CLK (sky130_fd_sc_hd__dfrtp_1)
                          0.25    0.52   clock uncertainty
                         -0.03    0.50   clock reconvergence pessimism
                         -0.04    0.46   library hold time
                                  0.46   data required time
-----------------------------------------------------------------------------
                                  0.46   data required time
                                 -0.64   data arrival time
-----------------------------------------------------------------------------
                                  0.18   slack (MET)


Startpoint: _272_ (rising edge-triggered flip-flop clocked by CLK100MHZ)
Endpoint: _272_ (rising edge-triggered flip-flop clocked by CLK100MHZ)
Path Group: CLK100MHZ
Path Type: min
Corner: Fastest

Fanout     Cap    Slew   Delay    Time   Description
-----------------------------------------------------------------------------
                          0.00    0.00   clock CLK100MHZ (rise edge)
                          0.00    0.00   clock source latency
     1    0.02    0.07    0.05    0.05 ^ CLK100MHZ (in)
                                         CLK100MHZ (net)
                  0.07    0.00    0.05 ^ clkbuf_0_CLK100MHZ/A (sky130_fd_sc_hd__clkbuf_16)
     4    0.04    0.05    0.10    0.15 ^ clkbuf_0_CLK100MHZ/X (sky130_fd_sc_hd__clkbuf_16)
                                         clknet_0_CLK100MHZ (net)
                  0.05    0.00    0.15 ^ clkbuf_2_1__f_CLK100MHZ/A (sky130_fd_sc_hd__clkbuf_16)
     8    0.03    0.03    0.09    0.24 ^ clkbuf_2_1__f_CLK100MHZ/X (sky130_fd_sc_hd__clkbuf_16)
                                         clknet_2_1__leaf_CLK100MHZ (net)
                  0.03    0.00    0.24 ^ _272_/CLK (sky130_fd_sc_hd__dfrtp_1)
     3    0.03    0.20    0.31    0.55 ^ _272_/Q (sky130_fd_sc_hd__dfrtp_1)
                                         decoder.delay[22] (net)
                  0.20    0.00    0.55 ^ _149_/B2 (sky130_fd_sc_hd__o2bb2a_1)
     1    0.00    0.04    0.10    0.65 ^ _149_/X (sky130_fd_sc_hd__o2bb2a_1)
                                         _014_ (net)
                  0.04    0.00    0.65 ^ _272_/D (sky130_fd_sc_hd__dfrtp_1)
                                  0.65   data arrival time

                          0.00    0.00   clock CLK100MHZ (rise edge)
                          0.00    0.00   clock source latency
     1    0.02    0.07    0.05    0.05 ^ CLK100MHZ (in)
                                         CLK100MHZ (net)
                  0.07    0.00    0.05 ^ clkbuf_0_CLK100MHZ/A (sky130_fd_sc_hd__clkbuf_16)
     4    0.04    0.05    0.12    0.17 ^ clkbuf_0_CLK100MHZ/X (sky130_fd_sc_hd__clkbuf_16)
                                         clknet_0_CLK100MHZ (net)
                  0.05    0.00    0.17 ^ clkbuf_2_1__f_CLK100MHZ/A (sky130_fd_sc_hd__clkbuf_16)
     8    0.03    0.03    0.10    0.27 ^ clkbuf_2_1__f_CLK100MHZ/X (sky130_fd_sc_hd__clkbuf_16)
                                         clknet_2_1__leaf_CLK100MHZ (net)
                  0.03    0.00    0.27 ^ _272_/CLK (sky130_fd_sc_hd__dfrtp_1)
                          0.25    0.52   clock uncertainty
                         -0.03    0.49   clock reconvergence pessimism
                         -0.02    0.47   library hold time
                                  0.47   data required time
-----------------------------------------------------------------------------
                                  0.47   data required time
                                 -0.65   data arrival time
-----------------------------------------------------------------------------
                                  0.18   slack (MET)


Startpoint: _255_ (rising edge-triggered flip-flop clocked by CLK100MHZ)
Endpoint: _255_ (rising edge-triggered flip-flop clocked by CLK100MHZ)
Path Group: CLK100MHZ
Path Type: min
Corner: Fastest

Fanout     Cap    Slew   Delay    Time   Description
-----------------------------------------------------------------------------
                          0.00    0.00   clock CLK100MHZ (rise edge)
                          0.00    0.00   clock source latency
     1    0.02    0.07    0.05    0.05 ^ CLK100MHZ (in)
                                         CLK100MHZ (net)
                  0.07    0.00    0.05 ^ clkbuf_0_CLK100MHZ/A (sky130_fd_sc_hd__clkbuf_16)
     4    0.04    0.05    0.10    0.15 ^ clkbuf_0_CLK100MHZ/X (sky130_fd_sc_hd__clkbuf_16)
                                         clknet_0_CLK100MHZ (net)
                  0.05    0.00    0.15 ^ clkbuf_2_0__f_CLK100MHZ/A (sky130_fd_sc_hd__clkbuf_16)
     8    0.03    0.04    0.09    0.25 ^ clkbuf_2_0__f_CLK100MHZ/X (sky130_fd_sc_hd__clkbuf_16)
                                         clknet_2_0__leaf_CLK100MHZ (net)
                  0.04    0.00    0.25 ^ _255_/CLK (sky130_fd_sc_hd__dfrtp_2)
     4    0.03    0.13    0.28    0.52 ^ _255_/Q (sky130_fd_sc_hd__dfrtp_2)
                                         decoder.delay[5] (net)
                  0.13    0.00    0.52 ^ _178_/A (sky130_fd_sc_hd__nor2_1)
     1    0.01    0.04    0.05    0.58 v _178_/Y (sky130_fd_sc_hd__nor2_1)
                                         _091_ (net)
                  0.04    0.00    0.58 v _179_/B (sky130_fd_sc_hd__nor2_1)
     1    0.01    0.09    0.08    0.66 ^ _179_/Y (sky130_fd_sc_hd__nor2_1)
                                         _020_ (net)
                  0.09    0.00    0.66 ^ _255_/D (sky130_fd_sc_hd__dfrtp_2)
                                  0.66   data arrival time

                          0.00    0.00   clock CLK100MHZ (rise edge)
                          0.00    0.00   clock source latency
     1    0.02    0.07    0.05    0.05 ^ CLK100MHZ (in)
                                         CLK100MHZ (net)
                  0.07    0.00    0.05 ^ clkbuf_0_CLK100MHZ/A (sky130_fd_sc_hd__clkbuf_16)
     4    0.04    0.05    0.12    0.17 ^ clkbuf_0_CLK100MHZ/X (sky130_fd_sc_hd__clkbuf_16)
                                         clknet_0_CLK100MHZ (net)
                  0.05    0.00    0.17 ^ clkbuf_2_0__f_CLK100MHZ/A (sky130_fd_sc_hd__clkbuf_16)
     8    0.03    0.04    0.10    0.27 ^ clkbuf_2_0__f_CLK100MHZ/X (sky130_fd_sc_hd__clkbuf_16)
                                         clknet_2_0__leaf_CLK100MHZ (net)
                  0.04    0.00    0.27 ^ _255_/CLK (sky130_fd_sc_hd__dfrtp_2)
                          0.25    0.52   clock uncertainty
                         -0.03    0.50   clock reconvergence pessimism
                         -0.02    0.47   library hold time
                                  0.47   data required time
-----------------------------------------------------------------------------
                                  0.47   data required time
                                 -0.66   data arrival time
-----------------------------------------------------------------------------
                                  0.19   slack (MET)


Startpoint: _249_ (rising edge-triggered flip-flop clocked by CLK100MHZ)
Endpoint: _249_ (rising edge-triggered flip-flop clocked by CLK100MHZ)
Path Group: CLK100MHZ
Path Type: min
Corner: Fastest

Fanout     Cap    Slew   Delay    Time   Description
-----------------------------------------------------------------------------
                          0.00    0.00   clock CLK100MHZ (rise edge)
                          0.00    0.00   clock source latency
     1    0.02    0.07    0.05    0.05 ^ CLK100MHZ (in)
                                         CLK100MHZ (net)
                  0.07    0.00    0.05 ^ clkbuf_0_CLK100MHZ/A (sky130_fd_sc_hd__clkbuf_16)
     4    0.04    0.05    0.10    0.15 ^ clkbuf_0_CLK100MHZ/X (sky130_fd_sc_hd__clkbuf_16)
                                         clknet_0_CLK100MHZ (net)
                  0.05    0.00    0.15 ^ clkbuf_2_3__f_CLK100MHZ/A (sky130_fd_sc_hd__clkbuf_16)
     8    0.03    0.04    0.09    0.24 ^ clkbuf_2_3__f_CLK100MHZ/X (sky130_fd_sc_hd__clkbuf_16)
                                         clknet_2_3__leaf_CLK100MHZ (net)
                  0.04    0.00    0.25 ^ _249_/CLK (sky130_fd_sc_hd__dfrtp_4)
     6    0.05    0.12    0.30    0.55 ^ _249_/Q (sky130_fd_sc_hd__dfrtp_4)
                                         decoder.count[3] (net)
                  0.12    0.00    0.55 ^ _130_/A (sky130_fd_sc_hd__xor2_1)
     1    0.02    0.06    0.09    0.64 v _130_/X (sky130_fd_sc_hd__xor2_1)
                                         _057_ (net)
                  0.06    0.00    0.65 v _249_/D (sky130_fd_sc_hd__dfrtp_4)
                                  0.65   data arrival time

                          0.00    0.00   clock CLK100MHZ (rise edge)
                          0.00    0.00   clock source latency
     1    0.02    0.07    0.05    0.05 ^ CLK100MHZ (in)
                                         CLK100MHZ (net)
                  0.07    0.00    0.05 ^ clkbuf_0_CLK100MHZ/A (sky130_fd_sc_hd__clkbuf_16)
     4    0.04    0.05    0.12    0.17 ^ clkbuf_0_CLK100MHZ/X (sky130_fd_sc_hd__clkbuf_16)
                                         clknet_0_CLK100MHZ (net)
                  0.05    0.00    0.17 ^ clkbuf_2_3__f_CLK100MHZ/A (sky130_fd_sc_hd__clkbuf_16)
     8    0.03    0.04    0.10    0.27 ^ clkbuf_2_3__f_CLK100MHZ/X (sky130_fd_sc_hd__clkbuf_16)
                                         clknet_2_3__leaf_CLK100MHZ (net)
                  0.04    0.00    0.27 ^ _249_/CLK (sky130_fd_sc_hd__dfrtp_4)
                          0.25    0.52   clock uncertainty
                         -0.03    0.50   clock reconvergence pessimism
                         -0.04    0.46   library hold time
                                  0.46   data required time
-----------------------------------------------------------------------------
                                  0.46   data required time
                                 -0.65   data arrival time
-----------------------------------------------------------------------------
                                  0.19   slack (MET)


Startpoint: _254_ (rising edge-triggered flip-flop clocked by CLK100MHZ)
Endpoint: _254_ (rising edge-triggered flip-flop clocked by CLK100MHZ)
Path Group: CLK100MHZ
Path Type: min
Corner: Fastest

Fanout     Cap    Slew   Delay    Time   Description
-----------------------------------------------------------------------------
                          0.00    0.00   clock CLK100MHZ (rise edge)
                          0.00    0.00   clock source latency
     1    0.02    0.07    0.05    0.05 ^ CLK100MHZ (in)
                                         CLK100MHZ (net)
                  0.07    0.00    0.05 ^ clkbuf_0_CLK100MHZ/A (sky130_fd_sc_hd__clkbuf_16)
     4    0.04    0.05    0.10    0.15 ^ clkbuf_0_CLK100MHZ/X (sky130_fd_sc_hd__clkbuf_16)
                                         clknet_0_CLK100MHZ (net)
                  0.05    0.00    0.15 ^ clkbuf_2_1__f_CLK100MHZ/A (sky130_fd_sc_hd__clkbuf_16)
     8    0.03    0.03    0.09    0.24 ^ clkbuf_2_1__f_CLK100MHZ/X (sky130_fd_sc_hd__clkbuf_16)
                                         clknet_2_1__leaf_CLK100MHZ (net)
                  0.03    0.00    0.24 ^ _254_/CLK (sky130_fd_sc_hd__dfrtp_2)
     5    0.04    0.14    0.28    0.53 ^ _254_/Q (sky130_fd_sc_hd__dfrtp_2)
                                         decoder.delay[4] (net)
                  0.15    0.00    0.53 ^ _175_/A (sky130_fd_sc_hd__nor2_1)
     1    0.01    0.06    0.06    0.59 v _175_/Y (sky130_fd_sc_hd__nor2_1)
                                         _089_ (net)
                  0.06    0.00    0.59 v _176_/B (sky130_fd_sc_hd__nor2_1)
     1    0.00    0.07    0.07    0.66 ^ _176_/Y (sky130_fd_sc_hd__nor2_1)
                                         _019_ (net)
                  0.07    0.00    0.66 ^ _254_/D (sky130_fd_sc_hd__dfrtp_2)
                                  0.66   data arrival time

                          0.00    0.00   clock CLK100MHZ (rise edge)
                          0.00    0.00   clock source latency
     1    0.02    0.07    0.05    0.05 ^ CLK100MHZ (in)
                                         CLK100MHZ (net)
                  0.07    0.00    0.05 ^ clkbuf_0_CLK100MHZ/A (sky130_fd_sc_hd__clkbuf_16)
     4    0.04    0.05    0.12    0.17 ^ clkbuf_0_CLK100MHZ/X (sky130_fd_sc_hd__clkbuf_16)
                                         clknet_0_CLK100MHZ (net)
                  0.05    0.00    0.17 ^ clkbuf_2_1__f_CLK100MHZ/A (sky130_fd_sc_hd__clkbuf_16)
     8    0.03    0.03    0.10    0.27 ^ clkbuf_2_1__f_CLK100MHZ/X (sky130_fd_sc_hd__clkbuf_16)
                                         clknet_2_1__leaf_CLK100MHZ (net)
                  0.03    0.00    0.27 ^ _254_/CLK (sky130_fd_sc_hd__dfrtp_2)
                          0.25    0.52   clock uncertainty
                         -0.03    0.49   clock reconvergence pessimism
                         -0.02    0.47   library hold time
                                  0.47   data required time
-----------------------------------------------------------------------------
                                  0.47   data required time
                                 -0.66   data arrival time
-----------------------------------------------------------------------------
                                  0.19   slack (MET)


Startpoint: _274_ (rising edge-triggered flip-flop clocked by CLK100MHZ)
Endpoint: _248_ (rising edge-triggered flip-flop clocked by CLK100MHZ)
Path Group: CLK100MHZ
Path Type: min
Corner: Fastest

Fanout     Cap    Slew   Delay    Time   Description
-----------------------------------------------------------------------------
                          0.00    0.00   clock CLK100MHZ (rise edge)
                          0.00    0.00   clock source latency
     1    0.02    0.07    0.05    0.05 ^ CLK100MHZ (in)
                                         CLK100MHZ (net)
                  0.07    0.00    0.05 ^ clkbuf_0_CLK100MHZ/A (sky130_fd_sc_hd__clkbuf_16)
     4    0.04    0.05    0.10    0.15 ^ clkbuf_0_CLK100MHZ/X (sky130_fd_sc_hd__clkbuf_16)
                                         clknet_0_CLK100MHZ (net)
                  0.05    0.00    0.15 ^ clkbuf_2_3__f_CLK100MHZ/A (sky130_fd_sc_hd__clkbuf_16)
     8    0.03    0.04    0.09    0.24 ^ clkbuf_2_3__f_CLK100MHZ/X (sky130_fd_sc_hd__clkbuf_16)
                                         clknet_2_3__leaf_CLK100MHZ (net)
                  0.04    0.00    0.25 ^ _274_/CLK (sky130_fd_sc_hd__dfrtp_2)
     5    0.03    0.12    0.27    0.52 ^ _274_/Q (sky130_fd_sc_hd__dfrtp_2)
                                         decoder.delay[24] (net)
                  0.12    0.00    0.52 ^ _137_/A1 (sky130_fd_sc_hd__a31o_1)
     1    0.01    0.08    0.12    0.64 ^ _137_/X (sky130_fd_sc_hd__a31o_1)
                                         _069_ (net)
                  0.08    0.00    0.64 ^ _138_/B1 (sky130_fd_sc_hd__o31ai_1)
     1    0.00    0.03    0.03    0.68 v _138_/Y (sky130_fd_sc_hd__o31ai_1)
                                         _056_ (net)
                  0.03    0.00    0.68 v _248_/D (sky130_fd_sc_hd__dfrtp_4)
                                  0.68   data arrival time

                          0.00    0.00   clock CLK100MHZ (rise edge)
                          0.00    0.00   clock source latency
     1    0.02    0.07    0.05    0.05 ^ CLK100MHZ (in)
                                         CLK100MHZ (net)
                  0.07    0.00    0.05 ^ clkbuf_0_CLK100MHZ/A (sky130_fd_sc_hd__clkbuf_16)
     4    0.04    0.05    0.12    0.17 ^ clkbuf_0_CLK100MHZ/X (sky130_fd_sc_hd__clkbuf_16)
                                         clknet_0_CLK100MHZ (net)
                  0.05    0.00    0.17 ^ clkbuf_2_0__f_CLK100MHZ/A (sky130_fd_sc_hd__clkbuf_16)
     8    0.03    0.04    0.10    0.27 ^ clkbuf_2_0__f_CLK100MHZ/X (sky130_fd_sc_hd__clkbuf_16)
                                         clknet_2_0__leaf_CLK100MHZ (net)
                  0.04    0.00    0.27 ^ _248_/CLK (sky130_fd_sc_hd__dfrtp_4)
                          0.25    0.52   clock uncertainty
                         -0.02    0.51   clock reconvergence pessimism
                         -0.03    0.48   library hold time
                                  0.48   data required time
-----------------------------------------------------------------------------
                                  0.48   data required time
                                 -0.68   data arrival time
-----------------------------------------------------------------------------
                                  0.20   slack (MET)


Startpoint: _265_ (rising edge-triggered flip-flop clocked by CLK100MHZ)
Endpoint: _265_ (rising edge-triggered flip-flop clocked by CLK100MHZ)
Path Group: CLK100MHZ
Path Type: min
Corner: Fastest

Fanout     Cap    Slew   Delay    Time   Description
-----------------------------------------------------------------------------
                          0.00    0.00   clock CLK100MHZ (rise edge)
                          0.00    0.00   clock source latency
     1    0.02    0.07    0.05    0.05 ^ CLK100MHZ (in)
                                         CLK100MHZ (net)
                  0.07    0.00    0.05 ^ clkbuf_0_CLK100MHZ/A (sky130_fd_sc_hd__clkbuf_16)
     4    0.04    0.05    0.10    0.15 ^ clkbuf_0_CLK100MHZ/X (sky130_fd_sc_hd__clkbuf_16)
                                         clknet_0_CLK100MHZ (net)
                  0.05    0.00    0.15 ^ clkbuf_2_1__f_CLK100MHZ/A (sky130_fd_sc_hd__clkbuf_16)
     8    0.03    0.03    0.09    0.24 ^ clkbuf_2_1__f_CLK100MHZ/X (sky130_fd_sc_hd__clkbuf_16)
                                         clknet_2_1__leaf_CLK100MHZ (net)
                  0.03    0.00    0.24 ^ _265_/CLK (sky130_fd_sc_hd__dfrtp_1)
     2    0.02    0.09    0.27    0.52 v _265_/Q (sky130_fd_sc_hd__dfrtp_1)
                                         decoder.delay[15] (net)
                  0.09    0.00    0.52 v _205_/B1 (sky130_fd_sc_hd__a21oi_1)
     1    0.01    0.07    0.09    0.61 ^ _205_/Y (sky130_fd_sc_hd__a21oi_1)
                                         _108_ (net)
                  0.07    0.00    0.61 ^ _206_/B (sky130_fd_sc_hd__nor2_1)
     1    0.01    0.05    0.05    0.66 v _206_/Y (sky130_fd_sc_hd__nor2_1)
                                         _006_ (net)
                  0.05    0.00    0.66 v _265_/D (sky130_fd_sc_hd__dfrtp_1)
                                  0.66   data arrival time

                          0.00    0.00   clock CLK100MHZ (rise edge)
                          0.00    0.00   clock source latency
     1    0.02    0.07    0.05    0.05 ^ CLK100MHZ (in)
                                         CLK100MHZ (net)
                  0.07    0.00    0.05 ^ clkbuf_0_CLK100MHZ/A (sky130_fd_sc_hd__clkbuf_16)
     4    0.04    0.05    0.12    0.17 ^ clkbuf_0_CLK100MHZ/X (sky130_fd_sc_hd__clkbuf_16)
                                         clknet_0_CLK100MHZ (net)
                  0.05    0.00    0.17 ^ clkbuf_2_1__f_CLK100MHZ/A (sky130_fd_sc_hd__clkbuf_16)
     8    0.03    0.03    0.10    0.27 ^ clkbuf_2_1__f_CLK100MHZ/X (sky130_fd_sc_hd__clkbuf_16)
                                         clknet_2_1__leaf_CLK100MHZ (net)
                  0.03    0.00    0.27 ^ _265_/CLK (sky130_fd_sc_hd__dfrtp_1)
                          0.25    0.52   clock uncertainty
                         -0.03    0.49   clock reconvergence pessimism
                         -0.04    0.45   library hold time
                                  0.45   data required time
-----------------------------------------------------------------------------
                                  0.45   data required time
                                 -0.66   data arrival time
-----------------------------------------------------------------------------
                                  0.21   slack (MET)


Startpoint: _267_ (rising edge-triggered flip-flop clocked by CLK100MHZ)
Endpoint: _267_ (rising edge-triggered flip-flop clocked by CLK100MHZ)
Path Group: CLK100MHZ
Path Type: min
Corner: Fastest

Fanout     Cap    Slew   Delay    Time   Description
-----------------------------------------------------------------------------
                          0.00    0.00   clock CLK100MHZ (rise edge)
                          0.00    0.00   clock source latency
     1    0.02    0.07    0.05    0.05 ^ CLK100MHZ (in)
                                         CLK100MHZ (net)
                  0.07    0.00    0.05 ^ clkbuf_0_CLK100MHZ/A (sky130_fd_sc_hd__clkbuf_16)
     4    0.04    0.05    0.10    0.15 ^ clkbuf_0_CLK100MHZ/X (sky130_fd_sc_hd__clkbuf_16)
                                         clknet_0_CLK100MHZ (net)
                  0.05    0.00    0.15 ^ clkbuf_2_3__f_CLK100MHZ/A (sky130_fd_sc_hd__clkbuf_16)
     8    0.03    0.04    0.09    0.24 ^ clkbuf_2_3__f_CLK100MHZ/X (sky130_fd_sc_hd__clkbuf_16)
                                         clknet_2_3__leaf_CLK100MHZ (net)
                  0.04    0.00    0.25 ^ _267_/CLK (sky130_fd_sc_hd__dfrtp_1)
     4    0.03    0.10    0.28    0.52 v _267_/Q (sky130_fd_sc_hd__dfrtp_1)
                                         decoder.delay[17] (net)
                  0.10    0.00    0.53 v _208_/B1 (sky130_fd_sc_hd__a21oi_1)
     1    0.01    0.08    0.09    0.62 ^ _208_/Y (sky130_fd_sc_hd__a21oi_1)
                                         _109_ (net)
                  0.08    0.00    0.62 ^ _210_/A (sky130_fd_sc_hd__nor2_1)
     1    0.01    0.04    0.05    0.67 v _210_/Y (sky130_fd_sc_hd__nor2_1)
                                         _008_ (net)
                  0.04    0.00    0.67 v _267_/D (sky130_fd_sc_hd__dfrtp_1)
                                  0.67   data arrival time

                          0.00    0.00   clock CLK100MHZ (rise edge)
                          0.00    0.00   clock source latency
     1    0.02    0.07    0.05    0.05 ^ CLK100MHZ (in)
                                         CLK100MHZ (net)
                  0.07    0.00    0.05 ^ clkbuf_0_CLK100MHZ/A (sky130_fd_sc_hd__clkbuf_16)
     4    0.04    0.05    0.12    0.17 ^ clkbuf_0_CLK100MHZ/X (sky130_fd_sc_hd__clkbuf_16)
                                         clknet_0_CLK100MHZ (net)
                  0.05    0.00    0.17 ^ clkbuf_2_3__f_CLK100MHZ/A (sky130_fd_sc_hd__clkbuf_16)
     8    0.03    0.04    0.10    0.27 ^ clkbuf_2_3__f_CLK100MHZ/X (sky130_fd_sc_hd__clkbuf_16)
                                         clknet_2_3__leaf_CLK100MHZ (net)
                  0.04    0.00    0.27 ^ _267_/CLK (sky130_fd_sc_hd__dfrtp_1)
                          0.25    0.52   clock uncertainty
                         -0.03    0.50   clock reconvergence pessimism
                         -0.04    0.46   library hold time
                                  0.46   data required time
-----------------------------------------------------------------------------
                                  0.46   data required time
                                 -0.67   data arrival time
-----------------------------------------------------------------------------
                                  0.21   slack (MET)


Startpoint: _271_ (rising edge-triggered flip-flop clocked by CLK100MHZ)
Endpoint: _271_ (rising edge-triggered flip-flop clocked by CLK100MHZ)
Path Group: CLK100MHZ
Path Type: min
Corner: Fastest

Fanout     Cap    Slew   Delay    Time   Description
-----------------------------------------------------------------------------
                          0.00    0.00   clock CLK100MHZ (rise edge)
                          0.00    0.00   clock source latency
     1    0.02    0.07    0.05    0.05 ^ CLK100MHZ (in)
                                         CLK100MHZ (net)
                  0.07    0.00    0.05 ^ clkbuf_0_CLK100MHZ/A (sky130_fd_sc_hd__clkbuf_16)
     4    0.04    0.05    0.10    0.15 ^ clkbuf_0_CLK100MHZ/X (sky130_fd_sc_hd__clkbuf_16)
                                         clknet_0_CLK100MHZ (net)
                  0.05    0.00    0.15 ^ clkbuf_2_0__f_CLK100MHZ/A (sky130_fd_sc_hd__clkbuf_16)
     8    0.03    0.04    0.09    0.25 ^ clkbuf_2_0__f_CLK100MHZ/X (sky130_fd_sc_hd__clkbuf_16)
                                         clknet_2_0__leaf_CLK100MHZ (net)
                  0.04    0.00    0.25 ^ _271_/CLK (sky130_fd_sc_hd__dfrtp_1)
     2    0.02    0.13    0.26    0.51 ^ _271_/Q (sky130_fd_sc_hd__dfrtp_1)
                                         decoder.delay[21] (net)
                  0.13    0.00    0.51 ^ _147_/A1 (sky130_fd_sc_hd__o21ba_1)
     1    0.02    0.15    0.16    0.67 ^ _147_/X (sky130_fd_sc_hd__o21ba_1)
                                         _013_ (net)
                  0.15    0.00    0.68 ^ _271_/D (sky130_fd_sc_hd__dfrtp_1)
                                  0.68   data arrival time

                          0.00    0.00   clock CLK100MHZ (rise edge)
                          0.00    0.00   clock source latency
     1    0.02    0.07    0.05    0.05 ^ CLK100MHZ (in)
                                         CLK100MHZ (net)
                  0.07    0.00    0.05 ^ clkbuf_0_CLK100MHZ/A (sky130_fd_sc_hd__clkbuf_16)
     4    0.04    0.05    0.12    0.17 ^ clkbuf_0_CLK100MHZ/X (sky130_fd_sc_hd__clkbuf_16)
                                         clknet_0_CLK100MHZ (net)
                  0.05    0.00    0.17 ^ clkbuf_2_0__f_CLK100MHZ/A (sky130_fd_sc_hd__clkbuf_16)
     8    0.03    0.04    0.10    0.27 ^ clkbuf_2_0__f_CLK100MHZ/X (sky130_fd_sc_hd__clkbuf_16)
                                         clknet_2_0__leaf_CLK100MHZ (net)
                  0.04    0.00    0.27 ^ _271_/CLK (sky130_fd_sc_hd__dfrtp_1)
                          0.25    0.52   clock uncertainty
                         -0.03    0.50   clock reconvergence pessimism
                         -0.03    0.47   library hold time
                                  0.47   data required time
-----------------------------------------------------------------------------
                                  0.47   data required time
                                 -0.68   data arrival time
-----------------------------------------------------------------------------
                                  0.21   slack (MET)


Startpoint: _252_ (rising edge-triggered flip-flop clocked by CLK100MHZ)
Endpoint: _252_ (rising edge-triggered flip-flop clocked by CLK100MHZ)
Path Group: CLK100MHZ
Path Type: min
Corner: Fastest

Fanout     Cap    Slew   Delay    Time   Description
-----------------------------------------------------------------------------
                          0.00    0.00   clock CLK100MHZ (rise edge)
                          0.00    0.00   clock source latency
     1    0.02    0.07    0.05    0.05 ^ CLK100MHZ (in)
                                         CLK100MHZ (net)
                  0.07    0.00    0.05 ^ clkbuf_0_CLK100MHZ/A (sky130_fd_sc_hd__clkbuf_16)
     4    0.04    0.05    0.10    0.15 ^ clkbuf_0_CLK100MHZ/X (sky130_fd_sc_hd__clkbuf_16)
                                         clknet_0_CLK100MHZ (net)
                  0.05    0.00    0.15 ^ clkbuf_2_2__f_CLK100MHZ/A (sky130_fd_sc_hd__clkbuf_16)
     8    0.03    0.04    0.09    0.25 ^ clkbuf_2_2__f_CLK100MHZ/X (sky130_fd_sc_hd__clkbuf_16)
                                         clknet_2_2__leaf_CLK100MHZ (net)
                  0.04    0.00    0.25 ^ _252_/CLK (sky130_fd_sc_hd__dfrtp_2)
     3    0.04    0.14    0.29    0.54 ^ _252_/Q (sky130_fd_sc_hd__dfrtp_2)
                                         decoder.delay[2] (net)
                  0.14    0.00    0.54 ^ _170_/A (sky130_fd_sc_hd__xnor2_1)
     1    0.02    0.10    0.12    0.66 v _170_/Y (sky130_fd_sc_hd__xnor2_1)
                                         _017_ (net)
                  0.10    0.00    0.66 v _252_/D (sky130_fd_sc_hd__dfrtp_2)
                                  0.66   data arrival time

                          0.00    0.00   clock CLK100MHZ (rise edge)
                          0.00    0.00   clock source latency
     1    0.02    0.07    0.05    0.05 ^ CLK100MHZ (in)
                                         CLK100MHZ (net)
                  0.07    0.00    0.05 ^ clkbuf_0_CLK100MHZ/A (sky130_fd_sc_hd__clkbuf_16)
     4    0.04    0.05    0.12    0.17 ^ clkbuf_0_CLK100MHZ/X (sky130_fd_sc_hd__clkbuf_16)
                                         clknet_0_CLK100MHZ (net)
                  0.05    0.00    0.17 ^ clkbuf_2_2__f_CLK100MHZ/A (sky130_fd_sc_hd__clkbuf_16)
     8    0.03    0.04    0.10    0.27 ^ clkbuf_2_2__f_CLK100MHZ/X (sky130_fd_sc_hd__clkbuf_16)
                                         clknet_2_2__leaf_CLK100MHZ (net)
                  0.04    0.00    0.28 ^ _252_/CLK (sky130_fd_sc_hd__dfrtp_2)
                          0.25    0.53   clock uncertainty
                         -0.03    0.50   clock reconvergence pessimism
                         -0.05    0.45   library hold time
                                  0.45   data required time
-----------------------------------------------------------------------------
                                  0.45   data required time
                                 -0.66   data arrival time
-----------------------------------------------------------------------------
                                  0.21   slack (MET)


Startpoint: _263_ (rising edge-triggered flip-flop clocked by CLK100MHZ)
Endpoint: _263_ (rising edge-triggered flip-flop clocked by CLK100MHZ)
Path Group: CLK100MHZ
Path Type: min
Corner: Fastest

Fanout     Cap    Slew   Delay    Time   Description
-----------------------------------------------------------------------------
                          0.00    0.00   clock CLK100MHZ (rise edge)
                          0.00    0.00   clock source latency
     1    0.02    0.07    0.05    0.05 ^ CLK100MHZ (in)
                                         CLK100MHZ (net)
                  0.07    0.00    0.05 ^ clkbuf_0_CLK100MHZ/A (sky130_fd_sc_hd__clkbuf_16)
     4    0.04    0.05    0.10    0.15 ^ clkbuf_0_CLK100MHZ/X (sky130_fd_sc_hd__clkbuf_16)
                                         clknet_0_CLK100MHZ (net)
                  0.05    0.00    0.15 ^ clkbuf_2_2__f_CLK100MHZ/A (sky130_fd_sc_hd__clkbuf_16)
     8    0.03    0.04    0.09    0.25 ^ clkbuf_2_2__f_CLK100MHZ/X (sky130_fd_sc_hd__clkbuf_16)
                                         clknet_2_2__leaf_CLK100MHZ (net)
                  0.04    0.00    0.25 ^ _263_/CLK (sky130_fd_sc_hd__dfrtp_1)
     4    0.03    0.22    0.32    0.57 ^ _263_/Q (sky130_fd_sc_hd__dfrtp_1)
                                         decoder.delay[13] (net)
                  0.22    0.00    0.57 ^ _202_/A1 (sky130_fd_sc_hd__o21ba_1)
     1    0.01    0.10    0.14    0.71 ^ _202_/X (sky130_fd_sc_hd__o21ba_1)
                                         _004_ (net)
                  0.10    0.00    0.71 ^ _263_/D (sky130_fd_sc_hd__dfrtp_1)
                                  0.71   data arrival time

                          0.00    0.00   clock CLK100MHZ (rise edge)
                          0.00    0.00   clock source latency
     1    0.02    0.07    0.05    0.05 ^ CLK100MHZ (in)
                                         CLK100MHZ (net)
                  0.07    0.00    0.05 ^ clkbuf_0_CLK100MHZ/A (sky130_fd_sc_hd__clkbuf_16)
     4    0.04    0.05    0.12    0.17 ^ clkbuf_0_CLK100MHZ/X (sky130_fd_sc_hd__clkbuf_16)
                                         clknet_0_CLK100MHZ (net)
                  0.05    0.00    0.17 ^ clkbuf_2_2__f_CLK100MHZ/A (sky130_fd_sc_hd__clkbuf_16)
     8    0.03    0.04    0.10    0.27 ^ clkbuf_2_2__f_CLK100MHZ/X (sky130_fd_sc_hd__clkbuf_16)
                                         clknet_2_2__leaf_CLK100MHZ (net)
                  0.04    0.00    0.27 ^ _263_/CLK (sky130_fd_sc_hd__dfrtp_1)
                          0.25    0.52   clock uncertainty
                         -0.03    0.50   clock reconvergence pessimism
                         -0.03    0.47   library hold time
                                  0.47   data required time
-----------------------------------------------------------------------------
                                  0.47   data required time
                                 -0.71   data arrival time
-----------------------------------------------------------------------------
                                  0.24   slack (MET)


Startpoint: _260_ (rising edge-triggered flip-flop clocked by CLK100MHZ)
Endpoint: _260_ (rising edge-triggered flip-flop clocked by CLK100MHZ)
Path Group: CLK100MHZ
Path Type: min
Corner: Fastest

Fanout     Cap    Slew   Delay    Time   Description
-----------------------------------------------------------------------------
                          0.00    0.00   clock CLK100MHZ (rise edge)
                          0.00    0.00   clock source latency
     1    0.02    0.07    0.05    0.05 ^ CLK100MHZ (in)
                                         CLK100MHZ (net)
                  0.07    0.00    0.05 ^ clkbuf_0_CLK100MHZ/A (sky130_fd_sc_hd__clkbuf_16)
     4    0.04    0.05    0.10    0.15 ^ clkbuf_0_CLK100MHZ/X (sky130_fd_sc_hd__clkbuf_16)
                                         clknet_0_CLK100MHZ (net)
                  0.05    0.00    0.15 ^ clkbuf_2_1__f_CLK100MHZ/A (sky130_fd_sc_hd__clkbuf_16)
     8    0.03    0.03    0.09    0.24 ^ clkbuf_2_1__f_CLK100MHZ/X (sky130_fd_sc_hd__clkbuf_16)
                                         clknet_2_1__leaf_CLK100MHZ (net)
                  0.03    0.00    0.24 ^ _260_/CLK (sky130_fd_sc_hd__dfrtp_1)
     3    0.03    0.21    0.31    0.55 ^ _260_/Q (sky130_fd_sc_hd__dfrtp_1)
                                         decoder.delay[10] (net)
                  0.21    0.00    0.56 ^ _193_/B1 (sky130_fd_sc_hd__a31o_1)
     1    0.01    0.07    0.09    0.64 ^ _193_/X (sky130_fd_sc_hd__a31o_1)
                                         _101_ (net)
                  0.07    0.00    0.64 ^ _194_/B1_N (sky130_fd_sc_hd__a21boi_1)
     1    0.00    0.05    0.08    0.72 ^ _194_/Y (sky130_fd_sc_hd__a21boi_1)
                                         _001_ (net)
                  0.05    0.00    0.72 ^ _260_/D (sky130_fd_sc_hd__dfrtp_1)
                                  0.72   data arrival time

                          0.00    0.00   clock CLK100MHZ (rise edge)
                          0.00    0.00   clock source latency
     1    0.02    0.07    0.05    0.05 ^ CLK100MHZ (in)
                                         CLK100MHZ (net)
                  0.07    0.00    0.05 ^ clkbuf_0_CLK100MHZ/A (sky130_fd_sc_hd__clkbuf_16)
     4    0.04    0.05    0.12    0.17 ^ clkbuf_0_CLK100MHZ/X (sky130_fd_sc_hd__clkbuf_16)
                                         clknet_0_CLK100MHZ (net)
                  0.05    0.00    0.17 ^ clkbuf_2_1__f_CLK100MHZ/A (sky130_fd_sc_hd__clkbuf_16)
     8    0.03    0.03    0.10    0.27 ^ clkbuf_2_1__f_CLK100MHZ/X (sky130_fd_sc_hd__clkbuf_16)
                                         clknet_2_1__leaf_CLK100MHZ (net)
                  0.03    0.00    0.27 ^ _260_/CLK (sky130_fd_sc_hd__dfrtp_1)
                          0.25    0.52   clock uncertainty
                         -0.03    0.49   clock reconvergence pessimism
                         -0.02    0.47   library hold time
                                  0.47   data required time
-----------------------------------------------------------------------------
                                  0.47   data required time
                                 -0.72   data arrival time
-----------------------------------------------------------------------------
                                  0.25   slack (MET)


Startpoint: _246_ (rising edge-triggered flip-flop clocked by CLK100MHZ)
Endpoint: _246_ (rising edge-triggered flip-flop clocked by CLK100MHZ)
Path Group: CLK100MHZ
Path Type: min
Corner: Fastest

Fanout     Cap    Slew   Delay    Time   Description
-----------------------------------------------------------------------------
                          0.00    0.00   clock CLK100MHZ (rise edge)
                          0.00    0.00   clock source latency
     1    0.02    0.07    0.05    0.05 ^ CLK100MHZ (in)
                                         CLK100MHZ (net)
                  0.07    0.00    0.05 ^ clkbuf_0_CLK100MHZ/A (sky130_fd_sc_hd__clkbuf_16)
     4    0.04    0.05    0.10    0.15 ^ clkbuf_0_CLK100MHZ/X (sky130_fd_sc_hd__clkbuf_16)
                                         clknet_0_CLK100MHZ (net)
                  0.05    0.00    0.15 ^ clkbuf_2_1__f_CLK100MHZ/A (sky130_fd_sc_hd__clkbuf_16)
     8    0.03    0.03    0.09    0.24 ^ clkbuf_2_1__f_CLK100MHZ/X (sky130_fd_sc_hd__clkbuf_16)
                                         clknet_2_1__leaf_CLK100MHZ (net)
                  0.03    0.00    0.24 ^ _246_/CLK (sky130_fd_sc_hd__dfrtp_4)
     6    0.05    0.09    0.33    0.57 v _246_/Q (sky130_fd_sc_hd__dfrtp_4)
                                         decoder.count[0] (net)
                  0.09    0.00    0.58 v _141_/A (sky130_fd_sc_hd__inv_2)
     2    0.01    0.06    0.08    0.65 ^ _141_/Y (sky130_fd_sc_hd__inv_2)
                                         _071_ (net)
                  0.06    0.00    0.65 ^ _142_/A1 (sky130_fd_sc_hd__a21oi_1)
     1    0.01    0.06    0.06    0.71 v _142_/Y (sky130_fd_sc_hd__a21oi_1)
                                         _054_ (net)
                  0.06    0.00    0.71 v _246_/D (sky130_fd_sc_hd__dfrtp_4)
                                  0.71   data arrival time

                          0.00    0.00   clock CLK100MHZ (rise edge)
                          0.00    0.00   clock source latency
     1    0.02    0.07    0.05    0.05 ^ CLK100MHZ (in)
                                         CLK100MHZ (net)
                  0.07    0.00    0.05 ^ clkbuf_0_CLK100MHZ/A (sky130_fd_sc_hd__clkbuf_16)
     4    0.04    0.05    0.12    0.17 ^ clkbuf_0_CLK100MHZ/X (sky130_fd_sc_hd__clkbuf_16)
                                         clknet_0_CLK100MHZ (net)
                  0.05    0.00    0.17 ^ clkbuf_2_1__f_CLK100MHZ/A (sky130_fd_sc_hd__clkbuf_16)
     8    0.03    0.03    0.10    0.27 ^ clkbuf_2_1__f_CLK100MHZ/X (sky130_fd_sc_hd__clkbuf_16)
                                         clknet_2_1__leaf_CLK100MHZ (net)
                  0.03    0.00    0.27 ^ _246_/CLK (sky130_fd_sc_hd__dfrtp_4)
                          0.25    0.52   clock uncertainty
                         -0.03    0.49   clock reconvergence pessimism
                         -0.04    0.46   library hold time
                                  0.46   data required time
-----------------------------------------------------------------------------
                                  0.46   data required time
                                 -0.71   data arrival time
-----------------------------------------------------------------------------
                                  0.26   slack (MET)


Startpoint: _251_ (rising edge-triggered flip-flop clocked by CLK100MHZ)
Endpoint: _251_ (rising edge-triggered flip-flop clocked by CLK100MHZ)
Path Group: CLK100MHZ
Path Type: min
Corner: Fastest

Fanout     Cap    Slew   Delay    Time   Description
-----------------------------------------------------------------------------
                          0.00    0.00   clock CLK100MHZ (rise edge)
                          0.00    0.00   clock source latency
     1    0.02    0.07    0.05    0.05 ^ CLK100MHZ (in)
                                         CLK100MHZ (net)
                  0.07    0.00    0.05 ^ clkbuf_0_CLK100MHZ/A (sky130_fd_sc_hd__clkbuf_16)
     4    0.04    0.05    0.10    0.15 ^ clkbuf_0_CLK100MHZ/X (sky130_fd_sc_hd__clkbuf_16)
                                         clknet_0_CLK100MHZ (net)
                  0.05    0.00    0.15 ^ clkbuf_2_2__f_CLK100MHZ/A (sky130_fd_sc_hd__clkbuf_16)
     8    0.03    0.04    0.09    0.25 ^ clkbuf_2_2__f_CLK100MHZ/X (sky130_fd_sc_hd__clkbuf_16)
                                         clknet_2_2__leaf_CLK100MHZ (net)
                  0.04    0.00    0.25 ^ _251_/CLK (sky130_fd_sc_hd__dfrtp_2)
     4    0.03    0.12    0.27    0.52 ^ _251_/Q (sky130_fd_sc_hd__dfrtp_2)
                                         decoder.delay[1] (net)
                  0.12    0.00    0.52 ^ _167_/A (sky130_fd_sc_hd__or2_1)
     1    0.01    0.05    0.09    0.61 ^ _167_/X (sky130_fd_sc_hd__or2_1)
                                         _084_ (net)
                  0.05    0.00    0.61 ^ _168_/B (sky130_fd_sc_hd__and2_1)
     1    0.01    0.08    0.11    0.72 ^ _168_/X (sky130_fd_sc_hd__and2_1)
                                         _085_ (net)
                  0.08    0.00    0.72 ^ _169_/A (sky130_fd_sc_hd__clkbuf_1)
     1    0.01    0.09    0.09    0.81 ^ _169_/X (sky130_fd_sc_hd__clkbuf_1)
                                         _011_ (net)
                  0.09    0.00    0.81 ^ _251_/D (sky130_fd_sc_hd__dfrtp_2)
                                  0.81   data arrival time

                          0.00    0.00   clock CLK100MHZ (rise edge)
                          0.00    0.00   clock source latency
     1    0.02    0.07    0.05    0.05 ^ CLK100MHZ (in)
                                         CLK100MHZ (net)
                  0.07    0.00    0.05 ^ clkbuf_0_CLK100MHZ/A (sky130_fd_sc_hd__clkbuf_16)
     4    0.04    0.05    0.12    0.17 ^ clkbuf_0_CLK100MHZ/X (sky130_fd_sc_hd__clkbuf_16)
                                         clknet_0_CLK100MHZ (net)
                  0.05    0.00    0.17 ^ clkbuf_2_2__f_CLK100MHZ/A (sky130_fd_sc_hd__clkbuf_16)
     8    0.03    0.04    0.10    0.27 ^ clkbuf_2_2__f_CLK100MHZ/X (sky130_fd_sc_hd__clkbuf_16)
                                         clknet_2_2__leaf_CLK100MHZ (net)
                  0.04    0.00    0.27 ^ _251_/CLK (sky130_fd_sc_hd__dfrtp_2)
                          0.25    0.52   clock uncertainty
                         -0.03    0.50   clock reconvergence pessimism
                         -0.02    0.47   library hold time
                                  0.47   data required time
-----------------------------------------------------------------------------
                                  0.47   data required time
                                 -0.81   data arrival time
-----------------------------------------------------------------------------
                                  0.34   slack (MET)


Startpoint: _273_ (rising edge-triggered flip-flop clocked by CLK100MHZ)
Endpoint: _273_ (rising edge-triggered flip-flop clocked by CLK100MHZ)
Path Group: CLK100MHZ
Path Type: min
Corner: Fastest

Fanout     Cap    Slew   Delay    Time   Description
-----------------------------------------------------------------------------
                          0.00    0.00   clock CLK100MHZ (rise edge)
                          0.00    0.00   clock source latency
     1    0.02    0.07    0.05    0.05 ^ CLK100MHZ (in)
                                         CLK100MHZ (net)
                  0.07    0.00    0.05 ^ clkbuf_0_CLK100MHZ/A (sky130_fd_sc_hd__clkbuf_16)
     4    0.04    0.05    0.10    0.15 ^ clkbuf_0_CLK100MHZ/X (sky130_fd_sc_hd__clkbuf_16)
                                         clknet_0_CLK100MHZ (net)
                  0.05    0.00    0.15 ^ clkbuf_2_3__f_CLK100MHZ/A (sky130_fd_sc_hd__clkbuf_16)
     8    0.03    0.04    0.09    0.24 ^ clkbuf_2_3__f_CLK100MHZ/X (sky130_fd_sc_hd__clkbuf_16)
                                         clknet_2_3__leaf_CLK100MHZ (net)
                  0.04    0.00    0.25 ^ _273_/CLK (sky130_fd_sc_hd__dfrtp_1)
     2    0.01    0.05    0.23    0.48 v _273_/Q (sky130_fd_sc_hd__dfrtp_1)
                                         decoder.delay[23] (net)
                  0.05    0.00    0.48 v _151_/B1 (sky130_fd_sc_hd__a21o_1)
     1    0.02    0.06    0.10    0.58 v _151_/X (sky130_fd_sc_hd__a21o_1)
                                         _077_ (net)
                  0.06    0.00    0.59 v _152_/B (sky130_fd_sc_hd__and2_1)
     1    0.01    0.05    0.12    0.71 v _152_/X (sky130_fd_sc_hd__and2_1)
                                         _078_ (net)
                  0.05    0.00    0.71 v _153_/A (sky130_fd_sc_hd__buf_1)
     1    0.02    0.06    0.09    0.80 v _153_/X (sky130_fd_sc_hd__buf_1)
                                         _015_ (net)
                  0.06    0.00    0.81 v _273_/D (sky130_fd_sc_hd__dfrtp_1)
                                  0.81   data arrival time

                          0.00    0.00   clock CLK100MHZ (rise edge)
                          0.00    0.00   clock source latency
     1    0.02    0.07    0.05    0.05 ^ CLK100MHZ (in)
                                         CLK100MHZ (net)
                  0.07    0.00    0.05 ^ clkbuf_0_CLK100MHZ/A (sky130_fd_sc_hd__clkbuf_16)
     4    0.04    0.05    0.12    0.17 ^ clkbuf_0_CLK100MHZ/X (sky130_fd_sc_hd__clkbuf_16)
                                         clknet_0_CLK100MHZ (net)
                  0.05    0.00    0.17 ^ clkbuf_2_3__f_CLK100MHZ/A (sky130_fd_sc_hd__clkbuf_16)
     8    0.03    0.04    0.10    0.27 ^ clkbuf_2_3__f_CLK100MHZ/X (sky130_fd_sc_hd__clkbuf_16)
                                         clknet_2_3__leaf_CLK100MHZ (net)
                  0.04    0.00    0.27 ^ _273_/CLK (sky130_fd_sc_hd__dfrtp_1)
                          0.25    0.52   clock uncertainty
                         -0.03    0.50   clock reconvergence pessimism
                         -0.04    0.45   library hold time
                                  0.45   data required time
-----------------------------------------------------------------------------
                                  0.45   data required time
                                 -0.81   data arrival time
-----------------------------------------------------------------------------
                                  0.35   slack (MET)


Startpoint: _253_ (rising edge-triggered flip-flop clocked by CLK100MHZ)
Endpoint: _253_ (rising edge-triggered flip-flop clocked by CLK100MHZ)
Path Group: CLK100MHZ
Path Type: min
Corner: Fastest

Fanout     Cap    Slew   Delay    Time   Description
-----------------------------------------------------------------------------
                          0.00    0.00   clock CLK100MHZ (rise edge)
                          0.00    0.00   clock source latency
     1    0.02    0.07    0.05    0.05 ^ CLK100MHZ (in)
                                         CLK100MHZ (net)
                  0.07    0.00    0.05 ^ clkbuf_0_CLK100MHZ/A (sky130_fd_sc_hd__clkbuf_16)
     4    0.04    0.05    0.10    0.15 ^ clkbuf_0_CLK100MHZ/X (sky130_fd_sc_hd__clkbuf_16)
                                         clknet_0_CLK100MHZ (net)
                  0.05    0.00    0.15 ^ clkbuf_2_2__f_CLK100MHZ/A (sky130_fd_sc_hd__clkbuf_16)
     8    0.03    0.04    0.09    0.25 ^ clkbuf_2_2__f_CLK100MHZ/X (sky130_fd_sc_hd__clkbuf_16)
                                         clknet_2_2__leaf_CLK100MHZ (net)
                  0.04    0.00    0.25 ^ _253_/CLK (sky130_fd_sc_hd__dfrtp_1)
     2    0.02    0.14    0.26    0.51 ^ _253_/Q (sky130_fd_sc_hd__dfrtp_1)
                                         decoder.delay[3] (net)
                  0.14    0.00    0.51 ^ _171_/B1 (sky130_fd_sc_hd__a31o_1)
     1    0.01    0.06    0.08    0.59 ^ _171_/X (sky130_fd_sc_hd__a31o_1)
                                         _086_ (net)
                  0.06    0.00    0.59 ^ _172_/B (sky130_fd_sc_hd__and2b_1)
     1    0.02    0.13    0.14    0.74 ^ _172_/X (sky130_fd_sc_hd__and2b_1)
                                         _087_ (net)
                  0.13    0.00    0.74 ^ _173_/A (sky130_fd_sc_hd__clkbuf_1)
     1    0.01    0.08    0.09    0.83 ^ _173_/X (sky130_fd_sc_hd__clkbuf_1)
                                         _018_ (net)
                  0.08    0.00    0.83 ^ _253_/D (sky130_fd_sc_hd__dfrtp_1)
                                  0.83   data arrival time

                          0.00    0.00   clock CLK100MHZ (rise edge)
                          0.00    0.00   clock source latency
     1    0.02    0.07    0.05    0.05 ^ CLK100MHZ (in)
                                         CLK100MHZ (net)
                  0.07    0.00    0.05 ^ clkbuf_0_CLK100MHZ/A (sky130_fd_sc_hd__clkbuf_16)
     4    0.04    0.05    0.12    0.17 ^ clkbuf_0_CLK100MHZ/X (sky130_fd_sc_hd__clkbuf_16)
                                         clknet_0_CLK100MHZ (net)
                  0.05    0.00    0.17 ^ clkbuf_2_2__f_CLK100MHZ/A (sky130_fd_sc_hd__clkbuf_16)
     8    0.03    0.04    0.10    0.27 ^ clkbuf_2_2__f_CLK100MHZ/X (sky130_fd_sc_hd__clkbuf_16)
                                         clknet_2_2__leaf_CLK100MHZ (net)
                  0.04    0.00    0.27 ^ _253_/CLK (sky130_fd_sc_hd__dfrtp_1)
                          0.25    0.52   clock uncertainty
                         -0.03    0.50   clock reconvergence pessimism
                         -0.02    0.48   library hold time
                                  0.48   data required time
-----------------------------------------------------------------------------
                                  0.48   data required time
                                 -0.83   data arrival time
-----------------------------------------------------------------------------
                                  0.35   slack (MET)


Startpoint: _258_ (rising edge-triggered flip-flop clocked by CLK100MHZ)
Endpoint: _258_ (rising edge-triggered flip-flop clocked by CLK100MHZ)
Path Group: CLK100MHZ
Path Type: min
Corner: Fastest

Fanout     Cap    Slew   Delay    Time   Description
-----------------------------------------------------------------------------
                          0.00    0.00   clock CLK100MHZ (rise edge)
                          0.00    0.00   clock source latency
     1    0.02    0.07    0.05    0.05 ^ CLK100MHZ (in)
                                         CLK100MHZ (net)
                  0.07    0.00    0.05 ^ clkbuf_0_CLK100MHZ/A (sky130_fd_sc_hd__clkbuf_16)
     4    0.04    0.05    0.10    0.15 ^ clkbuf_0_CLK100MHZ/X (sky130_fd_sc_hd__clkbuf_16)
                                         clknet_0_CLK100MHZ (net)
                  0.05    0.00    0.15 ^ clkbuf_2_3__f_CLK100MHZ/A (sky130_fd_sc_hd__clkbuf_16)
     8    0.03    0.04    0.09    0.24 ^ clkbuf_2_3__f_CLK100MHZ/X (sky130_fd_sc_hd__clkbuf_16)
                                         clknet_2_3__leaf_CLK100MHZ (net)
                  0.04    0.00    0.25 ^ _258_/CLK (sky130_fd_sc_hd__dfrtp_4)
     5    0.04    0.11    0.29    0.54 ^ _258_/Q (sky130_fd_sc_hd__dfrtp_4)
                                         decoder.delay[8] (net)
                  0.11    0.00    0.54 ^ _187_/A (sky130_fd_sc_hd__nor2_1)
     1    0.01    0.06    0.06    0.61 v _187_/Y (sky130_fd_sc_hd__nor2_1)
                                         _097_ (net)
                  0.06    0.00    0.61 v _189_/A_N (sky130_fd_sc_hd__and2b_1)
     1    0.01    0.05    0.14    0.75 ^ _189_/X (sky130_fd_sc_hd__and2b_1)
                                         _099_ (net)
                  0.05    0.00    0.75 ^ _190_/A (sky130_fd_sc_hd__buf_1)
     1    0.02    0.15    0.13    0.87 ^ _190_/X (sky130_fd_sc_hd__buf_1)
                                         _023_ (net)
                  0.15    0.00    0.88 ^ _258_/D (sky130_fd_sc_hd__dfrtp_4)
                                  0.88   data arrival time

                          0.00    0.00   clock CLK100MHZ (rise edge)
                          0.00    0.00   clock source latency
     1    0.02    0.07    0.05    0.05 ^ CLK100MHZ (in)
                                         CLK100MHZ (net)
                  0.07    0.00    0.05 ^ clkbuf_0_CLK100MHZ/A (sky130_fd_sc_hd__clkbuf_16)
     4    0.04    0.05    0.12    0.17 ^ clkbuf_0_CLK100MHZ/X (sky130_fd_sc_hd__clkbuf_16)
                                         clknet_0_CLK100MHZ (net)
                  0.05    0.00    0.17 ^ clkbuf_2_3__f_CLK100MHZ/A (sky130_fd_sc_hd__clkbuf_16)
     8    0.03    0.04    0.10    0.27 ^ clkbuf_2_3__f_CLK100MHZ/X (sky130_fd_sc_hd__clkbuf_16)
                                         clknet_2_3__leaf_CLK100MHZ (net)
                  0.04    0.00    0.27 ^ _258_/CLK (sky130_fd_sc_hd__dfrtp_4)
                          0.25    0.52   clock uncertainty
                         -0.03    0.50   clock reconvergence pessimism
                         -0.03    0.47   library hold time
                                  0.47   data required time
-----------------------------------------------------------------------------
                                  0.47   data required time
                                 -0.88   data arrival time
-----------------------------------------------------------------------------
                                  0.41   slack (MET)


Startpoint: _257_ (rising edge-triggered flip-flop clocked by CLK100MHZ)
Endpoint: _257_ (rising edge-triggered flip-flop clocked by CLK100MHZ)
Path Group: CLK100MHZ
Path Type: min
Corner: Fastest

Fanout     Cap    Slew   Delay    Time   Description
-----------------------------------------------------------------------------
                          0.00    0.00   clock CLK100MHZ (rise edge)
                          0.00    0.00   clock source latency
     1    0.02    0.07    0.05    0.05 ^ CLK100MHZ (in)
                                         CLK100MHZ (net)
                  0.07    0.00    0.05 ^ clkbuf_0_CLK100MHZ/A (sky130_fd_sc_hd__clkbuf_16)
     4    0.04    0.05    0.10    0.15 ^ clkbuf_0_CLK100MHZ/X (sky130_fd_sc_hd__clkbuf_16)
                                         clknet_0_CLK100MHZ (net)
                  0.05    0.00    0.15 ^ clkbuf_2_3__f_CLK100MHZ/A (sky130_fd_sc_hd__clkbuf_16)
     8    0.03    0.04    0.09    0.24 ^ clkbuf_2_3__f_CLK100MHZ/X (sky130_fd_sc_hd__clkbuf_16)
                                         clknet_2_3__leaf_CLK100MHZ (net)
                  0.04    0.00    0.25 ^ _257_/CLK (sky130_fd_sc_hd__dfrtp_1)
     3    0.03    0.11    0.29    0.53 v _257_/Q (sky130_fd_sc_hd__dfrtp_1)
                                         decoder.delay[7] (net)
                  0.11    0.00    0.53 v _184_/B1 (sky130_fd_sc_hd__a21o_1)
     1    0.01    0.04    0.11    0.65 v _184_/X (sky130_fd_sc_hd__a21o_1)
                                         _095_ (net)
                  0.04    0.00    0.65 v _185_/B (sky130_fd_sc_hd__and2b_1)
     1    0.02    0.09    0.15    0.80 v _185_/X (sky130_fd_sc_hd__and2b_1)
                                         _096_ (net)
                  0.09    0.00    0.80 v _186_/A (sky130_fd_sc_hd__buf_1)
     1    0.02    0.07    0.11    0.91 v _186_/X (sky130_fd_sc_hd__buf_1)
                                         _022_ (net)
                  0.07    0.00    0.91 v _257_/D (sky130_fd_sc_hd__dfrtp_1)
                                  0.91   data arrival time

                          0.00    0.00   clock CLK100MHZ (rise edge)
                          0.00    0.00   clock source latency
     1    0.02    0.07    0.05    0.05 ^ CLK100MHZ (in)
                                         CLK100MHZ (net)
                  0.07    0.00    0.05 ^ clkbuf_0_CLK100MHZ/A (sky130_fd_sc_hd__clkbuf_16)
     4    0.04    0.05    0.12    0.17 ^ clkbuf_0_CLK100MHZ/X (sky130_fd_sc_hd__clkbuf_16)
                                         clknet_0_CLK100MHZ (net)
                  0.05    0.00    0.17 ^ clkbuf_2_3__f_CLK100MHZ/A (sky130_fd_sc_hd__clkbuf_16)
     8    0.03    0.04    0.10    0.27 ^ clkbuf_2_3__f_CLK100MHZ/X (sky130_fd_sc_hd__clkbuf_16)
                                         clknet_2_3__leaf_CLK100MHZ (net)
                  0.04    0.00    0.27 ^ _257_/CLK (sky130_fd_sc_hd__dfrtp_1)
                          0.25    0.52   clock uncertainty
                         -0.03    0.50   clock reconvergence pessimism
                         -0.04    0.45   library hold time
                                  0.45   data required time
-----------------------------------------------------------------------------
                                  0.45   data required time
                                 -0.91   data arrival time
-----------------------------------------------------------------------------
                                  0.46   slack (MET)


Startpoint: _261_ (rising edge-triggered flip-flop clocked by CLK100MHZ)
Endpoint: _261_ (rising edge-triggered flip-flop clocked by CLK100MHZ)
Path Group: CLK100MHZ
Path Type: min
Corner: Fastest

Fanout     Cap    Slew   Delay    Time   Description
-----------------------------------------------------------------------------
                          0.00    0.00   clock CLK100MHZ (rise edge)
                          0.00    0.00   clock source latency
     1    0.02    0.07    0.05    0.05 ^ CLK100MHZ (in)
                                         CLK100MHZ (net)
                  0.07    0.00    0.05 ^ clkbuf_0_CLK100MHZ/A (sky130_fd_sc_hd__clkbuf_16)
     4    0.04    0.05    0.10    0.15 ^ clkbuf_0_CLK100MHZ/X (sky130_fd_sc_hd__clkbuf_16)
                                         clknet_0_CLK100MHZ (net)
                  0.05    0.00    0.15 ^ clkbuf_2_3__f_CLK100MHZ/A (sky130_fd_sc_hd__clkbuf_16)
     8    0.03    0.04    0.09    0.24 ^ clkbuf_2_3__f_CLK100MHZ/X (sky130_fd_sc_hd__clkbuf_16)
                                         clknet_2_3__leaf_CLK100MHZ (net)
                  0.04    0.00    0.25 ^ _261_/CLK (sky130_fd_sc_hd__dfrtp_1)
     3    0.02    0.15    0.28    0.52 ^ _261_/Q (sky130_fd_sc_hd__dfrtp_1)
                                         decoder.delay[11] (net)
                  0.15    0.00    0.52 ^ _195_/B1 (sky130_fd_sc_hd__a21oi_1)
     1    0.02    0.08    0.08    0.61 v _195_/Y (sky130_fd_sc_hd__a21oi_1)
                                         _102_ (net)
                  0.08    0.00    0.61 v _197_/A_N (sky130_fd_sc_hd__and2b_1)
     1    0.01    0.09    0.17    0.78 ^ _197_/X (sky130_fd_sc_hd__and2b_1)
                                         _104_ (net)
                  0.09    0.00    0.78 ^ _198_/A (sky130_fd_sc_hd__buf_1)
     2    0.02    0.17    0.15    0.92 ^ _198_/X (sky130_fd_sc_hd__buf_1)
                                         _002_ (net)
                  0.17    0.00    0.93 ^ _261_/D (sky130_fd_sc_hd__dfrtp_1)
                                  0.93   data arrival time

                          0.00    0.00   clock CLK100MHZ (rise edge)
                          0.00    0.00   clock source latency
     1    0.02    0.07    0.05    0.05 ^ CLK100MHZ (in)
                                         CLK100MHZ (net)
                  0.07    0.00    0.05 ^ clkbuf_0_CLK100MHZ/A (sky130_fd_sc_hd__clkbuf_16)
     4    0.04    0.05    0.12    0.17 ^ clkbuf_0_CLK100MHZ/X (sky130_fd_sc_hd__clkbuf_16)
                                         clknet_0_CLK100MHZ (net)
                  0.05    0.00    0.17 ^ clkbuf_2_3__f_CLK100MHZ/A (sky130_fd_sc_hd__clkbuf_16)
     8    0.03    0.04    0.10    0.27 ^ clkbuf_2_3__f_CLK100MHZ/X (sky130_fd_sc_hd__clkbuf_16)
                                         clknet_2_3__leaf_CLK100MHZ (net)
                  0.04    0.00    0.27 ^ _261_/CLK (sky130_fd_sc_hd__dfrtp_1)
                          0.25    0.52   clock uncertainty
                         -0.03    0.50   clock reconvergence pessimism
                         -0.03    0.47   library hold time
                                  0.47   data required time
-----------------------------------------------------------------------------
                                  0.47   data required time
                                 -0.93   data arrival time
-----------------------------------------------------------------------------
                                  0.46   slack (MET)


Startpoint: BTNC (input port clocked by CLK100MHZ)
Endpoint: _267_ (removal check against rising-edge clock CLK100MHZ)
Path Group: asynchronous
Path Type: min
Corner: Fastest

Fanout     Cap    Slew   Delay    Time   Description
-----------------------------------------------------------------------------
                          0.00    0.00   clock CLK100MHZ (rise edge)
                          0.00    0.00   clock network delay (propagated)
                          2.00    2.00 v input external delay
     2    0.02    0.04    0.02    2.02 v BTNC (in)
                                         BTNC (net)
                  0.04    0.00    2.02 v _214_/A (sky130_fd_sc_hd__buf_4)
    10    0.07    0.07    0.13    2.15 v _214_/X (sky130_fd_sc_hd__buf_4)
                                         _112_ (net)
                  0.07    0.00    2.16 v _238_/A (sky130_fd_sc_hd__inv_2)
     1    0.00    0.03    0.04    2.20 ^ _238_/Y (sky130_fd_sc_hd__inv_2)
                                         _046_ (net)
                  0.03    0.00    2.20 ^ _267_/RESET_B (sky130_fd_sc_hd__dfrtp_1)
                                  2.20   data arrival time

                          0.00    0.00   clock CLK100MHZ (rise edge)
                          0.00    0.00   clock source latency
     1    0.02    0.07    0.05    0.05 ^ CLK100MHZ (in)
                                         CLK100MHZ (net)
                  0.07    0.00    0.05 ^ clkbuf_0_CLK100MHZ/A (sky130_fd_sc_hd__clkbuf_16)
     4    0.04    0.05    0.12    0.17 ^ clkbuf_0_CLK100MHZ/X (sky130_fd_sc_hd__clkbuf_16)
                                         clknet_0_CLK100MHZ (net)
                  0.05    0.00    0.17 ^ clkbuf_2_3__f_CLK100MHZ/A (sky130_fd_sc_hd__clkbuf_16)
     8    0.03    0.04    0.10    0.27 ^ clkbuf_2_3__f_CLK100MHZ/X (sky130_fd_sc_hd__clkbuf_16)
                                         clknet_2_3__leaf_CLK100MHZ (net)
                  0.04    0.00    0.27 ^ _267_/CLK (sky130_fd_sc_hd__dfrtp_1)
                          0.25    0.52   clock uncertainty
                          0.00    0.52   clock reconvergence pessimism
                          0.20    0.72   library removal time
                                  0.72   data required time
-----------------------------------------------------------------------------
                                  0.72   data required time
                                 -2.20   data arrival time
-----------------------------------------------------------------------------
                                  1.48   slack (MET)


Startpoint: BTNC (input port clocked by CLK100MHZ)
Endpoint: _272_ (removal check against rising-edge clock CLK100MHZ)
Path Group: asynchronous
Path Type: min
Corner: Fastest

Fanout     Cap    Slew   Delay    Time   Description
-----------------------------------------------------------------------------
                          0.00    0.00   clock CLK100MHZ (rise edge)
                          0.00    0.00   clock network delay (propagated)
                          2.00    2.00 v input external delay
     2    0.02    0.04    0.02    2.02 v BTNC (in)
                                         BTNC (net)
                  0.04    0.00    2.02 v _214_/A (sky130_fd_sc_hd__buf_4)
    10    0.07    0.07    0.13    2.15 v _214_/X (sky130_fd_sc_hd__buf_4)
                                         _112_ (net)
                  0.07    0.01    2.16 v _243_/A (sky130_fd_sc_hd__inv_2)
     1    0.00    0.03    0.04    2.20 ^ _243_/Y (sky130_fd_sc_hd__inv_2)
                                         _051_ (net)
                  0.03    0.00    2.20 ^ _272_/RESET_B (sky130_fd_sc_hd__dfrtp_1)
                                  2.20   data arrival time

                          0.00    0.00   clock CLK100MHZ (rise edge)
                          0.00    0.00   clock source latency
     1    0.02    0.07    0.05    0.05 ^ CLK100MHZ (in)
                                         CLK100MHZ (net)
                  0.07    0.00    0.05 ^ clkbuf_0_CLK100MHZ/A (sky130_fd_sc_hd__clkbuf_16)
     4    0.04    0.05    0.12    0.17 ^ clkbuf_0_CLK100MHZ/X (sky130_fd_sc_hd__clkbuf_16)
                                         clknet_0_CLK100MHZ (net)
                  0.05    0.00    0.17 ^ clkbuf_2_1__f_CLK100MHZ/A (sky130_fd_sc_hd__clkbuf_16)
     8    0.03    0.03    0.10    0.27 ^ clkbuf_2_1__f_CLK100MHZ/X (sky130_fd_sc_hd__clkbuf_16)
                                         clknet_2_1__leaf_CLK100MHZ (net)
                  0.03    0.00    0.27 ^ _272_/CLK (sky130_fd_sc_hd__dfrtp_1)
                          0.25    0.52   clock uncertainty
                          0.00    0.52   clock reconvergence pessimism
                          0.20    0.72   library removal time
                                  0.72   data required time
-----------------------------------------------------------------------------
                                  0.72   data required time
                                 -2.20   data arrival time
-----------------------------------------------------------------------------
                                  1.49   slack (MET)


Startpoint: BTNC (input port clocked by CLK100MHZ)
Endpoint: _270_ (removal check against rising-edge clock CLK100MHZ)
Path Group: asynchronous
Path Type: min
Corner: Fastest

Fanout     Cap    Slew   Delay    Time   Description
-----------------------------------------------------------------------------
                          0.00    0.00   clock CLK100MHZ (rise edge)
                          0.00    0.00   clock network delay (propagated)
                          2.00    2.00 v input external delay
     2    0.02    0.04    0.02    2.02 v BTNC (in)
                                         BTNC (net)
                  0.04    0.00    2.02 v _214_/A (sky130_fd_sc_hd__buf_4)
    10    0.07    0.07    0.13    2.15 v _214_/X (sky130_fd_sc_hd__buf_4)
                                         _112_ (net)
                  0.07    0.00    2.16 v _241_/A (sky130_fd_sc_hd__inv_2)
     1    0.01    0.05    0.06    2.22 ^ _241_/Y (sky130_fd_sc_hd__inv_2)
                                         _049_ (net)
                  0.05    0.00    2.22 ^ _270_/RESET_B (sky130_fd_sc_hd__dfrtp_1)
                                  2.22   data arrival time

                          0.00    0.00   clock CLK100MHZ (rise edge)
                          0.00    0.00   clock source latency
     1    0.02    0.07    0.05    0.05 ^ CLK100MHZ (in)
                                         CLK100MHZ (net)
                  0.07    0.00    0.05 ^ clkbuf_0_CLK100MHZ/A (sky130_fd_sc_hd__clkbuf_16)
     4    0.04    0.05    0.12    0.17 ^ clkbuf_0_CLK100MHZ/X (sky130_fd_sc_hd__clkbuf_16)
                                         clknet_0_CLK100MHZ (net)
                  0.05    0.00    0.17 ^ clkbuf_2_0__f_CLK100MHZ/A (sky130_fd_sc_hd__clkbuf_16)
     8    0.03    0.04    0.10    0.27 ^ clkbuf_2_0__f_CLK100MHZ/X (sky130_fd_sc_hd__clkbuf_16)
                                         clknet_2_0__leaf_CLK100MHZ (net)
                  0.04    0.00    0.27 ^ _270_/CLK (sky130_fd_sc_hd__dfrtp_1)
                          0.25    0.52   clock uncertainty
                          0.00    0.52   clock reconvergence pessimism
                          0.20    0.72   library removal time
                                  0.72   data required time
-----------------------------------------------------------------------------
                                  0.72   data required time
                                 -2.22   data arrival time
-----------------------------------------------------------------------------
                                  1.49   slack (MET)


Startpoint: BTNC (input port clocked by CLK100MHZ)
Endpoint: _268_ (removal check against rising-edge clock CLK100MHZ)
Path Group: asynchronous
Path Type: min
Corner: Fastest

Fanout     Cap    Slew   Delay    Time   Description
-----------------------------------------------------------------------------
                          0.00    0.00   clock CLK100MHZ (rise edge)
                          0.00    0.00   clock network delay (propagated)
                          2.00    2.00 v input external delay
     2    0.02    0.04    0.02    2.02 v BTNC (in)
                                         BTNC (net)
                  0.04    0.00    2.02 v _214_/A (sky130_fd_sc_hd__buf_4)
    10    0.07    0.07    0.13    2.15 v _214_/X (sky130_fd_sc_hd__buf_4)
                                         _112_ (net)
                  0.07    0.01    2.16 v _239_/A (sky130_fd_sc_hd__inv_2)
     1    0.01    0.03    0.05    2.21 ^ _239_/Y (sky130_fd_sc_hd__inv_2)
                                         _047_ (net)
                  0.03    0.00    2.21 ^ _268_/RESET_B (sky130_fd_sc_hd__dfrtp_2)
                                  2.21   data arrival time

                          0.00    0.00   clock CLK100MHZ (rise edge)
                          0.00    0.00   clock source latency
     1    0.02    0.07    0.05    0.05 ^ CLK100MHZ (in)
                                         CLK100MHZ (net)
                  0.07    0.00    0.05 ^ clkbuf_0_CLK100MHZ/A (sky130_fd_sc_hd__clkbuf_16)
     4    0.04    0.05    0.12    0.17 ^ clkbuf_0_CLK100MHZ/X (sky130_fd_sc_hd__clkbuf_16)
                                         clknet_0_CLK100MHZ (net)
                  0.05    0.00    0.17 ^ clkbuf_2_1__f_CLK100MHZ/A (sky130_fd_sc_hd__clkbuf_16)
     8    0.03    0.03    0.10    0.27 ^ clkbuf_2_1__f_CLK100MHZ/X (sky130_fd_sc_hd__clkbuf_16)
                                         clknet_2_1__leaf_CLK100MHZ (net)
                  0.03    0.00    0.27 ^ _268_/CLK (sky130_fd_sc_hd__dfrtp_2)
                          0.25    0.52   clock uncertainty
                          0.00    0.52   clock reconvergence pessimism
                          0.20    0.72   library removal time
                                  0.72   data required time
-----------------------------------------------------------------------------
                                  0.72   data required time
                                 -2.21   data arrival time
-----------------------------------------------------------------------------
                                  1.49   slack (MET)


Startpoint: BTNC (input port clocked by CLK100MHZ)
Endpoint: _274_ (removal check against rising-edge clock CLK100MHZ)
Path Group: asynchronous
Path Type: min
Corner: Fastest

Fanout     Cap    Slew   Delay    Time   Description
-----------------------------------------------------------------------------
                          0.00    0.00   clock CLK100MHZ (rise edge)
                          0.00    0.00   clock network delay (propagated)
                          2.00    2.00 v input external delay
     2    0.02    0.04    0.02    2.02 v BTNC (in)
                                         BTNC (net)
                  0.04    0.00    2.02 v _214_/A (sky130_fd_sc_hd__buf_4)
    10    0.07    0.07    0.13    2.15 v _214_/X (sky130_fd_sc_hd__buf_4)
                                         _112_ (net)
                  0.07    0.01    2.16 v _245_/A (sky130_fd_sc_hd__inv_2)
     1    0.01    0.05    0.06    2.22 ^ _245_/Y (sky130_fd_sc_hd__inv_2)
                                         _053_ (net)
                  0.05    0.00    2.22 ^ _274_/RESET_B (sky130_fd_sc_hd__dfrtp_2)
                                  2.22   data arrival time

                          0.00    0.00   clock CLK100MHZ (rise edge)
                          0.00    0.00   clock source latency
     1    0.02    0.07    0.05    0.05 ^ CLK100MHZ (in)
                                         CLK100MHZ (net)
                  0.07    0.00    0.05 ^ clkbuf_0_CLK100MHZ/A (sky130_fd_sc_hd__clkbuf_16)
     4    0.04    0.05    0.12    0.17 ^ clkbuf_0_CLK100MHZ/X (sky130_fd_sc_hd__clkbuf_16)
                                         clknet_0_CLK100MHZ (net)
                  0.05    0.00    0.17 ^ clkbuf_2_3__f_CLK100MHZ/A (sky130_fd_sc_hd__clkbuf_16)
     8    0.03    0.04    0.10    0.27 ^ clkbuf_2_3__f_CLK100MHZ/X (sky130_fd_sc_hd__clkbuf_16)
                                         clknet_2_3__leaf_CLK100MHZ (net)
                  0.04    0.00    0.27 ^ _274_/CLK (sky130_fd_sc_hd__dfrtp_2)
                          0.25    0.52   clock uncertainty
                          0.00    0.52   clock reconvergence pessimism
                          0.20    0.72   library removal time
                                  0.72   data required time
-----------------------------------------------------------------------------
                                  0.72   data required time
                                 -2.22   data arrival time
-----------------------------------------------------------------------------
                                  1.50   slack (MET)


Startpoint: BTNC (input port clocked by CLK100MHZ)
Endpoint: _256_ (removal check against rising-edge clock CLK100MHZ)
Path Group: asynchronous
Path Type: min
Corner: Fastest

Fanout     Cap    Slew   Delay    Time   Description
-----------------------------------------------------------------------------
                          0.00    0.00   clock CLK100MHZ (rise edge)
                          0.00    0.00   clock network delay (propagated)
                          2.00    2.00 v input external delay
     2    0.02    0.04    0.02    2.02 v BTNC (in)
                                         BTNC (net)
                  0.04    0.00    2.02 v _226_/A (sky130_fd_sc_hd__buf_4)
    10    0.09    0.08    0.14    2.16 v _226_/X (sky130_fd_sc_hd__buf_4)
                                         _114_ (net)
                  0.08    0.00    2.17 v _227_/A (sky130_fd_sc_hd__inv_2)
     1    0.01    0.04    0.05    2.22 ^ _227_/Y (sky130_fd_sc_hd__inv_2)
                                         _035_ (net)
                  0.04    0.00    2.22 ^ _256_/RESET_B (sky130_fd_sc_hd__dfrtp_4)
                                  2.22   data arrival time

                          0.00    0.00   clock CLK100MHZ (rise edge)
                          0.00    0.00   clock source latency
     1    0.02    0.07    0.05    0.05 ^ CLK100MHZ (in)
                                         CLK100MHZ (net)
                  0.07    0.00    0.05 ^ clkbuf_0_CLK100MHZ/A (sky130_fd_sc_hd__clkbuf_16)
     4    0.04    0.05    0.12    0.17 ^ clkbuf_0_CLK100MHZ/X (sky130_fd_sc_hd__clkbuf_16)
                                         clknet_0_CLK100MHZ (net)
                  0.05    0.00    0.17 ^ clkbuf_2_0__f_CLK100MHZ/A (sky130_fd_sc_hd__clkbuf_16)
     8    0.03    0.04    0.10    0.27 ^ clkbuf_2_0__f_CLK100MHZ/X (sky130_fd_sc_hd__clkbuf_16)
                                         clknet_2_0__leaf_CLK100MHZ (net)
                  0.04    0.00    0.27 ^ _256_/CLK (sky130_fd_sc_hd__dfrtp_4)
                          0.25    0.52   clock uncertainty
                          0.00    0.52   clock reconvergence pessimism
                          0.20    0.72   library removal time
                                  0.72   data required time
-----------------------------------------------------------------------------
                                  0.72   data required time
                                 -2.22   data arrival time
-----------------------------------------------------------------------------
                                  1.50   slack (MET)


Startpoint: BTNC (input port clocked by CLK100MHZ)
Endpoint: _271_ (removal check against rising-edge clock CLK100MHZ)
Path Group: asynchronous
Path Type: min
Corner: Fastest

Fanout     Cap    Slew   Delay    Time   Description
-----------------------------------------------------------------------------
                          0.00    0.00   clock CLK100MHZ (rise edge)
                          0.00    0.00   clock network delay (propagated)
                          2.00    2.00 v input external delay
     2    0.02    0.04    0.02    2.02 v BTNC (in)
                                         BTNC (net)
                  0.04    0.00    2.02 v _214_/A (sky130_fd_sc_hd__buf_4)
    10    0.07    0.07    0.13    2.15 v _214_/X (sky130_fd_sc_hd__buf_4)
                                         _112_ (net)
                  0.07    0.01    2.16 v _242_/A (sky130_fd_sc_hd__inv_2)
     1    0.01    0.05    0.07    2.22 ^ _242_/Y (sky130_fd_sc_hd__inv_2)
                                         _050_ (net)
                  0.05    0.00    2.23 ^ _271_/RESET_B (sky130_fd_sc_hd__dfrtp_1)
                                  2.23   data arrival time

                          0.00    0.00   clock CLK100MHZ (rise edge)
                          0.00    0.00   clock source latency
     1    0.02    0.07    0.05    0.05 ^ CLK100MHZ (in)
                                         CLK100MHZ (net)
                  0.07    0.00    0.05 ^ clkbuf_0_CLK100MHZ/A (sky130_fd_sc_hd__clkbuf_16)
     4    0.04    0.05    0.12    0.17 ^ clkbuf_0_CLK100MHZ/X (sky130_fd_sc_hd__clkbuf_16)
                                         clknet_0_CLK100MHZ (net)
                  0.05    0.00    0.17 ^ clkbuf_2_0__f_CLK100MHZ/A (sky130_fd_sc_hd__clkbuf_16)
     8    0.03    0.04    0.10    0.27 ^ clkbuf_2_0__f_CLK100MHZ/X (sky130_fd_sc_hd__clkbuf_16)
                                         clknet_2_0__leaf_CLK100MHZ (net)
                  0.04    0.00    0.27 ^ _271_/CLK (sky130_fd_sc_hd__dfrtp_1)
                          0.25    0.52   clock uncertainty
                          0.00    0.52   clock reconvergence pessimism
                          0.20    0.73   library removal time
                                  0.73   data required time
-----------------------------------------------------------------------------
                                  0.73   data required time
                                 -2.23   data arrival time
-----------------------------------------------------------------------------
                                  1.50   slack (MET)


Startpoint: BTNC (input port clocked by CLK100MHZ)
Endpoint: _259_ (removal check against rising-edge clock CLK100MHZ)
Path Group: asynchronous
Path Type: min
Corner: Fastest

Fanout     Cap    Slew   Delay    Time   Description
-----------------------------------------------------------------------------
                          0.00    0.00   clock CLK100MHZ (rise edge)
                          0.00    0.00   clock network delay (propagated)
                          2.00    2.00 v input external delay
     2    0.02    0.04    0.02    2.02 v BTNC (in)
                                         BTNC (net)
                  0.04    0.00    2.02 v _226_/A (sky130_fd_sc_hd__buf_4)
    10    0.09    0.08    0.14    2.16 v _226_/X (sky130_fd_sc_hd__buf_4)
                                         _114_ (net)
                  0.08    0.00    2.17 v _230_/A (sky130_fd_sc_hd__inv_2)
     1    0.01    0.04    0.05    2.22 ^ _230_/Y (sky130_fd_sc_hd__inv_2)
                                         _038_ (net)
                  0.04    0.00    2.22 ^ _259_/RESET_B (sky130_fd_sc_hd__dfrtp_2)
                                  2.22   data arrival time

                          0.00    0.00   clock CLK100MHZ (rise edge)
                          0.00    0.00   clock source latency
     1    0.02    0.07    0.05    0.05 ^ CLK100MHZ (in)
                                         CLK100MHZ (net)
                  0.07    0.00    0.05 ^ clkbuf_0_CLK100MHZ/A (sky130_fd_sc_hd__clkbuf_16)
     4    0.04    0.05    0.12    0.17 ^ clkbuf_0_CLK100MHZ/X (sky130_fd_sc_hd__clkbuf_16)
                                         clknet_0_CLK100MHZ (net)
                  0.05    0.00    0.17 ^ clkbuf_2_1__f_CLK100MHZ/A (sky130_fd_sc_hd__clkbuf_16)
     8    0.03    0.03    0.10    0.27 ^ clkbuf_2_1__f_CLK100MHZ/X (sky130_fd_sc_hd__clkbuf_16)
                                         clknet_2_1__leaf_CLK100MHZ (net)
                  0.03    0.00    0.27 ^ _259_/CLK (sky130_fd_sc_hd__dfrtp_2)
                          0.25    0.52   clock uncertainty
                          0.00    0.52   clock reconvergence pessimism
                          0.20    0.72   library removal time
                                  0.72   data required time
-----------------------------------------------------------------------------
                                  0.72   data required time
                                 -2.22   data arrival time
-----------------------------------------------------------------------------
                                  1.50   slack (MET)


Startpoint: BTNC (input port clocked by CLK100MHZ)
Endpoint: _261_ (removal check against rising-edge clock CLK100MHZ)
Path Group: asynchronous
Path Type: min
Corner: Fastest

Fanout     Cap    Slew   Delay    Time   Description
-----------------------------------------------------------------------------
                          0.00    0.00   clock CLK100MHZ (rise edge)
                          0.00    0.00   clock network delay (propagated)
                          2.00    2.00 v input external delay
     2    0.02    0.04    0.02    2.02 v BTNC (in)
                                         BTNC (net)
                  0.04    0.00    2.02 v _226_/A (sky130_fd_sc_hd__buf_4)
    10    0.09    0.08    0.14    2.16 v _226_/X (sky130_fd_sc_hd__buf_4)
                                         _114_ (net)
                  0.08    0.01    2.17 v _232_/A (sky130_fd_sc_hd__inv_2)
     1    0.01    0.04    0.05    2.22 ^ _232_/Y (sky130_fd_sc_hd__inv_2)
                                         _040_ (net)
                  0.04    0.00    2.22 ^ _261_/RESET_B (sky130_fd_sc_hd__dfrtp_1)
                                  2.22   data arrival time

                          0.00    0.00   clock CLK100MHZ (rise edge)
                          0.00    0.00   clock source latency
     1    0.02    0.07    0.05    0.05 ^ CLK100MHZ (in)
                                         CLK100MHZ (net)
                  0.07    0.00    0.05 ^ clkbuf_0_CLK100MHZ/A (sky130_fd_sc_hd__clkbuf_16)
     4    0.04    0.05    0.12    0.17 ^ clkbuf_0_CLK100MHZ/X (sky130_fd_sc_hd__clkbuf_16)
                                         clknet_0_CLK100MHZ (net)
                  0.05    0.00    0.17 ^ clkbuf_2_3__f_CLK100MHZ/A (sky130_fd_sc_hd__clkbuf_16)
     8    0.03    0.04    0.10    0.27 ^ clkbuf_2_3__f_CLK100MHZ/X (sky130_fd_sc_hd__clkbuf_16)
                                         clknet_2_3__leaf_CLK100MHZ (net)
                  0.04    0.00    0.27 ^ _261_/CLK (sky130_fd_sc_hd__dfrtp_1)
                          0.25    0.52   clock uncertainty
                          0.00    0.52   clock reconvergence pessimism
                          0.20    0.72   library removal time
                                  0.72   data required time
-----------------------------------------------------------------------------
                                  0.72   data required time
                                 -2.22   data arrival time
-----------------------------------------------------------------------------
                                  1.50   slack (MET)


Startpoint: BTNC (input port clocked by CLK100MHZ)
Endpoint: _273_ (removal check against rising-edge clock CLK100MHZ)
Path Group: asynchronous
Path Type: min
Corner: Fastest

Fanout     Cap    Slew   Delay    Time   Description
-----------------------------------------------------------------------------
                          0.00    0.00   clock CLK100MHZ (rise edge)
                          0.00    0.00   clock network delay (propagated)
                          2.00    2.00 v input external delay
     2    0.02    0.04    0.02    2.02 v BTNC (in)
                                         BTNC (net)
                  0.04    0.00    2.02 v _214_/A (sky130_fd_sc_hd__buf_4)
    10    0.07    0.07    0.13    2.15 v _214_/X (sky130_fd_sc_hd__buf_4)
                                         _112_ (net)
                  0.07    0.01    2.16 v _244_/A (sky130_fd_sc_hd__inv_2)
     1    0.01    0.06    0.07    2.23 ^ _244_/Y (sky130_fd_sc_hd__inv_2)
                                         _052_ (net)
                  0.06    0.00    2.23 ^ _273_/RESET_B (sky130_fd_sc_hd__dfrtp_1)
                                  2.23   data arrival time

                          0.00    0.00   clock CLK100MHZ (rise edge)
                          0.00    0.00   clock source latency
     1    0.02    0.07    0.05    0.05 ^ CLK100MHZ (in)
                                         CLK100MHZ (net)
                  0.07    0.00    0.05 ^ clkbuf_0_CLK100MHZ/A (sky130_fd_sc_hd__clkbuf_16)
     4    0.04    0.05    0.12    0.17 ^ clkbuf_0_CLK100MHZ/X (sky130_fd_sc_hd__clkbuf_16)
                                         clknet_0_CLK100MHZ (net)
                  0.05    0.00    0.17 ^ clkbuf_2_3__f_CLK100MHZ/A (sky130_fd_sc_hd__clkbuf_16)
     8    0.03    0.04    0.10    0.27 ^ clkbuf_2_3__f_CLK100MHZ/X (sky130_fd_sc_hd__clkbuf_16)
                                         clknet_2_3__leaf_CLK100MHZ (net)
                  0.04    0.00    0.27 ^ _273_/CLK (sky130_fd_sc_hd__dfrtp_1)
                          0.25    0.52   clock uncertainty
                          0.00    0.52   clock reconvergence pessimism
                          0.20    0.73   library removal time
                                  0.73   data required time
-----------------------------------------------------------------------------
                                  0.73   data required time
                                 -2.23   data arrival time
-----------------------------------------------------------------------------
                                  1.50   slack (MET)


Startpoint: BTNC (input port clocked by CLK100MHZ)
Endpoint: _264_ (removal check against rising-edge clock CLK100MHZ)
Path Group: asynchronous
Path Type: min
Corner: Fastest

Fanout     Cap    Slew   Delay    Time   Description
-----------------------------------------------------------------------------
                          0.00    0.00   clock CLK100MHZ (rise edge)
                          0.00    0.00   clock network delay (propagated)
                          2.00    2.00 v input external delay
     2    0.02    0.04    0.02    2.02 v BTNC (in)
                                         BTNC (net)
                  0.04    0.00    2.02 v _226_/A (sky130_fd_sc_hd__buf_4)
    10    0.09    0.08    0.14    2.16 v _226_/X (sky130_fd_sc_hd__buf_4)
                                         _114_ (net)
                  0.08    0.00    2.16 v _235_/A (sky130_fd_sc_hd__inv_2)
     1    0.01    0.05    0.06    2.23 ^ _235_/Y (sky130_fd_sc_hd__inv_2)
                                         _043_ (net)
                  0.05    0.00    2.23 ^ _264_/RESET_B (sky130_fd_sc_hd__dfrtp_1)
                                  2.23   data arrival time

                          0.00    0.00   clock CLK100MHZ (rise edge)
                          0.00    0.00   clock source latency
     1    0.02    0.07    0.05    0.05 ^ CLK100MHZ (in)
                                         CLK100MHZ (net)
                  0.07    0.00    0.05 ^ clkbuf_0_CLK100MHZ/A (sky130_fd_sc_hd__clkbuf_16)
     4    0.04    0.05    0.12    0.17 ^ clkbuf_0_CLK100MHZ/X (sky130_fd_sc_hd__clkbuf_16)
                                         clknet_0_CLK100MHZ (net)
                  0.05    0.00    0.17 ^ clkbuf_2_0__f_CLK100MHZ/A (sky130_fd_sc_hd__clkbuf_16)
     8    0.03    0.04    0.10    0.27 ^ clkbuf_2_0__f_CLK100MHZ/X (sky130_fd_sc_hd__clkbuf_16)
                                         clknet_2_0__leaf_CLK100MHZ (net)
                  0.04    0.00    0.27 ^ _264_/CLK (sky130_fd_sc_hd__dfrtp_1)
                          0.25    0.52   clock uncertainty
                          0.00    0.52   clock reconvergence pessimism
                          0.20    0.73   library removal time
                                  0.73   data required time
-----------------------------------------------------------------------------
                                  0.73   data required time
                                 -2.23   data arrival time
-----------------------------------------------------------------------------
                                  1.50   slack (MET)


Startpoint: BTNC (input port clocked by CLK100MHZ)
Endpoint: _266_ (removal check against rising-edge clock CLK100MHZ)
Path Group: asynchronous
Path Type: min
Corner: Fastest

Fanout     Cap    Slew   Delay    Time   Description
-----------------------------------------------------------------------------
                          0.00    0.00   clock CLK100MHZ (rise edge)
                          0.00    0.00   clock network delay (propagated)
                          2.00    2.00 v input external delay
     2    0.02    0.04    0.02    2.02 v BTNC (in)
                                         BTNC (net)
                  0.04    0.00    2.02 v _214_/A (sky130_fd_sc_hd__buf_4)
    10    0.07    0.07    0.13    2.15 v _214_/X (sky130_fd_sc_hd__buf_4)
                                         _112_ (net)
                  0.07    0.00    2.16 v _237_/A (sky130_fd_sc_hd__inv_2)
     1    0.02    0.07    0.08    2.23 ^ _237_/Y (sky130_fd_sc_hd__inv_2)
                                         _045_ (net)
                  0.07    0.00    2.24 ^ _266_/RESET_B (sky130_fd_sc_hd__dfrtp_2)
                                  2.24   data arrival time

                          0.00    0.00   clock CLK100MHZ (rise edge)
                          0.00    0.00   clock source latency
     1    0.02    0.07    0.05    0.05 ^ CLK100MHZ (in)
                                         CLK100MHZ (net)
                  0.07    0.00    0.05 ^ clkbuf_0_CLK100MHZ/A (sky130_fd_sc_hd__clkbuf_16)
     4    0.04    0.05    0.12    0.17 ^ clkbuf_0_CLK100MHZ/X (sky130_fd_sc_hd__clkbuf_16)
                                         clknet_0_CLK100MHZ (net)
                  0.05    0.00    0.17 ^ clkbuf_2_0__f_CLK100MHZ/A (sky130_fd_sc_hd__clkbuf_16)
     8    0.03    0.04    0.10    0.27 ^ clkbuf_2_0__f_CLK100MHZ/X (sky130_fd_sc_hd__clkbuf_16)
                                         clknet_2_0__leaf_CLK100MHZ (net)
                  0.04    0.00    0.27 ^ _266_/CLK (sky130_fd_sc_hd__dfrtp_2)
                          0.25    0.52   clock uncertainty
                          0.00    0.52   clock reconvergence pessimism
                          0.21    0.73   library removal time
                                  0.73   data required time
-----------------------------------------------------------------------------
                                  0.73   data required time
                                 -2.24   data arrival time
-----------------------------------------------------------------------------
                                  1.51   slack (MET)


Startpoint: BTNC (input port clocked by CLK100MHZ)
Endpoint: _257_ (removal check against rising-edge clock CLK100MHZ)
Path Group: asynchronous
Path Type: min
Corner: Fastest

Fanout     Cap    Slew   Delay    Time   Description
-----------------------------------------------------------------------------
                          0.00    0.00   clock CLK100MHZ (rise edge)
                          0.00    0.00   clock network delay (propagated)
                          2.00    2.00 v input external delay
     2    0.02    0.04    0.02    2.02 v BTNC (in)
                                         BTNC (net)
                  0.04    0.00    2.02 v _226_/A (sky130_fd_sc_hd__buf_4)
    10    0.09    0.08    0.14    2.16 v _226_/X (sky130_fd_sc_hd__buf_4)
                                         _114_ (net)
                  0.08    0.00    2.17 v _228_/A (sky130_fd_sc_hd__inv_2)
     1    0.01    0.05    0.07    2.23 ^ _228_/Y (sky130_fd_sc_hd__inv_2)
                                         _036_ (net)
                  0.05    0.00    2.23 ^ _257_/RESET_B (sky130_fd_sc_hd__dfrtp_1)
                                  2.23   data arrival time

                          0.00    0.00   clock CLK100MHZ (rise edge)
                          0.00    0.00   clock source latency
     1    0.02    0.07    0.05    0.05 ^ CLK100MHZ (in)
                                         CLK100MHZ (net)
                  0.07    0.00    0.05 ^ clkbuf_0_CLK100MHZ/A (sky130_fd_sc_hd__clkbuf_16)
     4    0.04    0.05    0.12    0.17 ^ clkbuf_0_CLK100MHZ/X (sky130_fd_sc_hd__clkbuf_16)
                                         clknet_0_CLK100MHZ (net)
                  0.05    0.00    0.17 ^ clkbuf_2_3__f_CLK100MHZ/A (sky130_fd_sc_hd__clkbuf_16)
     8    0.03    0.04    0.10    0.27 ^ clkbuf_2_3__f_CLK100MHZ/X (sky130_fd_sc_hd__clkbuf_16)
                                         clknet_2_3__leaf_CLK100MHZ (net)
                  0.04    0.00    0.27 ^ _257_/CLK (sky130_fd_sc_hd__dfrtp_1)
                          0.25    0.52   clock uncertainty
                          0.00    0.52   clock reconvergence pessimism
                          0.20    0.73   library removal time
                                  0.73   data required time
-----------------------------------------------------------------------------
                                  0.73   data required time
                                 -2.23   data arrival time
-----------------------------------------------------------------------------
                                  1.51   slack (MET)


Startpoint: BTNC (input port clocked by CLK100MHZ)
Endpoint: _263_ (removal check against rising-edge clock CLK100MHZ)
Path Group: asynchronous
Path Type: min
Corner: Fastest

Fanout     Cap    Slew   Delay    Time   Description
-----------------------------------------------------------------------------
                          0.00    0.00   clock CLK100MHZ (rise edge)
                          0.00    0.00   clock network delay (propagated)
                          2.00    2.00 v input external delay
     2    0.02    0.04    0.02    2.02 v BTNC (in)
                                         BTNC (net)
                  0.04    0.00    2.02 v _226_/A (sky130_fd_sc_hd__buf_4)
    10    0.09    0.08    0.14    2.16 v _226_/X (sky130_fd_sc_hd__buf_4)
                                         _114_ (net)
                  0.08    0.00    2.17 v _234_/A (sky130_fd_sc_hd__inv_2)
     1    0.01    0.06    0.07    2.24 ^ _234_/Y (sky130_fd_sc_hd__inv_2)
                                         _042_ (net)
                  0.06    0.00    2.24 ^ _263_/RESET_B (sky130_fd_sc_hd__dfrtp_1)
                                  2.24   data arrival time

                          0.00    0.00   clock CLK100MHZ (rise edge)
                          0.00    0.00   clock source latency
     1    0.02    0.07    0.05    0.05 ^ CLK100MHZ (in)
                                         CLK100MHZ (net)
                  0.07    0.00    0.05 ^ clkbuf_0_CLK100MHZ/A (sky130_fd_sc_hd__clkbuf_16)
     4    0.04    0.05    0.12    0.17 ^ clkbuf_0_CLK100MHZ/X (sky130_fd_sc_hd__clkbuf_16)
                                         clknet_0_CLK100MHZ (net)
                  0.05    0.00    0.17 ^ clkbuf_2_2__f_CLK100MHZ/A (sky130_fd_sc_hd__clkbuf_16)
     8    0.03    0.04    0.10    0.27 ^ clkbuf_2_2__f_CLK100MHZ/X (sky130_fd_sc_hd__clkbuf_16)
                                         clknet_2_2__leaf_CLK100MHZ (net)
                  0.04    0.00    0.27 ^ _263_/CLK (sky130_fd_sc_hd__dfrtp_1)
                          0.25    0.52   clock uncertainty
                          0.00    0.52   clock reconvergence pessimism
                          0.21    0.73   library removal time
                                  0.73   data required time
-----------------------------------------------------------------------------
                                  0.73   data required time
                                 -2.24   data arrival time
-----------------------------------------------------------------------------
                                  1.51   slack (MET)


Startpoint: BTNC (input port clocked by CLK100MHZ)
Endpoint: _269_ (removal check against rising-edge clock CLK100MHZ)
Path Group: asynchronous
Path Type: min
Corner: Fastest

Fanout     Cap    Slew   Delay    Time   Description
-----------------------------------------------------------------------------
                          0.00    0.00   clock CLK100MHZ (rise edge)
                          0.00    0.00   clock network delay (propagated)
                          2.00    2.00 v input external delay
     2    0.02    0.04    0.02    2.02 v BTNC (in)
                                         BTNC (net)
                  0.04    0.00    2.02 v _214_/A (sky130_fd_sc_hd__buf_4)
    10    0.07    0.07    0.13    2.15 v _214_/X (sky130_fd_sc_hd__buf_4)
                                         _112_ (net)
                  0.07    0.01    2.16 v _240_/A (sky130_fd_sc_hd__inv_2)
     1    0.02    0.08    0.08    2.24 ^ _240_/Y (sky130_fd_sc_hd__inv_2)
                                         _048_ (net)
                  0.08    0.00    2.24 ^ _269_/RESET_B (sky130_fd_sc_hd__dfrtp_1)
                                  2.24   data arrival time

                          0.00    0.00   clock CLK100MHZ (rise edge)
                          0.00    0.00   clock source latency
     1    0.02    0.07    0.05    0.05 ^ CLK100MHZ (in)
                                         CLK100MHZ (net)
                  0.07    0.00    0.05 ^ clkbuf_0_CLK100MHZ/A (sky130_fd_sc_hd__clkbuf_16)
     4    0.04    0.05    0.12    0.17 ^ clkbuf_0_CLK100MHZ/X (sky130_fd_sc_hd__clkbuf_16)
                                         clknet_0_CLK100MHZ (net)
                  0.05    0.00    0.17 ^ clkbuf_2_2__f_CLK100MHZ/A (sky130_fd_sc_hd__clkbuf_16)
     8    0.03    0.04    0.10    0.27 ^ clkbuf_2_2__f_CLK100MHZ/X (sky130_fd_sc_hd__clkbuf_16)
                                         clknet_2_2__leaf_CLK100MHZ (net)
                  0.04    0.00    0.27 ^ _269_/CLK (sky130_fd_sc_hd__dfrtp_1)
                          0.25    0.52   clock uncertainty
                          0.00    0.52   clock reconvergence pessimism
                          0.21    0.74   library removal time
                                  0.74   data required time
-----------------------------------------------------------------------------
                                  0.74   data required time
                                 -2.24   data arrival time
-----------------------------------------------------------------------------
                                  1.51   slack (MET)


Startpoint: BTNC (input port clocked by CLK100MHZ)
Endpoint: _262_ (removal check against rising-edge clock CLK100MHZ)
Path Group: asynchronous
Path Type: min
Corner: Fastest

Fanout     Cap    Slew   Delay    Time   Description
-----------------------------------------------------------------------------
                          0.00    0.00   clock CLK100MHZ (rise edge)
                          0.00    0.00   clock network delay (propagated)
                          2.00    2.00 v input external delay
     2    0.02    0.04    0.02    2.02 v BTNC (in)
                                         BTNC (net)
                  0.04    0.00    2.02 v _226_/A (sky130_fd_sc_hd__buf_4)
    10    0.09    0.08    0.14    2.16 v _226_/X (sky130_fd_sc_hd__buf_4)
                                         _114_ (net)
                  0.08    0.00    2.16 v _233_/A (sky130_fd_sc_hd__inv_2)
     1    0.02    0.06    0.08    2.24 ^ _233_/Y (sky130_fd_sc_hd__inv_2)
                                         _041_ (net)
                  0.06    0.00    2.24 ^ _262_/RESET_B (sky130_fd_sc_hd__dfrtp_2)
                                  2.24   data arrival time

                          0.00    0.00   clock CLK100MHZ (rise edge)
                          0.00    0.00   clock source latency
     1    0.02    0.07    0.05    0.05 ^ CLK100MHZ (in)
                                         CLK100MHZ (net)
                  0.07    0.00    0.05 ^ clkbuf_0_CLK100MHZ/A (sky130_fd_sc_hd__clkbuf_16)
     4    0.04    0.05    0.12    0.17 ^ clkbuf_0_CLK100MHZ/X (sky130_fd_sc_hd__clkbuf_16)
                                         clknet_0_CLK100MHZ (net)
                  0.05    0.00    0.17 ^ clkbuf_2_2__f_CLK100MHZ/A (sky130_fd_sc_hd__clkbuf_16)
     8    0.03    0.04    0.10    0.27 ^ clkbuf_2_2__f_CLK100MHZ/X (sky130_fd_sc_hd__clkbuf_16)
                                         clknet_2_2__leaf_CLK100MHZ (net)
                  0.04    0.00    0.28 ^ _262_/CLK (sky130_fd_sc_hd__dfrtp_2)
                          0.25    0.53   clock uncertainty
                          0.00    0.53   clock reconvergence pessimism
                          0.21    0.73   library removal time
                                  0.73   data required time
-----------------------------------------------------------------------------
                                  0.73   data required time
                                 -2.24   data arrival time
-----------------------------------------------------------------------------
                                  1.51   slack (MET)


Startpoint: BTNC (input port clocked by CLK100MHZ)
Endpoint: _258_ (removal check against rising-edge clock CLK100MHZ)
Path Group: asynchronous
Path Type: min
Corner: Fastest

Fanout     Cap    Slew   Delay    Time   Description
-----------------------------------------------------------------------------
                          0.00    0.00   clock CLK100MHZ (rise edge)
                          0.00    0.00   clock network delay (propagated)
                          2.00    2.00 v input external delay
     2    0.02    0.04    0.02    2.02 v BTNC (in)
                                         BTNC (net)
                  0.04    0.00    2.02 v _226_/A (sky130_fd_sc_hd__buf_4)
    10    0.09    0.08    0.14    2.16 v _226_/X (sky130_fd_sc_hd__buf_4)
                                         _114_ (net)
                  0.08    0.01    2.17 v _229_/A (sky130_fd_sc_hd__inv_2)
     1    0.01    0.06    0.07    2.24 ^ _229_/Y (sky130_fd_sc_hd__inv_2)
                                         _037_ (net)
                  0.06    0.00    2.24 ^ _258_/RESET_B (sky130_fd_sc_hd__dfrtp_4)
                                  2.24   data arrival time

                          0.00    0.00   clock CLK100MHZ (rise edge)
                          0.00    0.00   clock source latency
     1    0.02    0.07    0.05    0.05 ^ CLK100MHZ (in)
                                         CLK100MHZ (net)
                  0.07    0.00    0.05 ^ clkbuf_0_CLK100MHZ/A (sky130_fd_sc_hd__clkbuf_16)
     4    0.04    0.05    0.12    0.17 ^ clkbuf_0_CLK100MHZ/X (sky130_fd_sc_hd__clkbuf_16)
                                         clknet_0_CLK100MHZ (net)
                  0.05    0.00    0.17 ^ clkbuf_2_3__f_CLK100MHZ/A (sky130_fd_sc_hd__clkbuf_16)
     8    0.03    0.04    0.10    0.27 ^ clkbuf_2_3__f_CLK100MHZ/X (sky130_fd_sc_hd__clkbuf_16)
                                         clknet_2_3__leaf_CLK100MHZ (net)
                  0.04    0.00    0.27 ^ _258_/CLK (sky130_fd_sc_hd__dfrtp_4)
                          0.25    0.52   clock uncertainty
                          0.00    0.52   clock reconvergence pessimism
                          0.21    0.73   library removal time
                                  0.73   data required time
-----------------------------------------------------------------------------
                                  0.73   data required time
                                 -2.24   data arrival time
-----------------------------------------------------------------------------
                                  1.51   slack (MET)


Startpoint: BTNC (input port clocked by CLK100MHZ)
Endpoint: _265_ (removal check against rising-edge clock CLK100MHZ)
Path Group: asynchronous
Path Type: min
Corner: Fastest

Fanout     Cap    Slew   Delay    Time   Description
-----------------------------------------------------------------------------
                          0.00    0.00   clock CLK100MHZ (rise edge)
                          0.00    0.00   clock network delay (propagated)
                          2.00    2.00 v input external delay
     2    0.02    0.04    0.02    2.02 v BTNC (in)
                                         BTNC (net)
                  0.04    0.00    2.02 v _226_/A (sky130_fd_sc_hd__buf_4)
    10    0.09    0.08    0.14    2.16 v _226_/X (sky130_fd_sc_hd__buf_4)
                                         _114_ (net)
                  0.08    0.01    2.17 v _236_/A (sky130_fd_sc_hd__inv_2)
     1    0.02    0.07    0.08    2.25 ^ _236_/Y (sky130_fd_sc_hd__inv_2)
                                         _044_ (net)
                  0.07    0.00    2.25 ^ _265_/RESET_B (sky130_fd_sc_hd__dfrtp_1)
                                  2.25   data arrival time

                          0.00    0.00   clock CLK100MHZ (rise edge)
                          0.00    0.00   clock source latency
     1    0.02    0.07    0.05    0.05 ^ CLK100MHZ (in)
                                         CLK100MHZ (net)
                  0.07    0.00    0.05 ^ clkbuf_0_CLK100MHZ/A (sky130_fd_sc_hd__clkbuf_16)
     4    0.04    0.05    0.12    0.17 ^ clkbuf_0_CLK100MHZ/X (sky130_fd_sc_hd__clkbuf_16)
                                         clknet_0_CLK100MHZ (net)
                  0.05    0.00    0.17 ^ clkbuf_2_1__f_CLK100MHZ/A (sky130_fd_sc_hd__clkbuf_16)
     8    0.03    0.03    0.10    0.27 ^ clkbuf_2_1__f_CLK100MHZ/X (sky130_fd_sc_hd__clkbuf_16)
                                         clknet_2_1__leaf_CLK100MHZ (net)
                  0.03    0.00    0.27 ^ _265_/CLK (sky130_fd_sc_hd__dfrtp_1)
                          0.25    0.52   clock uncertainty
                          0.00    0.52   clock reconvergence pessimism
                          0.21    0.73   library removal time
                                  0.73   data required time
-----------------------------------------------------------------------------
                                  0.73   data required time
                                 -2.25   data arrival time
-----------------------------------------------------------------------------
                                  1.53   slack (MET)


Startpoint: BTNC (input port clocked by CLK100MHZ)
Endpoint: _260_ (removal check against rising-edge clock CLK100MHZ)
Path Group: asynchronous
Path Type: min
Corner: Fastest

Fanout     Cap    Slew   Delay    Time   Description
-----------------------------------------------------------------------------
                          0.00    0.00   clock CLK100MHZ (rise edge)
                          0.00    0.00   clock network delay (propagated)
                          2.00    2.00 v input external delay
     2    0.02    0.04    0.02    2.02 v BTNC (in)
                                         BTNC (net)
                  0.04    0.00    2.02 v _226_/A (sky130_fd_sc_hd__buf_4)
    10    0.09    0.08    0.14    2.16 v _226_/X (sky130_fd_sc_hd__buf_4)
                                         _114_ (net)
                  0.08    0.01    2.17 v _231_/A (sky130_fd_sc_hd__inv_2)
     1    0.02    0.07    0.08    2.25 ^ _231_/Y (sky130_fd_sc_hd__inv_2)
                                         _039_ (net)
                  0.07    0.00    2.25 ^ _260_/RESET_B (sky130_fd_sc_hd__dfrtp_1)
                                  2.25   data arrival time

                          0.00    0.00   clock CLK100MHZ (rise edge)
                          0.00    0.00   clock source latency
     1    0.02    0.07    0.05    0.05 ^ CLK100MHZ (in)
                                         CLK100MHZ (net)
                  0.07    0.00    0.05 ^ clkbuf_0_CLK100MHZ/A (sky130_fd_sc_hd__clkbuf_16)
     4    0.04    0.05    0.12    0.17 ^ clkbuf_0_CLK100MHZ/X (sky130_fd_sc_hd__clkbuf_16)
                                         clknet_0_CLK100MHZ (net)
                  0.05    0.00    0.17 ^ clkbuf_2_1__f_CLK100MHZ/A (sky130_fd_sc_hd__clkbuf_16)
     8    0.03    0.03    0.10    0.27 ^ clkbuf_2_1__f_CLK100MHZ/X (sky130_fd_sc_hd__clkbuf_16)
                                         clknet_2_1__leaf_CLK100MHZ (net)
                  0.03    0.00    0.27 ^ _260_/CLK (sky130_fd_sc_hd__dfrtp_1)
                          0.25    0.52   clock uncertainty
                          0.00    0.52   clock reconvergence pessimism
                          0.21    0.73   library removal time
                                  0.73   data required time
-----------------------------------------------------------------------------
                                  0.73   data required time
                                 -2.25   data arrival time
-----------------------------------------------------------------------------
                                  1.53   slack (MET)


Startpoint: BTNC (input port clocked by CLK100MHZ)
Endpoint: _251_ (removal check against rising-edge clock CLK100MHZ)
Path Group: asynchronous
Path Type: min
Corner: Fastest

Fanout     Cap    Slew   Delay    Time   Description
-----------------------------------------------------------------------------
                          0.00    0.00   clock CLK100MHZ (rise edge)
                          0.00    0.00   clock network delay (propagated)
                          2.00    2.00 v input external delay
     2    0.02    0.04    0.02    2.02 v BTNC (in)
                                         BTNC (net)
                  0.04    0.00    2.02 v _214_/A (sky130_fd_sc_hd__buf_4)
    10    0.07    0.07    0.13    2.15 v _214_/X (sky130_fd_sc_hd__buf_4)
                                         _112_ (net)
                  0.07    0.01    2.16 v _215_/A (sky130_fd_sc_hd__buf_4)
    10    0.08    0.07    0.15    2.30 v _215_/X (sky130_fd_sc_hd__buf_4)
                                         _113_ (net)
                  0.07    0.00    2.31 v _221_/A (sky130_fd_sc_hd__inv_2)
     1    0.01    0.04    0.06    2.37 ^ _221_/Y (sky130_fd_sc_hd__inv_2)
                                         _030_ (net)
                  0.04    0.00    2.37 ^ _251_/RESET_B (sky130_fd_sc_hd__dfrtp_2)
                                  2.37   data arrival time

                          0.00    0.00   clock CLK100MHZ (rise edge)
                          0.00    0.00   clock source latency
     1    0.02    0.07    0.05    0.05 ^ CLK100MHZ (in)
                                         CLK100MHZ (net)
                  0.07    0.00    0.05 ^ clkbuf_0_CLK100MHZ/A (sky130_fd_sc_hd__clkbuf_16)
     4    0.04    0.05    0.12    0.17 ^ clkbuf_0_CLK100MHZ/X (sky130_fd_sc_hd__clkbuf_16)
                                         clknet_0_CLK100MHZ (net)
                  0.05    0.00    0.17 ^ clkbuf_2_2__f_CLK100MHZ/A (sky130_fd_sc_hd__clkbuf_16)
     8    0.03    0.04    0.10    0.27 ^ clkbuf_2_2__f_CLK100MHZ/X (sky130_fd_sc_hd__clkbuf_16)
                                         clknet_2_2__leaf_CLK100MHZ (net)
                  0.04    0.00    0.27 ^ _251_/CLK (sky130_fd_sc_hd__dfrtp_2)
                          0.25    0.52   clock uncertainty
                          0.00    0.52   clock reconvergence pessimism
                          0.20    0.73   library removal time
                                  0.73   data required time
-----------------------------------------------------------------------------
                                  0.73   data required time
                                 -2.37   data arrival time
-----------------------------------------------------------------------------
                                  1.64   slack (MET)


Startpoint: BTNC (input port clocked by CLK100MHZ)
Endpoint: _253_ (removal check against rising-edge clock CLK100MHZ)
Path Group: asynchronous
Path Type: min
Corner: Fastest

Fanout     Cap    Slew   Delay    Time   Description
-----------------------------------------------------------------------------
                          0.00    0.00   clock CLK100MHZ (rise edge)
                          0.00    0.00   clock network delay (propagated)
                          2.00    2.00 v input external delay
     2    0.02    0.04    0.02    2.02 v BTNC (in)
                                         BTNC (net)
                  0.04    0.00    2.02 v _214_/A (sky130_fd_sc_hd__buf_4)
    10    0.07    0.07    0.13    2.15 v _214_/X (sky130_fd_sc_hd__buf_4)
                                         _112_ (net)
                  0.07    0.01    2.16 v _215_/A (sky130_fd_sc_hd__buf_4)
    10    0.08    0.07    0.15    2.30 v _215_/X (sky130_fd_sc_hd__buf_4)
                                         _113_ (net)
                  0.08    0.01    2.31 v _223_/A (sky130_fd_sc_hd__inv_2)
     1    0.01    0.04    0.05    2.37 ^ _223_/Y (sky130_fd_sc_hd__inv_2)
                                         _032_ (net)
                  0.04    0.00    2.37 ^ _253_/RESET_B (sky130_fd_sc_hd__dfrtp_1)
                                  2.37   data arrival time

                          0.00    0.00   clock CLK100MHZ (rise edge)
                          0.00    0.00   clock source latency
     1    0.02    0.07    0.05    0.05 ^ CLK100MHZ (in)
                                         CLK100MHZ (net)
                  0.07    0.00    0.05 ^ clkbuf_0_CLK100MHZ/A (sky130_fd_sc_hd__clkbuf_16)
     4    0.04    0.05    0.12    0.17 ^ clkbuf_0_CLK100MHZ/X (sky130_fd_sc_hd__clkbuf_16)
                                         clknet_0_CLK100MHZ (net)
                  0.05    0.00    0.17 ^ clkbuf_2_2__f_CLK100MHZ/A (sky130_fd_sc_hd__clkbuf_16)
     8    0.03    0.04    0.10    0.27 ^ clkbuf_2_2__f_CLK100MHZ/X (sky130_fd_sc_hd__clkbuf_16)
                                         clknet_2_2__leaf_CLK100MHZ (net)
                  0.04    0.00    0.27 ^ _253_/CLK (sky130_fd_sc_hd__dfrtp_1)
                          0.25    0.52   clock uncertainty
                          0.00    0.52   clock reconvergence pessimism
                          0.20    0.73   library removal time
                                  0.73   data required time
-----------------------------------------------------------------------------
                                  0.73   data required time
                                 -2.37   data arrival time
-----------------------------------------------------------------------------
                                  1.64   slack (MET)


Startpoint: BTNC (input port clocked by CLK100MHZ)
Endpoint: _247_ (removal check against rising-edge clock CLK100MHZ)
Path Group: asynchronous
Path Type: min
Corner: Fastest

Fanout     Cap    Slew   Delay    Time   Description
-----------------------------------------------------------------------------
                          0.00    0.00   clock CLK100MHZ (rise edge)
                          0.00    0.00   clock network delay (propagated)
                          2.00    2.00 v input external delay
     2    0.02    0.04    0.02    2.02 v BTNC (in)
                                         BTNC (net)
                  0.04    0.00    2.02 v _214_/A (sky130_fd_sc_hd__buf_4)
    10    0.07    0.07    0.13    2.15 v _214_/X (sky130_fd_sc_hd__buf_4)
                                         _112_ (net)
                  0.07    0.01    2.16 v _215_/A (sky130_fd_sc_hd__buf_4)
    10    0.08    0.07    0.15    2.30 v _215_/X (sky130_fd_sc_hd__buf_4)
                                         _113_ (net)
                  0.08    0.01    2.31 v _217_/A (sky130_fd_sc_hd__inv_2)
     1    0.01    0.04    0.06    2.37 ^ _217_/Y (sky130_fd_sc_hd__inv_2)
                                         _026_ (net)
                  0.04    0.00    2.37 ^ _247_/RESET_B (sky130_fd_sc_hd__dfrtp_4)
                                  2.37   data arrival time

                          0.00    0.00   clock CLK100MHZ (rise edge)
                          0.00    0.00   clock source latency
     1    0.02    0.07    0.05    0.05 ^ CLK100MHZ (in)
                                         CLK100MHZ (net)
                  0.07    0.00    0.05 ^ clkbuf_0_CLK100MHZ/A (sky130_fd_sc_hd__clkbuf_16)
     4    0.04    0.05    0.12    0.17 ^ clkbuf_0_CLK100MHZ/X (sky130_fd_sc_hd__clkbuf_16)
                                         clknet_0_CLK100MHZ (net)
                  0.05    0.00    0.17 ^ clkbuf_2_3__f_CLK100MHZ/A (sky130_fd_sc_hd__clkbuf_16)
     8    0.03    0.04    0.10    0.27 ^ clkbuf_2_3__f_CLK100MHZ/X (sky130_fd_sc_hd__clkbuf_16)
                                         clknet_2_3__leaf_CLK100MHZ (net)
                  0.04    0.00    0.27 ^ _247_/CLK (sky130_fd_sc_hd__dfrtp_4)
                          0.25    0.52   clock uncertainty
                          0.00    0.52   clock reconvergence pessimism
                          0.20    0.72   library removal time
                                  0.72   data required time
-----------------------------------------------------------------------------
                                  0.72   data required time
                                 -2.37   data arrival time
-----------------------------------------------------------------------------
                                  1.64   slack (MET)


Startpoint: BTNC (input port clocked by CLK100MHZ)
Endpoint: _249_ (removal check against rising-edge clock CLK100MHZ)
Path Group: asynchronous
Path Type: min
Corner: Fastest

Fanout     Cap    Slew   Delay    Time   Description
-----------------------------------------------------------------------------
                          0.00    0.00   clock CLK100MHZ (rise edge)
                          0.00    0.00   clock network delay (propagated)
                          2.00    2.00 v input external delay
     2    0.02    0.04    0.02    2.02 v BTNC (in)
                                         BTNC (net)
                  0.04    0.00    2.02 v _214_/A (sky130_fd_sc_hd__buf_4)
    10    0.07    0.07    0.13    2.15 v _214_/X (sky130_fd_sc_hd__buf_4)
                                         _112_ (net)
                  0.07    0.01    2.16 v _215_/A (sky130_fd_sc_hd__buf_4)
    10    0.08    0.07    0.15    2.30 v _215_/X (sky130_fd_sc_hd__buf_4)
                                         _113_ (net)
                  0.08    0.01    2.31 v _219_/A (sky130_fd_sc_hd__inv_2)
     1    0.01    0.04    0.05    2.37 ^ _219_/Y (sky130_fd_sc_hd__inv_2)
                                         _028_ (net)
                  0.04    0.00    2.37 ^ _249_/RESET_B (sky130_fd_sc_hd__dfrtp_4)
                                  2.37   data arrival time

                          0.00    0.00   clock CLK100MHZ (rise edge)
                          0.00    0.00   clock source latency
     1    0.02    0.07    0.05    0.05 ^ CLK100MHZ (in)
                                         CLK100MHZ (net)
                  0.07    0.00    0.05 ^ clkbuf_0_CLK100MHZ/A (sky130_fd_sc_hd__clkbuf_16)
     4    0.04    0.05    0.12    0.17 ^ clkbuf_0_CLK100MHZ/X (sky130_fd_sc_hd__clkbuf_16)
                                         clknet_0_CLK100MHZ (net)
                  0.05    0.00    0.17 ^ clkbuf_2_3__f_CLK100MHZ/A (sky130_fd_sc_hd__clkbuf_16)
     8    0.03    0.04    0.10    0.27 ^ clkbuf_2_3__f_CLK100MHZ/X (sky130_fd_sc_hd__clkbuf_16)
                                         clknet_2_3__leaf_CLK100MHZ (net)
                  0.04    0.00    0.27 ^ _249_/CLK (sky130_fd_sc_hd__dfrtp_4)
                          0.25    0.52   clock uncertainty
                          0.00    0.52   clock reconvergence pessimism
                          0.20    0.72   library removal time
                                  0.72   data required time
-----------------------------------------------------------------------------
                                  0.72   data required time
                                 -2.37   data arrival time
-----------------------------------------------------------------------------
                                  1.64   slack (MET)


Startpoint: BTNC (input port clocked by CLK100MHZ)
Endpoint: _246_ (removal check against rising-edge clock CLK100MHZ)
Path Group: asynchronous
Path Type: min
Corner: Fastest

Fanout     Cap    Slew   Delay    Time   Description
-----------------------------------------------------------------------------
                          0.00    0.00   clock CLK100MHZ (rise edge)
                          0.00    0.00   clock network delay (propagated)
                          2.00    2.00 v input external delay
     2    0.02    0.04    0.02    2.02 v BTNC (in)
                                         BTNC (net)
                  0.04    0.00    2.02 v _214_/A (sky130_fd_sc_hd__buf_4)
    10    0.07    0.07    0.13    2.15 v _214_/X (sky130_fd_sc_hd__buf_4)
                                         _112_ (net)
                  0.07    0.01    2.16 v _215_/A (sky130_fd_sc_hd__buf_4)
    10    0.08    0.07    0.15    2.30 v _215_/X (sky130_fd_sc_hd__buf_4)
                                         _113_ (net)
                  0.08    0.01    2.31 v _216_/A (sky130_fd_sc_hd__inv_2)
     1    0.01    0.04    0.05    2.36 ^ _216_/Y (sky130_fd_sc_hd__inv_2)
                                         _025_ (net)
                  0.04    0.00    2.36 ^ _246_/RESET_B (sky130_fd_sc_hd__dfrtp_4)
                                  2.36   data arrival time

                          0.00    0.00   clock CLK100MHZ (rise edge)
                          0.00    0.00   clock source latency
     1    0.02    0.07    0.05    0.05 ^ CLK100MHZ (in)
                                         CLK100MHZ (net)
                  0.07    0.00    0.05 ^ clkbuf_0_CLK100MHZ/A (sky130_fd_sc_hd__clkbuf_16)
     4    0.04    0.05    0.12    0.17 ^ clkbuf_0_CLK100MHZ/X (sky130_fd_sc_hd__clkbuf_16)
                                         clknet_0_CLK100MHZ (net)
                  0.05    0.00    0.17 ^ clkbuf_2_1__f_CLK100MHZ/A (sky130_fd_sc_hd__clkbuf_16)
     8    0.03    0.03    0.10    0.27 ^ clkbuf_2_1__f_CLK100MHZ/X (sky130_fd_sc_hd__clkbuf_16)
                                         clknet_2_1__leaf_CLK100MHZ (net)
                  0.03    0.00    0.27 ^ _246_/CLK (sky130_fd_sc_hd__dfrtp_4)
                          0.25    0.52   clock uncertainty
                          0.00    0.52   clock reconvergence pessimism
                          0.20    0.72   library removal time
                                  0.72   data required time
-----------------------------------------------------------------------------
                                  0.72   data required time
                                 -2.36   data arrival time
-----------------------------------------------------------------------------
                                  1.65   slack (MET)


Startpoint: BTNC (input port clocked by CLK100MHZ)
Endpoint: _250_ (removal check against rising-edge clock CLK100MHZ)
Path Group: asynchronous
Path Type: min
Corner: Fastest

Fanout     Cap    Slew   Delay    Time   Description
-----------------------------------------------------------------------------
                          0.00    0.00   clock CLK100MHZ (rise edge)
                          0.00    0.00   clock network delay (propagated)
                          2.00    2.00 v input external delay
     2    0.02    0.04    0.02    2.02 v BTNC (in)
                                         BTNC (net)
                  0.04    0.00    2.02 v _214_/A (sky130_fd_sc_hd__buf_4)
    10    0.07    0.07    0.13    2.15 v _214_/X (sky130_fd_sc_hd__buf_4)
                                         _112_ (net)
                  0.07    0.01    2.16 v _215_/A (sky130_fd_sc_hd__buf_4)
    10    0.08    0.07    0.15    2.30 v _215_/X (sky130_fd_sc_hd__buf_4)
                                         _113_ (net)
                  0.07    0.00    2.31 v _220_/A (sky130_fd_sc_hd__inv_2)
     1    0.02    0.07    0.08    2.38 ^ _220_/Y (sky130_fd_sc_hd__inv_2)
                                         _029_ (net)
                  0.07    0.00    2.39 ^ _250_/RESET_B (sky130_fd_sc_hd__dfrtp_2)
                                  2.39   data arrival time

                          0.00    0.00   clock CLK100MHZ (rise edge)
                          0.00    0.00   clock source latency
     1    0.02    0.07    0.05    0.05 ^ CLK100MHZ (in)
                                         CLK100MHZ (net)
                  0.07    0.00    0.05 ^ clkbuf_0_CLK100MHZ/A (sky130_fd_sc_hd__clkbuf_16)
     4    0.04    0.05    0.12    0.17 ^ clkbuf_0_CLK100MHZ/X (sky130_fd_sc_hd__clkbuf_16)
                                         clknet_0_CLK100MHZ (net)
                  0.05    0.00    0.17 ^ clkbuf_2_2__f_CLK100MHZ/A (sky130_fd_sc_hd__clkbuf_16)
     8    0.03    0.04    0.10    0.27 ^ clkbuf_2_2__f_CLK100MHZ/X (sky130_fd_sc_hd__clkbuf_16)
                                         clknet_2_2__leaf_CLK100MHZ (net)
                  0.04    0.00    0.27 ^ _250_/CLK (sky130_fd_sc_hd__dfrtp_2)
                          0.25    0.52   clock uncertainty
                          0.00    0.52   clock reconvergence pessimism
                          0.21    0.73   library removal time
                                  0.73   data required time
-----------------------------------------------------------------------------
                                  0.73   data required time
                                 -2.39   data arrival time
-----------------------------------------------------------------------------
                                  1.65   slack (MET)


Startpoint: BTNC (input port clocked by CLK100MHZ)
Endpoint: _255_ (removal check against rising-edge clock CLK100MHZ)
Path Group: asynchronous
Path Type: min
Corner: Fastest

Fanout     Cap    Slew   Delay    Time   Description
-----------------------------------------------------------------------------
                          0.00    0.00   clock CLK100MHZ (rise edge)
                          0.00    0.00   clock network delay (propagated)
                          2.00    2.00 v input external delay
     2    0.02    0.04    0.02    2.02 v BTNC (in)
                                         BTNC (net)
                  0.04    0.00    2.02 v _214_/A (sky130_fd_sc_hd__buf_4)
    10    0.07    0.07    0.13    2.15 v _214_/X (sky130_fd_sc_hd__buf_4)
                                         _112_ (net)
                  0.07    0.01    2.16 v _215_/A (sky130_fd_sc_hd__buf_4)
    10    0.08    0.07    0.15    2.30 v _215_/X (sky130_fd_sc_hd__buf_4)
                                         _113_ (net)
                  0.08    0.01    2.31 v _225_/A (sky130_fd_sc_hd__inv_2)
     1    0.01    0.06    0.07    2.38 ^ _225_/Y (sky130_fd_sc_hd__inv_2)
                                         _034_ (net)
                  0.06    0.00    2.38 ^ _255_/RESET_B (sky130_fd_sc_hd__dfrtp_2)
                                  2.38   data arrival time

                          0.00    0.00   clock CLK100MHZ (rise edge)
                          0.00    0.00   clock source latency
     1    0.02    0.07    0.05    0.05 ^ CLK100MHZ (in)
                                         CLK100MHZ (net)
                  0.07    0.00    0.05 ^ clkbuf_0_CLK100MHZ/A (sky130_fd_sc_hd__clkbuf_16)
     4    0.04    0.05    0.12    0.17 ^ clkbuf_0_CLK100MHZ/X (sky130_fd_sc_hd__clkbuf_16)
                                         clknet_0_CLK100MHZ (net)
                  0.05    0.00    0.17 ^ clkbuf_2_0__f_CLK100MHZ/A (sky130_fd_sc_hd__clkbuf_16)
     8    0.03    0.04    0.10    0.27 ^ clkbuf_2_0__f_CLK100MHZ/X (sky130_fd_sc_hd__clkbuf_16)
                                         clknet_2_0__leaf_CLK100MHZ (net)
                  0.04    0.00    0.27 ^ _255_/CLK (sky130_fd_sc_hd__dfrtp_2)
                          0.25    0.52   clock uncertainty
                          0.00    0.52   clock reconvergence pessimism
                          0.20    0.73   library removal time
                                  0.73   data required time
-----------------------------------------------------------------------------
                                  0.73   data required time
                                 -2.38   data arrival time
-----------------------------------------------------------------------------
                                  1.65   slack (MET)


Startpoint: BTNC (input port clocked by CLK100MHZ)
Endpoint: _252_ (removal check against rising-edge clock CLK100MHZ)
Path Group: asynchronous
Path Type: min
Corner: Fastest

Fanout     Cap    Slew   Delay    Time   Description
-----------------------------------------------------------------------------
                          0.00    0.00   clock CLK100MHZ (rise edge)
                          0.00    0.00   clock network delay (propagated)
                          2.00    2.00 v input external delay
     2    0.02    0.04    0.02    2.02 v BTNC (in)
                                         BTNC (net)
                  0.04    0.00    2.02 v _214_/A (sky130_fd_sc_hd__buf_4)
    10    0.07    0.07    0.13    2.15 v _214_/X (sky130_fd_sc_hd__buf_4)
                                         _112_ (net)
                  0.07    0.01    2.16 v _215_/A (sky130_fd_sc_hd__buf_4)
    10    0.08    0.07    0.15    2.30 v _215_/X (sky130_fd_sc_hd__buf_4)
                                         _113_ (net)
                  0.07    0.01    2.31 v _222_/A (sky130_fd_sc_hd__inv_2)
     1    0.02    0.07    0.08    2.39 ^ _222_/Y (sky130_fd_sc_hd__inv_2)
                                         _031_ (net)
                  0.07    0.00    2.39 ^ _252_/RESET_B (sky130_fd_sc_hd__dfrtp_2)
                                  2.39   data arrival time

                          0.00    0.00   clock CLK100MHZ (rise edge)
                          0.00    0.00   clock source latency
     1    0.02    0.07    0.05    0.05 ^ CLK100MHZ (in)
                                         CLK100MHZ (net)
                  0.07    0.00    0.05 ^ clkbuf_0_CLK100MHZ/A (sky130_fd_sc_hd__clkbuf_16)
     4    0.04    0.05    0.12    0.17 ^ clkbuf_0_CLK100MHZ/X (sky130_fd_sc_hd__clkbuf_16)
                                         clknet_0_CLK100MHZ (net)
                  0.05    0.00    0.17 ^ clkbuf_2_2__f_CLK100MHZ/A (sky130_fd_sc_hd__clkbuf_16)
     8    0.03    0.04    0.10    0.27 ^ clkbuf_2_2__f_CLK100MHZ/X (sky130_fd_sc_hd__clkbuf_16)
                                         clknet_2_2__leaf_CLK100MHZ (net)
                  0.04    0.00    0.28 ^ _252_/CLK (sky130_fd_sc_hd__dfrtp_2)
                          0.25    0.53   clock uncertainty
                          0.00    0.53   clock reconvergence pessimism
                          0.21    0.73   library removal time
                                  0.73   data required time
-----------------------------------------------------------------------------
                                  0.73   data required time
                                 -2.39   data arrival time
-----------------------------------------------------------------------------
                                  1.66   slack (MET)


Startpoint: BTNC (input port clocked by CLK100MHZ)
Endpoint: _254_ (removal check against rising-edge clock CLK100MHZ)
Path Group: asynchronous
Path Type: min
Corner: Fastest

Fanout     Cap    Slew   Delay    Time   Description
-----------------------------------------------------------------------------
                          0.00    0.00   clock CLK100MHZ (rise edge)
                          0.00    0.00   clock network delay (propagated)
                          2.00    2.00 v input external delay
     2    0.02    0.04    0.02    2.02 v BTNC (in)
                                         BTNC (net)
                  0.04    0.00    2.02 v _214_/A (sky130_fd_sc_hd__buf_4)
    10    0.07    0.07    0.13    2.15 v _214_/X (sky130_fd_sc_hd__buf_4)
                                         _112_ (net)
                  0.07    0.01    2.16 v _215_/A (sky130_fd_sc_hd__buf_4)
    10    0.08    0.07    0.15    2.30 v _215_/X (sky130_fd_sc_hd__buf_4)
                                         _113_ (net)
                  0.08    0.01    2.31 v _224_/A (sky130_fd_sc_hd__inv_2)
     1    0.01    0.06    0.07    2.38 ^ _224_/Y (sky130_fd_sc_hd__inv_2)
                                         _033_ (net)
                  0.06    0.00    2.38 ^ _254_/RESET_B (sky130_fd_sc_hd__dfrtp_2)
                                  2.38   data arrival time

                          0.00    0.00   clock CLK100MHZ (rise edge)
                          0.00    0.00   clock source latency
     1    0.02    0.07    0.05    0.05 ^ CLK100MHZ (in)
                                         CLK100MHZ (net)
                  0.07    0.00    0.05 ^ clkbuf_0_CLK100MHZ/A (sky130_fd_sc_hd__clkbuf_16)
     4    0.04    0.05    0.12    0.17 ^ clkbuf_0_CLK100MHZ/X (sky130_fd_sc_hd__clkbuf_16)
                                         clknet_0_CLK100MHZ (net)
                  0.05    0.00    0.17 ^ clkbuf_2_1__f_CLK100MHZ/A (sky130_fd_sc_hd__clkbuf_16)
     8    0.03    0.03    0.10    0.27 ^ clkbuf_2_1__f_CLK100MHZ/X (sky130_fd_sc_hd__clkbuf_16)
                                         clknet_2_1__leaf_CLK100MHZ (net)
                  0.03    0.00    0.27 ^ _254_/CLK (sky130_fd_sc_hd__dfrtp_2)
                          0.25    0.52   clock uncertainty
                          0.00    0.52   clock reconvergence pessimism
                          0.20    0.72   library removal time
                                  0.72   data required time
-----------------------------------------------------------------------------
                                  0.72   data required time
                                 -2.38   data arrival time
-----------------------------------------------------------------------------
                                  1.66   slack (MET)


Startpoint: BTNC (input port clocked by CLK100MHZ)
Endpoint: _248_ (removal check against rising-edge clock CLK100MHZ)
Path Group: asynchronous
Path Type: min
Corner: Fastest

Fanout     Cap    Slew   Delay    Time   Description
-----------------------------------------------------------------------------
                          0.00    0.00   clock CLK100MHZ (rise edge)
                          0.00    0.00   clock network delay (propagated)
                          2.00    2.00 v input external delay
     2    0.02    0.04    0.02    2.02 v BTNC (in)
                                         BTNC (net)
                  0.04    0.00    2.02 v _214_/A (sky130_fd_sc_hd__buf_4)
    10    0.07    0.07    0.13    2.15 v _214_/X (sky130_fd_sc_hd__buf_4)
                                         _112_ (net)
                  0.07    0.01    2.16 v _215_/A (sky130_fd_sc_hd__buf_4)
    10    0.08    0.07    0.15    2.30 v _215_/X (sky130_fd_sc_hd__buf_4)
                                         _113_ (net)
                  0.08    0.01    2.31 v _218_/A (sky130_fd_sc_hd__inv_2)
     1    0.02    0.07    0.08    2.39 ^ _218_/Y (sky130_fd_sc_hd__inv_2)
                                         _027_ (net)
                  0.07    0.00    2.40 ^ _248_/RESET_B (sky130_fd_sc_hd__dfrtp_4)
                                  2.40   data arrival time

                          0.00    0.00   clock CLK100MHZ (rise edge)
                          0.00    0.00   clock source latency
     1    0.02    0.07    0.05    0.05 ^ CLK100MHZ (in)
                                         CLK100MHZ (net)
                  0.07    0.00    0.05 ^ clkbuf_0_CLK100MHZ/A (sky130_fd_sc_hd__clkbuf_16)
     4    0.04    0.05    0.12    0.17 ^ clkbuf_0_CLK100MHZ/X (sky130_fd_sc_hd__clkbuf_16)
                                         clknet_0_CLK100MHZ (net)
                  0.05    0.00    0.17 ^ clkbuf_2_0__f_CLK100MHZ/A (sky130_fd_sc_hd__clkbuf_16)
     8    0.03    0.04    0.10    0.27 ^ clkbuf_2_0__f_CLK100MHZ/X (sky130_fd_sc_hd__clkbuf_16)
                                         clknet_2_0__leaf_CLK100MHZ (net)
                  0.04    0.00    0.27 ^ _248_/CLK (sky130_fd_sc_hd__dfrtp_4)
                          0.25    0.52   clock uncertainty
                          0.00    0.52   clock reconvergence pessimism
                          0.21    0.73   library removal time
                                  0.73   data required time
-----------------------------------------------------------------------------
                                  0.73   data required time
                                 -2.40   data arrival time
-----------------------------------------------------------------------------
                                  1.66   slack (MET)


Startpoint: _247_ (rising edge-triggered flip-flop clocked by CLK100MHZ)
Endpoint: seg[6] (output port clocked by CLK100MHZ)
Path Group: CLK100MHZ
Path Type: min
Corner: Fastest

Fanout     Cap    Slew   Delay    Time   Description
-----------------------------------------------------------------------------
                          0.00    0.00   clock CLK100MHZ (rise edge)
                          0.00    0.00   clock source latency
     1    0.02    0.07    0.05    0.05 ^ CLK100MHZ (in)
                                         CLK100MHZ (net)
                  0.07    0.00    0.05 ^ clkbuf_0_CLK100MHZ/A (sky130_fd_sc_hd__clkbuf_16)
     4    0.04    0.05    0.10    0.15 ^ clkbuf_0_CLK100MHZ/X (sky130_fd_sc_hd__clkbuf_16)
                                         clknet_0_CLK100MHZ (net)
                  0.05    0.00    0.15 ^ clkbuf_2_3__f_CLK100MHZ/A (sky130_fd_sc_hd__clkbuf_16)
     8    0.03    0.04    0.09    0.24 ^ clkbuf_2_3__f_CLK100MHZ/X (sky130_fd_sc_hd__clkbuf_16)
                                         clknet_2_3__leaf_CLK100MHZ (net)
                  0.04    0.00    0.25 ^ _247_/CLK (sky130_fd_sc_hd__dfrtp_4)
     9    0.06    0.13    0.31    0.56 ^ _247_/Q (sky130_fd_sc_hd__dfrtp_4)
                                         decoder.count[1] (net)
                  0.13    0.01    0.57 ^ _164_/A1 (sky130_fd_sc_hd__a21boi_1)
     1    0.01    0.05    0.07    0.64 v _164_/Y (sky130_fd_sc_hd__a21boi_1)
                                         net7 (net)
                  0.05    0.00    0.64 v output7/A (sky130_fd_sc_hd__buf_1)
     1    0.03    0.14    0.15    0.79 v output7/X (sky130_fd_sc_hd__buf_1)
                                         seg[6] (net)
                  0.14    0.00    0.79 v seg[6] (out)
                                  0.79   data arrival time

                          0.00    0.00   clock CLK100MHZ (rise edge)
                          0.00    0.00   clock network delay (propagated)
                          0.25    0.25   clock uncertainty
                          0.00    0.25   clock reconvergence pessimism
                         -2.00   -1.75   output external delay
                                 -1.75   data required time
-----------------------------------------------------------------------------
                                 -1.75   data required time
                                 -0.79   data arrival time
-----------------------------------------------------------------------------
                                  2.54   slack (MET)


Startpoint: _246_ (rising edge-triggered flip-flop clocked by CLK100MHZ)
Endpoint: seg[4] (output port clocked by CLK100MHZ)
Path Group: CLK100MHZ
Path Type: min
Corner: Fastest

Fanout     Cap    Slew   Delay    Time   Description
-----------------------------------------------------------------------------
                          0.00    0.00   clock CLK100MHZ (rise edge)
                          0.00    0.00   clock source latency
     1    0.02    0.07    0.05    0.05 ^ CLK100MHZ (in)
                                         CLK100MHZ (net)
                  0.07    0.00    0.05 ^ clkbuf_0_CLK100MHZ/A (sky130_fd_sc_hd__clkbuf_16)
     4    0.04    0.05    0.10    0.15 ^ clkbuf_0_CLK100MHZ/X (sky130_fd_sc_hd__clkbuf_16)
                                         clknet_0_CLK100MHZ (net)
                  0.05    0.00    0.15 ^ clkbuf_2_1__f_CLK100MHZ/A (sky130_fd_sc_hd__clkbuf_16)
     8    0.03    0.03    0.09    0.24 ^ clkbuf_2_1__f_CLK100MHZ/X (sky130_fd_sc_hd__clkbuf_16)
                                         clknet_2_1__leaf_CLK100MHZ (net)
                  0.03    0.00    0.24 ^ _246_/CLK (sky130_fd_sc_hd__dfrtp_4)
     6    0.05    0.09    0.33    0.57 v _246_/Q (sky130_fd_sc_hd__dfrtp_4)
                                         decoder.count[0] (net)
                  0.09    0.00    0.58 v _141_/A (sky130_fd_sc_hd__inv_2)
     2    0.01    0.06    0.08    0.65 ^ _141_/Y (sky130_fd_sc_hd__inv_2)
                                         _071_ (net)
                  0.06    0.00    0.65 ^ _161_/A (sky130_fd_sc_hd__nand2_1)
     1    0.01    0.05    0.06    0.71 v _161_/Y (sky130_fd_sc_hd__nand2_1)
                                         net5 (net)
                  0.05    0.00    0.71 v output5/A (sky130_fd_sc_hd__buf_1)
     1    0.03    0.14    0.15    0.86 v output5/X (sky130_fd_sc_hd__buf_1)
                                         seg[4] (net)
                  0.14    0.00    0.86 v seg[4] (out)
                                  0.86   data arrival time

                          0.00    0.00   clock CLK100MHZ (rise edge)
                          0.00    0.00   clock network delay (propagated)
                          0.25    0.25   clock uncertainty
                          0.00    0.25   clock reconvergence pessimism
                         -2.00   -1.75   output external delay
                                 -1.75   data required time
-----------------------------------------------------------------------------
                                 -1.75   data required time
                                 -0.86   data arrival time
-----------------------------------------------------------------------------
                                  2.61   slack (MET)


Startpoint: _249_ (rising edge-triggered flip-flop clocked by CLK100MHZ)
Endpoint: seg[2] (output port clocked by CLK100MHZ)
Path Group: CLK100MHZ
Path Type: min
Corner: Fastest

Fanout     Cap    Slew   Delay    Time   Description
-----------------------------------------------------------------------------
                          0.00    0.00   clock CLK100MHZ (rise edge)
                          0.00    0.00   clock source latency
     1    0.02    0.07    0.05    0.05 ^ CLK100MHZ (in)
                                         CLK100MHZ (net)
                  0.07    0.00    0.05 ^ clkbuf_0_CLK100MHZ/A (sky130_fd_sc_hd__clkbuf_16)
     4    0.04    0.05    0.10    0.15 ^ clkbuf_0_CLK100MHZ/X (sky130_fd_sc_hd__clkbuf_16)
                                         clknet_0_CLK100MHZ (net)
                  0.05    0.00    0.15 ^ clkbuf_2_3__f_CLK100MHZ/A (sky130_fd_sc_hd__clkbuf_16)
     8    0.03    0.04    0.09    0.24 ^ clkbuf_2_3__f_CLK100MHZ/X (sky130_fd_sc_hd__clkbuf_16)
                                         clknet_2_3__leaf_CLK100MHZ (net)
                  0.04    0.00    0.25 ^ _249_/CLK (sky130_fd_sc_hd__dfrtp_4)
     6    0.05    0.08    0.33    0.57 v _249_/Q (sky130_fd_sc_hd__dfrtp_4)
                                         decoder.count[3] (net)
                  0.08    0.00    0.58 v _160_/A1 (sky130_fd_sc_hd__o21a_1)
     1    0.02    0.06    0.16    0.74 v _160_/X (sky130_fd_sc_hd__o21a_1)
                                         net3 (net)
                  0.06    0.00    0.74 v output3/A (sky130_fd_sc_hd__buf_1)
     1    0.03    0.14    0.15    0.89 v output3/X (sky130_fd_sc_hd__buf_1)
                                         seg[2] (net)
                  0.14    0.00    0.90 v seg[2] (out)
                                  0.90   data arrival time

                          0.00    0.00   clock CLK100MHZ (rise edge)
                          0.00    0.00   clock network delay (propagated)
                          0.25    0.25   clock uncertainty
                          0.00    0.25   clock reconvergence pessimism
                         -2.00   -1.75   output external delay
                                 -1.75   data required time
-----------------------------------------------------------------------------
                                 -1.75   data required time
                                 -0.90   data arrival time
-----------------------------------------------------------------------------
                                  2.65   slack (MET)


Startpoint: _249_ (rising edge-triggered flip-flop clocked by CLK100MHZ)
Endpoint: seg[3] (output port clocked by CLK100MHZ)
Path Group: CLK100MHZ
Path Type: min
Corner: Fastest

Fanout     Cap    Slew   Delay    Time   Description
-----------------------------------------------------------------------------
                          0.00    0.00   clock CLK100MHZ (rise edge)
                          0.00    0.00   clock source latency
     1    0.02    0.07    0.05    0.05 ^ CLK100MHZ (in)
                                         CLK100MHZ (net)
                  0.07    0.00    0.05 ^ clkbuf_0_CLK100MHZ/A (sky130_fd_sc_hd__clkbuf_16)
     4    0.04    0.05    0.10    0.15 ^ clkbuf_0_CLK100MHZ/X (sky130_fd_sc_hd__clkbuf_16)
                                         clknet_0_CLK100MHZ (net)
                  0.05    0.00    0.15 ^ clkbuf_2_3__f_CLK100MHZ/A (sky130_fd_sc_hd__clkbuf_16)
     8    0.03    0.04    0.09    0.24 ^ clkbuf_2_3__f_CLK100MHZ/X (sky130_fd_sc_hd__clkbuf_16)
                                         clknet_2_3__leaf_CLK100MHZ (net)
                  0.04    0.00    0.25 ^ _249_/CLK (sky130_fd_sc_hd__dfrtp_4)
     6    0.05    0.12    0.30    0.55 ^ _249_/Q (sky130_fd_sc_hd__dfrtp_4)
                                         decoder.count[3] (net)
                  0.12    0.00    0.55 ^ _158_/D1 (sky130_fd_sc_hd__a2111o_1)
     2    0.02    0.13    0.13    0.68 ^ _158_/X (sky130_fd_sc_hd__a2111o_1)
                                         net4 (net)
                  0.13    0.00    0.68 ^ output4/A (sky130_fd_sc_hd__buf_1)
     1    0.03    0.30    0.23    0.91 ^ output4/X (sky130_fd_sc_hd__buf_1)
                                         seg[3] (net)
                  0.30    0.00    0.91 ^ seg[3] (out)
                                  0.91   data arrival time

                          0.00    0.00   clock CLK100MHZ (rise edge)
                          0.00    0.00   clock network delay (propagated)
                          0.25    0.25   clock uncertainty
                          0.00    0.25   clock reconvergence pessimism
                         -2.00   -1.75   output external delay
                                 -1.75   data required time
-----------------------------------------------------------------------------
                                 -1.75   data required time
                                 -0.91   data arrival time
-----------------------------------------------------------------------------
                                  2.66   slack (MET)


Startpoint: _248_ (rising edge-triggered flip-flop clocked by CLK100MHZ)
Endpoint: seg[1] (output port clocked by CLK100MHZ)
Path Group: CLK100MHZ
Path Type: min
Corner: Fastest

Fanout     Cap    Slew   Delay    Time   Description
-----------------------------------------------------------------------------
                          0.00    0.00   clock CLK100MHZ (rise edge)
                          0.00    0.00   clock source latency
     1    0.02    0.07    0.05    0.05 ^ CLK100MHZ (in)
                                         CLK100MHZ (net)
                  0.07    0.00    0.05 ^ clkbuf_0_CLK100MHZ/A (sky130_fd_sc_hd__clkbuf_16)
     4    0.04    0.05    0.10    0.15 ^ clkbuf_0_CLK100MHZ/X (sky130_fd_sc_hd__clkbuf_16)
                                         clknet_0_CLK100MHZ (net)
                  0.05    0.00    0.15 ^ clkbuf_2_0__f_CLK100MHZ/A (sky130_fd_sc_hd__clkbuf_16)
     8    0.03    0.04    0.09    0.25 ^ clkbuf_2_0__f_CLK100MHZ/X (sky130_fd_sc_hd__clkbuf_16)
                                         clknet_2_0__leaf_CLK100MHZ (net)
                  0.04    0.00    0.25 ^ _248_/CLK (sky130_fd_sc_hd__dfrtp_4)
     6    0.04    0.10    0.29    0.54 ^ _248_/Q (sky130_fd_sc_hd__dfrtp_4)
                                         decoder.count[2] (net)
                  0.11    0.00    0.54 ^ _155_/B (sky130_fd_sc_hd__nor2_2)
     4    0.04    0.07    0.07    0.61 v _155_/Y (sky130_fd_sc_hd__nor2_2)
                                         _079_ (net)
                  0.07    0.00    0.62 v _159_/B (sky130_fd_sc_hd__nor2_1)
     1    0.01    0.08    0.09    0.71 ^ _159_/Y (sky130_fd_sc_hd__nor2_1)
                                         net2 (net)
                  0.08    0.00    0.71 ^ output2/A (sky130_fd_sc_hd__buf_1)
     1    0.03    0.30    0.23    0.94 ^ output2/X (sky130_fd_sc_hd__buf_1)
                                         seg[1] (net)
                  0.30    0.00    0.94 ^ seg[1] (out)
                                  0.94   data arrival time

                          0.00    0.00   clock CLK100MHZ (rise edge)
                          0.00    0.00   clock network delay (propagated)
                          0.25    0.25   clock uncertainty
                          0.00    0.25   clock reconvergence pessimism
                         -2.00   -1.75   output external delay
                                 -1.75   data required time
-----------------------------------------------------------------------------
                                 -1.75   data required time
                                 -0.94   data arrival time
-----------------------------------------------------------------------------
                                  2.69   slack (MET)


Startpoint: _249_ (rising edge-triggered flip-flop clocked by CLK100MHZ)
Endpoint: seg[0] (output port clocked by CLK100MHZ)
Path Group: CLK100MHZ
Path Type: min
Corner: Fastest

Fanout     Cap    Slew   Delay    Time   Description
-----------------------------------------------------------------------------
                          0.00    0.00   clock CLK100MHZ (rise edge)
                          0.00    0.00   clock source latency
     1    0.02    0.07    0.05    0.05 ^ CLK100MHZ (in)
                                         CLK100MHZ (net)
                  0.07    0.00    0.05 ^ clkbuf_0_CLK100MHZ/A (sky130_fd_sc_hd__clkbuf_16)
     4    0.04    0.05    0.10    0.15 ^ clkbuf_0_CLK100MHZ/X (sky130_fd_sc_hd__clkbuf_16)
                                         clknet_0_CLK100MHZ (net)
                  0.05    0.00    0.15 ^ clkbuf_2_3__f_CLK100MHZ/A (sky130_fd_sc_hd__clkbuf_16)
     8    0.03    0.04    0.09    0.24 ^ clkbuf_2_3__f_CLK100MHZ/X (sky130_fd_sc_hd__clkbuf_16)
                                         clknet_2_3__leaf_CLK100MHZ (net)
                  0.04    0.00    0.25 ^ _249_/CLK (sky130_fd_sc_hd__dfrtp_4)
     6    0.05    0.08    0.33    0.57 v _249_/Q (sky130_fd_sc_hd__dfrtp_4)
                                         decoder.count[3] (net)
                  0.08    0.00    0.58 v _158_/D1 (sky130_fd_sc_hd__a2111o_1)
     2    0.02    0.08    0.19    0.77 v _158_/X (sky130_fd_sc_hd__a2111o_1)
                                         net4 (net)
                  0.08    0.00    0.77 v _279_/A (sky130_fd_sc_hd__buf_1)
     1    0.01    0.05    0.10    0.87 v _279_/X (sky130_fd_sc_hd__buf_1)
                                         net1 (net)
                  0.05    0.00    0.87 v output1/A (sky130_fd_sc_hd__buf_1)
     1    0.03    0.14    0.15    1.02 v output1/X (sky130_fd_sc_hd__buf_1)
                                         seg[0] (net)
                  0.14    0.00    1.02 v seg[0] (out)
                                  1.02   data arrival time

                          0.00    0.00   clock CLK100MHZ (rise edge)
                          0.00    0.00   clock network delay (propagated)
                          0.25    0.25   clock uncertainty
                          0.00    0.25   clock reconvergence pessimism
                         -2.00   -1.75   output external delay
                                 -1.75   data required time
-----------------------------------------------------------------------------
                                 -1.75   data required time
                                 -1.02   data arrival time
-----------------------------------------------------------------------------
                                  2.77   slack (MET)


Startpoint: _249_ (rising edge-triggered flip-flop clocked by CLK100MHZ)
Endpoint: seg[5] (output port clocked by CLK100MHZ)
Path Group: CLK100MHZ
Path Type: min
Corner: Fastest

Fanout     Cap    Slew   Delay    Time   Description
-----------------------------------------------------------------------------
                          0.00    0.00   clock CLK100MHZ (rise edge)
                          0.00    0.00   clock source latency
     1    0.02    0.07    0.05    0.05 ^ CLK100MHZ (in)
                                         CLK100MHZ (net)
                  0.07    0.00    0.05 ^ clkbuf_0_CLK100MHZ/A (sky130_fd_sc_hd__clkbuf_16)
     4    0.04    0.05    0.10    0.15 ^ clkbuf_0_CLK100MHZ/X (sky130_fd_sc_hd__clkbuf_16)
                                         clknet_0_CLK100MHZ (net)
                  0.05    0.00    0.15 ^ clkbuf_2_3__f_CLK100MHZ/A (sky130_fd_sc_hd__clkbuf_16)
     8    0.03    0.04    0.09    0.24 ^ clkbuf_2_3__f_CLK100MHZ/X (sky130_fd_sc_hd__clkbuf_16)
                                         clknet_2_3__leaf_CLK100MHZ (net)
                  0.04    0.00    0.25 ^ _249_/CLK (sky130_fd_sc_hd__dfrtp_4)
     6    0.05    0.12    0.30    0.55 ^ _249_/Q (sky130_fd_sc_hd__dfrtp_4)
                                         decoder.count[3] (net)
                  0.12    0.00    0.55 ^ _162_/A (sky130_fd_sc_hd__or3_1)
     1    0.01    0.09    0.12    0.67 ^ _162_/X (sky130_fd_sc_hd__or3_1)
                                         _082_ (net)
                  0.09    0.00    0.67 ^ _163_/A (sky130_fd_sc_hd__clkbuf_1)
     1    0.02    0.14    0.13    0.80 ^ _163_/X (sky130_fd_sc_hd__clkbuf_1)
                                         net6 (net)
                  0.14    0.00    0.80 ^ output6/A (sky130_fd_sc_hd__buf_1)
     1    0.03    0.30    0.23    1.03 ^ output6/X (sky130_fd_sc_hd__buf_1)
                                         seg[5] (net)
                  0.30    0.00    1.03 ^ seg[5] (out)
                                  1.03   data arrival time

                          0.00    0.00   clock CLK100MHZ (rise edge)
                          0.00    0.00   clock network delay (propagated)
                          0.25    0.25   clock uncertainty
                          0.00    0.25   clock reconvergence pessimism
                         -2.00   -1.75   output external delay
                                 -1.75   data required time
-----------------------------------------------------------------------------
                                 -1.75   data required time
                                 -1.03   data arrival time
-----------------------------------------------------------------------------
                                  2.78   slack (MET)



worst slack corner Fastest: 0.0923
======================= Slowest Corner ===================================

Startpoint: _268_ (rising edge-triggered flip-flop clocked by CLK100MHZ)
Endpoint: _268_ (rising edge-triggered flip-flop clocked by CLK100MHZ)
Path Group: CLK100MHZ
Path Type: min
Corner: Slowest

Fanout     Cap    Slew   Delay    Time   Description
-----------------------------------------------------------------------------
                          0.00    0.00   clock CLK100MHZ (rise edge)
                          0.00    0.00   clock source latency
     1    0.02    0.15    0.10    0.10 ^ CLK100MHZ (in)
                                         CLK100MHZ (net)
                  0.15    0.00    0.10 ^ clkbuf_0_CLK100MHZ/A (sky130_fd_sc_hd__clkbuf_16)
     4    0.04    0.10    0.28    0.37 ^ clkbuf_0_CLK100MHZ/X (sky130_fd_sc_hd__clkbuf_16)
                                         clknet_0_CLK100MHZ (net)
                  0.10    0.00    0.37 ^ clkbuf_2_1__f_CLK100MHZ/A (sky130_fd_sc_hd__clkbuf_16)
     8    0.02    0.07    0.23    0.60 ^ clkbuf_2_1__f_CLK100MHZ/X (sky130_fd_sc_hd__clkbuf_16)
                                         clknet_2_1__leaf_CLK100MHZ (net)
                  0.07    0.00    0.60 ^ _268_/CLK (sky130_fd_sc_hd__dfrtp_2)
     3    0.03    0.25    0.80    1.41 ^ _268_/Q (sky130_fd_sc_hd__dfrtp_2)
                                         decoder.delay[18] (net)
                  0.25    0.00    1.41 ^ _211_/A (sky130_fd_sc_hd__xor2_1)
     1    0.00    0.07    0.19    1.60 v _211_/X (sky130_fd_sc_hd__xor2_1)
                                         _009_ (net)
                  0.07    0.00    1.60 v _268_/D (sky130_fd_sc_hd__dfrtp_2)
                                  1.60   data arrival time

                          0.00    0.00   clock CLK100MHZ (rise edge)
                          0.00    0.00   clock source latency
     1    0.02    0.15    0.11    0.11 ^ CLK100MHZ (in)
                                         CLK100MHZ (net)
                  0.15    0.00    0.11 ^ clkbuf_0_CLK100MHZ/A (sky130_fd_sc_hd__clkbuf_16)
     4    0.04    0.10    0.31    0.41 ^ clkbuf_0_CLK100MHZ/X (sky130_fd_sc_hd__clkbuf_16)
                                         clknet_0_CLK100MHZ (net)
                  0.10    0.00    0.41 ^ clkbuf_2_1__f_CLK100MHZ/A (sky130_fd_sc_hd__clkbuf_16)
     8    0.02    0.07    0.25    0.67 ^ clkbuf_2_1__f_CLK100MHZ/X (sky130_fd_sc_hd__clkbuf_16)
                                         clknet_2_1__leaf_CLK100MHZ (net)
                  0.07    0.00    0.67 ^ _268_/CLK (sky130_fd_sc_hd__dfrtp_2)
                          0.25    0.92   clock uncertainty
                         -0.06    0.85   clock reconvergence pessimism
                         -0.09    0.76   library hold time
                                  0.76   data required time
-----------------------------------------------------------------------------
                                  0.76   data required time
                                 -1.60   data arrival time
-----------------------------------------------------------------------------
                                  0.84   slack (MET)


Startpoint: _250_ (rising edge-triggered flip-flop clocked by CLK100MHZ)
Endpoint: _250_ (rising edge-triggered flip-flop clocked by CLK100MHZ)
Path Group: CLK100MHZ
Path Type: min
Corner: Slowest

Fanout     Cap    Slew   Delay    Time   Description
-----------------------------------------------------------------------------
                          0.00    0.00   clock CLK100MHZ (rise edge)
                          0.00    0.00   clock source latency
     1    0.02    0.15    0.10    0.10 ^ CLK100MHZ (in)
                                         CLK100MHZ (net)
                  0.15    0.00    0.10 ^ clkbuf_0_CLK100MHZ/A (sky130_fd_sc_hd__clkbuf_16)
     4    0.04    0.10    0.28    0.37 ^ clkbuf_0_CLK100MHZ/X (sky130_fd_sc_hd__clkbuf_16)
                                         clknet_0_CLK100MHZ (net)
                  0.10    0.00    0.38 ^ clkbuf_2_2__f_CLK100MHZ/A (sky130_fd_sc_hd__clkbuf_16)
     8    0.03    0.08    0.24    0.61 ^ clkbuf_2_2__f_CLK100MHZ/X (sky130_fd_sc_hd__clkbuf_16)
                                         clknet_2_2__leaf_CLK100MHZ (net)
                  0.08    0.00    0.62 ^ _250_/CLK (sky130_fd_sc_hd__dfrtp_2)
     5    0.04    0.35    0.88    1.50 ^ _250_/Q (sky130_fd_sc_hd__dfrtp_2)
                                         decoder.delay[0] (net)
                  0.35    0.00    1.50 ^ _165_/A (sky130_fd_sc_hd__inv_2)
     1    0.00    0.07    0.12    1.62 v _165_/Y (sky130_fd_sc_hd__inv_2)
                                         _000_ (net)
                  0.07    0.00    1.62 v _250_/D (sky130_fd_sc_hd__dfrtp_2)
                                  1.62   data arrival time

                          0.00    0.00   clock CLK100MHZ (rise edge)
                          0.00    0.00   clock source latency
     1    0.02    0.15    0.11    0.11 ^ CLK100MHZ (in)
                                         CLK100MHZ (net)
                  0.15    0.00    0.11 ^ clkbuf_0_CLK100MHZ/A (sky130_fd_sc_hd__clkbuf_16)
     4    0.04    0.10    0.31    0.41 ^ clkbuf_0_CLK100MHZ/X (sky130_fd_sc_hd__clkbuf_16)
                                         clknet_0_CLK100MHZ (net)
                  0.10    0.00    0.42 ^ clkbuf_2_2__f_CLK100MHZ/A (sky130_fd_sc_hd__clkbuf_16)
     8    0.03    0.08    0.26    0.68 ^ clkbuf_2_2__f_CLK100MHZ/X (sky130_fd_sc_hd__clkbuf_16)
                                         clknet_2_2__leaf_CLK100MHZ (net)
                  0.08    0.00    0.68 ^ _250_/CLK (sky130_fd_sc_hd__dfrtp_2)
                          0.25    0.93   clock uncertainty
                         -0.06    0.87   clock reconvergence pessimism
                         -0.09    0.78   library hold time
                                  0.78   data required time
-----------------------------------------------------------------------------
                                  0.78   data required time
                                 -1.62   data arrival time
-----------------------------------------------------------------------------
                                  0.84   slack (MET)


Startpoint: _266_ (rising edge-triggered flip-flop clocked by CLK100MHZ)
Endpoint: _266_ (rising edge-triggered flip-flop clocked by CLK100MHZ)
Path Group: CLK100MHZ
Path Type: min
Corner: Slowest

Fanout     Cap    Slew   Delay    Time   Description
-----------------------------------------------------------------------------
                          0.00    0.00   clock CLK100MHZ (rise edge)
                          0.00    0.00   clock source latency
     1    0.02    0.15    0.10    0.10 ^ CLK100MHZ (in)
                                         CLK100MHZ (net)
                  0.15    0.00    0.10 ^ clkbuf_0_CLK100MHZ/A (sky130_fd_sc_hd__clkbuf_16)
     4    0.04    0.10    0.28    0.37 ^ clkbuf_0_CLK100MHZ/X (sky130_fd_sc_hd__clkbuf_16)
                                         clknet_0_CLK100MHZ (net)
                  0.10    0.00    0.37 ^ clkbuf_2_0__f_CLK100MHZ/A (sky130_fd_sc_hd__clkbuf_16)
     8    0.03    0.08    0.24    0.61 ^ clkbuf_2_0__f_CLK100MHZ/X (sky130_fd_sc_hd__clkbuf_16)
                                         clknet_2_0__leaf_CLK100MHZ (net)
                  0.08    0.00    0.61 ^ _266_/CLK (sky130_fd_sc_hd__dfrtp_2)
     5    0.04    0.31    0.85    1.46 ^ _266_/Q (sky130_fd_sc_hd__dfrtp_2)
                                         decoder.delay[16] (net)
                  0.31    0.00    1.46 ^ _207_/A (sky130_fd_sc_hd__xor2_1)
     1    0.00    0.08    0.22    1.68 v _207_/X (sky130_fd_sc_hd__xor2_1)
                                         _007_ (net)
                  0.08    0.00    1.68 v _266_/D (sky130_fd_sc_hd__dfrtp_2)
                                  1.68   data arrival time

                          0.00    0.00   clock CLK100MHZ (rise edge)
                          0.00    0.00   clock source latency
     1    0.02    0.15    0.11    0.11 ^ CLK100MHZ (in)
                                         CLK100MHZ (net)
                  0.15    0.00    0.11 ^ clkbuf_0_CLK100MHZ/A (sky130_fd_sc_hd__clkbuf_16)
     4    0.04    0.10    0.31    0.41 ^ clkbuf_0_CLK100MHZ/X (sky130_fd_sc_hd__clkbuf_16)
                                         clknet_0_CLK100MHZ (net)
                  0.10    0.00    0.41 ^ clkbuf_2_0__f_CLK100MHZ/A (sky130_fd_sc_hd__clkbuf_16)
     8    0.03    0.08    0.26    0.68 ^ clkbuf_2_0__f_CLK100MHZ/X (sky130_fd_sc_hd__clkbuf_16)
                                         clknet_2_0__leaf_CLK100MHZ (net)
                  0.08    0.00    0.68 ^ _266_/CLK (sky130_fd_sc_hd__dfrtp_2)
                          0.25    0.93   clock uncertainty
                         -0.06    0.86   clock reconvergence pessimism
                         -0.09    0.77   library hold time
                                  0.77   data required time
-----------------------------------------------------------------------------
                                  0.77   data required time
                                 -1.68   data arrival time
-----------------------------------------------------------------------------
                                  0.91   slack (MET)


Startpoint: _262_ (rising edge-triggered flip-flop clocked by CLK100MHZ)
Endpoint: _262_ (rising edge-triggered flip-flop clocked by CLK100MHZ)
Path Group: CLK100MHZ
Path Type: min
Corner: Slowest

Fanout     Cap    Slew   Delay    Time   Description
-----------------------------------------------------------------------------
                          0.00    0.00   clock CLK100MHZ (rise edge)
                          0.00    0.00   clock source latency
     1    0.02    0.15    0.10    0.10 ^ CLK100MHZ (in)
                                         CLK100MHZ (net)
                  0.15    0.00    0.10 ^ clkbuf_0_CLK100MHZ/A (sky130_fd_sc_hd__clkbuf_16)
     4    0.04    0.10    0.28    0.37 ^ clkbuf_0_CLK100MHZ/X (sky130_fd_sc_hd__clkbuf_16)
                                         clknet_0_CLK100MHZ (net)
                  0.10    0.00    0.38 ^ clkbuf_2_2__f_CLK100MHZ/A (sky130_fd_sc_hd__clkbuf_16)
     8    0.03    0.08    0.24    0.61 ^ clkbuf_2_2__f_CLK100MHZ/X (sky130_fd_sc_hd__clkbuf_16)
                                         clknet_2_2__leaf_CLK100MHZ (net)
                  0.08    0.00    0.62 ^ _262_/CLK (sky130_fd_sc_hd__dfrtp_2)
     5    0.03    0.27    0.83    1.44 ^ _262_/Q (sky130_fd_sc_hd__dfrtp_2)
                                         decoder.delay[12] (net)
                  0.27    0.00    1.45 ^ _199_/A (sky130_fd_sc_hd__xnor2_1)
     1    0.01    0.13    0.24    1.69 v _199_/Y (sky130_fd_sc_hd__xnor2_1)
                                         _003_ (net)
                  0.13    0.00    1.69 v _262_/D (sky130_fd_sc_hd__dfrtp_2)
                                  1.69   data arrival time

                          0.00    0.00   clock CLK100MHZ (rise edge)
                          0.00    0.00   clock source latency
     1    0.02    0.15    0.11    0.11 ^ CLK100MHZ (in)
                                         CLK100MHZ (net)
                  0.15    0.00    0.11 ^ clkbuf_0_CLK100MHZ/A (sky130_fd_sc_hd__clkbuf_16)
     4    0.04    0.10    0.31    0.41 ^ clkbuf_0_CLK100MHZ/X (sky130_fd_sc_hd__clkbuf_16)
                                         clknet_0_CLK100MHZ (net)
                  0.10    0.00    0.42 ^ clkbuf_2_2__f_CLK100MHZ/A (sky130_fd_sc_hd__clkbuf_16)
     8    0.03    0.08    0.26    0.68 ^ clkbuf_2_2__f_CLK100MHZ/X (sky130_fd_sc_hd__clkbuf_16)
                                         clknet_2_2__leaf_CLK100MHZ (net)
                  0.08    0.00    0.68 ^ _262_/CLK (sky130_fd_sc_hd__dfrtp_2)
                          0.25    0.93   clock uncertainty
                         -0.06    0.87   clock reconvergence pessimism
                         -0.11    0.76   library hold time
                                  0.76   data required time
-----------------------------------------------------------------------------
                                  0.76   data required time
                                 -1.69   data arrival time
-----------------------------------------------------------------------------
                                  0.93   slack (MET)


Startpoint: _269_ (rising edge-triggered flip-flop clocked by CLK100MHZ)
Endpoint: _269_ (rising edge-triggered flip-flop clocked by CLK100MHZ)
Path Group: CLK100MHZ
Path Type: min
Corner: Slowest

Fanout     Cap    Slew   Delay    Time   Description
-----------------------------------------------------------------------------
                          0.00    0.00   clock CLK100MHZ (rise edge)
                          0.00    0.00   clock source latency
     1    0.02    0.15    0.10    0.10 ^ CLK100MHZ (in)
                                         CLK100MHZ (net)
                  0.15    0.00    0.10 ^ clkbuf_0_CLK100MHZ/A (sky130_fd_sc_hd__clkbuf_16)
     4    0.04    0.10    0.28    0.37 ^ clkbuf_0_CLK100MHZ/X (sky130_fd_sc_hd__clkbuf_16)
                                         clknet_0_CLK100MHZ (net)
                  0.10    0.00    0.38 ^ clkbuf_2_2__f_CLK100MHZ/A (sky130_fd_sc_hd__clkbuf_16)
     8    0.03    0.08    0.24    0.61 ^ clkbuf_2_2__f_CLK100MHZ/X (sky130_fd_sc_hd__clkbuf_16)
                                         clknet_2_2__leaf_CLK100MHZ (net)
                  0.08    0.00    0.62 ^ _269_/CLK (sky130_fd_sc_hd__dfrtp_1)
     2    0.02    0.23    0.74    1.35 ^ _269_/Q (sky130_fd_sc_hd__dfrtp_1)
                                         decoder.delay[19] (net)
                  0.23    0.00    1.35 ^ _213_/B2 (sky130_fd_sc_hd__o2bb2a_1)
     1    0.01    0.15    0.35    1.71 ^ _213_/X (sky130_fd_sc_hd__o2bb2a_1)
                                         _010_ (net)
                  0.15    0.00    1.71 ^ _269_/D (sky130_fd_sc_hd__dfrtp_1)
                                  1.71   data arrival time

                          0.00    0.00   clock CLK100MHZ (rise edge)
                          0.00    0.00   clock source latency
     1    0.02    0.15    0.11    0.11 ^ CLK100MHZ (in)
                                         CLK100MHZ (net)
                  0.15    0.00    0.11 ^ clkbuf_0_CLK100MHZ/A (sky130_fd_sc_hd__clkbuf_16)
     4    0.04    0.10    0.31    0.41 ^ clkbuf_0_CLK100MHZ/X (sky130_fd_sc_hd__clkbuf_16)
                                         clknet_0_CLK100MHZ (net)
                  0.10    0.00    0.42 ^ clkbuf_2_2__f_CLK100MHZ/A (sky130_fd_sc_hd__clkbuf_16)
     8    0.03    0.08    0.26    0.68 ^ clkbuf_2_2__f_CLK100MHZ/X (sky130_fd_sc_hd__clkbuf_16)
                                         clknet_2_2__leaf_CLK100MHZ (net)
                  0.08    0.00    0.68 ^ _269_/CLK (sky130_fd_sc_hd__dfrtp_1)
                          0.25    0.93   clock uncertainty
                         -0.06    0.87   clock reconvergence pessimism
                         -0.09    0.77   library hold time
                                  0.77   data required time
-----------------------------------------------------------------------------
                                  0.77   data required time
                                 -1.71   data arrival time
-----------------------------------------------------------------------------
                                  0.94   slack (MET)


Startpoint: BTNC (input port clocked by CLK100MHZ)
Endpoint: _267_ (removal check against rising-edge clock CLK100MHZ)
Path Group: asynchronous
Path Type: min
Corner: Slowest

Fanout     Cap    Slew   Delay    Time   Description
-----------------------------------------------------------------------------
                          0.00    0.00   clock CLK100MHZ (rise edge)
                          0.00    0.00   clock network delay (propagated)
                          2.00    2.00 v input external delay
     2    0.02    0.10    0.07    2.07 v BTNC (in)
                                         BTNC (net)
                  0.10    0.00    2.07 v _214_/A (sky130_fd_sc_hd__buf_4)
    10    0.07    0.18    0.36    2.43 v _214_/X (sky130_fd_sc_hd__buf_4)
                                         _112_ (net)
                  0.18    0.00    2.43 v _238_/A (sky130_fd_sc_hd__inv_2)
     1    0.00    0.06    0.11    2.54 ^ _238_/Y (sky130_fd_sc_hd__inv_2)
                                         _046_ (net)
                  0.06    0.00    2.54 ^ _267_/RESET_B (sky130_fd_sc_hd__dfrtp_1)
                                  2.54   data arrival time

                          0.00    0.00   clock CLK100MHZ (rise edge)
                          0.00    0.00   clock source latency
     1    0.02    0.15    0.11    0.11 ^ CLK100MHZ (in)
                                         CLK100MHZ (net)
                  0.15    0.00    0.11 ^ clkbuf_0_CLK100MHZ/A (sky130_fd_sc_hd__clkbuf_16)
     4    0.04    0.10    0.31    0.41 ^ clkbuf_0_CLK100MHZ/X (sky130_fd_sc_hd__clkbuf_16)
                                         clknet_0_CLK100MHZ (net)
                  0.10    0.00    0.41 ^ clkbuf_2_3__f_CLK100MHZ/A (sky130_fd_sc_hd__clkbuf_16)
     8    0.03    0.08    0.26    0.67 ^ clkbuf_2_3__f_CLK100MHZ/X (sky130_fd_sc_hd__clkbuf_16)
                                         clknet_2_3__leaf_CLK100MHZ (net)
                  0.08    0.00    0.68 ^ _267_/CLK (sky130_fd_sc_hd__dfrtp_1)
                          0.25    0.93   clock uncertainty
                          0.00    0.93   clock reconvergence pessimism
                          0.66    1.58   library removal time
                                  1.58   data required time
-----------------------------------------------------------------------------
                                  1.58   data required time
                                 -2.54   data arrival time
-----------------------------------------------------------------------------
                                  0.96   slack (MET)


Startpoint: BTNC (input port clocked by CLK100MHZ)
Endpoint: _272_ (removal check against rising-edge clock CLK100MHZ)
Path Group: asynchronous
Path Type: min
Corner: Slowest

Fanout     Cap    Slew   Delay    Time   Description
-----------------------------------------------------------------------------
                          0.00    0.00   clock CLK100MHZ (rise edge)
                          0.00    0.00   clock network delay (propagated)
                          2.00    2.00 v input external delay
     2    0.02    0.10    0.07    2.07 v BTNC (in)
                                         BTNC (net)
                  0.10    0.00    2.07 v _214_/A (sky130_fd_sc_hd__buf_4)
    10    0.07    0.18    0.36    2.43 v _214_/X (sky130_fd_sc_hd__buf_4)
                                         _112_ (net)
                  0.18    0.01    2.43 v _243_/A (sky130_fd_sc_hd__inv_2)
     1    0.00    0.07    0.11    2.54 ^ _243_/Y (sky130_fd_sc_hd__inv_2)
                                         _051_ (net)
                  0.07    0.00    2.54 ^ _272_/RESET_B (sky130_fd_sc_hd__dfrtp_1)
                                  2.54   data arrival time

                          0.00    0.00   clock CLK100MHZ (rise edge)
                          0.00    0.00   clock source latency
     1    0.02    0.15    0.11    0.11 ^ CLK100MHZ (in)
                                         CLK100MHZ (net)
                  0.15    0.00    0.11 ^ clkbuf_0_CLK100MHZ/A (sky130_fd_sc_hd__clkbuf_16)
     4    0.04    0.10    0.31    0.41 ^ clkbuf_0_CLK100MHZ/X (sky130_fd_sc_hd__clkbuf_16)
                                         clknet_0_CLK100MHZ (net)
                  0.10    0.00    0.41 ^ clkbuf_2_1__f_CLK100MHZ/A (sky130_fd_sc_hd__clkbuf_16)
     8    0.02    0.07    0.25    0.67 ^ clkbuf_2_1__f_CLK100MHZ/X (sky130_fd_sc_hd__clkbuf_16)
                                         clknet_2_1__leaf_CLK100MHZ (net)
                  0.07    0.00    0.67 ^ _272_/CLK (sky130_fd_sc_hd__dfrtp_1)
                          0.25    0.92   clock uncertainty
                          0.00    0.92   clock reconvergence pessimism
                          0.66    1.57   library removal time
                                  1.57   data required time
-----------------------------------------------------------------------------
                                  1.57   data required time
                                 -2.54   data arrival time
-----------------------------------------------------------------------------
                                  0.97   slack (MET)


Startpoint: _274_ (rising edge-triggered flip-flop clocked by CLK100MHZ)
Endpoint: _274_ (rising edge-triggered flip-flop clocked by CLK100MHZ)
Path Group: CLK100MHZ
Path Type: min
Corner: Slowest

Fanout     Cap    Slew   Delay    Time   Description
-----------------------------------------------------------------------------
                          0.00    0.00   clock CLK100MHZ (rise edge)
                          0.00    0.00   clock source latency
     1    0.02    0.15    0.10    0.10 ^ CLK100MHZ (in)
                                         CLK100MHZ (net)
                  0.15    0.00    0.10 ^ clkbuf_0_CLK100MHZ/A (sky130_fd_sc_hd__clkbuf_16)
     4    0.04    0.10    0.28    0.37 ^ clkbuf_0_CLK100MHZ/X (sky130_fd_sc_hd__clkbuf_16)
                                         clknet_0_CLK100MHZ (net)
                  0.10    0.00    0.37 ^ clkbuf_2_3__f_CLK100MHZ/A (sky130_fd_sc_hd__clkbuf_16)
     8    0.03    0.08    0.24    0.61 ^ clkbuf_2_3__f_CLK100MHZ/X (sky130_fd_sc_hd__clkbuf_16)
                                         clknet_2_3__leaf_CLK100MHZ (net)
                  0.08    0.00    0.61 ^ _274_/CLK (sky130_fd_sc_hd__dfrtp_2)
     5    0.03    0.27    0.82    1.43 ^ _274_/Q (sky130_fd_sc_hd__dfrtp_2)
                                         decoder.delay[24] (net)
                  0.27    0.00    1.43 ^ _154_/A (sky130_fd_sc_hd__xnor2_1)
     1    0.01    0.17    0.28    1.71 v _154_/Y (sky130_fd_sc_hd__xnor2_1)
                                         _016_ (net)
                  0.17    0.00    1.71 v _274_/D (sky130_fd_sc_hd__dfrtp_2)
                                  1.71   data arrival time

                          0.00    0.00   clock CLK100MHZ (rise edge)
                          0.00    0.00   clock source latency
     1    0.02    0.15    0.11    0.11 ^ CLK100MHZ (in)
                                         CLK100MHZ (net)
                  0.15    0.00    0.11 ^ clkbuf_0_CLK100MHZ/A (sky130_fd_sc_hd__clkbuf_16)
     4    0.04    0.10    0.31    0.41 ^ clkbuf_0_CLK100MHZ/X (sky130_fd_sc_hd__clkbuf_16)
                                         clknet_0_CLK100MHZ (net)
                  0.10    0.00    0.41 ^ clkbuf_2_3__f_CLK100MHZ/A (sky130_fd_sc_hd__clkbuf_16)
     8    0.03    0.08    0.26    0.67 ^ clkbuf_2_3__f_CLK100MHZ/X (sky130_fd_sc_hd__clkbuf_16)
                                         clknet_2_3__leaf_CLK100MHZ (net)
                  0.08    0.00    0.68 ^ _274_/CLK (sky130_fd_sc_hd__dfrtp_2)
                          0.25    0.93   clock uncertainty
                         -0.06    0.86   clock reconvergence pessimism
                         -0.13    0.74   library hold time
                                  0.74   data required time
-----------------------------------------------------------------------------
                                  0.74   data required time
                                 -1.71   data arrival time
-----------------------------------------------------------------------------
                                  0.98   slack (MET)


Startpoint: BTNC (input port clocked by CLK100MHZ)
Endpoint: _270_ (removal check against rising-edge clock CLK100MHZ)
Path Group: asynchronous
Path Type: min
Corner: Slowest

Fanout     Cap    Slew   Delay    Time   Description
-----------------------------------------------------------------------------
                          0.00    0.00   clock CLK100MHZ (rise edge)
                          0.00    0.00   clock network delay (propagated)
                          2.00    2.00 v input external delay
     2    0.02    0.10    0.07    2.07 v BTNC (in)
                                         BTNC (net)
                  0.10    0.00    2.07 v _214_/A (sky130_fd_sc_hd__buf_4)
    10    0.07    0.18    0.36    2.43 v _214_/X (sky130_fd_sc_hd__buf_4)
                                         _112_ (net)
                  0.18    0.00    2.43 v _241_/A (sky130_fd_sc_hd__inv_2)
     1    0.01    0.10    0.14    2.57 ^ _241_/Y (sky130_fd_sc_hd__inv_2)
                                         _049_ (net)
                  0.10    0.00    2.58 ^ _270_/RESET_B (sky130_fd_sc_hd__dfrtp_1)
                                  2.58   data arrival time

                          0.00    0.00   clock CLK100MHZ (rise edge)
                          0.00    0.00   clock source latency
     1    0.02    0.15    0.11    0.11 ^ CLK100MHZ (in)
                                         CLK100MHZ (net)
                  0.15    0.00    0.11 ^ clkbuf_0_CLK100MHZ/A (sky130_fd_sc_hd__clkbuf_16)
     4    0.04    0.10    0.31    0.41 ^ clkbuf_0_CLK100MHZ/X (sky130_fd_sc_hd__clkbuf_16)
                                         clknet_0_CLK100MHZ (net)
                  0.10    0.00    0.41 ^ clkbuf_2_0__f_CLK100MHZ/A (sky130_fd_sc_hd__clkbuf_16)
     8    0.03    0.08    0.26    0.68 ^ clkbuf_2_0__f_CLK100MHZ/X (sky130_fd_sc_hd__clkbuf_16)
                                         clknet_2_0__leaf_CLK100MHZ (net)
                  0.08    0.00    0.68 ^ _270_/CLK (sky130_fd_sc_hd__dfrtp_1)
                          0.25    0.93   clock uncertainty
                          0.00    0.93   clock reconvergence pessimism
                          0.67    1.60   library removal time
                                  1.60   data required time
-----------------------------------------------------------------------------
                                  1.60   data required time
                                 -2.58   data arrival time
-----------------------------------------------------------------------------
                                  0.98   slack (MET)


Startpoint: BTNC (input port clocked by CLK100MHZ)
Endpoint: _268_ (removal check against rising-edge clock CLK100MHZ)
Path Group: asynchronous
Path Type: min
Corner: Slowest

Fanout     Cap    Slew   Delay    Time   Description
-----------------------------------------------------------------------------
                          0.00    0.00   clock CLK100MHZ (rise edge)
                          0.00    0.00   clock network delay (propagated)
                          2.00    2.00 v input external delay
     2    0.02    0.10    0.07    2.07 v BTNC (in)
                                         BTNC (net)
                  0.10    0.00    2.07 v _214_/A (sky130_fd_sc_hd__buf_4)
    10    0.07    0.18    0.36    2.43 v _214_/X (sky130_fd_sc_hd__buf_4)
                                         _112_ (net)
                  0.18    0.01    2.43 v _239_/A (sky130_fd_sc_hd__inv_2)
     1    0.01    0.08    0.12    2.56 ^ _239_/Y (sky130_fd_sc_hd__inv_2)
                                         _047_ (net)
                  0.08    0.00    2.56 ^ _268_/RESET_B (sky130_fd_sc_hd__dfrtp_2)
                                  2.56   data arrival time

                          0.00    0.00   clock CLK100MHZ (rise edge)
                          0.00    0.00   clock source latency
     1    0.02    0.15    0.11    0.11 ^ CLK100MHZ (in)
                                         CLK100MHZ (net)
                  0.15    0.00    0.11 ^ clkbuf_0_CLK100MHZ/A (sky130_fd_sc_hd__clkbuf_16)
     4    0.04    0.10    0.31    0.41 ^ clkbuf_0_CLK100MHZ/X (sky130_fd_sc_hd__clkbuf_16)
                                         clknet_0_CLK100MHZ (net)
                  0.10    0.00    0.41 ^ clkbuf_2_1__f_CLK100MHZ/A (sky130_fd_sc_hd__clkbuf_16)
     8    0.02    0.07    0.25    0.67 ^ clkbuf_2_1__f_CLK100MHZ/X (sky130_fd_sc_hd__clkbuf_16)
                                         clknet_2_1__leaf_CLK100MHZ (net)
                  0.07    0.00    0.67 ^ _268_/CLK (sky130_fd_sc_hd__dfrtp_2)
                          0.25    0.92   clock uncertainty
                          0.00    0.92   clock reconvergence pessimism
                          0.66    1.58   library removal time
                                  1.58   data required time
-----------------------------------------------------------------------------
                                  1.58   data required time
                                 -2.56   data arrival time
-----------------------------------------------------------------------------
                                  0.98   slack (MET)


Startpoint: BTNC (input port clocked by CLK100MHZ)
Endpoint: _274_ (removal check against rising-edge clock CLK100MHZ)
Path Group: asynchronous
Path Type: min
Corner: Slowest

Fanout     Cap    Slew   Delay    Time   Description
-----------------------------------------------------------------------------
                          0.00    0.00   clock CLK100MHZ (rise edge)
                          0.00    0.00   clock network delay (propagated)
                          2.00    2.00 v input external delay
     2    0.02    0.10    0.07    2.07 v BTNC (in)
                                         BTNC (net)
                  0.10    0.00    2.07 v _214_/A (sky130_fd_sc_hd__buf_4)
    10    0.07    0.18    0.36    2.43 v _214_/X (sky130_fd_sc_hd__buf_4)
                                         _112_ (net)
                  0.18    0.01    2.43 v _245_/A (sky130_fd_sc_hd__inv_2)
     1    0.01    0.10    0.15    2.58 ^ _245_/Y (sky130_fd_sc_hd__inv_2)
                                         _053_ (net)
                  0.10    0.00    2.58 ^ _274_/RESET_B (sky130_fd_sc_hd__dfrtp_2)
                                  2.58   data arrival time

                          0.00    0.00   clock CLK100MHZ (rise edge)
                          0.00    0.00   clock source latency
     1    0.02    0.15    0.11    0.11 ^ CLK100MHZ (in)
                                         CLK100MHZ (net)
                  0.15    0.00    0.11 ^ clkbuf_0_CLK100MHZ/A (sky130_fd_sc_hd__clkbuf_16)
     4    0.04    0.10    0.31    0.41 ^ clkbuf_0_CLK100MHZ/X (sky130_fd_sc_hd__clkbuf_16)
                                         clknet_0_CLK100MHZ (net)
                  0.10    0.00    0.41 ^ clkbuf_2_3__f_CLK100MHZ/A (sky130_fd_sc_hd__clkbuf_16)
     8    0.03    0.08    0.26    0.67 ^ clkbuf_2_3__f_CLK100MHZ/X (sky130_fd_sc_hd__clkbuf_16)
                                         clknet_2_3__leaf_CLK100MHZ (net)
                  0.08    0.00    0.68 ^ _274_/CLK (sky130_fd_sc_hd__dfrtp_2)
                          0.25    0.93   clock uncertainty
                          0.00    0.93   clock reconvergence pessimism
                          0.67    1.60   library removal time
                                  1.60   data required time
-----------------------------------------------------------------------------
                                  1.60   data required time
                                 -2.58   data arrival time
-----------------------------------------------------------------------------
                                  0.99   slack (MET)


Startpoint: _256_ (rising edge-triggered flip-flop clocked by CLK100MHZ)
Endpoint: _256_ (rising edge-triggered flip-flop clocked by CLK100MHZ)
Path Group: CLK100MHZ
Path Type: min
Corner: Slowest

Fanout     Cap    Slew   Delay    Time   Description
-----------------------------------------------------------------------------
                          0.00    0.00   clock CLK100MHZ (rise edge)
                          0.00    0.00   clock source latency
     1    0.02    0.15    0.10    0.10 ^ CLK100MHZ (in)
                                         CLK100MHZ (net)
                  0.15    0.00    0.10 ^ clkbuf_0_CLK100MHZ/A (sky130_fd_sc_hd__clkbuf_16)
     4    0.04    0.10    0.28    0.37 ^ clkbuf_0_CLK100MHZ/X (sky130_fd_sc_hd__clkbuf_16)
                                         clknet_0_CLK100MHZ (net)
                  0.10    0.00    0.37 ^ clkbuf_2_0__f_CLK100MHZ/A (sky130_fd_sc_hd__clkbuf_16)
     8    0.03    0.08    0.24    0.61 ^ clkbuf_2_0__f_CLK100MHZ/X (sky130_fd_sc_hd__clkbuf_16)
                                         clknet_2_0__leaf_CLK100MHZ (net)
                  0.08    0.00    0.61 ^ _256_/CLK (sky130_fd_sc_hd__dfrtp_4)
     4    0.04    0.25    0.92    1.53 ^ _256_/Q (sky130_fd_sc_hd__dfrtp_4)
                                         decoder.delay[6] (net)
                  0.25    0.00    1.53 ^ _180_/A (sky130_fd_sc_hd__xor2_1)
     1    0.01    0.09    0.22    1.75 v _180_/X (sky130_fd_sc_hd__xor2_1)
                                         _021_ (net)
                  0.09    0.00    1.75 v _256_/D (sky130_fd_sc_hd__dfrtp_4)
                                  1.75   data arrival time

                          0.00    0.00   clock CLK100MHZ (rise edge)
                          0.00    0.00   clock source latency
     1    0.02    0.15    0.11    0.11 ^ CLK100MHZ (in)
                                         CLK100MHZ (net)
                  0.15    0.00    0.11 ^ clkbuf_0_CLK100MHZ/A (sky130_fd_sc_hd__clkbuf_16)
     4    0.04    0.10    0.31    0.41 ^ clkbuf_0_CLK100MHZ/X (sky130_fd_sc_hd__clkbuf_16)
                                         clknet_0_CLK100MHZ (net)
                  0.10    0.00    0.41 ^ clkbuf_2_0__f_CLK100MHZ/A (sky130_fd_sc_hd__clkbuf_16)
     8    0.03    0.08    0.26    0.68 ^ clkbuf_2_0__f_CLK100MHZ/X (sky130_fd_sc_hd__clkbuf_16)
                                         clknet_2_0__leaf_CLK100MHZ (net)
                  0.08    0.00    0.68 ^ _256_/CLK (sky130_fd_sc_hd__dfrtp_4)
                          0.25    0.93   clock uncertainty
                         -0.06    0.86   clock reconvergence pessimism
                         -0.10    0.77   library hold time
                                  0.77   data required time
-----------------------------------------------------------------------------
                                  0.77   data required time
                                 -1.75   data arrival time
-----------------------------------------------------------------------------
                                  0.99   slack (MET)


Startpoint: BTNC (input port clocked by CLK100MHZ)
Endpoint: _271_ (removal check against rising-edge clock CLK100MHZ)
Path Group: asynchronous
Path Type: min
Corner: Slowest

Fanout     Cap    Slew   Delay    Time   Description
-----------------------------------------------------------------------------
                          0.00    0.00   clock CLK100MHZ (rise edge)
                          0.00    0.00   clock network delay (propagated)
                          2.00    2.00 v input external delay
     2    0.02    0.10    0.07    2.07 v BTNC (in)
                                         BTNC (net)
                  0.10    0.00    2.07 v _214_/A (sky130_fd_sc_hd__buf_4)
    10    0.07    0.18    0.36    2.43 v _214_/X (sky130_fd_sc_hd__buf_4)
                                         _112_ (net)
                  0.18    0.01    2.43 v _242_/A (sky130_fd_sc_hd__inv_2)
     1    0.01    0.11    0.16    2.59 ^ _242_/Y (sky130_fd_sc_hd__inv_2)
                                         _050_ (net)
                  0.11    0.00    2.59 ^ _271_/RESET_B (sky130_fd_sc_hd__dfrtp_1)
                                  2.59   data arrival time

                          0.00    0.00   clock CLK100MHZ (rise edge)
                          0.00    0.00   clock source latency
     1    0.02    0.15    0.11    0.11 ^ CLK100MHZ (in)
                                         CLK100MHZ (net)
                  0.15    0.00    0.11 ^ clkbuf_0_CLK100MHZ/A (sky130_fd_sc_hd__clkbuf_16)
     4    0.04    0.10    0.31    0.41 ^ clkbuf_0_CLK100MHZ/X (sky130_fd_sc_hd__clkbuf_16)
                                         clknet_0_CLK100MHZ (net)
                  0.10    0.00    0.41 ^ clkbuf_2_0__f_CLK100MHZ/A (sky130_fd_sc_hd__clkbuf_16)
     8    0.03    0.08    0.26    0.68 ^ clkbuf_2_0__f_CLK100MHZ/X (sky130_fd_sc_hd__clkbuf_16)
                                         clknet_2_0__leaf_CLK100MHZ (net)
                  0.08    0.00    0.68 ^ _271_/CLK (sky130_fd_sc_hd__dfrtp_1)
                          0.25    0.93   clock uncertainty
                          0.00    0.93   clock reconvergence pessimism
                          0.67    1.60   library removal time
                                  1.60   data required time
-----------------------------------------------------------------------------
                                  1.60   data required time
                                 -2.59   data arrival time
-----------------------------------------------------------------------------
                                  0.99   slack (MET)


Startpoint: _259_ (rising edge-triggered flip-flop clocked by CLK100MHZ)
Endpoint: _259_ (rising edge-triggered flip-flop clocked by CLK100MHZ)
Path Group: CLK100MHZ
Path Type: min
Corner: Slowest

Fanout     Cap    Slew   Delay    Time   Description
-----------------------------------------------------------------------------
                          0.00    0.00   clock CLK100MHZ (rise edge)
                          0.00    0.00   clock source latency
     1    0.02    0.15    0.10    0.10 ^ CLK100MHZ (in)
                                         CLK100MHZ (net)
                  0.15    0.00    0.10 ^ clkbuf_0_CLK100MHZ/A (sky130_fd_sc_hd__clkbuf_16)
     4    0.04    0.10    0.28    0.37 ^ clkbuf_0_CLK100MHZ/X (sky130_fd_sc_hd__clkbuf_16)
                                         clknet_0_CLK100MHZ (net)
                  0.10    0.00    0.37 ^ clkbuf_2_1__f_CLK100MHZ/A (sky130_fd_sc_hd__clkbuf_16)
     8    0.02    0.07    0.23    0.60 ^ clkbuf_2_1__f_CLK100MHZ/X (sky130_fd_sc_hd__clkbuf_16)
                                         clknet_2_1__leaf_CLK100MHZ (net)
                  0.07    0.00    0.60 ^ _259_/CLK (sky130_fd_sc_hd__dfrtp_2)
     4    0.04    0.30    0.84    1.45 ^ _259_/Q (sky130_fd_sc_hd__dfrtp_2)
                                         decoder.delay[9] (net)
                  0.30    0.00    1.45 ^ _191_/A (sky130_fd_sc_hd__xnor2_1)
     1    0.01    0.16    0.28    1.73 v _191_/Y (sky130_fd_sc_hd__xnor2_1)
                                         _024_ (net)
                  0.16    0.00    1.73 v _259_/D (sky130_fd_sc_hd__dfrtp_2)
                                  1.73   data arrival time

                          0.00    0.00   clock CLK100MHZ (rise edge)
                          0.00    0.00   clock source latency
     1    0.02    0.15    0.11    0.11 ^ CLK100MHZ (in)
                                         CLK100MHZ (net)
                  0.15    0.00    0.11 ^ clkbuf_0_CLK100MHZ/A (sky130_fd_sc_hd__clkbuf_16)
     4    0.04    0.10    0.31    0.41 ^ clkbuf_0_CLK100MHZ/X (sky130_fd_sc_hd__clkbuf_16)
                                         clknet_0_CLK100MHZ (net)
                  0.10    0.00    0.41 ^ clkbuf_2_1__f_CLK100MHZ/A (sky130_fd_sc_hd__clkbuf_16)
     8    0.02    0.07    0.25    0.67 ^ clkbuf_2_1__f_CLK100MHZ/X (sky130_fd_sc_hd__clkbuf_16)
                                         clknet_2_1__leaf_CLK100MHZ (net)
                  0.07    0.00    0.67 ^ _259_/CLK (sky130_fd_sc_hd__dfrtp_2)
                          0.25    0.92   clock uncertainty
                         -0.06    0.85   clock reconvergence pessimism
                         -0.12    0.73   library hold time
                                  0.73   data required time
-----------------------------------------------------------------------------
                                  0.73   data required time
                                 -1.73   data arrival time
-----------------------------------------------------------------------------
                                  0.99   slack (MET)


Startpoint: BTNC (input port clocked by CLK100MHZ)
Endpoint: _273_ (removal check against rising-edge clock CLK100MHZ)
Path Group: asynchronous
Path Type: min
Corner: Slowest

Fanout     Cap    Slew   Delay    Time   Description
-----------------------------------------------------------------------------
                          0.00    0.00   clock CLK100MHZ (rise edge)
                          0.00    0.00   clock network delay (propagated)
                          2.00    2.00 v input external delay
     2    0.02    0.10    0.07    2.07 v BTNC (in)
                                         BTNC (net)
                  0.10    0.00    2.07 v _214_/A (sky130_fd_sc_hd__buf_4)
    10    0.07    0.18    0.36    2.43 v _214_/X (sky130_fd_sc_hd__buf_4)
                                         _112_ (net)
                  0.18    0.01    2.43 v _244_/A (sky130_fd_sc_hd__inv_2)
     1    0.01    0.12    0.16    2.60 ^ _244_/Y (sky130_fd_sc_hd__inv_2)
                                         _052_ (net)
                  0.12    0.00    2.60 ^ _273_/RESET_B (sky130_fd_sc_hd__dfrtp_1)
                                  2.60   data arrival time

                          0.00    0.00   clock CLK100MHZ (rise edge)
                          0.00    0.00   clock source latency
     1    0.02    0.15    0.11    0.11 ^ CLK100MHZ (in)
                                         CLK100MHZ (net)
                  0.15    0.00    0.11 ^ clkbuf_0_CLK100MHZ/A (sky130_fd_sc_hd__clkbuf_16)
     4    0.04    0.10    0.31    0.41 ^ clkbuf_0_CLK100MHZ/X (sky130_fd_sc_hd__clkbuf_16)
                                         clknet_0_CLK100MHZ (net)
                  0.10    0.00    0.41 ^ clkbuf_2_3__f_CLK100MHZ/A (sky130_fd_sc_hd__clkbuf_16)
     8    0.03    0.08    0.26    0.67 ^ clkbuf_2_3__f_CLK100MHZ/X (sky130_fd_sc_hd__clkbuf_16)
                                         clknet_2_3__leaf_CLK100MHZ (net)
                  0.08    0.00    0.68 ^ _273_/CLK (sky130_fd_sc_hd__dfrtp_1)
                          0.25    0.93   clock uncertainty
                          0.00    0.93   clock reconvergence pessimism
                          0.68    1.60   library removal time
                                  1.60   data required time
-----------------------------------------------------------------------------
                                  1.60   data required time
                                 -2.60   data arrival time
-----------------------------------------------------------------------------
                                  1.00   slack (MET)


Startpoint: BTNC (input port clocked by CLK100MHZ)
Endpoint: _256_ (removal check against rising-edge clock CLK100MHZ)
Path Group: asynchronous
Path Type: min
Corner: Slowest

Fanout     Cap    Slew   Delay    Time   Description
-----------------------------------------------------------------------------
                          0.00    0.00   clock CLK100MHZ (rise edge)
                          0.00    0.00   clock network delay (propagated)
                          2.00    2.00 v input external delay
     2    0.02    0.10    0.07    2.07 v BTNC (in)
                                         BTNC (net)
                  0.10    0.00    2.07 v _226_/A (sky130_fd_sc_hd__buf_4)
    10    0.09    0.21    0.38    2.45 v _226_/X (sky130_fd_sc_hd__buf_4)
                                         _114_ (net)
                  0.21    0.00    2.45 v _227_/A (sky130_fd_sc_hd__inv_2)
     1    0.01    0.09    0.14    2.59 ^ _227_/Y (sky130_fd_sc_hd__inv_2)
                                         _035_ (net)
                  0.09    0.00    2.59 ^ _256_/RESET_B (sky130_fd_sc_hd__dfrtp_4)
                                  2.59   data arrival time

                          0.00    0.00   clock CLK100MHZ (rise edge)
                          0.00    0.00   clock source latency
     1    0.02    0.15    0.11    0.11 ^ CLK100MHZ (in)
                                         CLK100MHZ (net)
                  0.15    0.00    0.11 ^ clkbuf_0_CLK100MHZ/A (sky130_fd_sc_hd__clkbuf_16)
     4    0.04    0.10    0.31    0.41 ^ clkbuf_0_CLK100MHZ/X (sky130_fd_sc_hd__clkbuf_16)
                                         clknet_0_CLK100MHZ (net)
                  0.10    0.00    0.41 ^ clkbuf_2_0__f_CLK100MHZ/A (sky130_fd_sc_hd__clkbuf_16)
     8    0.03    0.08    0.26    0.68 ^ clkbuf_2_0__f_CLK100MHZ/X (sky130_fd_sc_hd__clkbuf_16)
                                         clknet_2_0__leaf_CLK100MHZ (net)
                  0.08    0.00    0.68 ^ _256_/CLK (sky130_fd_sc_hd__dfrtp_4)
                          0.25    0.93   clock uncertainty
                          0.00    0.93   clock reconvergence pessimism
                          0.67    1.59   library removal time
                                  1.59   data required time
-----------------------------------------------------------------------------
                                  1.59   data required time
                                 -2.59   data arrival time
-----------------------------------------------------------------------------
                                  1.00   slack (MET)


Startpoint: BTNC (input port clocked by CLK100MHZ)
Endpoint: _261_ (removal check against rising-edge clock CLK100MHZ)
Path Group: asynchronous
Path Type: min
Corner: Slowest

Fanout     Cap    Slew   Delay    Time   Description
-----------------------------------------------------------------------------
                          0.00    0.00   clock CLK100MHZ (rise edge)
                          0.00    0.00   clock network delay (propagated)
                          2.00    2.00 v input external delay
     2    0.02    0.10    0.07    2.07 v BTNC (in)
                                         BTNC (net)
                  0.10    0.00    2.07 v _226_/A (sky130_fd_sc_hd__buf_4)
    10    0.09    0.21    0.38    2.45 v _226_/X (sky130_fd_sc_hd__buf_4)
                                         _114_ (net)
                  0.21    0.01    2.46 v _232_/A (sky130_fd_sc_hd__inv_2)
     1    0.01    0.09    0.14    2.60 ^ _232_/Y (sky130_fd_sc_hd__inv_2)
                                         _040_ (net)
                  0.09    0.00    2.60 ^ _261_/RESET_B (sky130_fd_sc_hd__dfrtp_1)
                                  2.60   data arrival time

                          0.00    0.00   clock CLK100MHZ (rise edge)
                          0.00    0.00   clock source latency
     1    0.02    0.15    0.11    0.11 ^ CLK100MHZ (in)
                                         CLK100MHZ (net)
                  0.15    0.00    0.11 ^ clkbuf_0_CLK100MHZ/A (sky130_fd_sc_hd__clkbuf_16)
     4    0.04    0.10    0.31    0.41 ^ clkbuf_0_CLK100MHZ/X (sky130_fd_sc_hd__clkbuf_16)
                                         clknet_0_CLK100MHZ (net)
                  0.10    0.00    0.41 ^ clkbuf_2_3__f_CLK100MHZ/A (sky130_fd_sc_hd__clkbuf_16)
     8    0.03    0.08    0.26    0.67 ^ clkbuf_2_3__f_CLK100MHZ/X (sky130_fd_sc_hd__clkbuf_16)
                                         clknet_2_3__leaf_CLK100MHZ (net)
                  0.08    0.00    0.68 ^ _261_/CLK (sky130_fd_sc_hd__dfrtp_1)
                          0.25    0.93   clock uncertainty
                          0.00    0.93   clock reconvergence pessimism
                          0.67    1.59   library removal time
                                  1.59   data required time
-----------------------------------------------------------------------------
                                  1.59   data required time
                                 -2.60   data arrival time
-----------------------------------------------------------------------------
                                  1.01   slack (MET)


Startpoint: BTNC (input port clocked by CLK100MHZ)
Endpoint: _266_ (removal check against rising-edge clock CLK100MHZ)
Path Group: asynchronous
Path Type: min
Corner: Slowest

Fanout     Cap    Slew   Delay    Time   Description
-----------------------------------------------------------------------------
                          0.00    0.00   clock CLK100MHZ (rise edge)
                          0.00    0.00   clock network delay (propagated)
                          2.00    2.00 v input external delay
     2    0.02    0.10    0.07    2.07 v BTNC (in)
                                         BTNC (net)
                  0.10    0.00    2.07 v _214_/A (sky130_fd_sc_hd__buf_4)
    10    0.07    0.18    0.36    2.43 v _214_/X (sky130_fd_sc_hd__buf_4)
                                         _112_ (net)
                  0.18    0.00    2.43 v _237_/A (sky130_fd_sc_hd__inv_2)
     1    0.02    0.15    0.19    2.62 ^ _237_/Y (sky130_fd_sc_hd__inv_2)
                                         _045_ (net)
                  0.15    0.00    2.62 ^ _266_/RESET_B (sky130_fd_sc_hd__dfrtp_2)
                                  2.62   data arrival time

                          0.00    0.00   clock CLK100MHZ (rise edge)
                          0.00    0.00   clock source latency
     1    0.02    0.15    0.11    0.11 ^ CLK100MHZ (in)
                                         CLK100MHZ (net)
                  0.15    0.00    0.11 ^ clkbuf_0_CLK100MHZ/A (sky130_fd_sc_hd__clkbuf_16)
     4    0.04    0.10    0.31    0.41 ^ clkbuf_0_CLK100MHZ/X (sky130_fd_sc_hd__clkbuf_16)
                                         clknet_0_CLK100MHZ (net)
                  0.10    0.00    0.41 ^ clkbuf_2_0__f_CLK100MHZ/A (sky130_fd_sc_hd__clkbuf_16)
     8    0.03    0.08    0.26    0.68 ^ clkbuf_2_0__f_CLK100MHZ/X (sky130_fd_sc_hd__clkbuf_16)
                                         clknet_2_0__leaf_CLK100MHZ (net)
                  0.08    0.00    0.68 ^ _266_/CLK (sky130_fd_sc_hd__dfrtp_2)
                          0.25    0.93   clock uncertainty
                          0.00    0.93   clock reconvergence pessimism
                          0.68    1.61   library removal time
                                  1.61   data required time
-----------------------------------------------------------------------------
                                  1.61   data required time
                                 -2.62   data arrival time
-----------------------------------------------------------------------------
                                  1.01   slack (MET)


Startpoint: BTNC (input port clocked by CLK100MHZ)
Endpoint: _259_ (removal check against rising-edge clock CLK100MHZ)
Path Group: asynchronous
Path Type: min
Corner: Slowest

Fanout     Cap    Slew   Delay    Time   Description
-----------------------------------------------------------------------------
                          0.00    0.00   clock CLK100MHZ (rise edge)
                          0.00    0.00   clock network delay (propagated)
                          2.00    2.00 v input external delay
     2    0.02    0.10    0.07    2.07 v BTNC (in)
                                         BTNC (net)
                  0.10    0.00    2.07 v _226_/A (sky130_fd_sc_hd__buf_4)
    10    0.09    0.21    0.38    2.45 v _226_/X (sky130_fd_sc_hd__buf_4)
                                         _114_ (net)
                  0.21    0.00    2.45 v _230_/A (sky130_fd_sc_hd__inv_2)
     1    0.01    0.08    0.14    2.59 ^ _230_/Y (sky130_fd_sc_hd__inv_2)
                                         _038_ (net)
                  0.08    0.00    2.59 ^ _259_/RESET_B (sky130_fd_sc_hd__dfrtp_2)
                                  2.59   data arrival time

                          0.00    0.00   clock CLK100MHZ (rise edge)
                          0.00    0.00   clock source latency
     1    0.02    0.15    0.11    0.11 ^ CLK100MHZ (in)
                                         CLK100MHZ (net)
                  0.15    0.00    0.11 ^ clkbuf_0_CLK100MHZ/A (sky130_fd_sc_hd__clkbuf_16)
     4    0.04    0.10    0.31    0.41 ^ clkbuf_0_CLK100MHZ/X (sky130_fd_sc_hd__clkbuf_16)
                                         clknet_0_CLK100MHZ (net)
                  0.10    0.00    0.41 ^ clkbuf_2_1__f_CLK100MHZ/A (sky130_fd_sc_hd__clkbuf_16)
     8    0.02    0.07    0.25    0.67 ^ clkbuf_2_1__f_CLK100MHZ/X (sky130_fd_sc_hd__clkbuf_16)
                                         clknet_2_1__leaf_CLK100MHZ (net)
                  0.07    0.00    0.67 ^ _259_/CLK (sky130_fd_sc_hd__dfrtp_2)
                          0.25    0.92   clock uncertainty
                          0.00    0.92   clock reconvergence pessimism
                          0.66    1.58   library removal time
                                  1.58   data required time
-----------------------------------------------------------------------------
                                  1.58   data required time
                                 -2.59   data arrival time
-----------------------------------------------------------------------------
                                  1.01   slack (MET)


Startpoint: BTNC (input port clocked by CLK100MHZ)
Endpoint: _269_ (removal check against rising-edge clock CLK100MHZ)
Path Group: asynchronous
Path Type: min
Corner: Slowest

Fanout     Cap    Slew   Delay    Time   Description
-----------------------------------------------------------------------------
                          0.00    0.00   clock CLK100MHZ (rise edge)
                          0.00    0.00   clock network delay (propagated)
                          2.00    2.00 v input external delay
     2    0.02    0.10    0.07    2.07 v BTNC (in)
                                         BTNC (net)
                  0.10    0.00    2.07 v _214_/A (sky130_fd_sc_hd__buf_4)
    10    0.07    0.18    0.36    2.43 v _214_/X (sky130_fd_sc_hd__buf_4)
                                         _112_ (net)
                  0.18    0.01    2.43 v _240_/A (sky130_fd_sc_hd__inv_2)
     1    0.02    0.16    0.20    2.63 ^ _240_/Y (sky130_fd_sc_hd__inv_2)
                                         _048_ (net)
                  0.16    0.00    2.63 ^ _269_/RESET_B (sky130_fd_sc_hd__dfrtp_1)
                                  2.63   data arrival time

                          0.00    0.00   clock CLK100MHZ (rise edge)
                          0.00    0.00   clock source latency
     1    0.02    0.15    0.11    0.11 ^ CLK100MHZ (in)
                                         CLK100MHZ (net)
                  0.15    0.00    0.11 ^ clkbuf_0_CLK100MHZ/A (sky130_fd_sc_hd__clkbuf_16)
     4    0.04    0.10    0.31    0.41 ^ clkbuf_0_CLK100MHZ/X (sky130_fd_sc_hd__clkbuf_16)
                                         clknet_0_CLK100MHZ (net)
                  0.10    0.00    0.42 ^ clkbuf_2_2__f_CLK100MHZ/A (sky130_fd_sc_hd__clkbuf_16)
     8    0.03    0.08    0.26    0.68 ^ clkbuf_2_2__f_CLK100MHZ/X (sky130_fd_sc_hd__clkbuf_16)
                                         clknet_2_2__leaf_CLK100MHZ (net)
                  0.08    0.00    0.68 ^ _269_/CLK (sky130_fd_sc_hd__dfrtp_1)
                          0.25    0.93   clock uncertainty
                          0.00    0.93   clock reconvergence pessimism
                          0.69    1.62   library removal time
                                  1.62   data required time
-----------------------------------------------------------------------------
                                  1.62   data required time
                                 -2.63   data arrival time
-----------------------------------------------------------------------------
                                  1.01   slack (MET)


Startpoint: BTNC (input port clocked by CLK100MHZ)
Endpoint: _264_ (removal check against rising-edge clock CLK100MHZ)
Path Group: asynchronous
Path Type: min
Corner: Slowest

Fanout     Cap    Slew   Delay    Time   Description
-----------------------------------------------------------------------------
                          0.00    0.00   clock CLK100MHZ (rise edge)
                          0.00    0.00   clock network delay (propagated)
                          2.00    2.00 v input external delay
     2    0.02    0.10    0.07    2.07 v BTNC (in)
                                         BTNC (net)
                  0.10    0.00    2.07 v _226_/A (sky130_fd_sc_hd__buf_4)
    10    0.09    0.21    0.38    2.45 v _226_/X (sky130_fd_sc_hd__buf_4)
                                         _114_ (net)
                  0.21    0.00    2.45 v _235_/A (sky130_fd_sc_hd__inv_2)
     1    0.01    0.11    0.16    2.61 ^ _235_/Y (sky130_fd_sc_hd__inv_2)
                                         _043_ (net)
                  0.11    0.00    2.61 ^ _264_/RESET_B (sky130_fd_sc_hd__dfrtp_1)
                                  2.61   data arrival time

                          0.00    0.00   clock CLK100MHZ (rise edge)
                          0.00    0.00   clock source latency
     1    0.02    0.15    0.11    0.11 ^ CLK100MHZ (in)
                                         CLK100MHZ (net)
                  0.15    0.00    0.11 ^ clkbuf_0_CLK100MHZ/A (sky130_fd_sc_hd__clkbuf_16)
     4    0.04    0.10    0.31    0.41 ^ clkbuf_0_CLK100MHZ/X (sky130_fd_sc_hd__clkbuf_16)
                                         clknet_0_CLK100MHZ (net)
                  0.10    0.00    0.41 ^ clkbuf_2_0__f_CLK100MHZ/A (sky130_fd_sc_hd__clkbuf_16)
     8    0.03    0.08    0.26    0.68 ^ clkbuf_2_0__f_CLK100MHZ/X (sky130_fd_sc_hd__clkbuf_16)
                                         clknet_2_0__leaf_CLK100MHZ (net)
                  0.08    0.00    0.68 ^ _264_/CLK (sky130_fd_sc_hd__dfrtp_1)
                          0.25    0.93   clock uncertainty
                          0.00    0.93   clock reconvergence pessimism
                          0.67    1.60   library removal time
                                  1.60   data required time
-----------------------------------------------------------------------------
                                  1.60   data required time
                                 -2.61   data arrival time
-----------------------------------------------------------------------------
                                  1.01   slack (MET)


Startpoint: BTNC (input port clocked by CLK100MHZ)
Endpoint: _257_ (removal check against rising-edge clock CLK100MHZ)
Path Group: asynchronous
Path Type: min
Corner: Slowest

Fanout     Cap    Slew   Delay    Time   Description
-----------------------------------------------------------------------------
                          0.00    0.00   clock CLK100MHZ (rise edge)
                          0.00    0.00   clock network delay (propagated)
                          2.00    2.00 v input external delay
     2    0.02    0.10    0.07    2.07 v BTNC (in)
                                         BTNC (net)
                  0.10    0.00    2.07 v _226_/A (sky130_fd_sc_hd__buf_4)
    10    0.09    0.21    0.38    2.45 v _226_/X (sky130_fd_sc_hd__buf_4)
                                         _114_ (net)
                  0.21    0.00    2.45 v _228_/A (sky130_fd_sc_hd__inv_2)
     1    0.01    0.11    0.16    2.62 ^ _228_/Y (sky130_fd_sc_hd__inv_2)
                                         _036_ (net)
                  0.11    0.00    2.62 ^ _257_/RESET_B (sky130_fd_sc_hd__dfrtp_1)
                                  2.62   data arrival time

                          0.00    0.00   clock CLK100MHZ (rise edge)
                          0.00    0.00   clock source latency
     1    0.02    0.15    0.11    0.11 ^ CLK100MHZ (in)
                                         CLK100MHZ (net)
                  0.15    0.00    0.11 ^ clkbuf_0_CLK100MHZ/A (sky130_fd_sc_hd__clkbuf_16)
     4    0.04    0.10    0.31    0.41 ^ clkbuf_0_CLK100MHZ/X (sky130_fd_sc_hd__clkbuf_16)
                                         clknet_0_CLK100MHZ (net)
                  0.10    0.00    0.41 ^ clkbuf_2_3__f_CLK100MHZ/A (sky130_fd_sc_hd__clkbuf_16)
     8    0.03    0.08    0.26    0.67 ^ clkbuf_2_3__f_CLK100MHZ/X (sky130_fd_sc_hd__clkbuf_16)
                                         clknet_2_3__leaf_CLK100MHZ (net)
                  0.08    0.00    0.68 ^ _257_/CLK (sky130_fd_sc_hd__dfrtp_1)
                          0.25    0.93   clock uncertainty
                          0.00    0.93   clock reconvergence pessimism
                          0.67    1.60   library removal time
                                  1.60   data required time
-----------------------------------------------------------------------------
                                  1.60   data required time
                                 -2.62   data arrival time
-----------------------------------------------------------------------------
                                  1.02   slack (MET)


Startpoint: BTNC (input port clocked by CLK100MHZ)
Endpoint: _263_ (removal check against rising-edge clock CLK100MHZ)
Path Group: asynchronous
Path Type: min
Corner: Slowest

Fanout     Cap    Slew   Delay    Time   Description
-----------------------------------------------------------------------------
                          0.00    0.00   clock CLK100MHZ (rise edge)
                          0.00    0.00   clock network delay (propagated)
                          2.00    2.00 v input external delay
     2    0.02    0.10    0.07    2.07 v BTNC (in)
                                         BTNC (net)
                  0.10    0.00    2.07 v _226_/A (sky130_fd_sc_hd__buf_4)
    10    0.09    0.21    0.38    2.45 v _226_/X (sky130_fd_sc_hd__buf_4)
                                         _114_ (net)
                  0.21    0.00    2.45 v _234_/A (sky130_fd_sc_hd__inv_2)
     1    0.01    0.12    0.17    2.63 ^ _234_/Y (sky130_fd_sc_hd__inv_2)
                                         _042_ (net)
                  0.12    0.00    2.63 ^ _263_/RESET_B (sky130_fd_sc_hd__dfrtp_1)
                                  2.63   data arrival time

                          0.00    0.00   clock CLK100MHZ (rise edge)
                          0.00    0.00   clock source latency
     1    0.02    0.15    0.11    0.11 ^ CLK100MHZ (in)
                                         CLK100MHZ (net)
                  0.15    0.00    0.11 ^ clkbuf_0_CLK100MHZ/A (sky130_fd_sc_hd__clkbuf_16)
     4    0.04    0.10    0.31    0.41 ^ clkbuf_0_CLK100MHZ/X (sky130_fd_sc_hd__clkbuf_16)
                                         clknet_0_CLK100MHZ (net)
                  0.10    0.00    0.42 ^ clkbuf_2_2__f_CLK100MHZ/A (sky130_fd_sc_hd__clkbuf_16)
     8    0.03    0.08    0.26    0.68 ^ clkbuf_2_2__f_CLK100MHZ/X (sky130_fd_sc_hd__clkbuf_16)
                                         clknet_2_2__leaf_CLK100MHZ (net)
                  0.08    0.00    0.68 ^ _263_/CLK (sky130_fd_sc_hd__dfrtp_1)
                          0.25    0.93   clock uncertainty
                          0.00    0.93   clock reconvergence pessimism
                          0.68    1.61   library removal time
                                  1.61   data required time
-----------------------------------------------------------------------------
                                  1.61   data required time
                                 -2.63   data arrival time
-----------------------------------------------------------------------------
                                  1.02   slack (MET)


Startpoint: BTNC (input port clocked by CLK100MHZ)
Endpoint: _262_ (removal check against rising-edge clock CLK100MHZ)
Path Group: asynchronous
Path Type: min
Corner: Slowest

Fanout     Cap    Slew   Delay    Time   Description
-----------------------------------------------------------------------------
                          0.00    0.00   clock CLK100MHZ (rise edge)
                          0.00    0.00   clock network delay (propagated)
                          2.00    2.00 v input external delay
     2    0.02    0.10    0.07    2.07 v BTNC (in)
                                         BTNC (net)
                  0.10    0.00    2.07 v _226_/A (sky130_fd_sc_hd__buf_4)
    10    0.09    0.21    0.38    2.45 v _226_/X (sky130_fd_sc_hd__buf_4)
                                         _114_ (net)
                  0.21    0.00    2.45 v _233_/A (sky130_fd_sc_hd__inv_2)
     1    0.02    0.13    0.19    2.64 ^ _233_/Y (sky130_fd_sc_hd__inv_2)
                                         _041_ (net)
                  0.13    0.00    2.64 ^ _262_/RESET_B (sky130_fd_sc_hd__dfrtp_2)
                                  2.64   data arrival time

                          0.00    0.00   clock CLK100MHZ (rise edge)
                          0.00    0.00   clock source latency
     1    0.02    0.15    0.11    0.11 ^ CLK100MHZ (in)
                                         CLK100MHZ (net)
                  0.15    0.00    0.11 ^ clkbuf_0_CLK100MHZ/A (sky130_fd_sc_hd__clkbuf_16)
     4    0.04    0.10    0.31    0.41 ^ clkbuf_0_CLK100MHZ/X (sky130_fd_sc_hd__clkbuf_16)
                                         clknet_0_CLK100MHZ (net)
                  0.10    0.00    0.42 ^ clkbuf_2_2__f_CLK100MHZ/A (sky130_fd_sc_hd__clkbuf_16)
     8    0.03    0.08    0.26    0.68 ^ clkbuf_2_2__f_CLK100MHZ/X (sky130_fd_sc_hd__clkbuf_16)
                                         clknet_2_2__leaf_CLK100MHZ (net)
                  0.08    0.00    0.68 ^ _262_/CLK (sky130_fd_sc_hd__dfrtp_2)
                          0.25    0.93   clock uncertainty
                          0.00    0.93   clock reconvergence pessimism
                          0.68    1.61   library removal time
                                  1.61   data required time
-----------------------------------------------------------------------------
                                  1.61   data required time
                                 -2.64   data arrival time
-----------------------------------------------------------------------------
                                  1.03   slack (MET)


Startpoint: BTNC (input port clocked by CLK100MHZ)
Endpoint: _258_ (removal check against rising-edge clock CLK100MHZ)
Path Group: asynchronous
Path Type: min
Corner: Slowest

Fanout     Cap    Slew   Delay    Time   Description
-----------------------------------------------------------------------------
                          0.00    0.00   clock CLK100MHZ (rise edge)
                          0.00    0.00   clock network delay (propagated)
                          2.00    2.00 v input external delay
     2    0.02    0.10    0.07    2.07 v BTNC (in)
                                         BTNC (net)
                  0.10    0.00    2.07 v _226_/A (sky130_fd_sc_hd__buf_4)
    10    0.09    0.21    0.38    2.45 v _226_/X (sky130_fd_sc_hd__buf_4)
                                         _114_ (net)
                  0.21    0.01    2.46 v _229_/A (sky130_fd_sc_hd__inv_2)
     1    0.01    0.12    0.18    2.63 ^ _229_/Y (sky130_fd_sc_hd__inv_2)
                                         _037_ (net)
                  0.12    0.00    2.63 ^ _258_/RESET_B (sky130_fd_sc_hd__dfrtp_4)
                                  2.63   data arrival time

                          0.00    0.00   clock CLK100MHZ (rise edge)
                          0.00    0.00   clock source latency
     1    0.02    0.15    0.11    0.11 ^ CLK100MHZ (in)
                                         CLK100MHZ (net)
                  0.15    0.00    0.11 ^ clkbuf_0_CLK100MHZ/A (sky130_fd_sc_hd__clkbuf_16)
     4    0.04    0.10    0.31    0.41 ^ clkbuf_0_CLK100MHZ/X (sky130_fd_sc_hd__clkbuf_16)
                                         clknet_0_CLK100MHZ (net)
                  0.10    0.00    0.41 ^ clkbuf_2_3__f_CLK100MHZ/A (sky130_fd_sc_hd__clkbuf_16)
     8    0.03    0.08    0.26    0.67 ^ clkbuf_2_3__f_CLK100MHZ/X (sky130_fd_sc_hd__clkbuf_16)
                                         clknet_2_3__leaf_CLK100MHZ (net)
                  0.08    0.00    0.68 ^ _258_/CLK (sky130_fd_sc_hd__dfrtp_4)
                          0.25    0.93   clock uncertainty
                          0.00    0.93   clock reconvergence pessimism
                          0.68    1.60   library removal time
                                  1.60   data required time
-----------------------------------------------------------------------------
                                  1.60   data required time
                                 -2.63   data arrival time
-----------------------------------------------------------------------------
                                  1.03   slack (MET)


Startpoint: _264_ (rising edge-triggered flip-flop clocked by CLK100MHZ)
Endpoint: _264_ (rising edge-triggered flip-flop clocked by CLK100MHZ)
Path Group: CLK100MHZ
Path Type: min
Corner: Slowest

Fanout     Cap    Slew   Delay    Time   Description
-----------------------------------------------------------------------------
                          0.00    0.00   clock CLK100MHZ (rise edge)
                          0.00    0.00   clock source latency
     1    0.02    0.15    0.10    0.10 ^ CLK100MHZ (in)
                                         CLK100MHZ (net)
                  0.15    0.00    0.10 ^ clkbuf_0_CLK100MHZ/A (sky130_fd_sc_hd__clkbuf_16)
     4    0.04    0.10    0.28    0.37 ^ clkbuf_0_CLK100MHZ/X (sky130_fd_sc_hd__clkbuf_16)
                                         clknet_0_CLK100MHZ (net)
                  0.10    0.00    0.37 ^ clkbuf_2_0__f_CLK100MHZ/A (sky130_fd_sc_hd__clkbuf_16)
     8    0.03    0.08    0.24    0.61 ^ clkbuf_2_0__f_CLK100MHZ/X (sky130_fd_sc_hd__clkbuf_16)
                                         clknet_2_0__leaf_CLK100MHZ (net)
                  0.08    0.00    0.61 ^ _264_/CLK (sky130_fd_sc_hd__dfrtp_1)
     3    0.02    0.34    0.81    1.42 ^ _264_/Q (sky130_fd_sc_hd__dfrtp_1)
                                         decoder.delay[14] (net)
                  0.34    0.00    1.42 ^ _204_/B2 (sky130_fd_sc_hd__o2bb2a_1)
     1    0.01    0.15    0.38    1.81 ^ _204_/X (sky130_fd_sc_hd__o2bb2a_1)
                                         _005_ (net)
                  0.15    0.00    1.81 ^ _264_/D (sky130_fd_sc_hd__dfrtp_1)
                                  1.81   data arrival time

                          0.00    0.00   clock CLK100MHZ (rise edge)
                          0.00    0.00   clock source latency
     1    0.02    0.15    0.11    0.11 ^ CLK100MHZ (in)
                                         CLK100MHZ (net)
                  0.15    0.00    0.11 ^ clkbuf_0_CLK100MHZ/A (sky130_fd_sc_hd__clkbuf_16)
     4    0.04    0.10    0.31    0.41 ^ clkbuf_0_CLK100MHZ/X (sky130_fd_sc_hd__clkbuf_16)
                                         clknet_0_CLK100MHZ (net)
                  0.10    0.00    0.41 ^ clkbuf_2_0__f_CLK100MHZ/A (sky130_fd_sc_hd__clkbuf_16)
     8    0.03    0.08    0.26    0.68 ^ clkbuf_2_0__f_CLK100MHZ/X (sky130_fd_sc_hd__clkbuf_16)
                                         clknet_2_0__leaf_CLK100MHZ (net)
                  0.08    0.00    0.68 ^ _264_/CLK (sky130_fd_sc_hd__dfrtp_1)
                          0.25    0.93   clock uncertainty
                         -0.06    0.86   clock reconvergence pessimism
                         -0.09    0.77   library hold time
                                  0.77   data required time
-----------------------------------------------------------------------------
                                  0.77   data required time
                                 -1.81   data arrival time
-----------------------------------------------------------------------------
                                  1.04   slack (MET)


Startpoint: _272_ (rising edge-triggered flip-flop clocked by CLK100MHZ)
Endpoint: _272_ (rising edge-triggered flip-flop clocked by CLK100MHZ)
Path Group: CLK100MHZ
Path Type: min
Corner: Slowest

Fanout     Cap    Slew   Delay    Time   Description
-----------------------------------------------------------------------------
                          0.00    0.00   clock CLK100MHZ (rise edge)
                          0.00    0.00   clock source latency
     1    0.02    0.15    0.10    0.10 ^ CLK100MHZ (in)
                                         CLK100MHZ (net)
                  0.15    0.00    0.10 ^ clkbuf_0_CLK100MHZ/A (sky130_fd_sc_hd__clkbuf_16)
     4    0.04    0.10    0.28    0.37 ^ clkbuf_0_CLK100MHZ/X (sky130_fd_sc_hd__clkbuf_16)
                                         clknet_0_CLK100MHZ (net)
                  0.10    0.00    0.37 ^ clkbuf_2_1__f_CLK100MHZ/A (sky130_fd_sc_hd__clkbuf_16)
     8    0.02    0.07    0.23    0.60 ^ clkbuf_2_1__f_CLK100MHZ/X (sky130_fd_sc_hd__clkbuf_16)
                                         clknet_2_1__leaf_CLK100MHZ (net)
                  0.07    0.00    0.60 ^ _272_/CLK (sky130_fd_sc_hd__dfrtp_1)
     3    0.03    0.41    0.86    1.46 ^ _272_/Q (sky130_fd_sc_hd__dfrtp_1)
                                         decoder.delay[22] (net)
                  0.41    0.00    1.46 ^ _149_/B2 (sky130_fd_sc_hd__o2bb2a_1)
     1    0.00    0.09    0.36    1.82 ^ _149_/X (sky130_fd_sc_hd__o2bb2a_1)
                                         _014_ (net)
                  0.09    0.00    1.82 ^ _272_/D (sky130_fd_sc_hd__dfrtp_1)
                                  1.82   data arrival time

                          0.00    0.00   clock CLK100MHZ (rise edge)
                          0.00    0.00   clock source latency
     1    0.02    0.15    0.11    0.11 ^ CLK100MHZ (in)
                                         CLK100MHZ (net)
                  0.15    0.00    0.11 ^ clkbuf_0_CLK100MHZ/A (sky130_fd_sc_hd__clkbuf_16)
     4    0.04    0.10    0.31    0.41 ^ clkbuf_0_CLK100MHZ/X (sky130_fd_sc_hd__clkbuf_16)
                                         clknet_0_CLK100MHZ (net)
                  0.10    0.00    0.41 ^ clkbuf_2_1__f_CLK100MHZ/A (sky130_fd_sc_hd__clkbuf_16)
     8    0.02    0.07    0.25    0.67 ^ clkbuf_2_1__f_CLK100MHZ/X (sky130_fd_sc_hd__clkbuf_16)
                                         clknet_2_1__leaf_CLK100MHZ (net)
                  0.07    0.00    0.67 ^ _272_/CLK (sky130_fd_sc_hd__dfrtp_1)
                          0.25    0.92   clock uncertainty
                         -0.06    0.85   clock reconvergence pessimism
                         -0.08    0.77   library hold time
                                  0.77   data required time
-----------------------------------------------------------------------------
                                  0.77   data required time
                                 -1.82   data arrival time
-----------------------------------------------------------------------------
                                  1.05   slack (MET)


Startpoint: BTNC (input port clocked by CLK100MHZ)
Endpoint: _260_ (removal check against rising-edge clock CLK100MHZ)
Path Group: asynchronous
Path Type: min
Corner: Slowest

Fanout     Cap    Slew   Delay    Time   Description
-----------------------------------------------------------------------------
                          0.00    0.00   clock CLK100MHZ (rise edge)
                          0.00    0.00   clock network delay (propagated)
                          2.00    2.00 v input external delay
     2    0.02    0.10    0.07    2.07 v BTNC (in)
                                         BTNC (net)
                  0.10    0.00    2.07 v _226_/A (sky130_fd_sc_hd__buf_4)
    10    0.09    0.21    0.38    2.45 v _226_/X (sky130_fd_sc_hd__buf_4)
                                         _114_ (net)
                  0.21    0.01    2.46 v _231_/A (sky130_fd_sc_hd__inv_2)
     1    0.02    0.15    0.20    2.65 ^ _231_/Y (sky130_fd_sc_hd__inv_2)
                                         _039_ (net)
                  0.15    0.00    2.66 ^ _260_/RESET_B (sky130_fd_sc_hd__dfrtp_1)
                                  2.66   data arrival time

                          0.00    0.00   clock CLK100MHZ (rise edge)
                          0.00    0.00   clock source latency
     1    0.02    0.15    0.11    0.11 ^ CLK100MHZ (in)
                                         CLK100MHZ (net)
                  0.15    0.00    0.11 ^ clkbuf_0_CLK100MHZ/A (sky130_fd_sc_hd__clkbuf_16)
     4    0.04    0.10    0.31    0.41 ^ clkbuf_0_CLK100MHZ/X (sky130_fd_sc_hd__clkbuf_16)
                                         clknet_0_CLK100MHZ (net)
                  0.10    0.00    0.41 ^ clkbuf_2_1__f_CLK100MHZ/A (sky130_fd_sc_hd__clkbuf_16)
     8    0.02    0.07    0.25    0.67 ^ clkbuf_2_1__f_CLK100MHZ/X (sky130_fd_sc_hd__clkbuf_16)
                                         clknet_2_1__leaf_CLK100MHZ (net)
                  0.07    0.00    0.67 ^ _260_/CLK (sky130_fd_sc_hd__dfrtp_1)
                          0.25    0.92   clock uncertainty
                          0.00    0.92   clock reconvergence pessimism
                          0.68    1.60   library removal time
                                  1.60   data required time
-----------------------------------------------------------------------------
                                  1.60   data required time
                                 -2.66   data arrival time
-----------------------------------------------------------------------------
                                  1.06   slack (MET)


Startpoint: BTNC (input port clocked by CLK100MHZ)
Endpoint: _265_ (removal check against rising-edge clock CLK100MHZ)
Path Group: asynchronous
Path Type: min
Corner: Slowest

Fanout     Cap    Slew   Delay    Time   Description
-----------------------------------------------------------------------------
                          0.00    0.00   clock CLK100MHZ (rise edge)
                          0.00    0.00   clock network delay (propagated)
                          2.00    2.00 v input external delay
     2    0.02    0.10    0.07    2.07 v BTNC (in)
                                         BTNC (net)
                  0.10    0.00    2.07 v _226_/A (sky130_fd_sc_hd__buf_4)
    10    0.09    0.21    0.38    2.45 v _226_/X (sky130_fd_sc_hd__buf_4)
                                         _114_ (net)
                  0.21    0.01    2.46 v _236_/A (sky130_fd_sc_hd__inv_2)
     1    0.02    0.15    0.20    2.66 ^ _236_/Y (sky130_fd_sc_hd__inv_2)
                                         _044_ (net)
                  0.15    0.00    2.66 ^ _265_/RESET_B (sky130_fd_sc_hd__dfrtp_1)
                                  2.66   data arrival time

                          0.00    0.00   clock CLK100MHZ (rise edge)
                          0.00    0.00   clock source latency
     1    0.02    0.15    0.11    0.11 ^ CLK100MHZ (in)
                                         CLK100MHZ (net)
                  0.15    0.00    0.11 ^ clkbuf_0_CLK100MHZ/A (sky130_fd_sc_hd__clkbuf_16)
     4    0.04    0.10    0.31    0.41 ^ clkbuf_0_CLK100MHZ/X (sky130_fd_sc_hd__clkbuf_16)
                                         clknet_0_CLK100MHZ (net)
                  0.10    0.00    0.41 ^ clkbuf_2_1__f_CLK100MHZ/A (sky130_fd_sc_hd__clkbuf_16)
     8    0.02    0.07    0.25    0.67 ^ clkbuf_2_1__f_CLK100MHZ/X (sky130_fd_sc_hd__clkbuf_16)
                                         clknet_2_1__leaf_CLK100MHZ (net)
                  0.07    0.00    0.67 ^ _265_/CLK (sky130_fd_sc_hd__dfrtp_1)
                          0.25    0.92   clock uncertainty
                          0.00    0.92   clock reconvergence pessimism
                          0.68    1.60   library removal time
                                  1.60   data required time
-----------------------------------------------------------------------------
                                  1.60   data required time
                                 -2.66   data arrival time
-----------------------------------------------------------------------------
                                  1.06   slack (MET)


Startpoint: _255_ (rising edge-triggered flip-flop clocked by CLK100MHZ)
Endpoint: _255_ (rising edge-triggered flip-flop clocked by CLK100MHZ)
Path Group: CLK100MHZ
Path Type: min
Corner: Slowest

Fanout     Cap    Slew   Delay    Time   Description
-----------------------------------------------------------------------------
                          0.00    0.00   clock CLK100MHZ (rise edge)
                          0.00    0.00   clock source latency
     1    0.02    0.15    0.10    0.10 ^ CLK100MHZ (in)
                                         CLK100MHZ (net)
                  0.15    0.00    0.10 ^ clkbuf_0_CLK100MHZ/A (sky130_fd_sc_hd__clkbuf_16)
     4    0.04    0.10    0.28    0.37 ^ clkbuf_0_CLK100MHZ/X (sky130_fd_sc_hd__clkbuf_16)
                                         clknet_0_CLK100MHZ (net)
                  0.10    0.00    0.37 ^ clkbuf_2_0__f_CLK100MHZ/A (sky130_fd_sc_hd__clkbuf_16)
     8    0.03    0.08    0.24    0.61 ^ clkbuf_2_0__f_CLK100MHZ/X (sky130_fd_sc_hd__clkbuf_16)
                                         clknet_2_0__leaf_CLK100MHZ (net)
                  0.08    0.00    0.61 ^ _255_/CLK (sky130_fd_sc_hd__dfrtp_2)
     4    0.03    0.28    0.83    1.44 ^ _255_/Q (sky130_fd_sc_hd__dfrtp_2)
                                         decoder.delay[5] (net)
                  0.28    0.00    1.44 ^ _178_/A (sky130_fd_sc_hd__nor2_1)
     1    0.01    0.10    0.19    1.64 v _178_/Y (sky130_fd_sc_hd__nor2_1)
                                         _091_ (net)
                  0.10    0.00    1.64 v _179_/B (sky130_fd_sc_hd__nor2_1)
     1    0.01    0.20    0.20    1.83 ^ _179_/Y (sky130_fd_sc_hd__nor2_1)
                                         _020_ (net)
                  0.20    0.00    1.83 ^ _255_/D (sky130_fd_sc_hd__dfrtp_2)
                                  1.83   data arrival time

                          0.00    0.00   clock CLK100MHZ (rise edge)
                          0.00    0.00   clock source latency
     1    0.02    0.15    0.11    0.11 ^ CLK100MHZ (in)
                                         CLK100MHZ (net)
                  0.15    0.00    0.11 ^ clkbuf_0_CLK100MHZ/A (sky130_fd_sc_hd__clkbuf_16)
     4    0.04    0.10    0.31    0.41 ^ clkbuf_0_CLK100MHZ/X (sky130_fd_sc_hd__clkbuf_16)
                                         clknet_0_CLK100MHZ (net)
                  0.10    0.00    0.41 ^ clkbuf_2_0__f_CLK100MHZ/A (sky130_fd_sc_hd__clkbuf_16)
     8    0.03    0.08    0.26    0.68 ^ clkbuf_2_0__f_CLK100MHZ/X (sky130_fd_sc_hd__clkbuf_16)
                                         clknet_2_0__leaf_CLK100MHZ (net)
                  0.08    0.00    0.68 ^ _255_/CLK (sky130_fd_sc_hd__dfrtp_2)
                          0.25    0.93   clock uncertainty
                         -0.06    0.86   clock reconvergence pessimism
                         -0.10    0.76   library hold time
                                  0.76   data required time
-----------------------------------------------------------------------------
                                  0.76   data required time
                                 -1.83   data arrival time
-----------------------------------------------------------------------------
                                  1.08   slack (MET)


Startpoint: _254_ (rising edge-triggered flip-flop clocked by CLK100MHZ)
Endpoint: _254_ (rising edge-triggered flip-flop clocked by CLK100MHZ)
Path Group: CLK100MHZ
Path Type: min
Corner: Slowest

Fanout     Cap    Slew   Delay    Time   Description
-----------------------------------------------------------------------------
                          0.00    0.00   clock CLK100MHZ (rise edge)
                          0.00    0.00   clock source latency
     1    0.02    0.15    0.10    0.10 ^ CLK100MHZ (in)
                                         CLK100MHZ (net)
                  0.15    0.00    0.10 ^ clkbuf_0_CLK100MHZ/A (sky130_fd_sc_hd__clkbuf_16)
     4    0.04    0.10    0.28    0.37 ^ clkbuf_0_CLK100MHZ/X (sky130_fd_sc_hd__clkbuf_16)
                                         clknet_0_CLK100MHZ (net)
                  0.10    0.00    0.37 ^ clkbuf_2_1__f_CLK100MHZ/A (sky130_fd_sc_hd__clkbuf_16)
     8    0.02    0.07    0.23    0.60 ^ clkbuf_2_1__f_CLK100MHZ/X (sky130_fd_sc_hd__clkbuf_16)
                                         clknet_2_1__leaf_CLK100MHZ (net)
                  0.07    0.00    0.60 ^ _254_/CLK (sky130_fd_sc_hd__dfrtp_2)
     5    0.04    0.31    0.85    1.45 ^ _254_/Q (sky130_fd_sc_hd__dfrtp_2)
                                         decoder.delay[4] (net)
                  0.31    0.00    1.46 ^ _175_/A (sky130_fd_sc_hd__nor2_1)
     1    0.01    0.12    0.22    1.67 v _175_/Y (sky130_fd_sc_hd__nor2_1)
                                         _089_ (net)
                  0.12    0.00    1.67 v _176_/B (sky130_fd_sc_hd__nor2_1)
     1    0.00    0.16    0.18    1.85 ^ _176_/Y (sky130_fd_sc_hd__nor2_1)
                                         _019_ (net)
                  0.16    0.00    1.85 ^ _254_/D (sky130_fd_sc_hd__dfrtp_2)
                                  1.85   data arrival time

                          0.00    0.00   clock CLK100MHZ (rise edge)
                          0.00    0.00   clock source latency
     1    0.02    0.15    0.11    0.11 ^ CLK100MHZ (in)
                                         CLK100MHZ (net)
                  0.15    0.00    0.11 ^ clkbuf_0_CLK100MHZ/A (sky130_fd_sc_hd__clkbuf_16)
     4    0.04    0.10    0.31    0.41 ^ clkbuf_0_CLK100MHZ/X (sky130_fd_sc_hd__clkbuf_16)
                                         clknet_0_CLK100MHZ (net)
                  0.10    0.00    0.41 ^ clkbuf_2_1__f_CLK100MHZ/A (sky130_fd_sc_hd__clkbuf_16)
     8    0.02    0.07    0.25    0.67 ^ clkbuf_2_1__f_CLK100MHZ/X (sky130_fd_sc_hd__clkbuf_16)
                                         clknet_2_1__leaf_CLK100MHZ (net)
                  0.07    0.00    0.67 ^ _254_/CLK (sky130_fd_sc_hd__dfrtp_2)
                          0.25    0.92   clock uncertainty
                         -0.06    0.85   clock reconvergence pessimism
                         -0.10    0.76   library hold time
                                  0.76   data required time
-----------------------------------------------------------------------------
                                  0.76   data required time
                                 -1.85   data arrival time
-----------------------------------------------------------------------------
                                  1.09   slack (MET)


Startpoint: _247_ (rising edge-triggered flip-flop clocked by CLK100MHZ)
Endpoint: _247_ (rising edge-triggered flip-flop clocked by CLK100MHZ)
Path Group: CLK100MHZ
Path Type: min
Corner: Slowest

Fanout     Cap    Slew   Delay    Time   Description
-----------------------------------------------------------------------------
                          0.00    0.00   clock CLK100MHZ (rise edge)
                          0.00    0.00   clock source latency
     1    0.02    0.15    0.10    0.10 ^ CLK100MHZ (in)
                                         CLK100MHZ (net)
                  0.15    0.00    0.10 ^ clkbuf_0_CLK100MHZ/A (sky130_fd_sc_hd__clkbuf_16)
     4    0.04    0.10    0.28    0.37 ^ clkbuf_0_CLK100MHZ/X (sky130_fd_sc_hd__clkbuf_16)
                                         clknet_0_CLK100MHZ (net)
                  0.10    0.00    0.37 ^ clkbuf_2_3__f_CLK100MHZ/A (sky130_fd_sc_hd__clkbuf_16)
     8    0.03    0.08    0.24    0.61 ^ clkbuf_2_3__f_CLK100MHZ/X (sky130_fd_sc_hd__clkbuf_16)
                                         clknet_2_3__leaf_CLK100MHZ (net)
                  0.08    0.00    0.61 ^ _247_/CLK (sky130_fd_sc_hd__dfrtp_4)
     9    0.06    0.30    0.96    1.57 ^ _247_/Q (sky130_fd_sc_hd__dfrtp_4)
                                         decoder.count[1] (net)
                  0.30    0.00    1.57 ^ _140_/A (sky130_fd_sc_hd__xor2_1)
     1    0.01    0.12    0.28    1.86 v _140_/X (sky130_fd_sc_hd__xor2_1)
                                         _055_ (net)
                  0.12    0.00    1.86 v _247_/D (sky130_fd_sc_hd__dfrtp_4)
                                  1.86   data arrival time

                          0.00    0.00   clock CLK100MHZ (rise edge)
                          0.00    0.00   clock source latency
     1    0.02    0.15    0.11    0.11 ^ CLK100MHZ (in)
                                         CLK100MHZ (net)
                  0.15    0.00    0.11 ^ clkbuf_0_CLK100MHZ/A (sky130_fd_sc_hd__clkbuf_16)
     4    0.04    0.10    0.31    0.41 ^ clkbuf_0_CLK100MHZ/X (sky130_fd_sc_hd__clkbuf_16)
                                         clknet_0_CLK100MHZ (net)
                  0.10    0.00    0.41 ^ clkbuf_2_3__f_CLK100MHZ/A (sky130_fd_sc_hd__clkbuf_16)
     8    0.03    0.08    0.26    0.67 ^ clkbuf_2_3__f_CLK100MHZ/X (sky130_fd_sc_hd__clkbuf_16)
                                         clknet_2_3__leaf_CLK100MHZ (net)
                  0.08    0.00    0.68 ^ _247_/CLK (sky130_fd_sc_hd__dfrtp_4)
                          0.25    0.93   clock uncertainty
                         -0.06    0.86   clock reconvergence pessimism
                         -0.11    0.75   library hold time
                                  0.75   data required time
-----------------------------------------------------------------------------
                                  0.75   data required time
                                 -1.86   data arrival time
-----------------------------------------------------------------------------
                                  1.11   slack (MET)


Startpoint: _271_ (rising edge-triggered flip-flop clocked by CLK100MHZ)
Endpoint: _271_ (rising edge-triggered flip-flop clocked by CLK100MHZ)
Path Group: CLK100MHZ
Path Type: min
Corner: Slowest

Fanout     Cap    Slew   Delay    Time   Description
-----------------------------------------------------------------------------
                          0.00    0.00   clock CLK100MHZ (rise edge)
                          0.00    0.00   clock source latency
     1    0.02    0.15    0.10    0.10 ^ CLK100MHZ (in)
                                         CLK100MHZ (net)
                  0.15    0.00    0.10 ^ clkbuf_0_CLK100MHZ/A (sky130_fd_sc_hd__clkbuf_16)
     4    0.04    0.10    0.28    0.37 ^ clkbuf_0_CLK100MHZ/X (sky130_fd_sc_hd__clkbuf_16)
                                         clknet_0_CLK100MHZ (net)
                  0.10    0.00    0.37 ^ clkbuf_2_0__f_CLK100MHZ/A (sky130_fd_sc_hd__clkbuf_16)
     8    0.03    0.08    0.24    0.61 ^ clkbuf_2_0__f_CLK100MHZ/X (sky130_fd_sc_hd__clkbuf_16)
                                         clknet_2_0__leaf_CLK100MHZ (net)
                  0.08    0.00    0.61 ^ _271_/CLK (sky130_fd_sc_hd__dfrtp_1)
     2    0.02    0.27    0.77    1.38 ^ _271_/Q (sky130_fd_sc_hd__dfrtp_1)
                                         decoder.delay[21] (net)
                  0.27    0.00    1.38 ^ _147_/A1 (sky130_fd_sc_hd__o21ba_1)
     1    0.02    0.30    0.47    1.85 ^ _147_/X (sky130_fd_sc_hd__o21ba_1)
                                         _013_ (net)
                  0.30    0.00    1.85 ^ _271_/D (sky130_fd_sc_hd__dfrtp_1)
                                  1.85   data arrival time

                          0.00    0.00   clock CLK100MHZ (rise edge)
                          0.00    0.00   clock source latency
     1    0.02    0.15    0.11    0.11 ^ CLK100MHZ (in)
                                         CLK100MHZ (net)
                  0.15    0.00    0.11 ^ clkbuf_0_CLK100MHZ/A (sky130_fd_sc_hd__clkbuf_16)
     4    0.04    0.10    0.31    0.41 ^ clkbuf_0_CLK100MHZ/X (sky130_fd_sc_hd__clkbuf_16)
                                         clknet_0_CLK100MHZ (net)
                  0.10    0.00    0.41 ^ clkbuf_2_0__f_CLK100MHZ/A (sky130_fd_sc_hd__clkbuf_16)
     8    0.03    0.08    0.26    0.68 ^ clkbuf_2_0__f_CLK100MHZ/X (sky130_fd_sc_hd__clkbuf_16)
                                         clknet_2_0__leaf_CLK100MHZ (net)
                  0.08    0.00    0.68 ^ _271_/CLK (sky130_fd_sc_hd__dfrtp_1)
                          0.25    0.93   clock uncertainty
                         -0.06    0.86   clock reconvergence pessimism
                         -0.13    0.74   library hold time
                                  0.74   data required time
-----------------------------------------------------------------------------
                                  0.74   data required time
                                 -1.85   data arrival time
-----------------------------------------------------------------------------
                                  1.12   slack (MET)


Startpoint: _270_ (rising edge-triggered flip-flop clocked by CLK100MHZ)
Endpoint: _270_ (rising edge-triggered flip-flop clocked by CLK100MHZ)
Path Group: CLK100MHZ
Path Type: min
Corner: Slowest

Fanout     Cap    Slew   Delay    Time   Description
-----------------------------------------------------------------------------
                          0.00    0.00   clock CLK100MHZ (rise edge)
                          0.00    0.00   clock source latency
     1    0.02    0.15    0.10    0.10 ^ CLK100MHZ (in)
                                         CLK100MHZ (net)
                  0.15    0.00    0.10 ^ clkbuf_0_CLK100MHZ/A (sky130_fd_sc_hd__clkbuf_16)
     4    0.04    0.10    0.28    0.37 ^ clkbuf_0_CLK100MHZ/X (sky130_fd_sc_hd__clkbuf_16)
                                         clknet_0_CLK100MHZ (net)
                  0.10    0.00    0.37 ^ clkbuf_2_0__f_CLK100MHZ/A (sky130_fd_sc_hd__clkbuf_16)
     8    0.03    0.08    0.24    0.61 ^ clkbuf_2_0__f_CLK100MHZ/X (sky130_fd_sc_hd__clkbuf_16)
                                         clknet_2_0__leaf_CLK100MHZ (net)
                  0.08    0.00    0.61 ^ _270_/CLK (sky130_fd_sc_hd__dfrtp_1)
     3    0.02    0.27    0.76    1.38 ^ _270_/Q (sky130_fd_sc_hd__dfrtp_1)
                                         decoder.delay[20] (net)
                  0.27    0.00    1.38 ^ _143_/B1 (sky130_fd_sc_hd__a21oi_1)
     1    0.01    0.09    0.15    1.53 v _143_/Y (sky130_fd_sc_hd__a21oi_1)
                                         _072_ (net)
                  0.09    0.00    1.53 v _145_/A (sky130_fd_sc_hd__nor2_1)
     1    0.01    0.34    0.32    1.86 ^ _145_/Y (sky130_fd_sc_hd__nor2_1)
                                         _012_ (net)
                  0.34    0.00    1.86 ^ _270_/D (sky130_fd_sc_hd__dfrtp_1)
                                  1.86   data arrival time

                          0.00    0.00   clock CLK100MHZ (rise edge)
                          0.00    0.00   clock source latency
     1    0.02    0.15    0.11    0.11 ^ CLK100MHZ (in)
                                         CLK100MHZ (net)
                  0.15    0.00    0.11 ^ clkbuf_0_CLK100MHZ/A (sky130_fd_sc_hd__clkbuf_16)
     4    0.04    0.10    0.31    0.41 ^ clkbuf_0_CLK100MHZ/X (sky130_fd_sc_hd__clkbuf_16)
                                         clknet_0_CLK100MHZ (net)
                  0.10    0.00    0.41 ^ clkbuf_2_0__f_CLK100MHZ/A (sky130_fd_sc_hd__clkbuf_16)
     8    0.03    0.08    0.26    0.68 ^ clkbuf_2_0__f_CLK100MHZ/X (sky130_fd_sc_hd__clkbuf_16)
                                         clknet_2_0__leaf_CLK100MHZ (net)
                  0.08    0.00    0.68 ^ _270_/CLK (sky130_fd_sc_hd__dfrtp_1)
                          0.25    0.93   clock uncertainty
                         -0.06    0.86   clock reconvergence pessimism
                         -0.14    0.72   library hold time
                                  0.72   data required time
-----------------------------------------------------------------------------
                                  0.72   data required time
                                 -1.86   data arrival time
-----------------------------------------------------------------------------
                                  1.13   slack (MET)


Startpoint: _249_ (rising edge-triggered flip-flop clocked by CLK100MHZ)
Endpoint: _249_ (rising edge-triggered flip-flop clocked by CLK100MHZ)
Path Group: CLK100MHZ
Path Type: min
Corner: Slowest

Fanout     Cap    Slew   Delay    Time   Description
-----------------------------------------------------------------------------
                          0.00    0.00   clock CLK100MHZ (rise edge)
                          0.00    0.00   clock source latency
     1    0.02    0.15    0.10    0.10 ^ CLK100MHZ (in)
                                         CLK100MHZ (net)
                  0.15    0.00    0.10 ^ clkbuf_0_CLK100MHZ/A (sky130_fd_sc_hd__clkbuf_16)
     4    0.04    0.10    0.28    0.37 ^ clkbuf_0_CLK100MHZ/X (sky130_fd_sc_hd__clkbuf_16)
                                         clknet_0_CLK100MHZ (net)
                  0.10    0.00    0.37 ^ clkbuf_2_3__f_CLK100MHZ/A (sky130_fd_sc_hd__clkbuf_16)
     8    0.03    0.08    0.24    0.61 ^ clkbuf_2_3__f_CLK100MHZ/X (sky130_fd_sc_hd__clkbuf_16)
                                         clknet_2_3__leaf_CLK100MHZ (net)
                  0.08    0.00    0.61 ^ _249_/CLK (sky130_fd_sc_hd__dfrtp_4)
     6    0.05    0.26    0.93    1.54 ^ _249_/Q (sky130_fd_sc_hd__dfrtp_4)
                                         decoder.count[3] (net)
                  0.26    0.00    1.55 ^ _130_/A (sky130_fd_sc_hd__xor2_1)
     1    0.02    0.17    0.33    1.87 v _130_/X (sky130_fd_sc_hd__xor2_1)
                                         _057_ (net)
                  0.17    0.00    1.88 v _249_/D (sky130_fd_sc_hd__dfrtp_4)
                                  1.88   data arrival time

                          0.00    0.00   clock CLK100MHZ (rise edge)
                          0.00    0.00   clock source latency
     1    0.02    0.15    0.11    0.11 ^ CLK100MHZ (in)
                                         CLK100MHZ (net)
                  0.15    0.00    0.11 ^ clkbuf_0_CLK100MHZ/A (sky130_fd_sc_hd__clkbuf_16)
     4    0.04    0.10    0.31    0.41 ^ clkbuf_0_CLK100MHZ/X (sky130_fd_sc_hd__clkbuf_16)
                                         clknet_0_CLK100MHZ (net)
                  0.10    0.00    0.41 ^ clkbuf_2_3__f_CLK100MHZ/A (sky130_fd_sc_hd__clkbuf_16)
     8    0.03    0.08    0.26    0.67 ^ clkbuf_2_3__f_CLK100MHZ/X (sky130_fd_sc_hd__clkbuf_16)
                                         clknet_2_3__leaf_CLK100MHZ (net)
                  0.08    0.00    0.68 ^ _249_/CLK (sky130_fd_sc_hd__dfrtp_4)
                          0.25    0.93   clock uncertainty
                         -0.06    0.86   clock reconvergence pessimism
                         -0.12    0.74   library hold time
                                  0.74   data required time
-----------------------------------------------------------------------------
                                  0.74   data required time
                                 -1.88   data arrival time
-----------------------------------------------------------------------------
                                  1.14   slack (MET)


Startpoint: _267_ (rising edge-triggered flip-flop clocked by CLK100MHZ)
Endpoint: _267_ (rising edge-triggered flip-flop clocked by CLK100MHZ)
Path Group: CLK100MHZ
Path Type: min
Corner: Slowest

Fanout     Cap    Slew   Delay    Time   Description
-----------------------------------------------------------------------------
                          0.00    0.00   clock CLK100MHZ (rise edge)
                          0.00    0.00   clock source latency
     1    0.02    0.15    0.10    0.10 ^ CLK100MHZ (in)
                                         CLK100MHZ (net)
                  0.15    0.00    0.10 ^ clkbuf_0_CLK100MHZ/A (sky130_fd_sc_hd__clkbuf_16)
     4    0.04    0.10    0.28    0.37 ^ clkbuf_0_CLK100MHZ/X (sky130_fd_sc_hd__clkbuf_16)
                                         clknet_0_CLK100MHZ (net)
                  0.10    0.00    0.37 ^ clkbuf_2_3__f_CLK100MHZ/A (sky130_fd_sc_hd__clkbuf_16)
     8    0.03    0.08    0.24    0.61 ^ clkbuf_2_3__f_CLK100MHZ/X (sky130_fd_sc_hd__clkbuf_16)
                                         clknet_2_3__leaf_CLK100MHZ (net)
                  0.08    0.00    0.61 ^ _267_/CLK (sky130_fd_sc_hd__dfrtp_1)
     4    0.03    0.37    0.83    1.44 ^ _267_/Q (sky130_fd_sc_hd__dfrtp_1)
                                         decoder.delay[17] (net)
                  0.37    0.00    1.44 ^ _208_/B1 (sky130_fd_sc_hd__a21oi_1)
     1    0.01    0.11    0.18    1.63 v _208_/Y (sky130_fd_sc_hd__a21oi_1)
                                         _109_ (net)
                  0.11    0.00    1.63 v _210_/A (sky130_fd_sc_hd__nor2_1)
     1    0.01    0.30    0.30    1.92 ^ _210_/Y (sky130_fd_sc_hd__nor2_1)
                                         _008_ (net)
                  0.30    0.00    1.93 ^ _267_/D (sky130_fd_sc_hd__dfrtp_1)
                                  1.93   data arrival time

                          0.00    0.00   clock CLK100MHZ (rise edge)
                          0.00    0.00   clock source latency
     1    0.02    0.15    0.11    0.11 ^ CLK100MHZ (in)
                                         CLK100MHZ (net)
                  0.15    0.00    0.11 ^ clkbuf_0_CLK100MHZ/A (sky130_fd_sc_hd__clkbuf_16)
     4    0.04    0.10    0.31    0.41 ^ clkbuf_0_CLK100MHZ/X (sky130_fd_sc_hd__clkbuf_16)
                                         clknet_0_CLK100MHZ (net)
                  0.10    0.00    0.41 ^ clkbuf_2_3__f_CLK100MHZ/A (sky130_fd_sc_hd__clkbuf_16)
     8    0.03    0.08    0.26    0.67 ^ clkbuf_2_3__f_CLK100MHZ/X (sky130_fd_sc_hd__clkbuf_16)
                                         clknet_2_3__leaf_CLK100MHZ (net)
                  0.08    0.00    0.68 ^ _267_/CLK (sky130_fd_sc_hd__dfrtp_1)
                          0.25    0.93   clock uncertainty
                         -0.06    0.86   clock reconvergence pessimism
                         -0.13    0.73   library hold time
                                  0.73   data required time
-----------------------------------------------------------------------------
                                  0.73   data required time
                                 -1.93   data arrival time
-----------------------------------------------------------------------------
                                  1.19   slack (MET)


Startpoint: _252_ (rising edge-triggered flip-flop clocked by CLK100MHZ)
Endpoint: _252_ (rising edge-triggered flip-flop clocked by CLK100MHZ)
Path Group: CLK100MHZ
Path Type: min
Corner: Slowest

Fanout     Cap    Slew   Delay    Time   Description
-----------------------------------------------------------------------------
                          0.00    0.00   clock CLK100MHZ (rise edge)
                          0.00    0.00   clock source latency
     1    0.02    0.15    0.10    0.10 ^ CLK100MHZ (in)
                                         CLK100MHZ (net)
                  0.15    0.00    0.10 ^ clkbuf_0_CLK100MHZ/A (sky130_fd_sc_hd__clkbuf_16)
     4    0.04    0.10    0.28    0.37 ^ clkbuf_0_CLK100MHZ/X (sky130_fd_sc_hd__clkbuf_16)
                                         clknet_0_CLK100MHZ (net)
                  0.10    0.00    0.38 ^ clkbuf_2_2__f_CLK100MHZ/A (sky130_fd_sc_hd__clkbuf_16)
     8    0.03    0.08    0.24    0.61 ^ clkbuf_2_2__f_CLK100MHZ/X (sky130_fd_sc_hd__clkbuf_16)
                                         clknet_2_2__leaf_CLK100MHZ (net)
                  0.08    0.00    0.62 ^ _252_/CLK (sky130_fd_sc_hd__dfrtp_2)
     3    0.04    0.31    0.85    1.47 ^ _252_/Q (sky130_fd_sc_hd__dfrtp_2)
                                         decoder.delay[2] (net)
                  0.31    0.00    1.47 ^ _170_/A (sky130_fd_sc_hd__xnor2_1)
     1    0.02    0.34    0.45    1.93 ^ _170_/Y (sky130_fd_sc_hd__xnor2_1)
                                         _017_ (net)
                  0.34    0.00    1.93 ^ _252_/D (sky130_fd_sc_hd__dfrtp_2)
                                  1.93   data arrival time

                          0.00    0.00   clock CLK100MHZ (rise edge)
                          0.00    0.00   clock source latency
     1    0.02    0.15    0.11    0.11 ^ CLK100MHZ (in)
                                         CLK100MHZ (net)
                  0.15    0.00    0.11 ^ clkbuf_0_CLK100MHZ/A (sky130_fd_sc_hd__clkbuf_16)
     4    0.04    0.10    0.31    0.41 ^ clkbuf_0_CLK100MHZ/X (sky130_fd_sc_hd__clkbuf_16)
                                         clknet_0_CLK100MHZ (net)
                  0.10    0.00    0.42 ^ clkbuf_2_2__f_CLK100MHZ/A (sky130_fd_sc_hd__clkbuf_16)
     8    0.03    0.08    0.26    0.68 ^ clkbuf_2_2__f_CLK100MHZ/X (sky130_fd_sc_hd__clkbuf_16)
                                         clknet_2_2__leaf_CLK100MHZ (net)
                  0.08    0.00    0.68 ^ _252_/CLK (sky130_fd_sc_hd__dfrtp_2)
                          0.25    0.93   clock uncertainty
                         -0.06    0.87   clock reconvergence pessimism
                         -0.14    0.73   library hold time
                                  0.73   data required time
-----------------------------------------------------------------------------
                                  0.73   data required time
                                 -1.93   data arrival time
-----------------------------------------------------------------------------
                                  1.20   slack (MET)


Startpoint: _263_ (rising edge-triggered flip-flop clocked by CLK100MHZ)
Endpoint: _263_ (rising edge-triggered flip-flop clocked by CLK100MHZ)
Path Group: CLK100MHZ
Path Type: min
Corner: Slowest

Fanout     Cap    Slew   Delay    Time   Description
-----------------------------------------------------------------------------
                          0.00    0.00   clock CLK100MHZ (rise edge)
                          0.00    0.00   clock source latency
     1    0.02    0.15    0.10    0.10 ^ CLK100MHZ (in)
                                         CLK100MHZ (net)
                  0.15    0.00    0.10 ^ clkbuf_0_CLK100MHZ/A (sky130_fd_sc_hd__clkbuf_16)
     4    0.04    0.10    0.28    0.37 ^ clkbuf_0_CLK100MHZ/X (sky130_fd_sc_hd__clkbuf_16)
                                         clknet_0_CLK100MHZ (net)
                  0.10    0.00    0.38 ^ clkbuf_2_2__f_CLK100MHZ/A (sky130_fd_sc_hd__clkbuf_16)
     8    0.03    0.08    0.24    0.61 ^ clkbuf_2_2__f_CLK100MHZ/X (sky130_fd_sc_hd__clkbuf_16)
                                         clknet_2_2__leaf_CLK100MHZ (net)
                  0.08    0.00    0.62 ^ _263_/CLK (sky130_fd_sc_hd__dfrtp_1)
     4    0.03    0.44    0.89    1.50 ^ _263_/Q (sky130_fd_sc_hd__dfrtp_1)
                                         decoder.delay[13] (net)
                  0.44    0.00    1.50 ^ _202_/A1 (sky130_fd_sc_hd__o21ba_1)
     1    0.01    0.21    0.47    1.97 ^ _202_/X (sky130_fd_sc_hd__o21ba_1)
                                         _004_ (net)
                  0.21    0.00    1.97 ^ _263_/D (sky130_fd_sc_hd__dfrtp_1)
                                  1.97   data arrival time

                          0.00    0.00   clock CLK100MHZ (rise edge)
                          0.00    0.00   clock source latency
     1    0.02    0.15    0.11    0.11 ^ CLK100MHZ (in)
                                         CLK100MHZ (net)
                  0.15    0.00    0.11 ^ clkbuf_0_CLK100MHZ/A (sky130_fd_sc_hd__clkbuf_16)
     4    0.04    0.10    0.31    0.41 ^ clkbuf_0_CLK100MHZ/X (sky130_fd_sc_hd__clkbuf_16)
                                         clknet_0_CLK100MHZ (net)
                  0.10    0.00    0.42 ^ clkbuf_2_2__f_CLK100MHZ/A (sky130_fd_sc_hd__clkbuf_16)
     8    0.03    0.08    0.26    0.68 ^ clkbuf_2_2__f_CLK100MHZ/X (sky130_fd_sc_hd__clkbuf_16)
                                         clknet_2_2__leaf_CLK100MHZ (net)
                  0.08    0.00    0.68 ^ _263_/CLK (sky130_fd_sc_hd__dfrtp_1)
                          0.25    0.93   clock uncertainty
                         -0.06    0.87   clock reconvergence pessimism
                         -0.11    0.76   library hold time
                                  0.76   data required time
-----------------------------------------------------------------------------
                                  0.76   data required time
                                 -1.97   data arrival time
-----------------------------------------------------------------------------
                                  1.21   slack (MET)


Startpoint: _265_ (rising edge-triggered flip-flop clocked by CLK100MHZ)
Endpoint: _265_ (rising edge-triggered flip-flop clocked by CLK100MHZ)
Path Group: CLK100MHZ
Path Type: min
Corner: Slowest

Fanout     Cap    Slew   Delay    Time   Description
-----------------------------------------------------------------------------
                          0.00    0.00   clock CLK100MHZ (rise edge)
                          0.00    0.00   clock source latency
     1    0.02    0.15    0.10    0.10 ^ CLK100MHZ (in)
                                         CLK100MHZ (net)
                  0.15    0.00    0.10 ^ clkbuf_0_CLK100MHZ/A (sky130_fd_sc_hd__clkbuf_16)
     4    0.04    0.10    0.28    0.37 ^ clkbuf_0_CLK100MHZ/X (sky130_fd_sc_hd__clkbuf_16)
                                         clknet_0_CLK100MHZ (net)
                  0.10    0.00    0.37 ^ clkbuf_2_1__f_CLK100MHZ/A (sky130_fd_sc_hd__clkbuf_16)
     8    0.02    0.07    0.23    0.60 ^ clkbuf_2_1__f_CLK100MHZ/X (sky130_fd_sc_hd__clkbuf_16)
                                         clknet_2_1__leaf_CLK100MHZ (net)
                  0.07    0.00    0.60 ^ _265_/CLK (sky130_fd_sc_hd__dfrtp_1)
     2    0.02    0.26    0.87    1.47 v _265_/Q (sky130_fd_sc_hd__dfrtp_1)
                                         decoder.delay[15] (net)
                  0.26    0.00    1.47 v _205_/B1 (sky130_fd_sc_hd__a21oi_1)
     1    0.01    0.22    0.29    1.77 ^ _205_/Y (sky130_fd_sc_hd__a21oi_1)
                                         _108_ (net)
                  0.22    0.00    1.77 ^ _206_/B (sky130_fd_sc_hd__nor2_1)
     1    0.01    0.13    0.19    1.96 v _206_/Y (sky130_fd_sc_hd__nor2_1)
                                         _006_ (net)
                  0.13    0.00    1.96 v _265_/D (sky130_fd_sc_hd__dfrtp_1)
                                  1.96   data arrival time

                          0.00    0.00   clock CLK100MHZ (rise edge)
                          0.00    0.00   clock source latency
     1    0.02    0.15    0.11    0.11 ^ CLK100MHZ (in)
                                         CLK100MHZ (net)
                  0.15    0.00    0.11 ^ clkbuf_0_CLK100MHZ/A (sky130_fd_sc_hd__clkbuf_16)
     4    0.04    0.10    0.31    0.41 ^ clkbuf_0_CLK100MHZ/X (sky130_fd_sc_hd__clkbuf_16)
                                         clknet_0_CLK100MHZ (net)
                  0.10    0.00    0.41 ^ clkbuf_2_1__f_CLK100MHZ/A (sky130_fd_sc_hd__clkbuf_16)
     8    0.02    0.07    0.25    0.67 ^ clkbuf_2_1__f_CLK100MHZ/X (sky130_fd_sc_hd__clkbuf_16)
                                         clknet_2_1__leaf_CLK100MHZ (net)
                  0.07    0.00    0.67 ^ _265_/CLK (sky130_fd_sc_hd__dfrtp_1)
                          0.25    0.92   clock uncertainty
                         -0.06    0.85   clock reconvergence pessimism
                         -0.12    0.74   library hold time
                                  0.74   data required time
-----------------------------------------------------------------------------
                                  0.74   data required time
                                 -1.96   data arrival time
-----------------------------------------------------------------------------
                                  1.22   slack (MET)


Startpoint: _274_ (rising edge-triggered flip-flop clocked by CLK100MHZ)
Endpoint: _248_ (rising edge-triggered flip-flop clocked by CLK100MHZ)
Path Group: CLK100MHZ
Path Type: min
Corner: Slowest

Fanout     Cap    Slew   Delay    Time   Description
-----------------------------------------------------------------------------
                          0.00    0.00   clock CLK100MHZ (rise edge)
                          0.00    0.00   clock source latency
     1    0.02    0.15    0.10    0.10 ^ CLK100MHZ (in)
                                         CLK100MHZ (net)
                  0.15    0.00    0.10 ^ clkbuf_0_CLK100MHZ/A (sky130_fd_sc_hd__clkbuf_16)
     4    0.04    0.10    0.28    0.37 ^ clkbuf_0_CLK100MHZ/X (sky130_fd_sc_hd__clkbuf_16)
                                         clknet_0_CLK100MHZ (net)
                  0.10    0.00    0.37 ^ clkbuf_2_3__f_CLK100MHZ/A (sky130_fd_sc_hd__clkbuf_16)
     8    0.03    0.08    0.24    0.61 ^ clkbuf_2_3__f_CLK100MHZ/X (sky130_fd_sc_hd__clkbuf_16)
                                         clknet_2_3__leaf_CLK100MHZ (net)
                  0.08    0.00    0.61 ^ _274_/CLK (sky130_fd_sc_hd__dfrtp_2)
     5    0.03    0.20    0.90    1.51 v _274_/Q (sky130_fd_sc_hd__dfrtp_2)
                                         decoder.delay[24] (net)
                  0.20    0.00    1.51 v _135_/D (sky130_fd_sc_hd__nand4b_2)
     2    0.03    0.25    0.32    1.84 ^ _135_/Y (sky130_fd_sc_hd__nand4b_2)
                                         _067_ (net)
                  0.25    0.00    1.84 ^ _138_/A3 (sky130_fd_sc_hd__o31ai_1)
     1    0.00    0.09    0.19    2.03 v _138_/Y (sky130_fd_sc_hd__o31ai_1)
                                         _056_ (net)
                  0.09    0.00    2.03 v _248_/D (sky130_fd_sc_hd__dfrtp_4)
                                  2.03   data arrival time

                          0.00    0.00   clock CLK100MHZ (rise edge)
                          0.00    0.00   clock source latency
     1    0.02    0.15    0.11    0.11 ^ CLK100MHZ (in)
                                         CLK100MHZ (net)
                  0.15    0.00    0.11 ^ clkbuf_0_CLK100MHZ/A (sky130_fd_sc_hd__clkbuf_16)
     4    0.04    0.10    0.31    0.41 ^ clkbuf_0_CLK100MHZ/X (sky130_fd_sc_hd__clkbuf_16)
                                         clknet_0_CLK100MHZ (net)
                  0.10    0.00    0.41 ^ clkbuf_2_0__f_CLK100MHZ/A (sky130_fd_sc_hd__clkbuf_16)
     8    0.03    0.08    0.26    0.68 ^ clkbuf_2_0__f_CLK100MHZ/X (sky130_fd_sc_hd__clkbuf_16)
                                         clknet_2_0__leaf_CLK100MHZ (net)
                  0.08    0.00    0.68 ^ _248_/CLK (sky130_fd_sc_hd__dfrtp_4)
                          0.25    0.93   clock uncertainty
                         -0.04    0.89   clock reconvergence pessimism
                         -0.10    0.79   library hold time
                                  0.79   data required time
-----------------------------------------------------------------------------
                                  0.79   data required time
                                 -2.03   data arrival time
-----------------------------------------------------------------------------
                                  1.24   slack (MET)


Startpoint: _274_ (rising edge-triggered flip-flop clocked by CLK100MHZ)
Endpoint: _246_ (rising edge-triggered flip-flop clocked by CLK100MHZ)
Path Group: CLK100MHZ
Path Type: min
Corner: Slowest

Fanout     Cap    Slew   Delay    Time   Description
-----------------------------------------------------------------------------
                          0.00    0.00   clock CLK100MHZ (rise edge)
                          0.00    0.00   clock source latency
     1    0.02    0.15    0.10    0.10 ^ CLK100MHZ (in)
                                         CLK100MHZ (net)
                  0.15    0.00    0.10 ^ clkbuf_0_CLK100MHZ/A (sky130_fd_sc_hd__clkbuf_16)
     4    0.04    0.10    0.28    0.37 ^ clkbuf_0_CLK100MHZ/X (sky130_fd_sc_hd__clkbuf_16)
                                         clknet_0_CLK100MHZ (net)
                  0.10    0.00    0.37 ^ clkbuf_2_3__f_CLK100MHZ/A (sky130_fd_sc_hd__clkbuf_16)
     8    0.03    0.08    0.24    0.61 ^ clkbuf_2_3__f_CLK100MHZ/X (sky130_fd_sc_hd__clkbuf_16)
                                         clknet_2_3__leaf_CLK100MHZ (net)
                  0.08    0.00    0.61 ^ _274_/CLK (sky130_fd_sc_hd__dfrtp_2)
     5    0.03    0.20    0.90    1.51 v _274_/Q (sky130_fd_sc_hd__dfrtp_2)
                                         decoder.delay[24] (net)
                  0.20    0.00    1.51 v _135_/D (sky130_fd_sc_hd__nand4b_2)
     2    0.03    0.25    0.32    1.84 ^ _135_/Y (sky130_fd_sc_hd__nand4b_2)
                                         _067_ (net)
                  0.25    0.00    1.84 ^ _142_/A2 (sky130_fd_sc_hd__a21oi_1)
     1    0.01    0.13    0.27    2.11 v _142_/Y (sky130_fd_sc_hd__a21oi_1)
                                         _054_ (net)
                  0.13    0.00    2.11 v _246_/D (sky130_fd_sc_hd__dfrtp_4)
                                  2.11   data arrival time

                          0.00    0.00   clock CLK100MHZ (rise edge)
                          0.00    0.00   clock source latency
     1    0.02    0.15    0.11    0.11 ^ CLK100MHZ (in)
                                         CLK100MHZ (net)
                  0.15    0.00    0.11 ^ clkbuf_0_CLK100MHZ/A (sky130_fd_sc_hd__clkbuf_16)
     4    0.04    0.10    0.31    0.41 ^ clkbuf_0_CLK100MHZ/X (sky130_fd_sc_hd__clkbuf_16)
                                         clknet_0_CLK100MHZ (net)
                  0.10    0.00    0.41 ^ clkbuf_2_1__f_CLK100MHZ/A (sky130_fd_sc_hd__clkbuf_16)
     8    0.02    0.07    0.25    0.67 ^ clkbuf_2_1__f_CLK100MHZ/X (sky130_fd_sc_hd__clkbuf_16)
                                         clknet_2_1__leaf_CLK100MHZ (net)
                  0.07    0.00    0.67 ^ _246_/CLK (sky130_fd_sc_hd__dfrtp_4)
                          0.25    0.92   clock uncertainty
                         -0.04    0.88   clock reconvergence pessimism
                         -0.11    0.76   library hold time
                                  0.76   data required time
-----------------------------------------------------------------------------
                                  0.76   data required time
                                 -2.11   data arrival time
-----------------------------------------------------------------------------
                                  1.34   slack (MET)


Startpoint: _260_ (rising edge-triggered flip-flop clocked by CLK100MHZ)
Endpoint: _260_ (rising edge-triggered flip-flop clocked by CLK100MHZ)
Path Group: CLK100MHZ
Path Type: min
Corner: Slowest

Fanout     Cap    Slew   Delay    Time   Description
-----------------------------------------------------------------------------
                          0.00    0.00   clock CLK100MHZ (rise edge)
                          0.00    0.00   clock source latency
     1    0.02    0.15    0.10    0.10 ^ CLK100MHZ (in)
                                         CLK100MHZ (net)
                  0.15    0.00    0.10 ^ clkbuf_0_CLK100MHZ/A (sky130_fd_sc_hd__clkbuf_16)
     4    0.04    0.10    0.28    0.37 ^ clkbuf_0_CLK100MHZ/X (sky130_fd_sc_hd__clkbuf_16)
                                         clknet_0_CLK100MHZ (net)
                  0.10    0.00    0.37 ^ clkbuf_2_1__f_CLK100MHZ/A (sky130_fd_sc_hd__clkbuf_16)
     8    0.02    0.07    0.23    0.60 ^ clkbuf_2_1__f_CLK100MHZ/X (sky130_fd_sc_hd__clkbuf_16)
                                         clknet_2_1__leaf_CLK100MHZ (net)
                  0.07    0.00    0.60 ^ _260_/CLK (sky130_fd_sc_hd__dfrtp_1)
     3    0.03    0.43    0.87    1.48 ^ _260_/Q (sky130_fd_sc_hd__dfrtp_1)
                                         decoder.delay[10] (net)
                  0.43    0.00    1.48 ^ _193_/B1 (sky130_fd_sc_hd__a31o_1)
     1    0.01    0.16    0.34    1.82 ^ _193_/X (sky130_fd_sc_hd__a31o_1)
                                         _101_ (net)
                  0.16    0.00    1.82 ^ _194_/B1_N (sky130_fd_sc_hd__a21boi_1)
     1    0.00    0.16    0.28    2.10 ^ _194_/Y (sky130_fd_sc_hd__a21boi_1)
                                         _001_ (net)
                  0.16    0.00    2.10 ^ _260_/D (sky130_fd_sc_hd__dfrtp_1)
                                  2.10   data arrival time

                          0.00    0.00   clock CLK100MHZ (rise edge)
                          0.00    0.00   clock source latency
     1    0.02    0.15    0.11    0.11 ^ CLK100MHZ (in)
                                         CLK100MHZ (net)
                  0.15    0.00    0.11 ^ clkbuf_0_CLK100MHZ/A (sky130_fd_sc_hd__clkbuf_16)
     4    0.04    0.10    0.31    0.41 ^ clkbuf_0_CLK100MHZ/X (sky130_fd_sc_hd__clkbuf_16)
                                         clknet_0_CLK100MHZ (net)
                  0.10    0.00    0.41 ^ clkbuf_2_1__f_CLK100MHZ/A (sky130_fd_sc_hd__clkbuf_16)
     8    0.02    0.07    0.25    0.67 ^ clkbuf_2_1__f_CLK100MHZ/X (sky130_fd_sc_hd__clkbuf_16)
                                         clknet_2_1__leaf_CLK100MHZ (net)
                  0.07    0.00    0.67 ^ _260_/CLK (sky130_fd_sc_hd__dfrtp_1)
                          0.25    0.92   clock uncertainty
                         -0.06    0.85   clock reconvergence pessimism
                         -0.10    0.76   library hold time
                                  0.76   data required time
-----------------------------------------------------------------------------
                                  0.76   data required time
                                 -2.10   data arrival time
-----------------------------------------------------------------------------
                                  1.35   slack (MET)


Startpoint: BTNC (input port clocked by CLK100MHZ)
Endpoint: _253_ (removal check against rising-edge clock CLK100MHZ)
Path Group: asynchronous
Path Type: min
Corner: Slowest

Fanout     Cap    Slew   Delay    Time   Description
-----------------------------------------------------------------------------
                          0.00    0.00   clock CLK100MHZ (rise edge)
                          0.00    0.00   clock network delay (propagated)
                          2.00    2.00 v input external delay
     2    0.02    0.10    0.07    2.07 v BTNC (in)
                                         BTNC (net)
                  0.10    0.00    2.07 v _214_/A (sky130_fd_sc_hd__buf_4)
    10    0.07    0.18    0.36    2.43 v _214_/X (sky130_fd_sc_hd__buf_4)
                                         _112_ (net)
                  0.18    0.01    2.43 v _215_/A (sky130_fd_sc_hd__buf_4)
    10    0.08    0.19    0.40    2.83 v _215_/X (sky130_fd_sc_hd__buf_4)
                                         _113_ (net)
                  0.19    0.01    2.84 v _223_/A (sky130_fd_sc_hd__inv_2)
     1    0.01    0.09    0.14    2.98 ^ _223_/Y (sky130_fd_sc_hd__inv_2)
                                         _032_ (net)
                  0.09    0.00    2.98 ^ _253_/RESET_B (sky130_fd_sc_hd__dfrtp_1)
                                  2.98   data arrival time

                          0.00    0.00   clock CLK100MHZ (rise edge)
                          0.00    0.00   clock source latency
     1    0.02    0.15    0.11    0.11 ^ CLK100MHZ (in)
                                         CLK100MHZ (net)
                  0.15    0.00    0.11 ^ clkbuf_0_CLK100MHZ/A (sky130_fd_sc_hd__clkbuf_16)
     4    0.04    0.10    0.31    0.41 ^ clkbuf_0_CLK100MHZ/X (sky130_fd_sc_hd__clkbuf_16)
                                         clknet_0_CLK100MHZ (net)
                  0.10    0.00    0.42 ^ clkbuf_2_2__f_CLK100MHZ/A (sky130_fd_sc_hd__clkbuf_16)
     8    0.03    0.08    0.26    0.68 ^ clkbuf_2_2__f_CLK100MHZ/X (sky130_fd_sc_hd__clkbuf_16)
                                         clknet_2_2__leaf_CLK100MHZ (net)
                  0.08    0.00    0.68 ^ _253_/CLK (sky130_fd_sc_hd__dfrtp_1)
                          0.25    0.93   clock uncertainty
                          0.00    0.93   clock reconvergence pessimism
                          0.67    1.60   library removal time
                                  1.60   data required time
-----------------------------------------------------------------------------
                                  1.60   data required time
                                 -2.98   data arrival time
-----------------------------------------------------------------------------
                                  1.38   slack (MET)


Startpoint: BTNC (input port clocked by CLK100MHZ)
Endpoint: _251_ (removal check against rising-edge clock CLK100MHZ)
Path Group: asynchronous
Path Type: min
Corner: Slowest

Fanout     Cap    Slew   Delay    Time   Description
-----------------------------------------------------------------------------
                          0.00    0.00   clock CLK100MHZ (rise edge)
                          0.00    0.00   clock network delay (propagated)
                          2.00    2.00 v input external delay
     2    0.02    0.10    0.07    2.07 v BTNC (in)
                                         BTNC (net)
                  0.10    0.00    2.07 v _214_/A (sky130_fd_sc_hd__buf_4)
    10    0.07    0.18    0.36    2.43 v _214_/X (sky130_fd_sc_hd__buf_4)
                                         _112_ (net)
                  0.18    0.01    2.43 v _215_/A (sky130_fd_sc_hd__buf_4)
    10    0.08    0.19    0.40    2.83 v _215_/X (sky130_fd_sc_hd__buf_4)
                                         _113_ (net)
                  0.19    0.00    2.84 v _221_/A (sky130_fd_sc_hd__inv_2)
     1    0.01    0.09    0.14    2.98 ^ _221_/Y (sky130_fd_sc_hd__inv_2)
                                         _030_ (net)
                  0.09    0.00    2.98 ^ _251_/RESET_B (sky130_fd_sc_hd__dfrtp_2)
                                  2.98   data arrival time

                          0.00    0.00   clock CLK100MHZ (rise edge)
                          0.00    0.00   clock source latency
     1    0.02    0.15    0.11    0.11 ^ CLK100MHZ (in)
                                         CLK100MHZ (net)
                  0.15    0.00    0.11 ^ clkbuf_0_CLK100MHZ/A (sky130_fd_sc_hd__clkbuf_16)
     4    0.04    0.10    0.31    0.41 ^ clkbuf_0_CLK100MHZ/X (sky130_fd_sc_hd__clkbuf_16)
                                         clknet_0_CLK100MHZ (net)
                  0.10    0.00    0.42 ^ clkbuf_2_2__f_CLK100MHZ/A (sky130_fd_sc_hd__clkbuf_16)
     8    0.03    0.08    0.26    0.68 ^ clkbuf_2_2__f_CLK100MHZ/X (sky130_fd_sc_hd__clkbuf_16)
                                         clknet_2_2__leaf_CLK100MHZ (net)
                  0.08    0.00    0.68 ^ _251_/CLK (sky130_fd_sc_hd__dfrtp_2)
                          0.25    0.93   clock uncertainty
                          0.00    0.93   clock reconvergence pessimism
                          0.67    1.60   library removal time
                                  1.60   data required time
-----------------------------------------------------------------------------
                                  1.60   data required time
                                 -2.98   data arrival time
-----------------------------------------------------------------------------
                                  1.38   slack (MET)


Startpoint: BTNC (input port clocked by CLK100MHZ)
Endpoint: _249_ (removal check against rising-edge clock CLK100MHZ)
Path Group: asynchronous
Path Type: min
Corner: Slowest

Fanout     Cap    Slew   Delay    Time   Description
-----------------------------------------------------------------------------
                          0.00    0.00   clock CLK100MHZ (rise edge)
                          0.00    0.00   clock network delay (propagated)
                          2.00    2.00 v input external delay
     2    0.02    0.10    0.07    2.07 v BTNC (in)
                                         BTNC (net)
                  0.10    0.00    2.07 v _214_/A (sky130_fd_sc_hd__buf_4)
    10    0.07    0.18    0.36    2.43 v _214_/X (sky130_fd_sc_hd__buf_4)
                                         _112_ (net)
                  0.18    0.01    2.43 v _215_/A (sky130_fd_sc_hd__buf_4)
    10    0.08    0.19    0.40    2.83 v _215_/X (sky130_fd_sc_hd__buf_4)
                                         _113_ (net)
                  0.19    0.01    2.84 v _219_/A (sky130_fd_sc_hd__inv_2)
     1    0.01    0.09    0.14    2.98 ^ _219_/Y (sky130_fd_sc_hd__inv_2)
                                         _028_ (net)
                  0.09    0.00    2.98 ^ _249_/RESET_B (sky130_fd_sc_hd__dfrtp_4)
                                  2.98   data arrival time

                          0.00    0.00   clock CLK100MHZ (rise edge)
                          0.00    0.00   clock source latency
     1    0.02    0.15    0.11    0.11 ^ CLK100MHZ (in)
                                         CLK100MHZ (net)
                  0.15    0.00    0.11 ^ clkbuf_0_CLK100MHZ/A (sky130_fd_sc_hd__clkbuf_16)
     4    0.04    0.10    0.31    0.41 ^ clkbuf_0_CLK100MHZ/X (sky130_fd_sc_hd__clkbuf_16)
                                         clknet_0_CLK100MHZ (net)
                  0.10    0.00    0.41 ^ clkbuf_2_3__f_CLK100MHZ/A (sky130_fd_sc_hd__clkbuf_16)
     8    0.03    0.08    0.26    0.67 ^ clkbuf_2_3__f_CLK100MHZ/X (sky130_fd_sc_hd__clkbuf_16)
                                         clknet_2_3__leaf_CLK100MHZ (net)
                  0.08    0.00    0.68 ^ _249_/CLK (sky130_fd_sc_hd__dfrtp_4)
                          0.25    0.93   clock uncertainty
                          0.00    0.93   clock reconvergence pessimism
                          0.67    1.59   library removal time
                                  1.59   data required time
-----------------------------------------------------------------------------
                                  1.59   data required time
                                 -2.98   data arrival time
-----------------------------------------------------------------------------
                                  1.39   slack (MET)


Startpoint: BTNC (input port clocked by CLK100MHZ)
Endpoint: _247_ (removal check against rising-edge clock CLK100MHZ)
Path Group: asynchronous
Path Type: min
Corner: Slowest

Fanout     Cap    Slew   Delay    Time   Description
-----------------------------------------------------------------------------
                          0.00    0.00   clock CLK100MHZ (rise edge)
                          0.00    0.00   clock network delay (propagated)
                          2.00    2.00 v input external delay
     2    0.02    0.10    0.07    2.07 v BTNC (in)
                                         BTNC (net)
                  0.10    0.00    2.07 v _214_/A (sky130_fd_sc_hd__buf_4)
    10    0.07    0.18    0.36    2.43 v _214_/X (sky130_fd_sc_hd__buf_4)
                                         _112_ (net)
                  0.18    0.01    2.43 v _215_/A (sky130_fd_sc_hd__buf_4)
    10    0.08    0.19    0.40    2.83 v _215_/X (sky130_fd_sc_hd__buf_4)
                                         _113_ (net)
                  0.19    0.01    2.84 v _217_/A (sky130_fd_sc_hd__inv_2)
     1    0.01    0.09    0.14    2.98 ^ _217_/Y (sky130_fd_sc_hd__inv_2)
                                         _026_ (net)
                  0.09    0.00    2.98 ^ _247_/RESET_B (sky130_fd_sc_hd__dfrtp_4)
                                  2.98   data arrival time

                          0.00    0.00   clock CLK100MHZ (rise edge)
                          0.00    0.00   clock source latency
     1    0.02    0.15    0.11    0.11 ^ CLK100MHZ (in)
                                         CLK100MHZ (net)
                  0.15    0.00    0.11 ^ clkbuf_0_CLK100MHZ/A (sky130_fd_sc_hd__clkbuf_16)
     4    0.04    0.10    0.31    0.41 ^ clkbuf_0_CLK100MHZ/X (sky130_fd_sc_hd__clkbuf_16)
                                         clknet_0_CLK100MHZ (net)
                  0.10    0.00    0.41 ^ clkbuf_2_3__f_CLK100MHZ/A (sky130_fd_sc_hd__clkbuf_16)
     8    0.03    0.08    0.26    0.67 ^ clkbuf_2_3__f_CLK100MHZ/X (sky130_fd_sc_hd__clkbuf_16)
                                         clknet_2_3__leaf_CLK100MHZ (net)
                  0.08    0.00    0.68 ^ _247_/CLK (sky130_fd_sc_hd__dfrtp_4)
                          0.25    0.93   clock uncertainty
                          0.00    0.93   clock reconvergence pessimism
                          0.67    1.59   library removal time
                                  1.59   data required time
-----------------------------------------------------------------------------
                                  1.59   data required time
                                 -2.98   data arrival time
-----------------------------------------------------------------------------
                                  1.39   slack (MET)


Startpoint: BTNC (input port clocked by CLK100MHZ)
Endpoint: _246_ (removal check against rising-edge clock CLK100MHZ)
Path Group: asynchronous
Path Type: min
Corner: Slowest

Fanout     Cap    Slew   Delay    Time   Description
-----------------------------------------------------------------------------
                          0.00    0.00   clock CLK100MHZ (rise edge)
                          0.00    0.00   clock network delay (propagated)
                          2.00    2.00 v input external delay
     2    0.02    0.10    0.07    2.07 v BTNC (in)
                                         BTNC (net)
                  0.10    0.00    2.07 v _214_/A (sky130_fd_sc_hd__buf_4)
    10    0.07    0.18    0.36    2.43 v _214_/X (sky130_fd_sc_hd__buf_4)
                                         _112_ (net)
                  0.18    0.01    2.43 v _215_/A (sky130_fd_sc_hd__buf_4)
    10    0.08    0.19    0.40    2.83 v _215_/X (sky130_fd_sc_hd__buf_4)
                                         _113_ (net)
                  0.19    0.01    2.84 v _216_/A (sky130_fd_sc_hd__inv_2)
     1    0.01    0.08    0.13    2.97 ^ _216_/Y (sky130_fd_sc_hd__inv_2)
                                         _025_ (net)
                  0.08    0.00    2.97 ^ _246_/RESET_B (sky130_fd_sc_hd__dfrtp_4)
                                  2.97   data arrival time

                          0.00    0.00   clock CLK100MHZ (rise edge)
                          0.00    0.00   clock source latency
     1    0.02    0.15    0.11    0.11 ^ CLK100MHZ (in)
                                         CLK100MHZ (net)
                  0.15    0.00    0.11 ^ clkbuf_0_CLK100MHZ/A (sky130_fd_sc_hd__clkbuf_16)
     4    0.04    0.10    0.31    0.41 ^ clkbuf_0_CLK100MHZ/X (sky130_fd_sc_hd__clkbuf_16)
                                         clknet_0_CLK100MHZ (net)
                  0.10    0.00    0.41 ^ clkbuf_2_1__f_CLK100MHZ/A (sky130_fd_sc_hd__clkbuf_16)
     8    0.02    0.07    0.25    0.67 ^ clkbuf_2_1__f_CLK100MHZ/X (sky130_fd_sc_hd__clkbuf_16)
                                         clknet_2_1__leaf_CLK100MHZ (net)
                  0.07    0.00    0.67 ^ _246_/CLK (sky130_fd_sc_hd__dfrtp_4)
                          0.25    0.92   clock uncertainty
                          0.00    0.92   clock reconvergence pessimism
                          0.66    1.58   library removal time
                                  1.58   data required time
-----------------------------------------------------------------------------
                                  1.58   data required time
                                 -2.97   data arrival time
-----------------------------------------------------------------------------
                                  1.39   slack (MET)


Startpoint: BTNC (input port clocked by CLK100MHZ)
Endpoint: _255_ (removal check against rising-edge clock CLK100MHZ)
Path Group: asynchronous
Path Type: min
Corner: Slowest

Fanout     Cap    Slew   Delay    Time   Description
-----------------------------------------------------------------------------
                          0.00    0.00   clock CLK100MHZ (rise edge)
                          0.00    0.00   clock network delay (propagated)
                          2.00    2.00 v input external delay
     2    0.02    0.10    0.07    2.07 v BTNC (in)
                                         BTNC (net)
                  0.10    0.00    2.07 v _214_/A (sky130_fd_sc_hd__buf_4)
    10    0.07    0.18    0.36    2.43 v _214_/X (sky130_fd_sc_hd__buf_4)
                                         _112_ (net)
                  0.18    0.01    2.43 v _215_/A (sky130_fd_sc_hd__buf_4)
    10    0.08    0.19    0.40    2.83 v _215_/X (sky130_fd_sc_hd__buf_4)
                                         _113_ (net)
                  0.19    0.01    2.84 v _225_/A (sky130_fd_sc_hd__inv_2)
     1    0.01    0.12    0.16    3.01 ^ _225_/Y (sky130_fd_sc_hd__inv_2)
                                         _034_ (net)
                  0.12    0.00    3.01 ^ _255_/RESET_B (sky130_fd_sc_hd__dfrtp_2)
                                  3.01   data arrival time

                          0.00    0.00   clock CLK100MHZ (rise edge)
                          0.00    0.00   clock source latency
     1    0.02    0.15    0.11    0.11 ^ CLK100MHZ (in)
                                         CLK100MHZ (net)
                  0.15    0.00    0.11 ^ clkbuf_0_CLK100MHZ/A (sky130_fd_sc_hd__clkbuf_16)
     4    0.04    0.10    0.31    0.41 ^ clkbuf_0_CLK100MHZ/X (sky130_fd_sc_hd__clkbuf_16)
                                         clknet_0_CLK100MHZ (net)
                  0.10    0.00    0.41 ^ clkbuf_2_0__f_CLK100MHZ/A (sky130_fd_sc_hd__clkbuf_16)
     8    0.03    0.08    0.26    0.68 ^ clkbuf_2_0__f_CLK100MHZ/X (sky130_fd_sc_hd__clkbuf_16)
                                         clknet_2_0__leaf_CLK100MHZ (net)
                  0.08    0.00    0.68 ^ _255_/CLK (sky130_fd_sc_hd__dfrtp_2)
                          0.25    0.93   clock uncertainty
                          0.00    0.93   clock reconvergence pessimism
                          0.67    1.60   library removal time
                                  1.60   data required time
-----------------------------------------------------------------------------
                                  1.60   data required time
                                 -3.01   data arrival time
-----------------------------------------------------------------------------
                                  1.40   slack (MET)


Startpoint: BTNC (input port clocked by CLK100MHZ)
Endpoint: _250_ (removal check against rising-edge clock CLK100MHZ)
Path Group: asynchronous
Path Type: min
Corner: Slowest

Fanout     Cap    Slew   Delay    Time   Description
-----------------------------------------------------------------------------
                          0.00    0.00   clock CLK100MHZ (rise edge)
                          0.00    0.00   clock network delay (propagated)
                          2.00    2.00 v input external delay
     2    0.02    0.10    0.07    2.07 v BTNC (in)
                                         BTNC (net)
                  0.10    0.00    2.07 v _214_/A (sky130_fd_sc_hd__buf_4)
    10    0.07    0.18    0.36    2.43 v _214_/X (sky130_fd_sc_hd__buf_4)
                                         _112_ (net)
                  0.18    0.01    2.43 v _215_/A (sky130_fd_sc_hd__buf_4)
    10    0.08    0.19    0.40    2.83 v _215_/X (sky130_fd_sc_hd__buf_4)
                                         _113_ (net)
                  0.19    0.00    2.84 v _220_/A (sky130_fd_sc_hd__inv_2)
     1    0.02    0.14    0.18    3.02 ^ _220_/Y (sky130_fd_sc_hd__inv_2)
                                         _029_ (net)
                  0.14    0.00    3.02 ^ _250_/RESET_B (sky130_fd_sc_hd__dfrtp_2)
                                  3.02   data arrival time

                          0.00    0.00   clock CLK100MHZ (rise edge)
                          0.00    0.00   clock source latency
     1    0.02    0.15    0.11    0.11 ^ CLK100MHZ (in)
                                         CLK100MHZ (net)
                  0.15    0.00    0.11 ^ clkbuf_0_CLK100MHZ/A (sky130_fd_sc_hd__clkbuf_16)
     4    0.04    0.10    0.31    0.41 ^ clkbuf_0_CLK100MHZ/X (sky130_fd_sc_hd__clkbuf_16)
                                         clknet_0_CLK100MHZ (net)
                  0.10    0.00    0.42 ^ clkbuf_2_2__f_CLK100MHZ/A (sky130_fd_sc_hd__clkbuf_16)
     8    0.03    0.08    0.26    0.68 ^ clkbuf_2_2__f_CLK100MHZ/X (sky130_fd_sc_hd__clkbuf_16)
                                         clknet_2_2__leaf_CLK100MHZ (net)
                  0.08    0.00    0.68 ^ _250_/CLK (sky130_fd_sc_hd__dfrtp_2)
                          0.25    0.93   clock uncertainty
                          0.00    0.93   clock reconvergence pessimism
                          0.68    1.61   library removal time
                                  1.61   data required time
-----------------------------------------------------------------------------
                                  1.61   data required time
                                 -3.02   data arrival time
-----------------------------------------------------------------------------
                                  1.41   slack (MET)


Startpoint: BTNC (input port clocked by CLK100MHZ)
Endpoint: _252_ (removal check against rising-edge clock CLK100MHZ)
Path Group: asynchronous
Path Type: min
Corner: Slowest

Fanout     Cap    Slew   Delay    Time   Description
-----------------------------------------------------------------------------
                          0.00    0.00   clock CLK100MHZ (rise edge)
                          0.00    0.00   clock network delay (propagated)
                          2.00    2.00 v input external delay
     2    0.02    0.10    0.07    2.07 v BTNC (in)
                                         BTNC (net)
                  0.10    0.00    2.07 v _214_/A (sky130_fd_sc_hd__buf_4)
    10    0.07    0.18    0.36    2.43 v _214_/X (sky130_fd_sc_hd__buf_4)
                                         _112_ (net)
                  0.18    0.01    2.43 v _215_/A (sky130_fd_sc_hd__buf_4)
    10    0.08    0.19    0.40    2.83 v _215_/X (sky130_fd_sc_hd__buf_4)
                                         _113_ (net)
                  0.19    0.01    2.84 v _222_/A (sky130_fd_sc_hd__inv_2)
     1    0.02    0.15    0.19    3.03 ^ _222_/Y (sky130_fd_sc_hd__inv_2)
                                         _031_ (net)
                  0.15    0.00    3.03 ^ _252_/RESET_B (sky130_fd_sc_hd__dfrtp_2)
                                  3.03   data arrival time

                          0.00    0.00   clock CLK100MHZ (rise edge)
                          0.00    0.00   clock source latency
     1    0.02    0.15    0.11    0.11 ^ CLK100MHZ (in)
                                         CLK100MHZ (net)
                  0.15    0.00    0.11 ^ clkbuf_0_CLK100MHZ/A (sky130_fd_sc_hd__clkbuf_16)
     4    0.04    0.10    0.31    0.41 ^ clkbuf_0_CLK100MHZ/X (sky130_fd_sc_hd__clkbuf_16)
                                         clknet_0_CLK100MHZ (net)
                  0.10    0.00    0.42 ^ clkbuf_2_2__f_CLK100MHZ/A (sky130_fd_sc_hd__clkbuf_16)
     8    0.03    0.08    0.26    0.68 ^ clkbuf_2_2__f_CLK100MHZ/X (sky130_fd_sc_hd__clkbuf_16)
                                         clknet_2_2__leaf_CLK100MHZ (net)
                  0.08    0.00    0.68 ^ _252_/CLK (sky130_fd_sc_hd__dfrtp_2)
                          0.25    0.93   clock uncertainty
                          0.00    0.93   clock reconvergence pessimism
                          0.69    1.62   library removal time
                                  1.62   data required time
-----------------------------------------------------------------------------
                                  1.62   data required time
                                 -3.03   data arrival time
-----------------------------------------------------------------------------
                                  1.42   slack (MET)


Startpoint: BTNC (input port clocked by CLK100MHZ)
Endpoint: _254_ (removal check against rising-edge clock CLK100MHZ)
Path Group: asynchronous
Path Type: min
Corner: Slowest

Fanout     Cap    Slew   Delay    Time   Description
-----------------------------------------------------------------------------
                          0.00    0.00   clock CLK100MHZ (rise edge)
                          0.00    0.00   clock network delay (propagated)
                          2.00    2.00 v input external delay
     2    0.02    0.10    0.07    2.07 v BTNC (in)
                                         BTNC (net)
                  0.10    0.00    2.07 v _214_/A (sky130_fd_sc_hd__buf_4)
    10    0.07    0.18    0.36    2.43 v _214_/X (sky130_fd_sc_hd__buf_4)
                                         _112_ (net)
                  0.18    0.01    2.43 v _215_/A (sky130_fd_sc_hd__buf_4)
    10    0.08    0.19    0.40    2.83 v _215_/X (sky130_fd_sc_hd__buf_4)
                                         _113_ (net)
                  0.19    0.01    2.84 v _224_/A (sky130_fd_sc_hd__inv_2)
     1    0.01    0.12    0.17    3.01 ^ _224_/Y (sky130_fd_sc_hd__inv_2)
                                         _033_ (net)
                  0.12    0.00    3.01 ^ _254_/RESET_B (sky130_fd_sc_hd__dfrtp_2)
                                  3.01   data arrival time

                          0.00    0.00   clock CLK100MHZ (rise edge)
                          0.00    0.00   clock source latency
     1    0.02    0.15    0.11    0.11 ^ CLK100MHZ (in)
                                         CLK100MHZ (net)
                  0.15    0.00    0.11 ^ clkbuf_0_CLK100MHZ/A (sky130_fd_sc_hd__clkbuf_16)
     4    0.04    0.10    0.31    0.41 ^ clkbuf_0_CLK100MHZ/X (sky130_fd_sc_hd__clkbuf_16)
                                         clknet_0_CLK100MHZ (net)
                  0.10    0.00    0.41 ^ clkbuf_2_1__f_CLK100MHZ/A (sky130_fd_sc_hd__clkbuf_16)
     8    0.02    0.07    0.25    0.67 ^ clkbuf_2_1__f_CLK100MHZ/X (sky130_fd_sc_hd__clkbuf_16)
                                         clknet_2_1__leaf_CLK100MHZ (net)
                  0.07    0.00    0.67 ^ _254_/CLK (sky130_fd_sc_hd__dfrtp_2)
                          0.25    0.92   clock uncertainty
                          0.00    0.92   clock reconvergence pessimism
                          0.67    1.59   library removal time
                                  1.59   data required time
-----------------------------------------------------------------------------
                                  1.59   data required time
                                 -3.01   data arrival time
-----------------------------------------------------------------------------
                                  1.42   slack (MET)


Startpoint: BTNC (input port clocked by CLK100MHZ)
Endpoint: _248_ (removal check against rising-edge clock CLK100MHZ)
Path Group: asynchronous
Path Type: min
Corner: Slowest

Fanout     Cap    Slew   Delay    Time   Description
-----------------------------------------------------------------------------
                          0.00    0.00   clock CLK100MHZ (rise edge)
                          0.00    0.00   clock network delay (propagated)
                          2.00    2.00 v input external delay
     2    0.02    0.10    0.07    2.07 v BTNC (in)
                                         BTNC (net)
                  0.10    0.00    2.07 v _214_/A (sky130_fd_sc_hd__buf_4)
    10    0.07    0.18    0.36    2.43 v _214_/X (sky130_fd_sc_hd__buf_4)
                                         _112_ (net)
                  0.18    0.01    2.43 v _215_/A (sky130_fd_sc_hd__buf_4)
    10    0.08    0.19    0.40    2.83 v _215_/X (sky130_fd_sc_hd__buf_4)
                                         _113_ (net)
                  0.19    0.01    2.84 v _218_/A (sky130_fd_sc_hd__inv_2)
     1    0.02    0.15    0.19    3.03 ^ _218_/Y (sky130_fd_sc_hd__inv_2)
                                         _027_ (net)
                  0.15    0.00    3.03 ^ _248_/RESET_B (sky130_fd_sc_hd__dfrtp_4)
                                  3.03   data arrival time

                          0.00    0.00   clock CLK100MHZ (rise edge)
                          0.00    0.00   clock source latency
     1    0.02    0.15    0.11    0.11 ^ CLK100MHZ (in)
                                         CLK100MHZ (net)
                  0.15    0.00    0.11 ^ clkbuf_0_CLK100MHZ/A (sky130_fd_sc_hd__clkbuf_16)
     4    0.04    0.10    0.31    0.41 ^ clkbuf_0_CLK100MHZ/X (sky130_fd_sc_hd__clkbuf_16)
                                         clknet_0_CLK100MHZ (net)
                  0.10    0.00    0.41 ^ clkbuf_2_0__f_CLK100MHZ/A (sky130_fd_sc_hd__clkbuf_16)
     8    0.03    0.08    0.26    0.68 ^ clkbuf_2_0__f_CLK100MHZ/X (sky130_fd_sc_hd__clkbuf_16)
                                         clknet_2_0__leaf_CLK100MHZ (net)
                  0.08    0.00    0.68 ^ _248_/CLK (sky130_fd_sc_hd__dfrtp_4)
                          0.25    0.93   clock uncertainty
                          0.00    0.93   clock reconvergence pessimism
                          0.69    1.61   library removal time
                                  1.61   data required time
-----------------------------------------------------------------------------
                                  1.61   data required time
                                 -3.03   data arrival time
-----------------------------------------------------------------------------
                                  1.42   slack (MET)


Startpoint: _251_ (rising edge-triggered flip-flop clocked by CLK100MHZ)
Endpoint: _251_ (rising edge-triggered flip-flop clocked by CLK100MHZ)
Path Group: CLK100MHZ
Path Type: min
Corner: Slowest

Fanout     Cap    Slew   Delay    Time   Description
-----------------------------------------------------------------------------
                          0.00    0.00   clock CLK100MHZ (rise edge)
                          0.00    0.00   clock source latency
     1    0.02    0.15    0.10    0.10 ^ CLK100MHZ (in)
                                         CLK100MHZ (net)
                  0.15    0.00    0.10 ^ clkbuf_0_CLK100MHZ/A (sky130_fd_sc_hd__clkbuf_16)
     4    0.04    0.10    0.28    0.37 ^ clkbuf_0_CLK100MHZ/X (sky130_fd_sc_hd__clkbuf_16)
                                         clknet_0_CLK100MHZ (net)
                  0.10    0.00    0.38 ^ clkbuf_2_2__f_CLK100MHZ/A (sky130_fd_sc_hd__clkbuf_16)
     8    0.03    0.08    0.24    0.61 ^ clkbuf_2_2__f_CLK100MHZ/X (sky130_fd_sc_hd__clkbuf_16)
                                         clknet_2_2__leaf_CLK100MHZ (net)
                  0.08    0.00    0.62 ^ _251_/CLK (sky130_fd_sc_hd__dfrtp_2)
     4    0.03    0.26    0.82    1.44 ^ _251_/Q (sky130_fd_sc_hd__dfrtp_2)
                                         decoder.delay[1] (net)
                  0.26    0.00    1.44 ^ _167_/A (sky130_fd_sc_hd__or2_1)
     1    0.01    0.11    0.26    1.70 ^ _167_/X (sky130_fd_sc_hd__or2_1)
                                         _084_ (net)
                  0.11    0.00    1.70 ^ _168_/B (sky130_fd_sc_hd__and2_1)
     1    0.01    0.17    0.30    2.01 ^ _168_/X (sky130_fd_sc_hd__and2_1)
                                         _085_ (net)
                  0.17    0.00    2.01 ^ _169_/A (sky130_fd_sc_hd__clkbuf_1)
     1    0.01    0.19    0.27    2.27 ^ _169_/X (sky130_fd_sc_hd__clkbuf_1)
                                         _011_ (net)
                  0.19    0.00    2.27 ^ _251_/D (sky130_fd_sc_hd__dfrtp_2)
                                  2.27   data arrival time

                          0.00    0.00   clock CLK100MHZ (rise edge)
                          0.00    0.00   clock source latency
     1    0.02    0.15    0.11    0.11 ^ CLK100MHZ (in)
                                         CLK100MHZ (net)
                  0.15    0.00    0.11 ^ clkbuf_0_CLK100MHZ/A (sky130_fd_sc_hd__clkbuf_16)
     4    0.04    0.10    0.31    0.41 ^ clkbuf_0_CLK100MHZ/X (sky130_fd_sc_hd__clkbuf_16)
                                         clknet_0_CLK100MHZ (net)
                  0.10    0.00    0.42 ^ clkbuf_2_2__f_CLK100MHZ/A (sky130_fd_sc_hd__clkbuf_16)
     8    0.03    0.08    0.26    0.68 ^ clkbuf_2_2__f_CLK100MHZ/X (sky130_fd_sc_hd__clkbuf_16)
                                         clknet_2_2__leaf_CLK100MHZ (net)
                  0.08    0.00    0.68 ^ _251_/CLK (sky130_fd_sc_hd__dfrtp_2)
                          0.25    0.93   clock uncertainty
                         -0.06    0.87   clock reconvergence pessimism
                         -0.10    0.76   library hold time
                                  0.76   data required time
-----------------------------------------------------------------------------
                                  0.76   data required time
                                 -2.27   data arrival time
-----------------------------------------------------------------------------
                                  1.51   slack (MET)


Startpoint: _273_ (rising edge-triggered flip-flop clocked by CLK100MHZ)
Endpoint: _273_ (rising edge-triggered flip-flop clocked by CLK100MHZ)
Path Group: CLK100MHZ
Path Type: min
Corner: Slowest

Fanout     Cap    Slew   Delay    Time   Description
-----------------------------------------------------------------------------
                          0.00    0.00   clock CLK100MHZ (rise edge)
                          0.00    0.00   clock source latency
     1    0.02    0.15    0.10    0.10 ^ CLK100MHZ (in)
                                         CLK100MHZ (net)
                  0.15    0.00    0.10 ^ clkbuf_0_CLK100MHZ/A (sky130_fd_sc_hd__clkbuf_16)
     4    0.04    0.10    0.28    0.37 ^ clkbuf_0_CLK100MHZ/X (sky130_fd_sc_hd__clkbuf_16)
                                         clknet_0_CLK100MHZ (net)
                  0.10    0.00    0.37 ^ clkbuf_2_3__f_CLK100MHZ/A (sky130_fd_sc_hd__clkbuf_16)
     8    0.03    0.08    0.24    0.61 ^ clkbuf_2_3__f_CLK100MHZ/X (sky130_fd_sc_hd__clkbuf_16)
                                         clknet_2_3__leaf_CLK100MHZ (net)
                  0.08    0.00    0.61 ^ _273_/CLK (sky130_fd_sc_hd__dfrtp_1)
     2    0.01    0.15    0.67    1.29 ^ _273_/Q (sky130_fd_sc_hd__dfrtp_1)
                                         decoder.delay[23] (net)
                  0.15    0.00    1.29 ^ _151_/B1 (sky130_fd_sc_hd__a21o_1)
     1    0.02    0.23    0.28    1.57 ^ _151_/X (sky130_fd_sc_hd__a21o_1)
                                         _077_ (net)
                  0.23    0.00    1.57 ^ _152_/B (sky130_fd_sc_hd__and2_1)
     1    0.01    0.19    0.36    1.93 ^ _152_/X (sky130_fd_sc_hd__and2_1)
                                         _078_ (net)
                  0.19    0.00    1.93 ^ _153_/A (sky130_fd_sc_hd__buf_1)
     1    0.01    0.29    0.34    2.27 ^ _153_/X (sky130_fd_sc_hd__buf_1)
                                         _015_ (net)
                  0.29    0.00    2.27 ^ _273_/D (sky130_fd_sc_hd__dfrtp_1)
                                  2.27   data arrival time

                          0.00    0.00   clock CLK100MHZ (rise edge)
                          0.00    0.00   clock source latency
     1    0.02    0.15    0.11    0.11 ^ CLK100MHZ (in)
                                         CLK100MHZ (net)
                  0.15    0.00    0.11 ^ clkbuf_0_CLK100MHZ/A (sky130_fd_sc_hd__clkbuf_16)
     4    0.04    0.10    0.31    0.41 ^ clkbuf_0_CLK100MHZ/X (sky130_fd_sc_hd__clkbuf_16)
                                         clknet_0_CLK100MHZ (net)
                  0.10    0.00    0.41 ^ clkbuf_2_3__f_CLK100MHZ/A (sky130_fd_sc_hd__clkbuf_16)
     8    0.03    0.08    0.26    0.67 ^ clkbuf_2_3__f_CLK100MHZ/X (sky130_fd_sc_hd__clkbuf_16)
                                         clknet_2_3__leaf_CLK100MHZ (net)
                  0.08    0.00    0.68 ^ _273_/CLK (sky130_fd_sc_hd__dfrtp_1)
                          0.25    0.93   clock uncertainty
                         -0.06    0.86   clock reconvergence pessimism
                         -0.13    0.74   library hold time
                                  0.74   data required time
-----------------------------------------------------------------------------
                                  0.74   data required time
                                 -2.27   data arrival time
-----------------------------------------------------------------------------
                                  1.53   slack (MET)


Startpoint: _253_ (rising edge-triggered flip-flop clocked by CLK100MHZ)
Endpoint: _253_ (rising edge-triggered flip-flop clocked by CLK100MHZ)
Path Group: CLK100MHZ
Path Type: min
Corner: Slowest

Fanout     Cap    Slew   Delay    Time   Description
-----------------------------------------------------------------------------
                          0.00    0.00   clock CLK100MHZ (rise edge)
                          0.00    0.00   clock source latency
     1    0.02    0.15    0.10    0.10 ^ CLK100MHZ (in)
                                         CLK100MHZ (net)
                  0.15    0.00    0.10 ^ clkbuf_0_CLK100MHZ/A (sky130_fd_sc_hd__clkbuf_16)
     4    0.04    0.10    0.28    0.37 ^ clkbuf_0_CLK100MHZ/X (sky130_fd_sc_hd__clkbuf_16)
                                         clknet_0_CLK100MHZ (net)
                  0.10    0.00    0.38 ^ clkbuf_2_2__f_CLK100MHZ/A (sky130_fd_sc_hd__clkbuf_16)
     8    0.03    0.08    0.24    0.61 ^ clkbuf_2_2__f_CLK100MHZ/X (sky130_fd_sc_hd__clkbuf_16)
                                         clknet_2_2__leaf_CLK100MHZ (net)
                  0.08    0.00    0.62 ^ _253_/CLK (sky130_fd_sc_hd__dfrtp_1)
     2    0.02    0.28    0.77    1.39 ^ _253_/Q (sky130_fd_sc_hd__dfrtp_1)
                                         decoder.delay[3] (net)
                  0.28    0.00    1.39 ^ _171_/B1 (sky130_fd_sc_hd__a31o_1)
     1    0.01    0.13    0.28    1.67 ^ _171_/X (sky130_fd_sc_hd__a31o_1)
                                         _086_ (net)
                  0.13    0.00    1.67 ^ _172_/B (sky130_fd_sc_hd__and2b_1)
     1    0.02    0.28    0.39    2.06 ^ _172_/X (sky130_fd_sc_hd__and2b_1)
                                         _087_ (net)
                  0.28    0.00    2.07 ^ _173_/A (sky130_fd_sc_hd__clkbuf_1)
     1    0.01    0.17    0.29    2.35 ^ _173_/X (sky130_fd_sc_hd__clkbuf_1)
                                         _018_ (net)
                  0.17    0.00    2.35 ^ _253_/D (sky130_fd_sc_hd__dfrtp_1)
                                  2.35   data arrival time

                          0.00    0.00   clock CLK100MHZ (rise edge)
                          0.00    0.00   clock source latency
     1    0.02    0.15    0.11    0.11 ^ CLK100MHZ (in)
                                         CLK100MHZ (net)
                  0.15    0.00    0.11 ^ clkbuf_0_CLK100MHZ/A (sky130_fd_sc_hd__clkbuf_16)
     4    0.04    0.10    0.31    0.41 ^ clkbuf_0_CLK100MHZ/X (sky130_fd_sc_hd__clkbuf_16)
                                         clknet_0_CLK100MHZ (net)
                  0.10    0.00    0.42 ^ clkbuf_2_2__f_CLK100MHZ/A (sky130_fd_sc_hd__clkbuf_16)
     8    0.03    0.08    0.26    0.68 ^ clkbuf_2_2__f_CLK100MHZ/X (sky130_fd_sc_hd__clkbuf_16)
                                         clknet_2_2__leaf_CLK100MHZ (net)
                  0.08    0.00    0.68 ^ _253_/CLK (sky130_fd_sc_hd__dfrtp_1)
                          0.25    0.93   clock uncertainty
                         -0.06    0.87   clock reconvergence pessimism
                         -0.10    0.77   library hold time
                                  0.77   data required time
-----------------------------------------------------------------------------
                                  0.77   data required time
                                 -2.35   data arrival time
-----------------------------------------------------------------------------
                                  1.59   slack (MET)


Startpoint: _258_ (rising edge-triggered flip-flop clocked by CLK100MHZ)
Endpoint: _258_ (rising edge-triggered flip-flop clocked by CLK100MHZ)
Path Group: CLK100MHZ
Path Type: min
Corner: Slowest

Fanout     Cap    Slew   Delay    Time   Description
-----------------------------------------------------------------------------
                          0.00    0.00   clock CLK100MHZ (rise edge)
                          0.00    0.00   clock source latency
     1    0.02    0.15    0.10    0.10 ^ CLK100MHZ (in)
                                         CLK100MHZ (net)
                  0.15    0.00    0.10 ^ clkbuf_0_CLK100MHZ/A (sky130_fd_sc_hd__clkbuf_16)
     4    0.04    0.10    0.28    0.37 ^ clkbuf_0_CLK100MHZ/X (sky130_fd_sc_hd__clkbuf_16)
                                         clknet_0_CLK100MHZ (net)
                  0.10    0.00    0.37 ^ clkbuf_2_3__f_CLK100MHZ/A (sky130_fd_sc_hd__clkbuf_16)
     8    0.03    0.08    0.24    0.61 ^ clkbuf_2_3__f_CLK100MHZ/X (sky130_fd_sc_hd__clkbuf_16)
                                         clknet_2_3__leaf_CLK100MHZ (net)
                  0.08    0.00    0.61 ^ _258_/CLK (sky130_fd_sc_hd__dfrtp_4)
     5    0.04    0.25    0.92    1.53 ^ _258_/Q (sky130_fd_sc_hd__dfrtp_4)
                                         decoder.delay[8] (net)
                  0.25    0.00    1.53 ^ _187_/A (sky130_fd_sc_hd__nor2_1)
     1    0.01    0.14    0.21    1.74 v _187_/Y (sky130_fd_sc_hd__nor2_1)
                                         _097_ (net)
                  0.14    0.00    1.75 v _189_/A_N (sky130_fd_sc_hd__and2b_1)
     1    0.01    0.11    0.41    2.16 ^ _189_/X (sky130_fd_sc_hd__and2b_1)
                                         _099_ (net)
                  0.11    0.00    2.16 ^ _190_/A (sky130_fd_sc_hd__buf_1)
     1    0.02    0.32    0.33    2.48 ^ _190_/X (sky130_fd_sc_hd__buf_1)
                                         _023_ (net)
                  0.32    0.00    2.49 ^ _258_/D (sky130_fd_sc_hd__dfrtp_4)
                                  2.49   data arrival time

                          0.00    0.00   clock CLK100MHZ (rise edge)
                          0.00    0.00   clock source latency
     1    0.02    0.15    0.11    0.11 ^ CLK100MHZ (in)
                                         CLK100MHZ (net)
                  0.15    0.00    0.11 ^ clkbuf_0_CLK100MHZ/A (sky130_fd_sc_hd__clkbuf_16)
     4    0.04    0.10    0.31    0.41 ^ clkbuf_0_CLK100MHZ/X (sky130_fd_sc_hd__clkbuf_16)
                                         clknet_0_CLK100MHZ (net)
                  0.10    0.00    0.41 ^ clkbuf_2_3__f_CLK100MHZ/A (sky130_fd_sc_hd__clkbuf_16)
     8    0.03    0.08    0.26    0.67 ^ clkbuf_2_3__f_CLK100MHZ/X (sky130_fd_sc_hd__clkbuf_16)
                                         clknet_2_3__leaf_CLK100MHZ (net)
                  0.08    0.00    0.68 ^ _258_/CLK (sky130_fd_sc_hd__dfrtp_4)
                          0.25    0.93   clock uncertainty
                         -0.06    0.86   clock reconvergence pessimism
                         -0.13    0.73   library hold time
                                  0.73   data required time
-----------------------------------------------------------------------------
                                  0.73   data required time
                                 -2.49   data arrival time
-----------------------------------------------------------------------------
                                  1.76   slack (MET)


Startpoint: _261_ (rising edge-triggered flip-flop clocked by CLK100MHZ)
Endpoint: _261_ (rising edge-triggered flip-flop clocked by CLK100MHZ)
Path Group: CLK100MHZ
Path Type: min
Corner: Slowest

Fanout     Cap    Slew   Delay    Time   Description
-----------------------------------------------------------------------------
                          0.00    0.00   clock CLK100MHZ (rise edge)
                          0.00    0.00   clock source latency
     1    0.02    0.15    0.10    0.10 ^ CLK100MHZ (in)
                                         CLK100MHZ (net)
                  0.15    0.00    0.10 ^ clkbuf_0_CLK100MHZ/A (sky130_fd_sc_hd__clkbuf_16)
     4    0.04    0.10    0.28    0.37 ^ clkbuf_0_CLK100MHZ/X (sky130_fd_sc_hd__clkbuf_16)
                                         clknet_0_CLK100MHZ (net)
                  0.10    0.00    0.37 ^ clkbuf_2_3__f_CLK100MHZ/A (sky130_fd_sc_hd__clkbuf_16)
     8    0.03    0.08    0.24    0.61 ^ clkbuf_2_3__f_CLK100MHZ/X (sky130_fd_sc_hd__clkbuf_16)
                                         clknet_2_3__leaf_CLK100MHZ (net)
                  0.08    0.00    0.61 ^ _261_/CLK (sky130_fd_sc_hd__dfrtp_1)
     3    0.02    0.32    0.80    1.41 ^ _261_/Q (sky130_fd_sc_hd__dfrtp_1)
                                         decoder.delay[11] (net)
                  0.32    0.00    1.41 ^ _195_/B1 (sky130_fd_sc_hd__a21oi_1)
     1    0.02    0.19    0.26    1.67 v _195_/Y (sky130_fd_sc_hd__a21oi_1)
                                         _102_ (net)
                  0.19    0.00    1.68 v _197_/A_N (sky130_fd_sc_hd__and2b_1)
     1    0.01    0.19    0.49    2.17 ^ _197_/X (sky130_fd_sc_hd__and2b_1)
                                         _104_ (net)
                  0.19    0.00    2.17 ^ _198_/A (sky130_fd_sc_hd__buf_1)
     2    0.02    0.37    0.39    2.56 ^ _198_/X (sky130_fd_sc_hd__buf_1)
                                         _002_ (net)
                  0.37    0.00    2.56 ^ _261_/D (sky130_fd_sc_hd__dfrtp_1)
                                  2.56   data arrival time

                          0.00    0.00   clock CLK100MHZ (rise edge)
                          0.00    0.00   clock source latency
     1    0.02    0.15    0.11    0.11 ^ CLK100MHZ (in)
                                         CLK100MHZ (net)
                  0.15    0.00    0.11 ^ clkbuf_0_CLK100MHZ/A (sky130_fd_sc_hd__clkbuf_16)
     4    0.04    0.10    0.31    0.41 ^ clkbuf_0_CLK100MHZ/X (sky130_fd_sc_hd__clkbuf_16)
                                         clknet_0_CLK100MHZ (net)
                  0.10    0.00    0.41 ^ clkbuf_2_3__f_CLK100MHZ/A (sky130_fd_sc_hd__clkbuf_16)
     8    0.03    0.08    0.26    0.67 ^ clkbuf_2_3__f_CLK100MHZ/X (sky130_fd_sc_hd__clkbuf_16)
                                         clknet_2_3__leaf_CLK100MHZ (net)
                  0.08    0.00    0.68 ^ _261_/CLK (sky130_fd_sc_hd__dfrtp_1)
                          0.25    0.93   clock uncertainty
                         -0.06    0.86   clock reconvergence pessimism
                         -0.14    0.72   library hold time
                                  0.72   data required time
-----------------------------------------------------------------------------
                                  0.72   data required time
                                 -2.56   data arrival time
-----------------------------------------------------------------------------
                                  1.84   slack (MET)


Startpoint: _257_ (rising edge-triggered flip-flop clocked by CLK100MHZ)
Endpoint: _257_ (rising edge-triggered flip-flop clocked by CLK100MHZ)
Path Group: CLK100MHZ
Path Type: min
Corner: Slowest

Fanout     Cap    Slew   Delay    Time   Description
-----------------------------------------------------------------------------
                          0.00    0.00   clock CLK100MHZ (rise edge)
                          0.00    0.00   clock source latency
     1    0.02    0.15    0.10    0.10 ^ CLK100MHZ (in)
                                         CLK100MHZ (net)
                  0.15    0.00    0.10 ^ clkbuf_0_CLK100MHZ/A (sky130_fd_sc_hd__clkbuf_16)
     4    0.04    0.10    0.28    0.37 ^ clkbuf_0_CLK100MHZ/X (sky130_fd_sc_hd__clkbuf_16)
                                         clknet_0_CLK100MHZ (net)
                  0.10    0.00    0.37 ^ clkbuf_2_3__f_CLK100MHZ/A (sky130_fd_sc_hd__clkbuf_16)
     8    0.03    0.08    0.24    0.61 ^ clkbuf_2_3__f_CLK100MHZ/X (sky130_fd_sc_hd__clkbuf_16)
                                         clknet_2_3__leaf_CLK100MHZ (net)
                  0.08    0.00    0.61 ^ _257_/CLK (sky130_fd_sc_hd__dfrtp_1)
     3    0.03    0.40    0.85    1.47 ^ _257_/Q (sky130_fd_sc_hd__dfrtp_1)
                                         decoder.delay[7] (net)
                  0.40    0.00    1.47 ^ _184_/B1 (sky130_fd_sc_hd__a21o_1)
     1    0.01    0.17    0.32    1.78 ^ _184_/X (sky130_fd_sc_hd__a21o_1)
                                         _095_ (net)
                  0.17    0.00    1.78 ^ _185_/B (sky130_fd_sc_hd__and2b_1)
     1    0.02    0.35    0.45    2.23 ^ _185_/X (sky130_fd_sc_hd__and2b_1)
                                         _096_ (net)
                  0.35    0.00    2.24 ^ _186_/A (sky130_fd_sc_hd__buf_1)
     1    0.02    0.30    0.39    2.63 ^ _186_/X (sky130_fd_sc_hd__buf_1)
                                         _022_ (net)
                  0.30    0.00    2.63 ^ _257_/D (sky130_fd_sc_hd__dfrtp_1)
                                  2.63   data arrival time

                          0.00    0.00   clock CLK100MHZ (rise edge)
                          0.00    0.00   clock source latency
     1    0.02    0.15    0.11    0.11 ^ CLK100MHZ (in)
                                         CLK100MHZ (net)
                  0.15    0.00    0.11 ^ clkbuf_0_CLK100MHZ/A (sky130_fd_sc_hd__clkbuf_16)
     4    0.04    0.10    0.31    0.41 ^ clkbuf_0_CLK100MHZ/X (sky130_fd_sc_hd__clkbuf_16)
                                         clknet_0_CLK100MHZ (net)
                  0.10    0.00    0.41 ^ clkbuf_2_3__f_CLK100MHZ/A (sky130_fd_sc_hd__clkbuf_16)
     8    0.03    0.08    0.26    0.67 ^ clkbuf_2_3__f_CLK100MHZ/X (sky130_fd_sc_hd__clkbuf_16)
                                         clknet_2_3__leaf_CLK100MHZ (net)
                  0.08    0.00    0.68 ^ _257_/CLK (sky130_fd_sc_hd__dfrtp_1)
                          0.25    0.93   clock uncertainty
                         -0.06    0.86   clock reconvergence pessimism
                         -0.13    0.73   library hold time
                                  0.73   data required time
-----------------------------------------------------------------------------
                                  0.73   data required time
                                 -2.63   data arrival time
-----------------------------------------------------------------------------
                                  1.90   slack (MET)


Startpoint: _247_ (rising edge-triggered flip-flop clocked by CLK100MHZ)
Endpoint: seg[6] (output port clocked by CLK100MHZ)
Path Group: CLK100MHZ
Path Type: min
Corner: Slowest

Fanout     Cap    Slew   Delay    Time   Description
-----------------------------------------------------------------------------
                          0.00    0.00   clock CLK100MHZ (rise edge)
                          0.00    0.00   clock source latency
     1    0.02    0.15    0.10    0.10 ^ CLK100MHZ (in)
                                         CLK100MHZ (net)
                  0.15    0.00    0.10 ^ clkbuf_0_CLK100MHZ/A (sky130_fd_sc_hd__clkbuf_16)
     4    0.04    0.10    0.28    0.37 ^ clkbuf_0_CLK100MHZ/X (sky130_fd_sc_hd__clkbuf_16)
                                         clknet_0_CLK100MHZ (net)
                  0.10    0.00    0.37 ^ clkbuf_2_3__f_CLK100MHZ/A (sky130_fd_sc_hd__clkbuf_16)
     8    0.03    0.08    0.24    0.61 ^ clkbuf_2_3__f_CLK100MHZ/X (sky130_fd_sc_hd__clkbuf_16)
                                         clknet_2_3__leaf_CLK100MHZ (net)
                  0.08    0.00    0.61 ^ _247_/CLK (sky130_fd_sc_hd__dfrtp_4)
     9    0.06    0.30    0.96    1.57 ^ _247_/Q (sky130_fd_sc_hd__dfrtp_4)
                                         decoder.count[1] (net)
                  0.30    0.01    1.58 ^ _164_/A1 (sky130_fd_sc_hd__a21boi_1)
     1    0.01    0.13    0.29    1.87 v _164_/Y (sky130_fd_sc_hd__a21boi_1)
                                         net7 (net)
                  0.13    0.00    1.87 v output7/A (sky130_fd_sc_hd__buf_1)
     1    0.03    0.39    0.42    2.29 v output7/X (sky130_fd_sc_hd__buf_1)
                                         seg[6] (net)
                  0.39    0.00    2.29 v seg[6] (out)
                                  2.29   data arrival time

                          0.00    0.00   clock CLK100MHZ (rise edge)
                          0.00    0.00   clock network delay (propagated)
                          0.25    0.25   clock uncertainty
                          0.00    0.25   clock reconvergence pessimism
                         -2.00   -1.75   output external delay
                                 -1.75   data required time
-----------------------------------------------------------------------------
                                 -1.75   data required time
                                 -2.29   data arrival time
-----------------------------------------------------------------------------
                                  4.04   slack (MET)


Startpoint: _246_ (rising edge-triggered flip-flop clocked by CLK100MHZ)
Endpoint: seg[4] (output port clocked by CLK100MHZ)
Path Group: CLK100MHZ
Path Type: min
Corner: Slowest

Fanout     Cap    Slew   Delay    Time   Description
-----------------------------------------------------------------------------
                          0.00    0.00   clock CLK100MHZ (rise edge)
                          0.00    0.00   clock source latency
     1    0.02    0.15    0.10    0.10 ^ CLK100MHZ (in)
                                         CLK100MHZ (net)
                  0.15    0.00    0.10 ^ clkbuf_0_CLK100MHZ/A (sky130_fd_sc_hd__clkbuf_16)
     4    0.04    0.10    0.28    0.37 ^ clkbuf_0_CLK100MHZ/X (sky130_fd_sc_hd__clkbuf_16)
                                         clknet_0_CLK100MHZ (net)
                  0.10    0.00    0.37 ^ clkbuf_2_1__f_CLK100MHZ/A (sky130_fd_sc_hd__clkbuf_16)
     8    0.02    0.07    0.23    0.60 ^ clkbuf_2_1__f_CLK100MHZ/X (sky130_fd_sc_hd__clkbuf_16)
                                         clknet_2_1__leaf_CLK100MHZ (net)
                  0.07    0.00    0.60 ^ _246_/CLK (sky130_fd_sc_hd__dfrtp_4)
     6    0.05    0.28    0.94    1.54 ^ _246_/Q (sky130_fd_sc_hd__dfrtp_4)
                                         decoder.count[0] (net)
                  0.28    0.00    1.55 ^ _141_/A (sky130_fd_sc_hd__inv_2)
     2    0.01    0.10    0.17    1.71 v _141_/Y (sky130_fd_sc_hd__inv_2)
                                         _071_ (net)
                  0.10    0.00    1.72 v _161_/A (sky130_fd_sc_hd__nand2_1)
     1    0.01    0.18    0.18    1.89 ^ _161_/Y (sky130_fd_sc_hd__nand2_1)
                                         net5 (net)
                  0.18    0.00    1.89 ^ output5/A (sky130_fd_sc_hd__buf_1)
     1    0.03    0.65    0.58    2.47 ^ output5/X (sky130_fd_sc_hd__buf_1)
                                         seg[4] (net)
                  0.65    0.00    2.47 ^ seg[4] (out)
                                  2.47   data arrival time

                          0.00    0.00   clock CLK100MHZ (rise edge)
                          0.00    0.00   clock network delay (propagated)
                          0.25    0.25   clock uncertainty
                          0.00    0.25   clock reconvergence pessimism
                         -2.00   -1.75   output external delay
                                 -1.75   data required time
-----------------------------------------------------------------------------
                                 -1.75   data required time
                                 -2.47   data arrival time
-----------------------------------------------------------------------------
                                  4.22   slack (MET)


Startpoint: _249_ (rising edge-triggered flip-flop clocked by CLK100MHZ)
Endpoint: seg[3] (output port clocked by CLK100MHZ)
Path Group: CLK100MHZ
Path Type: min
Corner: Slowest

Fanout     Cap    Slew   Delay    Time   Description
-----------------------------------------------------------------------------
                          0.00    0.00   clock CLK100MHZ (rise edge)
                          0.00    0.00   clock source latency
     1    0.02    0.15    0.10    0.10 ^ CLK100MHZ (in)
                                         CLK100MHZ (net)
                  0.15    0.00    0.10 ^ clkbuf_0_CLK100MHZ/A (sky130_fd_sc_hd__clkbuf_16)
     4    0.04    0.10    0.28    0.37 ^ clkbuf_0_CLK100MHZ/X (sky130_fd_sc_hd__clkbuf_16)
                                         clknet_0_CLK100MHZ (net)
                  0.10    0.00    0.37 ^ clkbuf_2_3__f_CLK100MHZ/A (sky130_fd_sc_hd__clkbuf_16)
     8    0.03    0.08    0.24    0.61 ^ clkbuf_2_3__f_CLK100MHZ/X (sky130_fd_sc_hd__clkbuf_16)
                                         clknet_2_3__leaf_CLK100MHZ (net)
                  0.08    0.00    0.61 ^ _249_/CLK (sky130_fd_sc_hd__dfrtp_4)
     6    0.05    0.26    0.93    1.54 ^ _249_/Q (sky130_fd_sc_hd__dfrtp_4)
                                         decoder.count[3] (net)
                  0.26    0.00    1.55 ^ _158_/D1 (sky130_fd_sc_hd__a2111o_1)
     2    0.02    0.27    0.37    1.91 ^ _158_/X (sky130_fd_sc_hd__a2111o_1)
                                         net4 (net)
                  0.27    0.00    1.91 ^ output4/A (sky130_fd_sc_hd__buf_1)
     1    0.03    0.64    0.60    2.51 ^ output4/X (sky130_fd_sc_hd__buf_1)
                                         seg[3] (net)
                  0.64    0.00    2.52 ^ seg[3] (out)
                                  2.52   data arrival time

                          0.00    0.00   clock CLK100MHZ (rise edge)
                          0.00    0.00   clock network delay (propagated)
                          0.25    0.25   clock uncertainty
                          0.00    0.25   clock reconvergence pessimism
                         -2.00   -1.75   output external delay
                                 -1.75   data required time
-----------------------------------------------------------------------------
                                 -1.75   data required time
                                 -2.52   data arrival time
-----------------------------------------------------------------------------
                                  4.27   slack (MET)


Startpoint: _248_ (rising edge-triggered flip-flop clocked by CLK100MHZ)
Endpoint: seg[1] (output port clocked by CLK100MHZ)
Path Group: CLK100MHZ
Path Type: min
Corner: Slowest

Fanout     Cap    Slew   Delay    Time   Description
-----------------------------------------------------------------------------
                          0.00    0.00   clock CLK100MHZ (rise edge)
                          0.00    0.00   clock source latency
     1    0.02    0.15    0.10    0.10 ^ CLK100MHZ (in)
                                         CLK100MHZ (net)
                  0.15    0.00    0.10 ^ clkbuf_0_CLK100MHZ/A (sky130_fd_sc_hd__clkbuf_16)
     4    0.04    0.10    0.28    0.37 ^ clkbuf_0_CLK100MHZ/X (sky130_fd_sc_hd__clkbuf_16)
                                         clknet_0_CLK100MHZ (net)
                  0.10    0.00    0.37 ^ clkbuf_2_0__f_CLK100MHZ/A (sky130_fd_sc_hd__clkbuf_16)
     8    0.03    0.08    0.24    0.61 ^ clkbuf_2_0__f_CLK100MHZ/X (sky130_fd_sc_hd__clkbuf_16)
                                         clknet_2_0__leaf_CLK100MHZ (net)
                  0.08    0.00    0.61 ^ _248_/CLK (sky130_fd_sc_hd__dfrtp_4)
     6    0.04    0.24    0.91    1.52 ^ _248_/Q (sky130_fd_sc_hd__dfrtp_4)
                                         decoder.count[2] (net)
                  0.24    0.00    1.53 ^ _155_/B (sky130_fd_sc_hd__nor2_2)
     4    0.04    0.17    0.23    1.76 v _155_/Y (sky130_fd_sc_hd__nor2_2)
                                         _079_ (net)
                  0.17    0.00    1.76 v _159_/B (sky130_fd_sc_hd__nor2_1)
     1    0.01    0.19    0.22    1.98 ^ _159_/Y (sky130_fd_sc_hd__nor2_1)
                                         net2 (net)
                  0.19    0.00    1.98 ^ output2/A (sky130_fd_sc_hd__buf_1)
     1    0.03    0.64    0.58    2.56 ^ output2/X (sky130_fd_sc_hd__buf_1)
                                         seg[1] (net)
                  0.64    0.00    2.56 ^ seg[1] (out)
                                  2.56   data arrival time

                          0.00    0.00   clock CLK100MHZ (rise edge)
                          0.00    0.00   clock network delay (propagated)
                          0.25    0.25   clock uncertainty
                          0.00    0.25   clock reconvergence pessimism
                         -2.00   -1.75   output external delay
                                 -1.75   data required time
-----------------------------------------------------------------------------
                                 -1.75   data required time
                                 -2.56   data arrival time
-----------------------------------------------------------------------------
                                  4.31   slack (MET)


Startpoint: _249_ (rising edge-triggered flip-flop clocked by CLK100MHZ)
Endpoint: seg[2] (output port clocked by CLK100MHZ)
Path Group: CLK100MHZ
Path Type: min
Corner: Slowest

Fanout     Cap    Slew   Delay    Time   Description
-----------------------------------------------------------------------------
                          0.00    0.00   clock CLK100MHZ (rise edge)
                          0.00    0.00   clock source latency
     1    0.02    0.15    0.10    0.10 ^ CLK100MHZ (in)
                                         CLK100MHZ (net)
                  0.15    0.00    0.10 ^ clkbuf_0_CLK100MHZ/A (sky130_fd_sc_hd__clkbuf_16)
     4    0.04    0.10    0.28    0.37 ^ clkbuf_0_CLK100MHZ/X (sky130_fd_sc_hd__clkbuf_16)
                                         clknet_0_CLK100MHZ (net)
                  0.10    0.00    0.37 ^ clkbuf_2_3__f_CLK100MHZ/A (sky130_fd_sc_hd__clkbuf_16)
     8    0.03    0.08    0.24    0.61 ^ clkbuf_2_3__f_CLK100MHZ/X (sky130_fd_sc_hd__clkbuf_16)
                                         clknet_2_3__leaf_CLK100MHZ (net)
                  0.08    0.00    0.61 ^ _249_/CLK (sky130_fd_sc_hd__dfrtp_4)
     6    0.05    0.26    0.93    1.54 ^ _249_/Q (sky130_fd_sc_hd__dfrtp_4)
                                         decoder.count[3] (net)
                  0.26    0.00    1.55 ^ _160_/A1 (sky130_fd_sc_hd__o21a_1)
     1    0.02    0.27    0.43    1.98 ^ _160_/X (sky130_fd_sc_hd__o21a_1)
                                         net3 (net)
                  0.27    0.00    1.98 ^ output3/A (sky130_fd_sc_hd__buf_1)
     1    0.03    0.64    0.60    2.59 ^ output3/X (sky130_fd_sc_hd__buf_1)
                                         seg[2] (net)
                  0.64    0.00    2.59 ^ seg[2] (out)
                                  2.59   data arrival time

                          0.00    0.00   clock CLK100MHZ (rise edge)
                          0.00    0.00   clock network delay (propagated)
                          0.25    0.25   clock uncertainty
                          0.00    0.25   clock reconvergence pessimism
                         -2.00   -1.75   output external delay
                                 -1.75   data required time
-----------------------------------------------------------------------------
                                 -1.75   data required time
                                 -2.59   data arrival time
-----------------------------------------------------------------------------
                                  4.34   slack (MET)


Startpoint: _249_ (rising edge-triggered flip-flop clocked by CLK100MHZ)
Endpoint: seg[5] (output port clocked by CLK100MHZ)
Path Group: CLK100MHZ
Path Type: min
Corner: Slowest

Fanout     Cap    Slew   Delay    Time   Description
-----------------------------------------------------------------------------
                          0.00    0.00   clock CLK100MHZ (rise edge)
                          0.00    0.00   clock source latency
     1    0.02    0.15    0.10    0.10 ^ CLK100MHZ (in)
                                         CLK100MHZ (net)
                  0.15    0.00    0.10 ^ clkbuf_0_CLK100MHZ/A (sky130_fd_sc_hd__clkbuf_16)
     4    0.04    0.10    0.28    0.37 ^ clkbuf_0_CLK100MHZ/X (sky130_fd_sc_hd__clkbuf_16)
                                         clknet_0_CLK100MHZ (net)
                  0.10    0.00    0.37 ^ clkbuf_2_3__f_CLK100MHZ/A (sky130_fd_sc_hd__clkbuf_16)
     8    0.03    0.08    0.24    0.61 ^ clkbuf_2_3__f_CLK100MHZ/X (sky130_fd_sc_hd__clkbuf_16)
                                         clknet_2_3__leaf_CLK100MHZ (net)
                  0.08    0.00    0.61 ^ _249_/CLK (sky130_fd_sc_hd__dfrtp_4)
     6    0.05    0.26    0.93    1.54 ^ _249_/Q (sky130_fd_sc_hd__dfrtp_4)
                                         decoder.count[3] (net)
                  0.26    0.00    1.55 ^ _162_/A (sky130_fd_sc_hd__or3_1)
     1    0.01    0.18    0.33    1.88 ^ _162_/X (sky130_fd_sc_hd__or3_1)
                                         _082_ (net)
                  0.18    0.00    1.88 ^ _163_/A (sky130_fd_sc_hd__clkbuf_1)
     1    0.02    0.30    0.34    2.22 ^ _163_/X (sky130_fd_sc_hd__clkbuf_1)
                                         net6 (net)
                  0.30    0.00    2.22 ^ output6/A (sky130_fd_sc_hd__buf_1)
     1    0.03    0.64    0.61    2.83 ^ output6/X (sky130_fd_sc_hd__buf_1)
                                         seg[5] (net)
                  0.64    0.00    2.83 ^ seg[5] (out)
                                  2.83   data arrival time

                          0.00    0.00   clock CLK100MHZ (rise edge)
                          0.00    0.00   clock network delay (propagated)
                          0.25    0.25   clock uncertainty
                          0.00    0.25   clock reconvergence pessimism
                         -2.00   -1.75   output external delay
                                 -1.75   data required time
-----------------------------------------------------------------------------
                                 -1.75   data required time
                                 -2.83   data arrival time
-----------------------------------------------------------------------------
                                  4.58   slack (MET)


Startpoint: _249_ (rising edge-triggered flip-flop clocked by CLK100MHZ)
Endpoint: seg[0] (output port clocked by CLK100MHZ)
Path Group: CLK100MHZ
Path Type: min
Corner: Slowest

Fanout     Cap    Slew   Delay    Time   Description
-----------------------------------------------------------------------------
                          0.00    0.00   clock CLK100MHZ (rise edge)
                          0.00    0.00   clock source latency
     1    0.02    0.15    0.10    0.10 ^ CLK100MHZ (in)
                                         CLK100MHZ (net)
                  0.15    0.00    0.10 ^ clkbuf_0_CLK100MHZ/A (sky130_fd_sc_hd__clkbuf_16)
     4    0.04    0.10    0.28    0.37 ^ clkbuf_0_CLK100MHZ/X (sky130_fd_sc_hd__clkbuf_16)
                                         clknet_0_CLK100MHZ (net)
                  0.10    0.00    0.37 ^ clkbuf_2_3__f_CLK100MHZ/A (sky130_fd_sc_hd__clkbuf_16)
     8    0.03    0.08    0.24    0.61 ^ clkbuf_2_3__f_CLK100MHZ/X (sky130_fd_sc_hd__clkbuf_16)
                                         clknet_2_3__leaf_CLK100MHZ (net)
                  0.08    0.00    0.61 ^ _249_/CLK (sky130_fd_sc_hd__dfrtp_4)
     6    0.05    0.26    0.93    1.54 ^ _249_/Q (sky130_fd_sc_hd__dfrtp_4)
                                         decoder.count[3] (net)
                  0.26    0.00    1.55 ^ _158_/D1 (sky130_fd_sc_hd__a2111o_1)
     2    0.02    0.27    0.37    1.91 ^ _158_/X (sky130_fd_sc_hd__a2111o_1)
                                         net4 (net)
                  0.27    0.00    1.91 ^ _279_/A (sky130_fd_sc_hd__buf_1)
     1    0.01    0.24    0.33    2.24 ^ _279_/X (sky130_fd_sc_hd__buf_1)
                                         net1 (net)
                  0.24    0.00    2.24 ^ output1/A (sky130_fd_sc_hd__buf_1)
     1    0.03    0.64    0.59    2.84 ^ output1/X (sky130_fd_sc_hd__buf_1)
                                         seg[0] (net)
                  0.64    0.00    2.84 ^ seg[0] (out)
                                  2.84   data arrival time

                          0.00    0.00   clock CLK100MHZ (rise edge)
                          0.00    0.00   clock network delay (propagated)
                          0.25    0.25   clock uncertainty
                          0.00    0.25   clock reconvergence pessimism
                         -2.00   -1.75   output external delay
                                 -1.75   data required time
-----------------------------------------------------------------------------
                                 -1.75   data required time
                                 -2.84   data arrival time
-----------------------------------------------------------------------------
                                  4.59   slack (MET)



worst slack corner Slowest: 0.8361
======================= Typical Corner ===================================

Startpoint: _268_ (rising edge-triggered flip-flop clocked by CLK100MHZ)
Endpoint: _268_ (rising edge-triggered flip-flop clocked by CLK100MHZ)
Path Group: CLK100MHZ
Path Type: min
Corner: Typical

Fanout     Cap    Slew   Delay    Time   Description
-----------------------------------------------------------------------------
                          0.00    0.00   clock CLK100MHZ (rise edge)
                          0.00    0.00   clock source latency
     1    0.02    0.09    0.06    0.06 ^ CLK100MHZ (in)
                                         CLK100MHZ (net)
                  0.09    0.00    0.06 ^ clkbuf_0_CLK100MHZ/A (sky130_fd_sc_hd__clkbuf_16)
     4    0.04    0.06    0.15    0.22 ^ clkbuf_0_CLK100MHZ/X (sky130_fd_sc_hd__clkbuf_16)
                                         clknet_0_CLK100MHZ (net)
                  0.06    0.00    0.22 ^ clkbuf_2_1__f_CLK100MHZ/A (sky130_fd_sc_hd__clkbuf_16)
     8    0.02    0.05    0.13    0.35 ^ clkbuf_2_1__f_CLK100MHZ/X (sky130_fd_sc_hd__clkbuf_16)
                                         clknet_2_1__leaf_CLK100MHZ (net)
                  0.05    0.00    0.35 ^ _268_/CLK (sky130_fd_sc_hd__dfrtp_2)
     3    0.03    0.15    0.41    0.76 ^ _268_/Q (sky130_fd_sc_hd__dfrtp_2)
                                         decoder.delay[18] (net)
                  0.15    0.00    0.76 ^ _211_/A (sky130_fd_sc_hd__xor2_1)
     1    0.00    0.04    0.09    0.85 v _211_/X (sky130_fd_sc_hd__xor2_1)
                                         _009_ (net)
                  0.04    0.00    0.85 v _268_/D (sky130_fd_sc_hd__dfrtp_2)
                                  0.85   data arrival time

                          0.00    0.00   clock CLK100MHZ (rise edge)
                          0.00    0.00   clock source latency
     1    0.02    0.09    0.07    0.07 ^ CLK100MHZ (in)
                                         CLK100MHZ (net)
                  0.09    0.00    0.07 ^ clkbuf_0_CLK100MHZ/A (sky130_fd_sc_hd__clkbuf_16)
     4    0.04    0.06    0.17    0.24 ^ clkbuf_0_CLK100MHZ/X (sky130_fd_sc_hd__clkbuf_16)
                                         clknet_0_CLK100MHZ (net)
                  0.06    0.00    0.24 ^ clkbuf_2_1__f_CLK100MHZ/A (sky130_fd_sc_hd__clkbuf_16)
     8    0.02    0.05    0.14    0.39 ^ clkbuf_2_1__f_CLK100MHZ/X (sky130_fd_sc_hd__clkbuf_16)
                                         clknet_2_1__leaf_CLK100MHZ (net)
                  0.05    0.00    0.39 ^ _268_/CLK (sky130_fd_sc_hd__dfrtp_2)
                          0.25    0.64   clock uncertainty
                         -0.04    0.60   clock reconvergence pessimism
                         -0.04    0.56   library hold time
                                  0.56   data required time
-----------------------------------------------------------------------------
                                  0.56   data required time
                                 -0.85   data arrival time
-----------------------------------------------------------------------------
                                  0.29   slack (MET)


Startpoint: _250_ (rising edge-triggered flip-flop clocked by CLK100MHZ)
Endpoint: _250_ (rising edge-triggered flip-flop clocked by CLK100MHZ)
Path Group: CLK100MHZ
Path Type: min
Corner: Typical

Fanout     Cap    Slew   Delay    Time   Description
-----------------------------------------------------------------------------
                          0.00    0.00   clock CLK100MHZ (rise edge)
                          0.00    0.00   clock source latency
     1    0.02    0.09    0.06    0.06 ^ CLK100MHZ (in)
                                         CLK100MHZ (net)
                  0.09    0.00    0.06 ^ clkbuf_0_CLK100MHZ/A (sky130_fd_sc_hd__clkbuf_16)
     4    0.04    0.06    0.15    0.22 ^ clkbuf_0_CLK100MHZ/X (sky130_fd_sc_hd__clkbuf_16)
                                         clknet_0_CLK100MHZ (net)
                  0.06    0.00    0.22 ^ clkbuf_2_2__f_CLK100MHZ/A (sky130_fd_sc_hd__clkbuf_16)
     8    0.03    0.05    0.14    0.36 ^ clkbuf_2_2__f_CLK100MHZ/X (sky130_fd_sc_hd__clkbuf_16)
                                         clknet_2_2__leaf_CLK100MHZ (net)
                  0.05    0.00    0.36 ^ _250_/CLK (sky130_fd_sc_hd__dfrtp_2)
     5    0.04    0.22    0.46    0.82 ^ _250_/Q (sky130_fd_sc_hd__dfrtp_2)
                                         decoder.delay[0] (net)
                  0.22    0.00    0.82 ^ _165_/A (sky130_fd_sc_hd__inv_2)
     1    0.00    0.04    0.04    0.86 v _165_/Y (sky130_fd_sc_hd__inv_2)
                                         _000_ (net)
                  0.04    0.00    0.86 v _250_/D (sky130_fd_sc_hd__dfrtp_2)
                                  0.86   data arrival time

                          0.00    0.00   clock CLK100MHZ (rise edge)
                          0.00    0.00   clock source latency
     1    0.02    0.09    0.07    0.07 ^ CLK100MHZ (in)
                                         CLK100MHZ (net)
                  0.09    0.00    0.07 ^ clkbuf_0_CLK100MHZ/A (sky130_fd_sc_hd__clkbuf_16)
     4    0.04    0.06    0.17    0.24 ^ clkbuf_0_CLK100MHZ/X (sky130_fd_sc_hd__clkbuf_16)
                                         clknet_0_CLK100MHZ (net)
                  0.06    0.00    0.24 ^ clkbuf_2_2__f_CLK100MHZ/A (sky130_fd_sc_hd__clkbuf_16)
     8    0.03    0.05    0.15    0.39 ^ clkbuf_2_2__f_CLK100MHZ/X (sky130_fd_sc_hd__clkbuf_16)
                                         clknet_2_2__leaf_CLK100MHZ (net)
                  0.05    0.00    0.39 ^ _250_/CLK (sky130_fd_sc_hd__dfrtp_2)
                          0.25    0.64   clock uncertainty
                         -0.04    0.61   clock reconvergence pessimism
                         -0.04    0.57   library hold time
                                  0.57   data required time
-----------------------------------------------------------------------------
                                  0.57   data required time
                                 -0.86   data arrival time
-----------------------------------------------------------------------------
                                  0.29   slack (MET)


Startpoint: _266_ (rising edge-triggered flip-flop clocked by CLK100MHZ)
Endpoint: _266_ (rising edge-triggered flip-flop clocked by CLK100MHZ)
Path Group: CLK100MHZ
Path Type: min
Corner: Typical

Fanout     Cap    Slew   Delay    Time   Description
-----------------------------------------------------------------------------
                          0.00    0.00   clock CLK100MHZ (rise edge)
                          0.00    0.00   clock source latency
     1    0.02    0.09    0.06    0.06 ^ CLK100MHZ (in)
                                         CLK100MHZ (net)
                  0.09    0.00    0.06 ^ clkbuf_0_CLK100MHZ/A (sky130_fd_sc_hd__clkbuf_16)
     4    0.04    0.06    0.15    0.22 ^ clkbuf_0_CLK100MHZ/X (sky130_fd_sc_hd__clkbuf_16)
                                         clknet_0_CLK100MHZ (net)
                  0.06    0.00    0.22 ^ clkbuf_2_0__f_CLK100MHZ/A (sky130_fd_sc_hd__clkbuf_16)
     8    0.03    0.05    0.13    0.35 ^ clkbuf_2_0__f_CLK100MHZ/X (sky130_fd_sc_hd__clkbuf_16)
                                         clknet_2_0__leaf_CLK100MHZ (net)
                  0.05    0.00    0.35 ^ _266_/CLK (sky130_fd_sc_hd__dfrtp_2)
     5    0.04    0.19    0.44    0.79 ^ _266_/Q (sky130_fd_sc_hd__dfrtp_2)
                                         decoder.delay[16] (net)
                  0.19    0.00    0.80 ^ _207_/A (sky130_fd_sc_hd__xor2_1)
     1    0.00    0.04    0.10    0.89 v _207_/X (sky130_fd_sc_hd__xor2_1)
                                         _007_ (net)
                  0.04    0.00    0.89 v _266_/D (sky130_fd_sc_hd__dfrtp_2)
                                  0.89   data arrival time

                          0.00    0.00   clock CLK100MHZ (rise edge)
                          0.00    0.00   clock source latency
     1    0.02    0.09    0.07    0.07 ^ CLK100MHZ (in)
                                         CLK100MHZ (net)
                  0.09    0.00    0.07 ^ clkbuf_0_CLK100MHZ/A (sky130_fd_sc_hd__clkbuf_16)
     4    0.04    0.06    0.17    0.24 ^ clkbuf_0_CLK100MHZ/X (sky130_fd_sc_hd__clkbuf_16)
                                         clknet_0_CLK100MHZ (net)
                  0.06    0.00    0.24 ^ clkbuf_2_0__f_CLK100MHZ/A (sky130_fd_sc_hd__clkbuf_16)
     8    0.03    0.05    0.15    0.39 ^ clkbuf_2_0__f_CLK100MHZ/X (sky130_fd_sc_hd__clkbuf_16)
                                         clknet_2_0__leaf_CLK100MHZ (net)
                  0.05    0.00    0.39 ^ _266_/CLK (sky130_fd_sc_hd__dfrtp_2)
                          0.25    0.64   clock uncertainty
                         -0.04    0.60   clock reconvergence pessimism
                         -0.04    0.56   library hold time
                                  0.56   data required time
-----------------------------------------------------------------------------
                                  0.56   data required time
                                 -0.89   data arrival time
-----------------------------------------------------------------------------
                                  0.33   slack (MET)


Startpoint: _262_ (rising edge-triggered flip-flop clocked by CLK100MHZ)
Endpoint: _262_ (rising edge-triggered flip-flop clocked by CLK100MHZ)
Path Group: CLK100MHZ
Path Type: min
Corner: Typical

Fanout     Cap    Slew   Delay    Time   Description
-----------------------------------------------------------------------------
                          0.00    0.00   clock CLK100MHZ (rise edge)
                          0.00    0.00   clock source latency
     1    0.02    0.09    0.06    0.06 ^ CLK100MHZ (in)
                                         CLK100MHZ (net)
                  0.09    0.00    0.06 ^ clkbuf_0_CLK100MHZ/A (sky130_fd_sc_hd__clkbuf_16)
     4    0.04    0.06    0.15    0.22 ^ clkbuf_0_CLK100MHZ/X (sky130_fd_sc_hd__clkbuf_16)
                                         clknet_0_CLK100MHZ (net)
                  0.06    0.00    0.22 ^ clkbuf_2_2__f_CLK100MHZ/A (sky130_fd_sc_hd__clkbuf_16)
     8    0.03    0.05    0.14    0.36 ^ clkbuf_2_2__f_CLK100MHZ/X (sky130_fd_sc_hd__clkbuf_16)
                                         clknet_2_2__leaf_CLK100MHZ (net)
                  0.05    0.00    0.36 ^ _262_/CLK (sky130_fd_sc_hd__dfrtp_2)
     5    0.03    0.17    0.42    0.78 ^ _262_/Q (sky130_fd_sc_hd__dfrtp_2)
                                         decoder.delay[12] (net)
                  0.17    0.00    0.78 ^ _199_/A (sky130_fd_sc_hd__xnor2_1)
     1    0.01    0.06    0.11    0.90 v _199_/Y (sky130_fd_sc_hd__xnor2_1)
                                         _003_ (net)
                  0.06    0.00    0.90 v _262_/D (sky130_fd_sc_hd__dfrtp_2)
                                  0.90   data arrival time

                          0.00    0.00   clock CLK100MHZ (rise edge)
                          0.00    0.00   clock source latency
     1    0.02    0.09    0.07    0.07 ^ CLK100MHZ (in)
                                         CLK100MHZ (net)
                  0.09    0.00    0.07 ^ clkbuf_0_CLK100MHZ/A (sky130_fd_sc_hd__clkbuf_16)
     4    0.04    0.06    0.17    0.24 ^ clkbuf_0_CLK100MHZ/X (sky130_fd_sc_hd__clkbuf_16)
                                         clknet_0_CLK100MHZ (net)
                  0.06    0.00    0.24 ^ clkbuf_2_2__f_CLK100MHZ/A (sky130_fd_sc_hd__clkbuf_16)
     8    0.03    0.05    0.15    0.39 ^ clkbuf_2_2__f_CLK100MHZ/X (sky130_fd_sc_hd__clkbuf_16)
                                         clknet_2_2__leaf_CLK100MHZ (net)
                  0.05    0.00    0.39 ^ _262_/CLK (sky130_fd_sc_hd__dfrtp_2)
                          0.25    0.64   clock uncertainty
                         -0.04    0.61   clock reconvergence pessimism
                         -0.05    0.56   library hold time
                                  0.56   data required time
-----------------------------------------------------------------------------
                                  0.56   data required time
                                 -0.90   data arrival time
-----------------------------------------------------------------------------
                                  0.34   slack (MET)


Startpoint: _269_ (rising edge-triggered flip-flop clocked by CLK100MHZ)
Endpoint: _269_ (rising edge-triggered flip-flop clocked by CLK100MHZ)
Path Group: CLK100MHZ
Path Type: min
Corner: Typical

Fanout     Cap    Slew   Delay    Time   Description
-----------------------------------------------------------------------------
                          0.00    0.00   clock CLK100MHZ (rise edge)
                          0.00    0.00   clock source latency
     1    0.02    0.09    0.06    0.06 ^ CLK100MHZ (in)
                                         CLK100MHZ (net)
                  0.09    0.00    0.06 ^ clkbuf_0_CLK100MHZ/A (sky130_fd_sc_hd__clkbuf_16)
     4    0.04    0.06    0.15    0.22 ^ clkbuf_0_CLK100MHZ/X (sky130_fd_sc_hd__clkbuf_16)
                                         clknet_0_CLK100MHZ (net)
                  0.06    0.00    0.22 ^ clkbuf_2_2__f_CLK100MHZ/A (sky130_fd_sc_hd__clkbuf_16)
     8    0.03    0.05    0.14    0.36 ^ clkbuf_2_2__f_CLK100MHZ/X (sky130_fd_sc_hd__clkbuf_16)
                                         clknet_2_2__leaf_CLK100MHZ (net)
                  0.05    0.00    0.36 ^ _269_/CLK (sky130_fd_sc_hd__dfrtp_1)
     2    0.02    0.15    0.38    0.74 ^ _269_/Q (sky130_fd_sc_hd__dfrtp_1)
                                         decoder.delay[19] (net)
                  0.15    0.00    0.74 ^ _213_/B2 (sky130_fd_sc_hd__o2bb2a_1)
     1    0.01    0.10    0.18    0.92 ^ _213_/X (sky130_fd_sc_hd__o2bb2a_1)
                                         _010_ (net)
                  0.10    0.00    0.92 ^ _269_/D (sky130_fd_sc_hd__dfrtp_1)
                                  0.92   data arrival time

                          0.00    0.00   clock CLK100MHZ (rise edge)
                          0.00    0.00   clock source latency
     1    0.02    0.09    0.07    0.07 ^ CLK100MHZ (in)
                                         CLK100MHZ (net)
                  0.09    0.00    0.07 ^ clkbuf_0_CLK100MHZ/A (sky130_fd_sc_hd__clkbuf_16)
     4    0.04    0.06    0.17    0.24 ^ clkbuf_0_CLK100MHZ/X (sky130_fd_sc_hd__clkbuf_16)
                                         clknet_0_CLK100MHZ (net)
                  0.06    0.00    0.24 ^ clkbuf_2_2__f_CLK100MHZ/A (sky130_fd_sc_hd__clkbuf_16)
     8    0.03    0.05    0.15    0.39 ^ clkbuf_2_2__f_CLK100MHZ/X (sky130_fd_sc_hd__clkbuf_16)
                                         clknet_2_2__leaf_CLK100MHZ (net)
                  0.05    0.00    0.39 ^ _269_/CLK (sky130_fd_sc_hd__dfrtp_1)
                          0.25    0.64   clock uncertainty
                         -0.04    0.61   clock reconvergence pessimism
                         -0.04    0.56   library hold time
                                  0.56   data required time
-----------------------------------------------------------------------------
                                  0.56   data required time
                                 -0.92   data arrival time
-----------------------------------------------------------------------------
                                  0.36   slack (MET)


Startpoint: _274_ (rising edge-triggered flip-flop clocked by CLK100MHZ)
Endpoint: _274_ (rising edge-triggered flip-flop clocked by CLK100MHZ)
Path Group: CLK100MHZ
Path Type: min
Corner: Typical

Fanout     Cap    Slew   Delay    Time   Description
-----------------------------------------------------------------------------
                          0.00    0.00   clock CLK100MHZ (rise edge)
                          0.00    0.00   clock source latency
     1    0.02    0.09    0.06    0.06 ^ CLK100MHZ (in)
                                         CLK100MHZ (net)
                  0.09    0.00    0.06 ^ clkbuf_0_CLK100MHZ/A (sky130_fd_sc_hd__clkbuf_16)
     4    0.04    0.06    0.15    0.22 ^ clkbuf_0_CLK100MHZ/X (sky130_fd_sc_hd__clkbuf_16)
                                         clknet_0_CLK100MHZ (net)
                  0.06    0.00    0.22 ^ clkbuf_2_3__f_CLK100MHZ/A (sky130_fd_sc_hd__clkbuf_16)
     8    0.03    0.05    0.13    0.35 ^ clkbuf_2_3__f_CLK100MHZ/X (sky130_fd_sc_hd__clkbuf_16)
                                         clknet_2_3__leaf_CLK100MHZ (net)
                  0.05    0.00    0.35 ^ _274_/CLK (sky130_fd_sc_hd__dfrtp_2)
     5    0.03    0.16    0.42    0.77 ^ _274_/Q (sky130_fd_sc_hd__dfrtp_2)
                                         decoder.delay[24] (net)
                  0.16    0.00    0.78 ^ _154_/A (sky130_fd_sc_hd__xnor2_1)
     1    0.01    0.08    0.13    0.91 v _154_/Y (sky130_fd_sc_hd__xnor2_1)
                                         _016_ (net)
                  0.08    0.00    0.91 v _274_/D (sky130_fd_sc_hd__dfrtp_2)
                                  0.91   data arrival time

                          0.00    0.00   clock CLK100MHZ (rise edge)
                          0.00    0.00   clock source latency
     1    0.02    0.09    0.07    0.07 ^ CLK100MHZ (in)
                                         CLK100MHZ (net)
                  0.09    0.00    0.07 ^ clkbuf_0_CLK100MHZ/A (sky130_fd_sc_hd__clkbuf_16)
     4    0.04    0.06    0.17    0.24 ^ clkbuf_0_CLK100MHZ/X (sky130_fd_sc_hd__clkbuf_16)
                                         clknet_0_CLK100MHZ (net)
                  0.06    0.00    0.24 ^ clkbuf_2_3__f_CLK100MHZ/A (sky130_fd_sc_hd__clkbuf_16)
     8    0.03    0.05    0.15    0.39 ^ clkbuf_2_3__f_CLK100MHZ/X (sky130_fd_sc_hd__clkbuf_16)
                                         clknet_2_3__leaf_CLK100MHZ (net)
                  0.05    0.00    0.39 ^ _274_/CLK (sky130_fd_sc_hd__dfrtp_2)
                          0.25    0.64   clock uncertainty
                         -0.04    0.60   clock reconvergence pessimism
                         -0.06    0.55   library hold time
                                  0.55   data required time
-----------------------------------------------------------------------------
                                  0.55   data required time
                                 -0.91   data arrival time
-----------------------------------------------------------------------------
                                  0.36   slack (MET)


Startpoint: _256_ (rising edge-triggered flip-flop clocked by CLK100MHZ)
Endpoint: _256_ (rising edge-triggered flip-flop clocked by CLK100MHZ)
Path Group: CLK100MHZ
Path Type: min
Corner: Typical

Fanout     Cap    Slew   Delay    Time   Description
-----------------------------------------------------------------------------
                          0.00    0.00   clock CLK100MHZ (rise edge)
                          0.00    0.00   clock source latency
     1    0.02    0.09    0.06    0.06 ^ CLK100MHZ (in)
                                         CLK100MHZ (net)
                  0.09    0.00    0.06 ^ clkbuf_0_CLK100MHZ/A (sky130_fd_sc_hd__clkbuf_16)
     4    0.04    0.06    0.15    0.22 ^ clkbuf_0_CLK100MHZ/X (sky130_fd_sc_hd__clkbuf_16)
                                         clknet_0_CLK100MHZ (net)
                  0.06    0.00    0.22 ^ clkbuf_2_0__f_CLK100MHZ/A (sky130_fd_sc_hd__clkbuf_16)
     8    0.03    0.05    0.13    0.35 ^ clkbuf_2_0__f_CLK100MHZ/X (sky130_fd_sc_hd__clkbuf_16)
                                         clknet_2_0__leaf_CLK100MHZ (net)
                  0.05    0.00    0.35 ^ _256_/CLK (sky130_fd_sc_hd__dfrtp_4)
     4    0.04    0.15    0.46    0.82 ^ _256_/Q (sky130_fd_sc_hd__dfrtp_4)
                                         decoder.delay[6] (net)
                  0.15    0.00    0.82 ^ _180_/A (sky130_fd_sc_hd__xor2_1)
     1    0.01    0.05    0.10    0.92 v _180_/X (sky130_fd_sc_hd__xor2_1)
                                         _021_ (net)
                  0.05    0.00    0.92 v _256_/D (sky130_fd_sc_hd__dfrtp_4)
                                  0.92   data arrival time

                          0.00    0.00   clock CLK100MHZ (rise edge)
                          0.00    0.00   clock source latency
     1    0.02    0.09    0.07    0.07 ^ CLK100MHZ (in)
                                         CLK100MHZ (net)
                  0.09    0.00    0.07 ^ clkbuf_0_CLK100MHZ/A (sky130_fd_sc_hd__clkbuf_16)
     4    0.04    0.06    0.17    0.24 ^ clkbuf_0_CLK100MHZ/X (sky130_fd_sc_hd__clkbuf_16)
                                         clknet_0_CLK100MHZ (net)
                  0.06    0.00    0.24 ^ clkbuf_2_0__f_CLK100MHZ/A (sky130_fd_sc_hd__clkbuf_16)
     8    0.03    0.05    0.15    0.39 ^ clkbuf_2_0__f_CLK100MHZ/X (sky130_fd_sc_hd__clkbuf_16)
                                         clknet_2_0__leaf_CLK100MHZ (net)
                  0.05    0.00    0.39 ^ _256_/CLK (sky130_fd_sc_hd__dfrtp_4)
                          0.25    0.64   clock uncertainty
                         -0.04    0.60   clock reconvergence pessimism
                         -0.04    0.56   library hold time
                                  0.56   data required time
-----------------------------------------------------------------------------
                                  0.56   data required time
                                 -0.92   data arrival time
-----------------------------------------------------------------------------
                                  0.36   slack (MET)


Startpoint: _259_ (rising edge-triggered flip-flop clocked by CLK100MHZ)
Endpoint: _259_ (rising edge-triggered flip-flop clocked by CLK100MHZ)
Path Group: CLK100MHZ
Path Type: min
Corner: Typical

Fanout     Cap    Slew   Delay    Time   Description
-----------------------------------------------------------------------------
                          0.00    0.00   clock CLK100MHZ (rise edge)
                          0.00    0.00   clock source latency
     1    0.02    0.09    0.06    0.06 ^ CLK100MHZ (in)
                                         CLK100MHZ (net)
                  0.09    0.00    0.06 ^ clkbuf_0_CLK100MHZ/A (sky130_fd_sc_hd__clkbuf_16)
     4    0.04    0.06    0.15    0.22 ^ clkbuf_0_CLK100MHZ/X (sky130_fd_sc_hd__clkbuf_16)
                                         clknet_0_CLK100MHZ (net)
                  0.06    0.00    0.22 ^ clkbuf_2_1__f_CLK100MHZ/A (sky130_fd_sc_hd__clkbuf_16)
     8    0.02    0.05    0.13    0.35 ^ clkbuf_2_1__f_CLK100MHZ/X (sky130_fd_sc_hd__clkbuf_16)
                                         clknet_2_1__leaf_CLK100MHZ (net)
                  0.05    0.00    0.35 ^ _259_/CLK (sky130_fd_sc_hd__dfrtp_2)
     4    0.04    0.18    0.43    0.78 ^ _259_/Q (sky130_fd_sc_hd__dfrtp_2)
                                         decoder.delay[9] (net)
                  0.18    0.00    0.79 ^ _191_/A (sky130_fd_sc_hd__xnor2_1)
     1    0.01    0.08    0.13    0.91 v _191_/Y (sky130_fd_sc_hd__xnor2_1)
                                         _024_ (net)
                  0.08    0.00    0.92 v _259_/D (sky130_fd_sc_hd__dfrtp_2)
                                  0.92   data arrival time

                          0.00    0.00   clock CLK100MHZ (rise edge)
                          0.00    0.00   clock source latency
     1    0.02    0.09    0.07    0.07 ^ CLK100MHZ (in)
                                         CLK100MHZ (net)
                  0.09    0.00    0.07 ^ clkbuf_0_CLK100MHZ/A (sky130_fd_sc_hd__clkbuf_16)
     4    0.04    0.06    0.17    0.24 ^ clkbuf_0_CLK100MHZ/X (sky130_fd_sc_hd__clkbuf_16)
                                         clknet_0_CLK100MHZ (net)
                  0.06    0.00    0.24 ^ clkbuf_2_1__f_CLK100MHZ/A (sky130_fd_sc_hd__clkbuf_16)
     8    0.02    0.05    0.14    0.39 ^ clkbuf_2_1__f_CLK100MHZ/X (sky130_fd_sc_hd__clkbuf_16)
                                         clknet_2_1__leaf_CLK100MHZ (net)
                  0.05    0.00    0.39 ^ _259_/CLK (sky130_fd_sc_hd__dfrtp_2)
                          0.25    0.64   clock uncertainty
                         -0.04    0.60   clock reconvergence pessimism
                         -0.05    0.54   library hold time
                                  0.54   data required time
-----------------------------------------------------------------------------
                                  0.54   data required time
                                 -0.92   data arrival time
-----------------------------------------------------------------------------
                                  0.37   slack (MET)


Startpoint: _264_ (rising edge-triggered flip-flop clocked by CLK100MHZ)
Endpoint: _264_ (rising edge-triggered flip-flop clocked by CLK100MHZ)
Path Group: CLK100MHZ
Path Type: min
Corner: Typical

Fanout     Cap    Slew   Delay    Time   Description
-----------------------------------------------------------------------------
                          0.00    0.00   clock CLK100MHZ (rise edge)
                          0.00    0.00   clock source latency
     1    0.02    0.09    0.06    0.06 ^ CLK100MHZ (in)
                                         CLK100MHZ (net)
                  0.09    0.00    0.06 ^ clkbuf_0_CLK100MHZ/A (sky130_fd_sc_hd__clkbuf_16)
     4    0.04    0.06    0.15    0.22 ^ clkbuf_0_CLK100MHZ/X (sky130_fd_sc_hd__clkbuf_16)
                                         clknet_0_CLK100MHZ (net)
                  0.06    0.00    0.22 ^ clkbuf_2_0__f_CLK100MHZ/A (sky130_fd_sc_hd__clkbuf_16)
     8    0.03    0.05    0.13    0.35 ^ clkbuf_2_0__f_CLK100MHZ/X (sky130_fd_sc_hd__clkbuf_16)
                                         clknet_2_0__leaf_CLK100MHZ (net)
                  0.05    0.00    0.35 ^ _264_/CLK (sky130_fd_sc_hd__dfrtp_1)
     3    0.02    0.21    0.43    0.78 ^ _264_/Q (sky130_fd_sc_hd__dfrtp_1)
                                         decoder.delay[14] (net)
                  0.21    0.00    0.78 ^ _204_/B2 (sky130_fd_sc_hd__o2bb2a_1)
     1    0.01    0.09    0.20    0.98 ^ _204_/X (sky130_fd_sc_hd__o2bb2a_1)
                                         _005_ (net)
                  0.09    0.00    0.98 ^ _264_/D (sky130_fd_sc_hd__dfrtp_1)
                                  0.98   data arrival time

                          0.00    0.00   clock CLK100MHZ (rise edge)
                          0.00    0.00   clock source latency
     1    0.02    0.09    0.07    0.07 ^ CLK100MHZ (in)
                                         CLK100MHZ (net)
                  0.09    0.00    0.07 ^ clkbuf_0_CLK100MHZ/A (sky130_fd_sc_hd__clkbuf_16)
     4    0.04    0.06    0.17    0.24 ^ clkbuf_0_CLK100MHZ/X (sky130_fd_sc_hd__clkbuf_16)
                                         clknet_0_CLK100MHZ (net)
                  0.06    0.00    0.24 ^ clkbuf_2_0__f_CLK100MHZ/A (sky130_fd_sc_hd__clkbuf_16)
     8    0.03    0.05    0.15    0.39 ^ clkbuf_2_0__f_CLK100MHZ/X (sky130_fd_sc_hd__clkbuf_16)
                                         clknet_2_0__leaf_CLK100MHZ (net)
                  0.05    0.00    0.39 ^ _264_/CLK (sky130_fd_sc_hd__dfrtp_1)
                          0.25    0.64   clock uncertainty
                         -0.04    0.60   clock reconvergence pessimism
                         -0.04    0.56   library hold time
                                  0.56   data required time
-----------------------------------------------------------------------------
                                  0.56   data required time
                                 -0.98   data arrival time
-----------------------------------------------------------------------------
                                  0.42   slack (MET)


Startpoint: _272_ (rising edge-triggered flip-flop clocked by CLK100MHZ)
Endpoint: _272_ (rising edge-triggered flip-flop clocked by CLK100MHZ)
Path Group: CLK100MHZ
Path Type: min
Corner: Typical

Fanout     Cap    Slew   Delay    Time   Description
-----------------------------------------------------------------------------
                          0.00    0.00   clock CLK100MHZ (rise edge)
                          0.00    0.00   clock source latency
     1    0.02    0.09    0.06    0.06 ^ CLK100MHZ (in)
                                         CLK100MHZ (net)
                  0.09    0.00    0.06 ^ clkbuf_0_CLK100MHZ/A (sky130_fd_sc_hd__clkbuf_16)
     4    0.04    0.06    0.15    0.22 ^ clkbuf_0_CLK100MHZ/X (sky130_fd_sc_hd__clkbuf_16)
                                         clknet_0_CLK100MHZ (net)
                  0.06    0.00    0.22 ^ clkbuf_2_1__f_CLK100MHZ/A (sky130_fd_sc_hd__clkbuf_16)
     8    0.02    0.05    0.13    0.35 ^ clkbuf_2_1__f_CLK100MHZ/X (sky130_fd_sc_hd__clkbuf_16)
                                         clknet_2_1__leaf_CLK100MHZ (net)
                  0.05    0.00    0.35 ^ _272_/CLK (sky130_fd_sc_hd__dfrtp_1)
     3    0.03    0.26    0.46    0.81 ^ _272_/Q (sky130_fd_sc_hd__dfrtp_1)
                                         decoder.delay[22] (net)
                  0.26    0.00    0.81 ^ _149_/B2 (sky130_fd_sc_hd__o2bb2a_1)
     1    0.00    0.06    0.18    0.98 ^ _149_/X (sky130_fd_sc_hd__o2bb2a_1)
                                         _014_ (net)
                  0.06    0.00    0.98 ^ _272_/D (sky130_fd_sc_hd__dfrtp_1)
                                  0.98   data arrival time

                          0.00    0.00   clock CLK100MHZ (rise edge)
                          0.00    0.00   clock source latency
     1    0.02    0.09    0.07    0.07 ^ CLK100MHZ (in)
                                         CLK100MHZ (net)
                  0.09    0.00    0.07 ^ clkbuf_0_CLK100MHZ/A (sky130_fd_sc_hd__clkbuf_16)
     4    0.04    0.06    0.17    0.24 ^ clkbuf_0_CLK100MHZ/X (sky130_fd_sc_hd__clkbuf_16)
                                         clknet_0_CLK100MHZ (net)
                  0.06    0.00    0.24 ^ clkbuf_2_1__f_CLK100MHZ/A (sky130_fd_sc_hd__clkbuf_16)
     8    0.02    0.05    0.14    0.39 ^ clkbuf_2_1__f_CLK100MHZ/X (sky130_fd_sc_hd__clkbuf_16)
                                         clknet_2_1__leaf_CLK100MHZ (net)
                  0.05    0.00    0.39 ^ _272_/CLK (sky130_fd_sc_hd__dfrtp_1)
                          0.25    0.64   clock uncertainty
                         -0.04    0.60   clock reconvergence pessimism
                         -0.04    0.56   library hold time
                                  0.56   data required time
-----------------------------------------------------------------------------
                                  0.56   data required time
                                 -0.98   data arrival time
-----------------------------------------------------------------------------
                                  0.42   slack (MET)


Startpoint: _247_ (rising edge-triggered flip-flop clocked by CLK100MHZ)
Endpoint: _247_ (rising edge-triggered flip-flop clocked by CLK100MHZ)
Path Group: CLK100MHZ
Path Type: min
Corner: Typical

Fanout     Cap    Slew   Delay    Time   Description
-----------------------------------------------------------------------------
                          0.00    0.00   clock CLK100MHZ (rise edge)
                          0.00    0.00   clock source latency
     1    0.02    0.09    0.06    0.06 ^ CLK100MHZ (in)
                                         CLK100MHZ (net)
                  0.09    0.00    0.06 ^ clkbuf_0_CLK100MHZ/A (sky130_fd_sc_hd__clkbuf_16)
     4    0.04    0.06    0.15    0.22 ^ clkbuf_0_CLK100MHZ/X (sky130_fd_sc_hd__clkbuf_16)
                                         clknet_0_CLK100MHZ (net)
                  0.06    0.00    0.22 ^ clkbuf_2_3__f_CLK100MHZ/A (sky130_fd_sc_hd__clkbuf_16)
     8    0.03    0.05    0.13    0.35 ^ clkbuf_2_3__f_CLK100MHZ/X (sky130_fd_sc_hd__clkbuf_16)
                                         clknet_2_3__leaf_CLK100MHZ (net)
                  0.05    0.00    0.35 ^ _247_/CLK (sky130_fd_sc_hd__dfrtp_4)
     9    0.06    0.18    0.49    0.84 ^ _247_/Q (sky130_fd_sc_hd__dfrtp_4)
                                         decoder.count[1] (net)
                  0.18    0.00    0.85 ^ _140_/A (sky130_fd_sc_hd__xor2_1)
     1    0.01    0.07    0.13    0.98 v _140_/X (sky130_fd_sc_hd__xor2_1)
                                         _055_ (net)
                  0.07    0.00    0.98 v _247_/D (sky130_fd_sc_hd__dfrtp_4)
                                  0.98   data arrival time

                          0.00    0.00   clock CLK100MHZ (rise edge)
                          0.00    0.00   clock source latency
     1    0.02    0.09    0.07    0.07 ^ CLK100MHZ (in)
                                         CLK100MHZ (net)
                  0.09    0.00    0.07 ^ clkbuf_0_CLK100MHZ/A (sky130_fd_sc_hd__clkbuf_16)
     4    0.04    0.06    0.17    0.24 ^ clkbuf_0_CLK100MHZ/X (sky130_fd_sc_hd__clkbuf_16)
                                         clknet_0_CLK100MHZ (net)
                  0.06    0.00    0.24 ^ clkbuf_2_3__f_CLK100MHZ/A (sky130_fd_sc_hd__clkbuf_16)
     8    0.03    0.05    0.15    0.39 ^ clkbuf_2_3__f_CLK100MHZ/X (sky130_fd_sc_hd__clkbuf_16)
                                         clknet_2_3__leaf_CLK100MHZ (net)
                  0.05    0.00    0.39 ^ _247_/CLK (sky130_fd_sc_hd__dfrtp_4)
                          0.25    0.64   clock uncertainty
                         -0.04    0.60   clock reconvergence pessimism
                         -0.05    0.55   library hold time
                                  0.55   data required time
-----------------------------------------------------------------------------
                                  0.55   data required time
                                 -0.98   data arrival time
-----------------------------------------------------------------------------
                                  0.43   slack (MET)


Startpoint: _255_ (rising edge-triggered flip-flop clocked by CLK100MHZ)
Endpoint: _255_ (rising edge-triggered flip-flop clocked by CLK100MHZ)
Path Group: CLK100MHZ
Path Type: min
Corner: Typical

Fanout     Cap    Slew   Delay    Time   Description
-----------------------------------------------------------------------------
                          0.00    0.00   clock CLK100MHZ (rise edge)
                          0.00    0.00   clock source latency
     1    0.02    0.09    0.06    0.06 ^ CLK100MHZ (in)
                                         CLK100MHZ (net)
                  0.09    0.00    0.06 ^ clkbuf_0_CLK100MHZ/A (sky130_fd_sc_hd__clkbuf_16)
     4    0.04    0.06    0.15    0.22 ^ clkbuf_0_CLK100MHZ/X (sky130_fd_sc_hd__clkbuf_16)
                                         clknet_0_CLK100MHZ (net)
                  0.06    0.00    0.22 ^ clkbuf_2_0__f_CLK100MHZ/A (sky130_fd_sc_hd__clkbuf_16)
     8    0.03    0.05    0.13    0.35 ^ clkbuf_2_0__f_CLK100MHZ/X (sky130_fd_sc_hd__clkbuf_16)
                                         clknet_2_0__leaf_CLK100MHZ (net)
                  0.05    0.00    0.35 ^ _255_/CLK (sky130_fd_sc_hd__dfrtp_2)
     4    0.03    0.17    0.43    0.78 ^ _255_/Q (sky130_fd_sc_hd__dfrtp_2)
                                         decoder.delay[5] (net)
                  0.17    0.00    0.78 ^ _178_/A (sky130_fd_sc_hd__nor2_1)
     1    0.01    0.06    0.09    0.87 v _178_/Y (sky130_fd_sc_hd__nor2_1)
                                         _091_ (net)
                  0.06    0.00    0.87 v _179_/B (sky130_fd_sc_hd__nor2_1)
     1    0.01    0.12    0.11    0.99 ^ _179_/Y (sky130_fd_sc_hd__nor2_1)
                                         _020_ (net)
                  0.12    0.00    0.99 ^ _255_/D (sky130_fd_sc_hd__dfrtp_2)
                                  0.99   data arrival time

                          0.00    0.00   clock CLK100MHZ (rise edge)
                          0.00    0.00   clock source latency
     1    0.02    0.09    0.07    0.07 ^ CLK100MHZ (in)
                                         CLK100MHZ (net)
                  0.09    0.00    0.07 ^ clkbuf_0_CLK100MHZ/A (sky130_fd_sc_hd__clkbuf_16)
     4    0.04    0.06    0.17    0.24 ^ clkbuf_0_CLK100MHZ/X (sky130_fd_sc_hd__clkbuf_16)
                                         clknet_0_CLK100MHZ (net)
                  0.06    0.00    0.24 ^ clkbuf_2_0__f_CLK100MHZ/A (sky130_fd_sc_hd__clkbuf_16)
     8    0.03    0.05    0.15    0.39 ^ clkbuf_2_0__f_CLK100MHZ/X (sky130_fd_sc_hd__clkbuf_16)
                                         clknet_2_0__leaf_CLK100MHZ (net)
                  0.05    0.00    0.39 ^ _255_/CLK (sky130_fd_sc_hd__dfrtp_2)
                          0.25    0.64   clock uncertainty
                         -0.04    0.60   clock reconvergence pessimism
                         -0.05    0.56   library hold time
                                  0.56   data required time
-----------------------------------------------------------------------------
                                  0.56   data required time
                                 -0.99   data arrival time
-----------------------------------------------------------------------------
                                  0.43   slack (MET)


Startpoint: _249_ (rising edge-triggered flip-flop clocked by CLK100MHZ)
Endpoint: _249_ (rising edge-triggered flip-flop clocked by CLK100MHZ)
Path Group: CLK100MHZ
Path Type: min
Corner: Typical

Fanout     Cap    Slew   Delay    Time   Description
-----------------------------------------------------------------------------
                          0.00    0.00   clock CLK100MHZ (rise edge)
                          0.00    0.00   clock source latency
     1    0.02    0.09    0.06    0.06 ^ CLK100MHZ (in)
                                         CLK100MHZ (net)
                  0.09    0.00    0.06 ^ clkbuf_0_CLK100MHZ/A (sky130_fd_sc_hd__clkbuf_16)
     4    0.04    0.06    0.15    0.22 ^ clkbuf_0_CLK100MHZ/X (sky130_fd_sc_hd__clkbuf_16)
                                         clknet_0_CLK100MHZ (net)
                  0.06    0.00    0.22 ^ clkbuf_2_3__f_CLK100MHZ/A (sky130_fd_sc_hd__clkbuf_16)
     8    0.03    0.05    0.13    0.35 ^ clkbuf_2_3__f_CLK100MHZ/X (sky130_fd_sc_hd__clkbuf_16)
                                         clknet_2_3__leaf_CLK100MHZ (net)
                  0.05    0.00    0.35 ^ _249_/CLK (sky130_fd_sc_hd__dfrtp_4)
     6    0.05    0.16    0.47    0.83 ^ _249_/Q (sky130_fd_sc_hd__dfrtp_4)
                                         decoder.count[3] (net)
                  0.16    0.00    0.83 ^ _130_/A (sky130_fd_sc_hd__xor2_1)
     1    0.02    0.09    0.15    0.98 v _130_/X (sky130_fd_sc_hd__xor2_1)
                                         _057_ (net)
                  0.09    0.00    0.98 v _249_/D (sky130_fd_sc_hd__dfrtp_4)
                                  0.98   data arrival time

                          0.00    0.00   clock CLK100MHZ (rise edge)
                          0.00    0.00   clock source latency
     1    0.02    0.09    0.07    0.07 ^ CLK100MHZ (in)
                                         CLK100MHZ (net)
                  0.09    0.00    0.07 ^ clkbuf_0_CLK100MHZ/A (sky130_fd_sc_hd__clkbuf_16)
     4    0.04    0.06    0.17    0.24 ^ clkbuf_0_CLK100MHZ/X (sky130_fd_sc_hd__clkbuf_16)
                                         clknet_0_CLK100MHZ (net)
                  0.06    0.00    0.24 ^ clkbuf_2_3__f_CLK100MHZ/A (sky130_fd_sc_hd__clkbuf_16)
     8    0.03    0.05    0.15    0.39 ^ clkbuf_2_3__f_CLK100MHZ/X (sky130_fd_sc_hd__clkbuf_16)
                                         clknet_2_3__leaf_CLK100MHZ (net)
                  0.05    0.00    0.39 ^ _249_/CLK (sky130_fd_sc_hd__dfrtp_4)
                          0.25    0.64   clock uncertainty
                         -0.04    0.60   clock reconvergence pessimism
                         -0.06    0.55   library hold time
                                  0.55   data required time
-----------------------------------------------------------------------------
                                  0.55   data required time
                                 -0.98   data arrival time
-----------------------------------------------------------------------------
                                  0.44   slack (MET)


Startpoint: _254_ (rising edge-triggered flip-flop clocked by CLK100MHZ)
Endpoint: _254_ (rising edge-triggered flip-flop clocked by CLK100MHZ)
Path Group: CLK100MHZ
Path Type: min
Corner: Typical

Fanout     Cap    Slew   Delay    Time   Description
-----------------------------------------------------------------------------
                          0.00    0.00   clock CLK100MHZ (rise edge)
                          0.00    0.00   clock source latency
     1    0.02    0.09    0.06    0.06 ^ CLK100MHZ (in)
                                         CLK100MHZ (net)
                  0.09    0.00    0.06 ^ clkbuf_0_CLK100MHZ/A (sky130_fd_sc_hd__clkbuf_16)
     4    0.04    0.06    0.15    0.22 ^ clkbuf_0_CLK100MHZ/X (sky130_fd_sc_hd__clkbuf_16)
                                         clknet_0_CLK100MHZ (net)
                  0.06    0.00    0.22 ^ clkbuf_2_1__f_CLK100MHZ/A (sky130_fd_sc_hd__clkbuf_16)
     8    0.02    0.05    0.13    0.35 ^ clkbuf_2_1__f_CLK100MHZ/X (sky130_fd_sc_hd__clkbuf_16)
                                         clknet_2_1__leaf_CLK100MHZ (net)
                  0.05    0.00    0.35 ^ _254_/CLK (sky130_fd_sc_hd__dfrtp_2)
     5    0.04    0.19    0.44    0.79 ^ _254_/Q (sky130_fd_sc_hd__dfrtp_2)
                                         decoder.delay[4] (net)
                  0.19    0.00    0.79 ^ _175_/A (sky130_fd_sc_hd__nor2_1)
     1    0.01    0.07    0.10    0.89 v _175_/Y (sky130_fd_sc_hd__nor2_1)
                                         _089_ (net)
                  0.07    0.00    0.89 v _176_/B (sky130_fd_sc_hd__nor2_1)
     1    0.00    0.10    0.10    1.00 ^ _176_/Y (sky130_fd_sc_hd__nor2_1)
                                         _019_ (net)
                  0.10    0.00    1.00 ^ _254_/D (sky130_fd_sc_hd__dfrtp_2)
                                  1.00   data arrival time

                          0.00    0.00   clock CLK100MHZ (rise edge)
                          0.00    0.00   clock source latency
     1    0.02    0.09    0.07    0.07 ^ CLK100MHZ (in)
                                         CLK100MHZ (net)
                  0.09    0.00    0.07 ^ clkbuf_0_CLK100MHZ/A (sky130_fd_sc_hd__clkbuf_16)
     4    0.04    0.06    0.17    0.24 ^ clkbuf_0_CLK100MHZ/X (sky130_fd_sc_hd__clkbuf_16)
                                         clknet_0_CLK100MHZ (net)
                  0.06    0.00    0.24 ^ clkbuf_2_1__f_CLK100MHZ/A (sky130_fd_sc_hd__clkbuf_16)
     8    0.02    0.05    0.14    0.39 ^ clkbuf_2_1__f_CLK100MHZ/X (sky130_fd_sc_hd__clkbuf_16)
                                         clknet_2_1__leaf_CLK100MHZ (net)
                  0.05    0.00    0.39 ^ _254_/CLK (sky130_fd_sc_hd__dfrtp_2)
                          0.25    0.64   clock uncertainty
                         -0.04    0.60   clock reconvergence pessimism
                         -0.05    0.55   library hold time
                                  0.55   data required time
-----------------------------------------------------------------------------
                                  0.55   data required time
                                 -1.00   data arrival time
-----------------------------------------------------------------------------
                                  0.44   slack (MET)


Startpoint: _270_ (rising edge-triggered flip-flop clocked by CLK100MHZ)
Endpoint: _270_ (rising edge-triggered flip-flop clocked by CLK100MHZ)
Path Group: CLK100MHZ
Path Type: min
Corner: Typical

Fanout     Cap    Slew   Delay    Time   Description
-----------------------------------------------------------------------------
                          0.00    0.00   clock CLK100MHZ (rise edge)
                          0.00    0.00   clock source latency
     1    0.02    0.09    0.06    0.06 ^ CLK100MHZ (in)
                                         CLK100MHZ (net)
                  0.09    0.00    0.06 ^ clkbuf_0_CLK100MHZ/A (sky130_fd_sc_hd__clkbuf_16)
     4    0.04    0.06    0.15    0.22 ^ clkbuf_0_CLK100MHZ/X (sky130_fd_sc_hd__clkbuf_16)
                                         clknet_0_CLK100MHZ (net)
                  0.06    0.00    0.22 ^ clkbuf_2_0__f_CLK100MHZ/A (sky130_fd_sc_hd__clkbuf_16)
     8    0.03    0.05    0.13    0.35 ^ clkbuf_2_0__f_CLK100MHZ/X (sky130_fd_sc_hd__clkbuf_16)
                                         clknet_2_0__leaf_CLK100MHZ (net)
                  0.05    0.00    0.35 ^ _270_/CLK (sky130_fd_sc_hd__dfrtp_1)
     3    0.02    0.11    0.40    0.76 v _270_/Q (sky130_fd_sc_hd__dfrtp_1)
                                         decoder.delay[20] (net)
                  0.11    0.00    0.76 v _143_/B1 (sky130_fd_sc_hd__a21oi_1)
     1    0.01    0.13    0.16    0.92 ^ _143_/Y (sky130_fd_sc_hd__a21oi_1)
                                         _072_ (net)
                  0.13    0.00    0.92 ^ _145_/A (sky130_fd_sc_hd__nor2_1)
     1    0.01    0.07    0.09    1.01 v _145_/Y (sky130_fd_sc_hd__nor2_1)
                                         _012_ (net)
                  0.07    0.00    1.01 v _270_/D (sky130_fd_sc_hd__dfrtp_1)
                                  1.01   data arrival time

                          0.00    0.00   clock CLK100MHZ (rise edge)
                          0.00    0.00   clock source latency
     1    0.02    0.09    0.07    0.07 ^ CLK100MHZ (in)
                                         CLK100MHZ (net)
                  0.09    0.00    0.07 ^ clkbuf_0_CLK100MHZ/A (sky130_fd_sc_hd__clkbuf_16)
     4    0.04    0.06    0.17    0.24 ^ clkbuf_0_CLK100MHZ/X (sky130_fd_sc_hd__clkbuf_16)
                                         clknet_0_CLK100MHZ (net)
                  0.06    0.00    0.24 ^ clkbuf_2_0__f_CLK100MHZ/A (sky130_fd_sc_hd__clkbuf_16)
     8    0.03    0.05    0.15    0.39 ^ clkbuf_2_0__f_CLK100MHZ/X (sky130_fd_sc_hd__clkbuf_16)
                                         clknet_2_0__leaf_CLK100MHZ (net)
                  0.05    0.00    0.39 ^ _270_/CLK (sky130_fd_sc_hd__dfrtp_1)
                          0.25    0.64   clock uncertainty
                         -0.04    0.60   clock reconvergence pessimism
                         -0.05    0.55   library hold time
                                  0.55   data required time
-----------------------------------------------------------------------------
                                  0.55   data required time
                                 -1.01   data arrival time
-----------------------------------------------------------------------------
                                  0.46   slack (MET)


Startpoint: _271_ (rising edge-triggered flip-flop clocked by CLK100MHZ)
Endpoint: _271_ (rising edge-triggered flip-flop clocked by CLK100MHZ)
Path Group: CLK100MHZ
Path Type: min
Corner: Typical

Fanout     Cap    Slew   Delay    Time   Description
-----------------------------------------------------------------------------
                          0.00    0.00   clock CLK100MHZ (rise edge)
                          0.00    0.00   clock source latency
     1    0.02    0.09    0.06    0.06 ^ CLK100MHZ (in)
                                         CLK100MHZ (net)
                  0.09    0.00    0.06 ^ clkbuf_0_CLK100MHZ/A (sky130_fd_sc_hd__clkbuf_16)
     4    0.04    0.06    0.15    0.22 ^ clkbuf_0_CLK100MHZ/X (sky130_fd_sc_hd__clkbuf_16)
                                         clknet_0_CLK100MHZ (net)
                  0.06    0.00    0.22 ^ clkbuf_2_0__f_CLK100MHZ/A (sky130_fd_sc_hd__clkbuf_16)
     8    0.03    0.05    0.13    0.35 ^ clkbuf_2_0__f_CLK100MHZ/X (sky130_fd_sc_hd__clkbuf_16)
                                         clknet_2_0__leaf_CLK100MHZ (net)
                  0.05    0.00    0.35 ^ _271_/CLK (sky130_fd_sc_hd__dfrtp_1)
     2    0.02    0.17    0.40    0.75 ^ _271_/Q (sky130_fd_sc_hd__dfrtp_1)
                                         decoder.delay[21] (net)
                  0.17    0.00    0.75 ^ _147_/A1 (sky130_fd_sc_hd__o21ba_1)
     1    0.02    0.19    0.25    1.00 ^ _147_/X (sky130_fd_sc_hd__o21ba_1)
                                         _013_ (net)
                  0.19    0.00    1.01 ^ _271_/D (sky130_fd_sc_hd__dfrtp_1)
                                  1.01   data arrival time

                          0.00    0.00   clock CLK100MHZ (rise edge)
                          0.00    0.00   clock source latency
     1    0.02    0.09    0.07    0.07 ^ CLK100MHZ (in)
                                         CLK100MHZ (net)
                  0.09    0.00    0.07 ^ clkbuf_0_CLK100MHZ/A (sky130_fd_sc_hd__clkbuf_16)
     4    0.04    0.06    0.17    0.24 ^ clkbuf_0_CLK100MHZ/X (sky130_fd_sc_hd__clkbuf_16)
                                         clknet_0_CLK100MHZ (net)
                  0.06    0.00    0.24 ^ clkbuf_2_0__f_CLK100MHZ/A (sky130_fd_sc_hd__clkbuf_16)
     8    0.03    0.05    0.15    0.39 ^ clkbuf_2_0__f_CLK100MHZ/X (sky130_fd_sc_hd__clkbuf_16)
                                         clknet_2_0__leaf_CLK100MHZ (net)
                  0.05    0.00    0.39 ^ _271_/CLK (sky130_fd_sc_hd__dfrtp_1)
                          0.25    0.64   clock uncertainty
                         -0.04    0.60   clock reconvergence pessimism
                         -0.06    0.54   library hold time
                                  0.54   data required time
-----------------------------------------------------------------------------
                                  0.54   data required time
                                 -1.01   data arrival time
-----------------------------------------------------------------------------
                                  0.47   slack (MET)


Startpoint: _252_ (rising edge-triggered flip-flop clocked by CLK100MHZ)
Endpoint: _252_ (rising edge-triggered flip-flop clocked by CLK100MHZ)
Path Group: CLK100MHZ
Path Type: min
Corner: Typical

Fanout     Cap    Slew   Delay    Time   Description
-----------------------------------------------------------------------------
                          0.00    0.00   clock CLK100MHZ (rise edge)
                          0.00    0.00   clock source latency
     1    0.02    0.09    0.06    0.06 ^ CLK100MHZ (in)
                                         CLK100MHZ (net)
                  0.09    0.00    0.06 ^ clkbuf_0_CLK100MHZ/A (sky130_fd_sc_hd__clkbuf_16)
     4    0.04    0.06    0.15    0.22 ^ clkbuf_0_CLK100MHZ/X (sky130_fd_sc_hd__clkbuf_16)
                                         clknet_0_CLK100MHZ (net)
                  0.06    0.00    0.22 ^ clkbuf_2_2__f_CLK100MHZ/A (sky130_fd_sc_hd__clkbuf_16)
     8    0.03    0.05    0.14    0.36 ^ clkbuf_2_2__f_CLK100MHZ/X (sky130_fd_sc_hd__clkbuf_16)
                                         clknet_2_2__leaf_CLK100MHZ (net)
                  0.05    0.00    0.36 ^ _252_/CLK (sky130_fd_sc_hd__dfrtp_2)
     3    0.04    0.19    0.44    0.80 ^ _252_/Q (sky130_fd_sc_hd__dfrtp_2)
                                         decoder.delay[2] (net)
                  0.19    0.00    0.80 ^ _170_/A (sky130_fd_sc_hd__xnor2_1)
     1    0.02    0.16    0.20    1.00 v _170_/Y (sky130_fd_sc_hd__xnor2_1)
                                         _017_ (net)
                  0.16    0.00    1.00 v _252_/D (sky130_fd_sc_hd__dfrtp_2)
                                  1.00   data arrival time

                          0.00    0.00   clock CLK100MHZ (rise edge)
                          0.00    0.00   clock source latency
     1    0.02    0.09    0.07    0.07 ^ CLK100MHZ (in)
                                         CLK100MHZ (net)
                  0.09    0.00    0.07 ^ clkbuf_0_CLK100MHZ/A (sky130_fd_sc_hd__clkbuf_16)
     4    0.04    0.06    0.17    0.24 ^ clkbuf_0_CLK100MHZ/X (sky130_fd_sc_hd__clkbuf_16)
                                         clknet_0_CLK100MHZ (net)
                  0.06    0.00    0.24 ^ clkbuf_2_2__f_CLK100MHZ/A (sky130_fd_sc_hd__clkbuf_16)
     8    0.03    0.05    0.15    0.39 ^ clkbuf_2_2__f_CLK100MHZ/X (sky130_fd_sc_hd__clkbuf_16)
                                         clknet_2_2__leaf_CLK100MHZ (net)
                  0.05    0.00    0.39 ^ _252_/CLK (sky130_fd_sc_hd__dfrtp_2)
                          0.25    0.64   clock uncertainty
                         -0.04    0.61   clock reconvergence pessimism
                         -0.09    0.52   library hold time
                                  0.52   data required time
-----------------------------------------------------------------------------
                                  0.52   data required time
                                 -1.00   data arrival time
-----------------------------------------------------------------------------
                                  0.48   slack (MET)


Startpoint: _274_ (rising edge-triggered flip-flop clocked by CLK100MHZ)
Endpoint: _248_ (rising edge-triggered flip-flop clocked by CLK100MHZ)
Path Group: CLK100MHZ
Path Type: min
Corner: Typical

Fanout     Cap    Slew   Delay    Time   Description
-----------------------------------------------------------------------------
                          0.00    0.00   clock CLK100MHZ (rise edge)
                          0.00    0.00   clock source latency
     1    0.02    0.09    0.06    0.06 ^ CLK100MHZ (in)
                                         CLK100MHZ (net)
                  0.09    0.00    0.06 ^ clkbuf_0_CLK100MHZ/A (sky130_fd_sc_hd__clkbuf_16)
     4    0.04    0.06    0.15    0.22 ^ clkbuf_0_CLK100MHZ/X (sky130_fd_sc_hd__clkbuf_16)
                                         clknet_0_CLK100MHZ (net)
                  0.06    0.00    0.22 ^ clkbuf_2_3__f_CLK100MHZ/A (sky130_fd_sc_hd__clkbuf_16)
     8    0.03    0.05    0.13    0.35 ^ clkbuf_2_3__f_CLK100MHZ/X (sky130_fd_sc_hd__clkbuf_16)
                                         clknet_2_3__leaf_CLK100MHZ (net)
                  0.05    0.00    0.35 ^ _274_/CLK (sky130_fd_sc_hd__dfrtp_2)
     5    0.03    0.16    0.42    0.77 ^ _274_/Q (sky130_fd_sc_hd__dfrtp_2)
                                         decoder.delay[24] (net)
                  0.16    0.00    0.78 ^ _137_/A1 (sky130_fd_sc_hd__a31o_1)
     1    0.01    0.11    0.20    0.98 ^ _137_/X (sky130_fd_sc_hd__a31o_1)
                                         _069_ (net)
                  0.11    0.00    0.98 ^ _138_/B1 (sky130_fd_sc_hd__o31ai_1)
     1    0.00    0.05    0.08    1.06 v _138_/Y (sky130_fd_sc_hd__o31ai_1)
                                         _056_ (net)
                  0.05    0.00    1.06 v _248_/D (sky130_fd_sc_hd__dfrtp_4)
                                  1.06   data arrival time

                          0.00    0.00   clock CLK100MHZ (rise edge)
                          0.00    0.00   clock source latency
     1    0.02    0.09    0.07    0.07 ^ CLK100MHZ (in)
                                         CLK100MHZ (net)
                  0.09    0.00    0.07 ^ clkbuf_0_CLK100MHZ/A (sky130_fd_sc_hd__clkbuf_16)
     4    0.04    0.06    0.17    0.24 ^ clkbuf_0_CLK100MHZ/X (sky130_fd_sc_hd__clkbuf_16)
                                         clknet_0_CLK100MHZ (net)
                  0.06    0.00    0.24 ^ clkbuf_2_0__f_CLK100MHZ/A (sky130_fd_sc_hd__clkbuf_16)
     8    0.03    0.05    0.15    0.39 ^ clkbuf_2_0__f_CLK100MHZ/X (sky130_fd_sc_hd__clkbuf_16)
                                         clknet_2_0__leaf_CLK100MHZ (net)
                  0.05    0.00    0.39 ^ _248_/CLK (sky130_fd_sc_hd__dfrtp_4)
                          0.25    0.64   clock uncertainty
                         -0.02    0.62   clock reconvergence pessimism
                         -0.04    0.58   library hold time
                                  0.58   data required time
-----------------------------------------------------------------------------
                                  0.58   data required time
                                 -1.06   data arrival time
-----------------------------------------------------------------------------
                                  0.49   slack (MET)


Startpoint: _267_ (rising edge-triggered flip-flop clocked by CLK100MHZ)
Endpoint: _267_ (rising edge-triggered flip-flop clocked by CLK100MHZ)
Path Group: CLK100MHZ
Path Type: min
Corner: Typical

Fanout     Cap    Slew   Delay    Time   Description
-----------------------------------------------------------------------------
                          0.00    0.00   clock CLK100MHZ (rise edge)
                          0.00    0.00   clock source latency
     1    0.02    0.09    0.06    0.06 ^ CLK100MHZ (in)
                                         CLK100MHZ (net)
                  0.09    0.00    0.06 ^ clkbuf_0_CLK100MHZ/A (sky130_fd_sc_hd__clkbuf_16)
     4    0.04    0.06    0.15    0.22 ^ clkbuf_0_CLK100MHZ/X (sky130_fd_sc_hd__clkbuf_16)
                                         clknet_0_CLK100MHZ (net)
                  0.06    0.00    0.22 ^ clkbuf_2_3__f_CLK100MHZ/A (sky130_fd_sc_hd__clkbuf_16)
     8    0.03    0.05    0.13    0.35 ^ clkbuf_2_3__f_CLK100MHZ/X (sky130_fd_sc_hd__clkbuf_16)
                                         clknet_2_3__leaf_CLK100MHZ (net)
                  0.05    0.00    0.35 ^ _267_/CLK (sky130_fd_sc_hd__dfrtp_1)
     4    0.03    0.14    0.43    0.79 v _267_/Q (sky130_fd_sc_hd__dfrtp_1)
                                         decoder.delay[17] (net)
                  0.14    0.00    0.79 v _208_/B1 (sky130_fd_sc_hd__a21oi_1)
     1    0.01    0.14    0.17    0.96 ^ _208_/Y (sky130_fd_sc_hd__a21oi_1)
                                         _109_ (net)
                  0.14    0.00    0.96 ^ _210_/A (sky130_fd_sc_hd__nor2_1)
     1    0.01    0.06    0.09    1.05 v _210_/Y (sky130_fd_sc_hd__nor2_1)
                                         _008_ (net)
                  0.06    0.00    1.05 v _267_/D (sky130_fd_sc_hd__dfrtp_1)
                                  1.05   data arrival time

                          0.00    0.00   clock CLK100MHZ (rise edge)
                          0.00    0.00   clock source latency
     1    0.02    0.09    0.07    0.07 ^ CLK100MHZ (in)
                                         CLK100MHZ (net)
                  0.09    0.00    0.07 ^ clkbuf_0_CLK100MHZ/A (sky130_fd_sc_hd__clkbuf_16)
     4    0.04    0.06    0.17    0.24 ^ clkbuf_0_CLK100MHZ/X (sky130_fd_sc_hd__clkbuf_16)
                                         clknet_0_CLK100MHZ (net)
                  0.06    0.00    0.24 ^ clkbuf_2_3__f_CLK100MHZ/A (sky130_fd_sc_hd__clkbuf_16)
     8    0.03    0.05    0.15    0.39 ^ clkbuf_2_3__f_CLK100MHZ/X (sky130_fd_sc_hd__clkbuf_16)
                                         clknet_2_3__leaf_CLK100MHZ (net)
                  0.05    0.00    0.39 ^ _267_/CLK (sky130_fd_sc_hd__dfrtp_1)
                          0.25    0.64   clock uncertainty
                         -0.04    0.60   clock reconvergence pessimism
                         -0.05    0.55   library hold time
                                  0.55   data required time
-----------------------------------------------------------------------------
                                  0.55   data required time
                                 -1.05   data arrival time
-----------------------------------------------------------------------------
                                  0.50   slack (MET)


Startpoint: _265_ (rising edge-triggered flip-flop clocked by CLK100MHZ)
Endpoint: _265_ (rising edge-triggered flip-flop clocked by CLK100MHZ)
Path Group: CLK100MHZ
Path Type: min
Corner: Typical

Fanout     Cap    Slew   Delay    Time   Description
-----------------------------------------------------------------------------
                          0.00    0.00   clock CLK100MHZ (rise edge)
                          0.00    0.00   clock source latency
     1    0.02    0.09    0.06    0.06 ^ CLK100MHZ (in)
                                         CLK100MHZ (net)
                  0.09    0.00    0.06 ^ clkbuf_0_CLK100MHZ/A (sky130_fd_sc_hd__clkbuf_16)
     4    0.04    0.06    0.15    0.22 ^ clkbuf_0_CLK100MHZ/X (sky130_fd_sc_hd__clkbuf_16)
                                         clknet_0_CLK100MHZ (net)
                  0.06    0.00    0.22 ^ clkbuf_2_1__f_CLK100MHZ/A (sky130_fd_sc_hd__clkbuf_16)
     8    0.02    0.05    0.13    0.35 ^ clkbuf_2_1__f_CLK100MHZ/X (sky130_fd_sc_hd__clkbuf_16)
                                         clknet_2_1__leaf_CLK100MHZ (net)
                  0.05    0.00    0.35 ^ _265_/CLK (sky130_fd_sc_hd__dfrtp_1)
     2    0.02    0.13    0.43    0.78 v _265_/Q (sky130_fd_sc_hd__dfrtp_1)
                                         decoder.delay[15] (net)
                  0.13    0.00    0.78 v _205_/B1 (sky130_fd_sc_hd__a21oi_1)
     1    0.01    0.13    0.17    0.94 ^ _205_/Y (sky130_fd_sc_hd__a21oi_1)
                                         _108_ (net)
                  0.13    0.00    0.94 ^ _206_/B (sky130_fd_sc_hd__nor2_1)
     1    0.01    0.07    0.10    1.04 v _206_/Y (sky130_fd_sc_hd__nor2_1)
                                         _006_ (net)
                  0.07    0.00    1.04 v _265_/D (sky130_fd_sc_hd__dfrtp_1)
                                  1.04   data arrival time

                          0.00    0.00   clock CLK100MHZ (rise edge)
                          0.00    0.00   clock source latency
     1    0.02    0.09    0.07    0.07 ^ CLK100MHZ (in)
                                         CLK100MHZ (net)
                  0.09    0.00    0.07 ^ clkbuf_0_CLK100MHZ/A (sky130_fd_sc_hd__clkbuf_16)
     4    0.04    0.06    0.17    0.24 ^ clkbuf_0_CLK100MHZ/X (sky130_fd_sc_hd__clkbuf_16)
                                         clknet_0_CLK100MHZ (net)
                  0.06    0.00    0.24 ^ clkbuf_2_1__f_CLK100MHZ/A (sky130_fd_sc_hd__clkbuf_16)
     8    0.02    0.05    0.14    0.39 ^ clkbuf_2_1__f_CLK100MHZ/X (sky130_fd_sc_hd__clkbuf_16)
                                         clknet_2_1__leaf_CLK100MHZ (net)
                  0.05    0.00    0.39 ^ _265_/CLK (sky130_fd_sc_hd__dfrtp_1)
                          0.25    0.64   clock uncertainty
                         -0.04    0.60   clock reconvergence pessimism
                         -0.06    0.54   library hold time
                                  0.54   data required time
-----------------------------------------------------------------------------
                                  0.54   data required time
                                 -1.04   data arrival time
-----------------------------------------------------------------------------
                                  0.50   slack (MET)


Startpoint: _263_ (rising edge-triggered flip-flop clocked by CLK100MHZ)
Endpoint: _263_ (rising edge-triggered flip-flop clocked by CLK100MHZ)
Path Group: CLK100MHZ
Path Type: min
Corner: Typical

Fanout     Cap    Slew   Delay    Time   Description
-----------------------------------------------------------------------------
                          0.00    0.00   clock CLK100MHZ (rise edge)
                          0.00    0.00   clock source latency
     1    0.02    0.09    0.06    0.06 ^ CLK100MHZ (in)
                                         CLK100MHZ (net)
                  0.09    0.00    0.06 ^ clkbuf_0_CLK100MHZ/A (sky130_fd_sc_hd__clkbuf_16)
     4    0.04    0.06    0.15    0.22 ^ clkbuf_0_CLK100MHZ/X (sky130_fd_sc_hd__clkbuf_16)
                                         clknet_0_CLK100MHZ (net)
                  0.06    0.00    0.22 ^ clkbuf_2_2__f_CLK100MHZ/A (sky130_fd_sc_hd__clkbuf_16)
     8    0.03    0.05    0.14    0.36 ^ clkbuf_2_2__f_CLK100MHZ/X (sky130_fd_sc_hd__clkbuf_16)
                                         clknet_2_2__leaf_CLK100MHZ (net)
                  0.05    0.00    0.36 ^ _263_/CLK (sky130_fd_sc_hd__dfrtp_1)
     4    0.03    0.28    0.47    0.83 ^ _263_/Q (sky130_fd_sc_hd__dfrtp_1)
                                         decoder.delay[13] (net)
                  0.28    0.00    0.83 ^ _202_/A1 (sky130_fd_sc_hd__o21ba_1)
     1    0.01    0.14    0.23    1.07 ^ _202_/X (sky130_fd_sc_hd__o21ba_1)
                                         _004_ (net)
                  0.14    0.00    1.07 ^ _263_/D (sky130_fd_sc_hd__dfrtp_1)
                                  1.07   data arrival time

                          0.00    0.00   clock CLK100MHZ (rise edge)
                          0.00    0.00   clock source latency
     1    0.02    0.09    0.07    0.07 ^ CLK100MHZ (in)
                                         CLK100MHZ (net)
                  0.09    0.00    0.07 ^ clkbuf_0_CLK100MHZ/A (sky130_fd_sc_hd__clkbuf_16)
     4    0.04    0.06    0.17    0.24 ^ clkbuf_0_CLK100MHZ/X (sky130_fd_sc_hd__clkbuf_16)
                                         clknet_0_CLK100MHZ (net)
                  0.06    0.00    0.24 ^ clkbuf_2_2__f_CLK100MHZ/A (sky130_fd_sc_hd__clkbuf_16)
     8    0.03    0.05    0.15    0.39 ^ clkbuf_2_2__f_CLK100MHZ/X (sky130_fd_sc_hd__clkbuf_16)
                                         clknet_2_2__leaf_CLK100MHZ (net)
                  0.05    0.00    0.39 ^ _263_/CLK (sky130_fd_sc_hd__dfrtp_1)
                          0.25    0.64   clock uncertainty
                         -0.04    0.61   clock reconvergence pessimism
                         -0.05    0.55   library hold time
                                  0.55   data required time
-----------------------------------------------------------------------------
                                  0.55   data required time
                                 -1.07   data arrival time
-----------------------------------------------------------------------------
                                  0.51   slack (MET)


Startpoint: _246_ (rising edge-triggered flip-flop clocked by CLK100MHZ)
Endpoint: _246_ (rising edge-triggered flip-flop clocked by CLK100MHZ)
Path Group: CLK100MHZ
Path Type: min
Corner: Typical

Fanout     Cap    Slew   Delay    Time   Description
-----------------------------------------------------------------------------
                          0.00    0.00   clock CLK100MHZ (rise edge)
                          0.00    0.00   clock source latency
     1    0.02    0.09    0.06    0.06 ^ CLK100MHZ (in)
                                         CLK100MHZ (net)
                  0.09    0.00    0.06 ^ clkbuf_0_CLK100MHZ/A (sky130_fd_sc_hd__clkbuf_16)
     4    0.04    0.06    0.15    0.22 ^ clkbuf_0_CLK100MHZ/X (sky130_fd_sc_hd__clkbuf_16)
                                         clknet_0_CLK100MHZ (net)
                  0.06    0.00    0.22 ^ clkbuf_2_1__f_CLK100MHZ/A (sky130_fd_sc_hd__clkbuf_16)
     8    0.02    0.05    0.13    0.35 ^ clkbuf_2_1__f_CLK100MHZ/X (sky130_fd_sc_hd__clkbuf_16)
                                         clknet_2_1__leaf_CLK100MHZ (net)
                  0.05    0.00    0.35 ^ _246_/CLK (sky130_fd_sc_hd__dfrtp_4)
     6    0.05    0.12    0.52    0.87 v _246_/Q (sky130_fd_sc_hd__dfrtp_4)
                                         decoder.count[0] (net)
                  0.12    0.00    0.88 v _141_/A (sky130_fd_sc_hd__inv_2)
     2    0.01    0.08    0.11    0.98 ^ _141_/Y (sky130_fd_sc_hd__inv_2)
                                         _071_ (net)
                  0.08    0.00    0.98 ^ _142_/A1 (sky130_fd_sc_hd__a21oi_1)
     1    0.01    0.08    0.10    1.08 v _142_/Y (sky130_fd_sc_hd__a21oi_1)
                                         _054_ (net)
                  0.08    0.00    1.08 v _246_/D (sky130_fd_sc_hd__dfrtp_4)
                                  1.08   data arrival time

                          0.00    0.00   clock CLK100MHZ (rise edge)
                          0.00    0.00   clock source latency
     1    0.02    0.09    0.07    0.07 ^ CLK100MHZ (in)
                                         CLK100MHZ (net)
                  0.09    0.00    0.07 ^ clkbuf_0_CLK100MHZ/A (sky130_fd_sc_hd__clkbuf_16)
     4    0.04    0.06    0.17    0.24 ^ clkbuf_0_CLK100MHZ/X (sky130_fd_sc_hd__clkbuf_16)
                                         clknet_0_CLK100MHZ (net)
                  0.06    0.00    0.24 ^ clkbuf_2_1__f_CLK100MHZ/A (sky130_fd_sc_hd__clkbuf_16)
     8    0.02    0.05    0.14    0.39 ^ clkbuf_2_1__f_CLK100MHZ/X (sky130_fd_sc_hd__clkbuf_16)
                                         clknet_2_1__leaf_CLK100MHZ (net)
                  0.05    0.00    0.39 ^ _246_/CLK (sky130_fd_sc_hd__dfrtp_4)
                          0.25    0.64   clock uncertainty
                         -0.04    0.60   clock reconvergence pessimism
                         -0.06    0.54   library hold time
                                  0.54   data required time
-----------------------------------------------------------------------------
                                  0.54   data required time
                                 -1.08   data arrival time
-----------------------------------------------------------------------------
                                  0.54   slack (MET)


Startpoint: _259_ (rising edge-triggered flip-flop clocked by CLK100MHZ)
Endpoint: _260_ (rising edge-triggered flip-flop clocked by CLK100MHZ)
Path Group: CLK100MHZ
Path Type: min
Corner: Typical

Fanout     Cap    Slew   Delay    Time   Description
-----------------------------------------------------------------------------
                          0.00    0.00   clock CLK100MHZ (rise edge)
                          0.00    0.00   clock source latency
     1    0.02    0.09    0.06    0.06 ^ CLK100MHZ (in)
                                         CLK100MHZ (net)
                  0.09    0.00    0.06 ^ clkbuf_0_CLK100MHZ/A (sky130_fd_sc_hd__clkbuf_16)
     4    0.04    0.06    0.15    0.22 ^ clkbuf_0_CLK100MHZ/X (sky130_fd_sc_hd__clkbuf_16)
                                         clknet_0_CLK100MHZ (net)
                  0.06    0.00    0.22 ^ clkbuf_2_1__f_CLK100MHZ/A (sky130_fd_sc_hd__clkbuf_16)
     8    0.02    0.05    0.13    0.35 ^ clkbuf_2_1__f_CLK100MHZ/X (sky130_fd_sc_hd__clkbuf_16)
                                         clknet_2_1__leaf_CLK100MHZ (net)
                  0.05    0.00    0.35 ^ _259_/CLK (sky130_fd_sc_hd__dfrtp_2)
     4    0.04    0.18    0.43    0.78 ^ _259_/Q (sky130_fd_sc_hd__dfrtp_2)
                                         decoder.delay[9] (net)
                  0.18    0.00    0.79 ^ _193_/A1 (sky130_fd_sc_hd__a31o_1)
     1    0.01    0.10    0.19    0.98 ^ _193_/X (sky130_fd_sc_hd__a31o_1)
                                         _101_ (net)
                  0.10    0.00    0.98 ^ _194_/B1_N (sky130_fd_sc_hd__a21boi_1)
     1    0.00    0.09    0.16    1.14 ^ _194_/Y (sky130_fd_sc_hd__a21boi_1)
                                         _001_ (net)
                  0.09    0.00    1.14 ^ _260_/D (sky130_fd_sc_hd__dfrtp_1)
                                  1.14   data arrival time

                          0.00    0.00   clock CLK100MHZ (rise edge)
                          0.00    0.00   clock source latency
     1    0.02    0.09    0.07    0.07 ^ CLK100MHZ (in)
                                         CLK100MHZ (net)
                  0.09    0.00    0.07 ^ clkbuf_0_CLK100MHZ/A (sky130_fd_sc_hd__clkbuf_16)
     4    0.04    0.06    0.17    0.24 ^ clkbuf_0_CLK100MHZ/X (sky130_fd_sc_hd__clkbuf_16)
                                         clknet_0_CLK100MHZ (net)
                  0.06    0.00    0.24 ^ clkbuf_2_1__f_CLK100MHZ/A (sky130_fd_sc_hd__clkbuf_16)
     8    0.02    0.05    0.14    0.39 ^ clkbuf_2_1__f_CLK100MHZ/X (sky130_fd_sc_hd__clkbuf_16)
                                         clknet_2_1__leaf_CLK100MHZ (net)
                  0.05    0.00    0.39 ^ _260_/CLK (sky130_fd_sc_hd__dfrtp_1)
                          0.25    0.64   clock uncertainty
                         -0.04    0.60   clock reconvergence pessimism
                         -0.04    0.55   library hold time
                                  0.55   data required time
-----------------------------------------------------------------------------
                                  0.55   data required time
                                 -1.14   data arrival time
-----------------------------------------------------------------------------
                                  0.58   slack (MET)


Startpoint: _251_ (rising edge-triggered flip-flop clocked by CLK100MHZ)
Endpoint: _251_ (rising edge-triggered flip-flop clocked by CLK100MHZ)
Path Group: CLK100MHZ
Path Type: min
Corner: Typical

Fanout     Cap    Slew   Delay    Time   Description
-----------------------------------------------------------------------------
                          0.00    0.00   clock CLK100MHZ (rise edge)
                          0.00    0.00   clock source latency
     1    0.02    0.09    0.06    0.06 ^ CLK100MHZ (in)
                                         CLK100MHZ (net)
                  0.09    0.00    0.06 ^ clkbuf_0_CLK100MHZ/A (sky130_fd_sc_hd__clkbuf_16)
     4    0.04    0.06    0.15    0.22 ^ clkbuf_0_CLK100MHZ/X (sky130_fd_sc_hd__clkbuf_16)
                                         clknet_0_CLK100MHZ (net)
                  0.06    0.00    0.22 ^ clkbuf_2_2__f_CLK100MHZ/A (sky130_fd_sc_hd__clkbuf_16)
     8    0.03    0.05    0.14    0.36 ^ clkbuf_2_2__f_CLK100MHZ/X (sky130_fd_sc_hd__clkbuf_16)
                                         clknet_2_2__leaf_CLK100MHZ (net)
                  0.05    0.00    0.36 ^ _251_/CLK (sky130_fd_sc_hd__dfrtp_2)
     4    0.03    0.16    0.42    0.78 ^ _251_/Q (sky130_fd_sc_hd__dfrtp_2)
                                         decoder.delay[1] (net)
                  0.16    0.00    0.78 ^ _167_/A (sky130_fd_sc_hd__or2_1)
     1    0.01    0.07    0.14    0.92 ^ _167_/X (sky130_fd_sc_hd__or2_1)
                                         _084_ (net)
                  0.07    0.00    0.92 ^ _168_/B (sky130_fd_sc_hd__and2_1)
     1    0.01    0.11    0.16    1.08 ^ _168_/X (sky130_fd_sc_hd__and2_1)
                                         _085_ (net)
                  0.11    0.00    1.08 ^ _169_/A (sky130_fd_sc_hd__clkbuf_1)
     1    0.01    0.12    0.14    1.22 ^ _169_/X (sky130_fd_sc_hd__clkbuf_1)
                                         _011_ (net)
                  0.12    0.00    1.22 ^ _251_/D (sky130_fd_sc_hd__dfrtp_2)
                                  1.22   data arrival time

                          0.00    0.00   clock CLK100MHZ (rise edge)
                          0.00    0.00   clock source latency
     1    0.02    0.09    0.07    0.07 ^ CLK100MHZ (in)
                                         CLK100MHZ (net)
                  0.09    0.00    0.07 ^ clkbuf_0_CLK100MHZ/A (sky130_fd_sc_hd__clkbuf_16)
     4    0.04    0.06    0.17    0.24 ^ clkbuf_0_CLK100MHZ/X (sky130_fd_sc_hd__clkbuf_16)
                                         clknet_0_CLK100MHZ (net)
                  0.06    0.00    0.24 ^ clkbuf_2_2__f_CLK100MHZ/A (sky130_fd_sc_hd__clkbuf_16)
     8    0.03    0.05    0.15    0.39 ^ clkbuf_2_2__f_CLK100MHZ/X (sky130_fd_sc_hd__clkbuf_16)
                                         clknet_2_2__leaf_CLK100MHZ (net)
                  0.05    0.00    0.39 ^ _251_/CLK (sky130_fd_sc_hd__dfrtp_2)
                          0.25    0.64   clock uncertainty
                         -0.04    0.61   clock reconvergence pessimism
                         -0.05    0.56   library hold time
                                  0.56   data required time
-----------------------------------------------------------------------------
                                  0.56   data required time
                                 -1.22   data arrival time
-----------------------------------------------------------------------------
                                  0.67   slack (MET)


Startpoint: _273_ (rising edge-triggered flip-flop clocked by CLK100MHZ)
Endpoint: _273_ (rising edge-triggered flip-flop clocked by CLK100MHZ)
Path Group: CLK100MHZ
Path Type: min
Corner: Typical

Fanout     Cap    Slew   Delay    Time   Description
-----------------------------------------------------------------------------
                          0.00    0.00   clock CLK100MHZ (rise edge)
                          0.00    0.00   clock source latency
     1    0.02    0.09    0.06    0.06 ^ CLK100MHZ (in)
                                         CLK100MHZ (net)
                  0.09    0.00    0.06 ^ clkbuf_0_CLK100MHZ/A (sky130_fd_sc_hd__clkbuf_16)
     4    0.04    0.06    0.15    0.22 ^ clkbuf_0_CLK100MHZ/X (sky130_fd_sc_hd__clkbuf_16)
                                         clknet_0_CLK100MHZ (net)
                  0.06    0.00    0.22 ^ clkbuf_2_3__f_CLK100MHZ/A (sky130_fd_sc_hd__clkbuf_16)
     8    0.03    0.05    0.13    0.35 ^ clkbuf_2_3__f_CLK100MHZ/X (sky130_fd_sc_hd__clkbuf_16)
                                         clknet_2_3__leaf_CLK100MHZ (net)
                  0.05    0.00    0.35 ^ _273_/CLK (sky130_fd_sc_hd__dfrtp_1)
     2    0.01    0.09    0.34    0.70 ^ _273_/Q (sky130_fd_sc_hd__dfrtp_1)
                                         decoder.delay[23] (net)
                  0.09    0.00    0.70 ^ _151_/B1 (sky130_fd_sc_hd__a21o_1)
     1    0.02    0.15    0.16    0.86 ^ _151_/X (sky130_fd_sc_hd__a21o_1)
                                         _077_ (net)
                  0.15    0.00    0.86 ^ _152_/B (sky130_fd_sc_hd__and2_1)
     1    0.01    0.12    0.19    1.04 ^ _152_/X (sky130_fd_sc_hd__and2_1)
                                         _078_ (net)
                  0.12    0.00    1.05 ^ _153_/A (sky130_fd_sc_hd__buf_1)
     1    0.02    0.18    0.19    1.23 ^ _153_/X (sky130_fd_sc_hd__buf_1)
                                         _015_ (net)
                  0.18    0.00    1.23 ^ _273_/D (sky130_fd_sc_hd__dfrtp_1)
                                  1.23   data arrival time

                          0.00    0.00   clock CLK100MHZ (rise edge)
                          0.00    0.00   clock source latency
     1    0.02    0.09    0.07    0.07 ^ CLK100MHZ (in)
                                         CLK100MHZ (net)
                  0.09    0.00    0.07 ^ clkbuf_0_CLK100MHZ/A (sky130_fd_sc_hd__clkbuf_16)
     4    0.04    0.06    0.17    0.24 ^ clkbuf_0_CLK100MHZ/X (sky130_fd_sc_hd__clkbuf_16)
                                         clknet_0_CLK100MHZ (net)
                  0.06    0.00    0.24 ^ clkbuf_2_3__f_CLK100MHZ/A (sky130_fd_sc_hd__clkbuf_16)
     8    0.03    0.05    0.15    0.39 ^ clkbuf_2_3__f_CLK100MHZ/X (sky130_fd_sc_hd__clkbuf_16)
                                         clknet_2_3__leaf_CLK100MHZ (net)
                  0.05    0.00    0.39 ^ _273_/CLK (sky130_fd_sc_hd__dfrtp_1)
                          0.25    0.64   clock uncertainty
                         -0.04    0.60   clock reconvergence pessimism
                         -0.06    0.54   library hold time
                                  0.54   data required time
-----------------------------------------------------------------------------
                                  0.54   data required time
                                 -1.23   data arrival time
-----------------------------------------------------------------------------
                                  0.69   slack (MET)


Startpoint: _253_ (rising edge-triggered flip-flop clocked by CLK100MHZ)
Endpoint: _253_ (rising edge-triggered flip-flop clocked by CLK100MHZ)
Path Group: CLK100MHZ
Path Type: min
Corner: Typical

Fanout     Cap    Slew   Delay    Time   Description
-----------------------------------------------------------------------------
                          0.00    0.00   clock CLK100MHZ (rise edge)
                          0.00    0.00   clock source latency
     1    0.02    0.09    0.06    0.06 ^ CLK100MHZ (in)
                                         CLK100MHZ (net)
                  0.09    0.00    0.06 ^ clkbuf_0_CLK100MHZ/A (sky130_fd_sc_hd__clkbuf_16)
     4    0.04    0.06    0.15    0.22 ^ clkbuf_0_CLK100MHZ/X (sky130_fd_sc_hd__clkbuf_16)
                                         clknet_0_CLK100MHZ (net)
                  0.06    0.00    0.22 ^ clkbuf_2_2__f_CLK100MHZ/A (sky130_fd_sc_hd__clkbuf_16)
     8    0.03    0.05    0.14    0.36 ^ clkbuf_2_2__f_CLK100MHZ/X (sky130_fd_sc_hd__clkbuf_16)
                                         clknet_2_2__leaf_CLK100MHZ (net)
                  0.05    0.00    0.36 ^ _253_/CLK (sky130_fd_sc_hd__dfrtp_1)
     2    0.02    0.18    0.40    0.76 ^ _253_/Q (sky130_fd_sc_hd__dfrtp_1)
                                         decoder.delay[3] (net)
                  0.18    0.00    0.76 ^ _171_/B1 (sky130_fd_sc_hd__a31o_1)
     1    0.01    0.08    0.15    0.91 ^ _171_/X (sky130_fd_sc_hd__a31o_1)
                                         _086_ (net)
                  0.08    0.00    0.91 ^ _172_/B (sky130_fd_sc_hd__and2b_1)
     1    0.02    0.18    0.21    1.12 ^ _172_/X (sky130_fd_sc_hd__and2b_1)
                                         _087_ (net)
                  0.18    0.00    1.12 ^ _173_/A (sky130_fd_sc_hd__clkbuf_1)
     1    0.01    0.11    0.15    1.27 ^ _173_/X (sky130_fd_sc_hd__clkbuf_1)
                                         _018_ (net)
                  0.11    0.00    1.27 ^ _253_/D (sky130_fd_sc_hd__dfrtp_1)
                                  1.27   data arrival time

                          0.00    0.00   clock CLK100MHZ (rise edge)
                          0.00    0.00   clock source latency
     1    0.02    0.09    0.07    0.07 ^ CLK100MHZ (in)
                                         CLK100MHZ (net)
                  0.09    0.00    0.07 ^ clkbuf_0_CLK100MHZ/A (sky130_fd_sc_hd__clkbuf_16)
     4    0.04    0.06    0.17    0.24 ^ clkbuf_0_CLK100MHZ/X (sky130_fd_sc_hd__clkbuf_16)
                                         clknet_0_CLK100MHZ (net)
                  0.06    0.00    0.24 ^ clkbuf_2_2__f_CLK100MHZ/A (sky130_fd_sc_hd__clkbuf_16)
     8    0.03    0.05    0.15    0.39 ^ clkbuf_2_2__f_CLK100MHZ/X (sky130_fd_sc_hd__clkbuf_16)
                                         clknet_2_2__leaf_CLK100MHZ (net)
                  0.05    0.00    0.39 ^ _253_/CLK (sky130_fd_sc_hd__dfrtp_1)
                          0.25    0.64   clock uncertainty
                         -0.04    0.61   clock reconvergence pessimism
                         -0.05    0.56   library hold time
                                  0.56   data required time
-----------------------------------------------------------------------------
                                  0.56   data required time
                                 -1.27   data arrival time
-----------------------------------------------------------------------------
                                  0.71   slack (MET)


Startpoint: _258_ (rising edge-triggered flip-flop clocked by CLK100MHZ)
Endpoint: _258_ (rising edge-triggered flip-flop clocked by CLK100MHZ)
Path Group: CLK100MHZ
Path Type: min
Corner: Typical

Fanout     Cap    Slew   Delay    Time   Description
-----------------------------------------------------------------------------
                          0.00    0.00   clock CLK100MHZ (rise edge)
                          0.00    0.00   clock source latency
     1    0.02    0.09    0.06    0.06 ^ CLK100MHZ (in)
                                         CLK100MHZ (net)
                  0.09    0.00    0.06 ^ clkbuf_0_CLK100MHZ/A (sky130_fd_sc_hd__clkbuf_16)
     4    0.04    0.06    0.15    0.22 ^ clkbuf_0_CLK100MHZ/X (sky130_fd_sc_hd__clkbuf_16)
                                         clknet_0_CLK100MHZ (net)
                  0.06    0.00    0.22 ^ clkbuf_2_3__f_CLK100MHZ/A (sky130_fd_sc_hd__clkbuf_16)
     8    0.03    0.05    0.13    0.35 ^ clkbuf_2_3__f_CLK100MHZ/X (sky130_fd_sc_hd__clkbuf_16)
                                         clknet_2_3__leaf_CLK100MHZ (net)
                  0.05    0.00    0.35 ^ _258_/CLK (sky130_fd_sc_hd__dfrtp_4)
     5    0.04    0.15    0.46    0.82 ^ _258_/Q (sky130_fd_sc_hd__dfrtp_4)
                                         decoder.delay[8] (net)
                  0.15    0.00    0.82 ^ _187_/A (sky130_fd_sc_hd__nor2_1)
     1    0.01    0.08    0.10    0.93 v _187_/Y (sky130_fd_sc_hd__nor2_1)
                                         _097_ (net)
                  0.08    0.00    0.93 v _189_/A_N (sky130_fd_sc_hd__and2b_1)
     1    0.01    0.07    0.21    1.14 ^ _189_/X (sky130_fd_sc_hd__and2b_1)
                                         _099_ (net)
                  0.07    0.00    1.14 ^ _190_/A (sky130_fd_sc_hd__buf_1)
     1    0.02    0.20    0.19    1.32 ^ _190_/X (sky130_fd_sc_hd__buf_1)
                                         _023_ (net)
                  0.20    0.00    1.32 ^ _258_/D (sky130_fd_sc_hd__dfrtp_4)
                                  1.32   data arrival time

                          0.00    0.00   clock CLK100MHZ (rise edge)
                          0.00    0.00   clock source latency
     1    0.02    0.09    0.07    0.07 ^ CLK100MHZ (in)
                                         CLK100MHZ (net)
                  0.09    0.00    0.07 ^ clkbuf_0_CLK100MHZ/A (sky130_fd_sc_hd__clkbuf_16)
     4    0.04    0.06    0.17    0.24 ^ clkbuf_0_CLK100MHZ/X (sky130_fd_sc_hd__clkbuf_16)
                                         clknet_0_CLK100MHZ (net)
                  0.06    0.00    0.24 ^ clkbuf_2_3__f_CLK100MHZ/A (sky130_fd_sc_hd__clkbuf_16)
     8    0.03    0.05    0.15    0.39 ^ clkbuf_2_3__f_CLK100MHZ/X (sky130_fd_sc_hd__clkbuf_16)
                                         clknet_2_3__leaf_CLK100MHZ (net)
                  0.05    0.00    0.39 ^ _258_/CLK (sky130_fd_sc_hd__dfrtp_4)
                          0.25    0.64   clock uncertainty
                         -0.04    0.60   clock reconvergence pessimism
                         -0.07    0.54   library hold time
                                  0.54   data required time
-----------------------------------------------------------------------------
                                  0.54   data required time
                                 -1.32   data arrival time
-----------------------------------------------------------------------------
                                  0.79   slack (MET)


Startpoint: _261_ (rising edge-triggered flip-flop clocked by CLK100MHZ)
Endpoint: _261_ (rising edge-triggered flip-flop clocked by CLK100MHZ)
Path Group: CLK100MHZ
Path Type: min
Corner: Typical

Fanout     Cap    Slew   Delay    Time   Description
-----------------------------------------------------------------------------
                          0.00    0.00   clock CLK100MHZ (rise edge)
                          0.00    0.00   clock source latency
     1    0.02    0.09    0.06    0.06 ^ CLK100MHZ (in)
                                         CLK100MHZ (net)
                  0.09    0.00    0.06 ^ clkbuf_0_CLK100MHZ/A (sky130_fd_sc_hd__clkbuf_16)
     4    0.04    0.06    0.15    0.22 ^ clkbuf_0_CLK100MHZ/X (sky130_fd_sc_hd__clkbuf_16)
                                         clknet_0_CLK100MHZ (net)
                  0.06    0.00    0.22 ^ clkbuf_2_3__f_CLK100MHZ/A (sky130_fd_sc_hd__clkbuf_16)
     8    0.03    0.05    0.13    0.35 ^ clkbuf_2_3__f_CLK100MHZ/X (sky130_fd_sc_hd__clkbuf_16)
                                         clknet_2_3__leaf_CLK100MHZ (net)
                  0.05    0.00    0.35 ^ _261_/CLK (sky130_fd_sc_hd__dfrtp_1)
     3    0.02    0.20    0.42    0.77 ^ _261_/Q (sky130_fd_sc_hd__dfrtp_1)
                                         decoder.delay[11] (net)
                  0.20    0.00    0.77 ^ _195_/B1 (sky130_fd_sc_hd__a21oi_1)
     1    0.02    0.11    0.13    0.91 v _195_/Y (sky130_fd_sc_hd__a21oi_1)
                                         _102_ (net)
                  0.11    0.00    0.91 v _197_/A_N (sky130_fd_sc_hd__and2b_1)
     1    0.01    0.11    0.26    1.17 ^ _197_/X (sky130_fd_sc_hd__and2b_1)
                                         _104_ (net)
                  0.11    0.00    1.17 ^ _198_/A (sky130_fd_sc_hd__buf_1)
     2    0.02    0.23    0.22    1.39 ^ _198_/X (sky130_fd_sc_hd__buf_1)
                                         _002_ (net)
                  0.23    0.00    1.39 ^ _261_/D (sky130_fd_sc_hd__dfrtp_1)
                                  1.39   data arrival time

                          0.00    0.00   clock CLK100MHZ (rise edge)
                          0.00    0.00   clock source latency
     1    0.02    0.09    0.07    0.07 ^ CLK100MHZ (in)
                                         CLK100MHZ (net)
                  0.09    0.00    0.07 ^ clkbuf_0_CLK100MHZ/A (sky130_fd_sc_hd__clkbuf_16)
     4    0.04    0.06    0.17    0.24 ^ clkbuf_0_CLK100MHZ/X (sky130_fd_sc_hd__clkbuf_16)
                                         clknet_0_CLK100MHZ (net)
                  0.06    0.00    0.24 ^ clkbuf_2_3__f_CLK100MHZ/A (sky130_fd_sc_hd__clkbuf_16)
     8    0.03    0.05    0.15    0.39 ^ clkbuf_2_3__f_CLK100MHZ/X (sky130_fd_sc_hd__clkbuf_16)
                                         clknet_2_3__leaf_CLK100MHZ (net)
                  0.05    0.00    0.39 ^ _261_/CLK (sky130_fd_sc_hd__dfrtp_1)
                          0.25    0.64   clock uncertainty
                         -0.04    0.60   clock reconvergence pessimism
                         -0.07    0.53   library hold time
                                  0.53   data required time
-----------------------------------------------------------------------------
                                  0.53   data required time
                                 -1.39   data arrival time
-----------------------------------------------------------------------------
                                  0.86   slack (MET)


Startpoint: _257_ (rising edge-triggered flip-flop clocked by CLK100MHZ)
Endpoint: _257_ (rising edge-triggered flip-flop clocked by CLK100MHZ)
Path Group: CLK100MHZ
Path Type: min
Corner: Typical

Fanout     Cap    Slew   Delay    Time   Description
-----------------------------------------------------------------------------
                          0.00    0.00   clock CLK100MHZ (rise edge)
                          0.00    0.00   clock source latency
     1    0.02    0.09    0.06    0.06 ^ CLK100MHZ (in)
                                         CLK100MHZ (net)
                  0.09    0.00    0.06 ^ clkbuf_0_CLK100MHZ/A (sky130_fd_sc_hd__clkbuf_16)
     4    0.04    0.06    0.15    0.22 ^ clkbuf_0_CLK100MHZ/X (sky130_fd_sc_hd__clkbuf_16)
                                         clknet_0_CLK100MHZ (net)
                  0.06    0.00    0.22 ^ clkbuf_2_3__f_CLK100MHZ/A (sky130_fd_sc_hd__clkbuf_16)
     8    0.03    0.05    0.13    0.35 ^ clkbuf_2_3__f_CLK100MHZ/X (sky130_fd_sc_hd__clkbuf_16)
                                         clknet_2_3__leaf_CLK100MHZ (net)
                  0.05    0.00    0.35 ^ _257_/CLK (sky130_fd_sc_hd__dfrtp_1)
     3    0.03    0.15    0.44    0.80 v _257_/Q (sky130_fd_sc_hd__dfrtp_1)
                                         decoder.delay[7] (net)
                  0.15    0.00    0.80 v _184_/B1 (sky130_fd_sc_hd__a21o_1)
     1    0.01    0.07    0.22    1.01 v _184_/X (sky130_fd_sc_hd__a21o_1)
                                         _095_ (net)
                  0.07    0.00    1.01 v _185_/B (sky130_fd_sc_hd__and2b_1)
     1    0.02    0.12    0.23    1.24 v _185_/X (sky130_fd_sc_hd__and2b_1)
                                         _096_ (net)
                  0.12    0.00    1.25 v _186_/A (sky130_fd_sc_hd__buf_1)
     1    0.02    0.09    0.17    1.41 v _186_/X (sky130_fd_sc_hd__buf_1)
                                         _022_ (net)
                  0.09    0.00    1.42 v _257_/D (sky130_fd_sc_hd__dfrtp_1)
                                  1.42   data arrival time

                          0.00    0.00   clock CLK100MHZ (rise edge)
                          0.00    0.00   clock source latency
     1    0.02    0.09    0.07    0.07 ^ CLK100MHZ (in)
                                         CLK100MHZ (net)
                  0.09    0.00    0.07 ^ clkbuf_0_CLK100MHZ/A (sky130_fd_sc_hd__clkbuf_16)
     4    0.04    0.06    0.17    0.24 ^ clkbuf_0_CLK100MHZ/X (sky130_fd_sc_hd__clkbuf_16)
                                         clknet_0_CLK100MHZ (net)
                  0.06    0.00    0.24 ^ clkbuf_2_3__f_CLK100MHZ/A (sky130_fd_sc_hd__clkbuf_16)
     8    0.03    0.05    0.15    0.39 ^ clkbuf_2_3__f_CLK100MHZ/X (sky130_fd_sc_hd__clkbuf_16)
                                         clknet_2_3__leaf_CLK100MHZ (net)
                  0.05    0.00    0.39 ^ _257_/CLK (sky130_fd_sc_hd__dfrtp_1)
                          0.25    0.64   clock uncertainty
                         -0.04    0.60   clock reconvergence pessimism
                         -0.06    0.54   library hold time
                                  0.54   data required time
-----------------------------------------------------------------------------
                                  0.54   data required time
                                 -1.42   data arrival time
-----------------------------------------------------------------------------
                                  0.88   slack (MET)


Startpoint: BTNC (input port clocked by CLK100MHZ)
Endpoint: _267_ (removal check against rising-edge clock CLK100MHZ)
Path Group: asynchronous
Path Type: min
Corner: Typical

Fanout     Cap    Slew   Delay    Time   Description
-----------------------------------------------------------------------------
                          0.00    0.00   clock CLK100MHZ (rise edge)
                          0.00    0.00   clock network delay (propagated)
                          2.00    2.00 v input external delay
     2    0.02    0.05    0.03    2.03 v BTNC (in)
                                         BTNC (net)
                  0.05    0.00    2.03 v _214_/A (sky130_fd_sc_hd__buf_4)
    10    0.07    0.10    0.19    2.23 v _214_/X (sky130_fd_sc_hd__buf_4)
                                         _112_ (net)
                  0.10    0.00    2.23 v _238_/A (sky130_fd_sc_hd__inv_2)
     1    0.00    0.04    0.06    2.30 ^ _238_/Y (sky130_fd_sc_hd__inv_2)
                                         _046_ (net)
                  0.04    0.00    2.30 ^ _267_/RESET_B (sky130_fd_sc_hd__dfrtp_1)
                                  2.30   data arrival time

                          0.00    0.00   clock CLK100MHZ (rise edge)
                          0.00    0.00   clock source latency
     1    0.02    0.09    0.07    0.07 ^ CLK100MHZ (in)
                                         CLK100MHZ (net)
                  0.09    0.00    0.07 ^ clkbuf_0_CLK100MHZ/A (sky130_fd_sc_hd__clkbuf_16)
     4    0.04    0.06    0.17    0.24 ^ clkbuf_0_CLK100MHZ/X (sky130_fd_sc_hd__clkbuf_16)
                                         clknet_0_CLK100MHZ (net)
                  0.06    0.00    0.24 ^ clkbuf_2_3__f_CLK100MHZ/A (sky130_fd_sc_hd__clkbuf_16)
     8    0.03    0.05    0.15    0.39 ^ clkbuf_2_3__f_CLK100MHZ/X (sky130_fd_sc_hd__clkbuf_16)
                                         clknet_2_3__leaf_CLK100MHZ (net)
                  0.05    0.00    0.39 ^ _267_/CLK (sky130_fd_sc_hd__dfrtp_1)
                          0.25    0.64   clock uncertainty
                          0.00    0.64   clock reconvergence pessimism
                          0.32    0.96   library removal time
                                  0.96   data required time
-----------------------------------------------------------------------------
                                  0.96   data required time
                                 -2.30   data arrival time
-----------------------------------------------------------------------------
                                  1.33   slack (MET)


Startpoint: BTNC (input port clocked by CLK100MHZ)
Endpoint: _272_ (removal check against rising-edge clock CLK100MHZ)
Path Group: asynchronous
Path Type: min
Corner: Typical

Fanout     Cap    Slew   Delay    Time   Description
-----------------------------------------------------------------------------
                          0.00    0.00   clock CLK100MHZ (rise edge)
                          0.00    0.00   clock network delay (propagated)
                          2.00    2.00 v input external delay
     2    0.02    0.05    0.03    2.03 v BTNC (in)
                                         BTNC (net)
                  0.05    0.00    2.03 v _214_/A (sky130_fd_sc_hd__buf_4)
    10    0.07    0.10    0.19    2.23 v _214_/X (sky130_fd_sc_hd__buf_4)
                                         _112_ (net)
                  0.10    0.01    2.23 v _243_/A (sky130_fd_sc_hd__inv_2)
     1    0.00    0.04    0.06    2.30 ^ _243_/Y (sky130_fd_sc_hd__inv_2)
                                         _051_ (net)
                  0.04    0.00    2.30 ^ _272_/RESET_B (sky130_fd_sc_hd__dfrtp_1)
                                  2.30   data arrival time

                          0.00    0.00   clock CLK100MHZ (rise edge)
                          0.00    0.00   clock source latency
     1    0.02    0.09    0.07    0.07 ^ CLK100MHZ (in)
                                         CLK100MHZ (net)
                  0.09    0.00    0.07 ^ clkbuf_0_CLK100MHZ/A (sky130_fd_sc_hd__clkbuf_16)
     4    0.04    0.06    0.17    0.24 ^ clkbuf_0_CLK100MHZ/X (sky130_fd_sc_hd__clkbuf_16)
                                         clknet_0_CLK100MHZ (net)
                  0.06    0.00    0.24 ^ clkbuf_2_1__f_CLK100MHZ/A (sky130_fd_sc_hd__clkbuf_16)
     8    0.02    0.05    0.14    0.39 ^ clkbuf_2_1__f_CLK100MHZ/X (sky130_fd_sc_hd__clkbuf_16)
                                         clknet_2_1__leaf_CLK100MHZ (net)
                  0.05    0.00    0.39 ^ _272_/CLK (sky130_fd_sc_hd__dfrtp_1)
                          0.25    0.64   clock uncertainty
                          0.00    0.64   clock reconvergence pessimism
                          0.32    0.96   library removal time
                                  0.96   data required time
-----------------------------------------------------------------------------
                                  0.96   data required time
                                 -2.30   data arrival time
-----------------------------------------------------------------------------
                                  1.34   slack (MET)


Startpoint: BTNC (input port clocked by CLK100MHZ)
Endpoint: _270_ (removal check against rising-edge clock CLK100MHZ)
Path Group: asynchronous
Path Type: min
Corner: Typical

Fanout     Cap    Slew   Delay    Time   Description
-----------------------------------------------------------------------------
                          0.00    0.00   clock CLK100MHZ (rise edge)
                          0.00    0.00   clock network delay (propagated)
                          2.00    2.00 v input external delay
     2    0.02    0.05    0.03    2.03 v BTNC (in)
                                         BTNC (net)
                  0.05    0.00    2.03 v _214_/A (sky130_fd_sc_hd__buf_4)
    10    0.07    0.10    0.19    2.23 v _214_/X (sky130_fd_sc_hd__buf_4)
                                         _112_ (net)
                  0.10    0.00    2.23 v _241_/A (sky130_fd_sc_hd__inv_2)
     1    0.01    0.06    0.08    2.32 ^ _241_/Y (sky130_fd_sc_hd__inv_2)
                                         _049_ (net)
                  0.06    0.00    2.32 ^ _270_/RESET_B (sky130_fd_sc_hd__dfrtp_1)
                                  2.32   data arrival time

                          0.00    0.00   clock CLK100MHZ (rise edge)
                          0.00    0.00   clock source latency
     1    0.02    0.09    0.07    0.07 ^ CLK100MHZ (in)
                                         CLK100MHZ (net)
                  0.09    0.00    0.07 ^ clkbuf_0_CLK100MHZ/A (sky130_fd_sc_hd__clkbuf_16)
     4    0.04    0.06    0.17    0.24 ^ clkbuf_0_CLK100MHZ/X (sky130_fd_sc_hd__clkbuf_16)
                                         clknet_0_CLK100MHZ (net)
                  0.06    0.00    0.24 ^ clkbuf_2_0__f_CLK100MHZ/A (sky130_fd_sc_hd__clkbuf_16)
     8    0.03    0.05    0.15    0.39 ^ clkbuf_2_0__f_CLK100MHZ/X (sky130_fd_sc_hd__clkbuf_16)
                                         clknet_2_0__leaf_CLK100MHZ (net)
                  0.05    0.00    0.39 ^ _270_/CLK (sky130_fd_sc_hd__dfrtp_1)
                          0.25    0.64   clock uncertainty
                          0.00    0.64   clock reconvergence pessimism
                          0.33    0.97   library removal time
                                  0.97   data required time
-----------------------------------------------------------------------------
                                  0.97   data required time
                                 -2.32   data arrival time
-----------------------------------------------------------------------------
                                  1.35   slack (MET)


Startpoint: BTNC (input port clocked by CLK100MHZ)
Endpoint: _268_ (removal check against rising-edge clock CLK100MHZ)
Path Group: asynchronous
Path Type: min
Corner: Typical

Fanout     Cap    Slew   Delay    Time   Description
-----------------------------------------------------------------------------
                          0.00    0.00   clock CLK100MHZ (rise edge)
                          0.00    0.00   clock network delay (propagated)
                          2.00    2.00 v input external delay
     2    0.02    0.05    0.03    2.03 v BTNC (in)
                                         BTNC (net)
                  0.05    0.00    2.03 v _214_/A (sky130_fd_sc_hd__buf_4)
    10    0.07    0.10    0.19    2.23 v _214_/X (sky130_fd_sc_hd__buf_4)
                                         _112_ (net)
                  0.10    0.01    2.24 v _239_/A (sky130_fd_sc_hd__inv_2)
     1    0.01    0.05    0.07    2.31 ^ _239_/Y (sky130_fd_sc_hd__inv_2)
                                         _047_ (net)
                  0.05    0.00    2.31 ^ _268_/RESET_B (sky130_fd_sc_hd__dfrtp_2)
                                  2.31   data arrival time

                          0.00    0.00   clock CLK100MHZ (rise edge)
                          0.00    0.00   clock source latency
     1    0.02    0.09    0.07    0.07 ^ CLK100MHZ (in)
                                         CLK100MHZ (net)
                  0.09    0.00    0.07 ^ clkbuf_0_CLK100MHZ/A (sky130_fd_sc_hd__clkbuf_16)
     4    0.04    0.06    0.17    0.24 ^ clkbuf_0_CLK100MHZ/X (sky130_fd_sc_hd__clkbuf_16)
                                         clknet_0_CLK100MHZ (net)
                  0.06    0.00    0.24 ^ clkbuf_2_1__f_CLK100MHZ/A (sky130_fd_sc_hd__clkbuf_16)
     8    0.02    0.05    0.14    0.39 ^ clkbuf_2_1__f_CLK100MHZ/X (sky130_fd_sc_hd__clkbuf_16)
                                         clknet_2_1__leaf_CLK100MHZ (net)
                  0.05    0.00    0.39 ^ _268_/CLK (sky130_fd_sc_hd__dfrtp_2)
                          0.25    0.64   clock uncertainty
                          0.00    0.64   clock reconvergence pessimism
                          0.32    0.96   library removal time
                                  0.96   data required time
-----------------------------------------------------------------------------
                                  0.96   data required time
                                 -2.31   data arrival time
-----------------------------------------------------------------------------
                                  1.35   slack (MET)


Startpoint: BTNC (input port clocked by CLK100MHZ)
Endpoint: _274_ (removal check against rising-edge clock CLK100MHZ)
Path Group: asynchronous
Path Type: min
Corner: Typical

Fanout     Cap    Slew   Delay    Time   Description
-----------------------------------------------------------------------------
                          0.00    0.00   clock CLK100MHZ (rise edge)
                          0.00    0.00   clock network delay (propagated)
                          2.00    2.00 v input external delay
     2    0.02    0.05    0.03    2.03 v BTNC (in)
                                         BTNC (net)
                  0.05    0.00    2.03 v _214_/A (sky130_fd_sc_hd__buf_4)
    10    0.07    0.10    0.19    2.23 v _214_/X (sky130_fd_sc_hd__buf_4)
                                         _112_ (net)
                  0.10    0.01    2.23 v _245_/A (sky130_fd_sc_hd__inv_2)
     1    0.01    0.06    0.09    2.32 ^ _245_/Y (sky130_fd_sc_hd__inv_2)
                                         _053_ (net)
                  0.06    0.00    2.32 ^ _274_/RESET_B (sky130_fd_sc_hd__dfrtp_2)
                                  2.32   data arrival time

                          0.00    0.00   clock CLK100MHZ (rise edge)
                          0.00    0.00   clock source latency
     1    0.02    0.09    0.07    0.07 ^ CLK100MHZ (in)
                                         CLK100MHZ (net)
                  0.09    0.00    0.07 ^ clkbuf_0_CLK100MHZ/A (sky130_fd_sc_hd__clkbuf_16)
     4    0.04    0.06    0.17    0.24 ^ clkbuf_0_CLK100MHZ/X (sky130_fd_sc_hd__clkbuf_16)
                                         clknet_0_CLK100MHZ (net)
                  0.06    0.00    0.24 ^ clkbuf_2_3__f_CLK100MHZ/A (sky130_fd_sc_hd__clkbuf_16)
     8    0.03    0.05    0.15    0.39 ^ clkbuf_2_3__f_CLK100MHZ/X (sky130_fd_sc_hd__clkbuf_16)
                                         clknet_2_3__leaf_CLK100MHZ (net)
                  0.05    0.00    0.39 ^ _274_/CLK (sky130_fd_sc_hd__dfrtp_2)
                          0.25    0.64   clock uncertainty
                          0.00    0.64   clock reconvergence pessimism
                          0.33    0.97   library removal time
                                  0.97   data required time
-----------------------------------------------------------------------------
                                  0.97   data required time
                                 -2.32   data arrival time
-----------------------------------------------------------------------------
                                  1.35   slack (MET)


Startpoint: BTNC (input port clocked by CLK100MHZ)
Endpoint: _256_ (removal check against rising-edge clock CLK100MHZ)
Path Group: asynchronous
Path Type: min
Corner: Typical

Fanout     Cap    Slew   Delay    Time   Description
-----------------------------------------------------------------------------
                          0.00    0.00   clock CLK100MHZ (rise edge)
                          0.00    0.00   clock network delay (propagated)
                          2.00    2.00 v input external delay
     2    0.02    0.05    0.03    2.03 v BTNC (in)
                                         BTNC (net)
                  0.05    0.00    2.03 v _226_/A (sky130_fd_sc_hd__buf_4)
    10    0.09    0.11    0.21    2.24 v _226_/X (sky130_fd_sc_hd__buf_4)
                                         _114_ (net)
                  0.11    0.00    2.24 v _227_/A (sky130_fd_sc_hd__inv_2)
     1    0.01    0.05    0.08    2.32 ^ _227_/Y (sky130_fd_sc_hd__inv_2)
                                         _035_ (net)
                  0.05    0.00    2.32 ^ _256_/RESET_B (sky130_fd_sc_hd__dfrtp_4)
                                  2.32   data arrival time

                          0.00    0.00   clock CLK100MHZ (rise edge)
                          0.00    0.00   clock source latency
     1    0.02    0.09    0.07    0.07 ^ CLK100MHZ (in)
                                         CLK100MHZ (net)
                  0.09    0.00    0.07 ^ clkbuf_0_CLK100MHZ/A (sky130_fd_sc_hd__clkbuf_16)
     4    0.04    0.06    0.17    0.24 ^ clkbuf_0_CLK100MHZ/X (sky130_fd_sc_hd__clkbuf_16)
                                         clknet_0_CLK100MHZ (net)
                  0.06    0.00    0.24 ^ clkbuf_2_0__f_CLK100MHZ/A (sky130_fd_sc_hd__clkbuf_16)
     8    0.03    0.05    0.15    0.39 ^ clkbuf_2_0__f_CLK100MHZ/X (sky130_fd_sc_hd__clkbuf_16)
                                         clknet_2_0__leaf_CLK100MHZ (net)
                  0.05    0.00    0.39 ^ _256_/CLK (sky130_fd_sc_hd__dfrtp_4)
                          0.25    0.64   clock uncertainty
                          0.00    0.64   clock reconvergence pessimism
                          0.32    0.97   library removal time
                                  0.97   data required time
-----------------------------------------------------------------------------
                                  0.97   data required time
                                 -2.32   data arrival time
-----------------------------------------------------------------------------
                                  1.36   slack (MET)


Startpoint: BTNC (input port clocked by CLK100MHZ)
Endpoint: _271_ (removal check against rising-edge clock CLK100MHZ)
Path Group: asynchronous
Path Type: min
Corner: Typical

Fanout     Cap    Slew   Delay    Time   Description
-----------------------------------------------------------------------------
                          0.00    0.00   clock CLK100MHZ (rise edge)
                          0.00    0.00   clock network delay (propagated)
                          2.00    2.00 v input external delay
     2    0.02    0.05    0.03    2.03 v BTNC (in)
                                         BTNC (net)
                  0.05    0.00    2.03 v _214_/A (sky130_fd_sc_hd__buf_4)
    10    0.07    0.10    0.19    2.23 v _214_/X (sky130_fd_sc_hd__buf_4)
                                         _112_ (net)
                  0.10    0.01    2.24 v _242_/A (sky130_fd_sc_hd__inv_2)
     1    0.01    0.07    0.09    2.33 ^ _242_/Y (sky130_fd_sc_hd__inv_2)
                                         _050_ (net)
                  0.07    0.00    2.33 ^ _271_/RESET_B (sky130_fd_sc_hd__dfrtp_1)
                                  2.33   data arrival time

                          0.00    0.00   clock CLK100MHZ (rise edge)
                          0.00    0.00   clock source latency
     1    0.02    0.09    0.07    0.07 ^ CLK100MHZ (in)
                                         CLK100MHZ (net)
                  0.09    0.00    0.07 ^ clkbuf_0_CLK100MHZ/A (sky130_fd_sc_hd__clkbuf_16)
     4    0.04    0.06    0.17    0.24 ^ clkbuf_0_CLK100MHZ/X (sky130_fd_sc_hd__clkbuf_16)
                                         clknet_0_CLK100MHZ (net)
                  0.06    0.00    0.24 ^ clkbuf_2_0__f_CLK100MHZ/A (sky130_fd_sc_hd__clkbuf_16)
     8    0.03    0.05    0.15    0.39 ^ clkbuf_2_0__f_CLK100MHZ/X (sky130_fd_sc_hd__clkbuf_16)
                                         clknet_2_0__leaf_CLK100MHZ (net)
                  0.05    0.00    0.39 ^ _271_/CLK (sky130_fd_sc_hd__dfrtp_1)
                          0.25    0.64   clock uncertainty
                          0.00    0.64   clock reconvergence pessimism
                          0.33    0.97   library removal time
                                  0.97   data required time
-----------------------------------------------------------------------------
                                  0.97   data required time
                                 -2.33   data arrival time
-----------------------------------------------------------------------------
                                  1.36   slack (MET)


Startpoint: BTNC (input port clocked by CLK100MHZ)
Endpoint: _273_ (removal check against rising-edge clock CLK100MHZ)
Path Group: asynchronous
Path Type: min
Corner: Typical

Fanout     Cap    Slew   Delay    Time   Description
-----------------------------------------------------------------------------
                          0.00    0.00   clock CLK100MHZ (rise edge)
                          0.00    0.00   clock network delay (propagated)
                          2.00    2.00 v input external delay
     2    0.02    0.05    0.03    2.03 v BTNC (in)
                                         BTNC (net)
                  0.05    0.00    2.03 v _214_/A (sky130_fd_sc_hd__buf_4)
    10    0.07    0.10    0.19    2.23 v _214_/X (sky130_fd_sc_hd__buf_4)
                                         _112_ (net)
                  0.10    0.01    2.23 v _244_/A (sky130_fd_sc_hd__inv_2)
     1    0.01    0.07    0.10    2.33 ^ _244_/Y (sky130_fd_sc_hd__inv_2)
                                         _052_ (net)
                  0.07    0.00    2.33 ^ _273_/RESET_B (sky130_fd_sc_hd__dfrtp_1)
                                  2.33   data arrival time

                          0.00    0.00   clock CLK100MHZ (rise edge)
                          0.00    0.00   clock source latency
     1    0.02    0.09    0.07    0.07 ^ CLK100MHZ (in)
                                         CLK100MHZ (net)
                  0.09    0.00    0.07 ^ clkbuf_0_CLK100MHZ/A (sky130_fd_sc_hd__clkbuf_16)
     4    0.04    0.06    0.17    0.24 ^ clkbuf_0_CLK100MHZ/X (sky130_fd_sc_hd__clkbuf_16)
                                         clknet_0_CLK100MHZ (net)
                  0.06    0.00    0.24 ^ clkbuf_2_3__f_CLK100MHZ/A (sky130_fd_sc_hd__clkbuf_16)
     8    0.03    0.05    0.15    0.39 ^ clkbuf_2_3__f_CLK100MHZ/X (sky130_fd_sc_hd__clkbuf_16)
                                         clknet_2_3__leaf_CLK100MHZ (net)
                  0.05    0.00    0.39 ^ _273_/CLK (sky130_fd_sc_hd__dfrtp_1)
                          0.25    0.64   clock uncertainty
                          0.00    0.64   clock reconvergence pessimism
                          0.33    0.97   library removal time
                                  0.97   data required time
-----------------------------------------------------------------------------
                                  0.97   data required time
                                 -2.33   data arrival time
-----------------------------------------------------------------------------
                                  1.36   slack (MET)


Startpoint: BTNC (input port clocked by CLK100MHZ)
Endpoint: _261_ (removal check against rising-edge clock CLK100MHZ)
Path Group: asynchronous
Path Type: min
Corner: Typical

Fanout     Cap    Slew   Delay    Time   Description
-----------------------------------------------------------------------------
                          0.00    0.00   clock CLK100MHZ (rise edge)
                          0.00    0.00   clock network delay (propagated)
                          2.00    2.00 v input external delay
     2    0.02    0.05    0.03    2.03 v BTNC (in)
                                         BTNC (net)
                  0.05    0.00    2.03 v _226_/A (sky130_fd_sc_hd__buf_4)
    10    0.09    0.11    0.21    2.24 v _226_/X (sky130_fd_sc_hd__buf_4)
                                         _114_ (net)
                  0.11    0.01    2.25 v _232_/A (sky130_fd_sc_hd__inv_2)
     1    0.01    0.05    0.08    2.33 ^ _232_/Y (sky130_fd_sc_hd__inv_2)
                                         _040_ (net)
                  0.05    0.00    2.33 ^ _261_/RESET_B (sky130_fd_sc_hd__dfrtp_1)
                                  2.33   data arrival time

                          0.00    0.00   clock CLK100MHZ (rise edge)
                          0.00    0.00   clock source latency
     1    0.02    0.09    0.07    0.07 ^ CLK100MHZ (in)
                                         CLK100MHZ (net)
                  0.09    0.00    0.07 ^ clkbuf_0_CLK100MHZ/A (sky130_fd_sc_hd__clkbuf_16)
     4    0.04    0.06    0.17    0.24 ^ clkbuf_0_CLK100MHZ/X (sky130_fd_sc_hd__clkbuf_16)
                                         clknet_0_CLK100MHZ (net)
                  0.06    0.00    0.24 ^ clkbuf_2_3__f_CLK100MHZ/A (sky130_fd_sc_hd__clkbuf_16)
     8    0.03    0.05    0.15    0.39 ^ clkbuf_2_3__f_CLK100MHZ/X (sky130_fd_sc_hd__clkbuf_16)
                                         clknet_2_3__leaf_CLK100MHZ (net)
                  0.05    0.00    0.39 ^ _261_/CLK (sky130_fd_sc_hd__dfrtp_1)
                          0.25    0.64   clock uncertainty
                          0.00    0.64   clock reconvergence pessimism
                          0.32    0.96   library removal time
                                  0.96   data required time
-----------------------------------------------------------------------------
                                  0.96   data required time
                                 -2.33   data arrival time
-----------------------------------------------------------------------------
                                  1.36   slack (MET)


Startpoint: BTNC (input port clocked by CLK100MHZ)
Endpoint: _259_ (removal check against rising-edge clock CLK100MHZ)
Path Group: asynchronous
Path Type: min
Corner: Typical

Fanout     Cap    Slew   Delay    Time   Description
-----------------------------------------------------------------------------
                          0.00    0.00   clock CLK100MHZ (rise edge)
                          0.00    0.00   clock network delay (propagated)
                          2.00    2.00 v input external delay
     2    0.02    0.05    0.03    2.03 v BTNC (in)
                                         BTNC (net)
                  0.05    0.00    2.03 v _226_/A (sky130_fd_sc_hd__buf_4)
    10    0.09    0.11    0.21    2.24 v _226_/X (sky130_fd_sc_hd__buf_4)
                                         _114_ (net)
                  0.11    0.00    2.24 v _230_/A (sky130_fd_sc_hd__inv_2)
     1    0.01    0.05    0.08    2.32 ^ _230_/Y (sky130_fd_sc_hd__inv_2)
                                         _038_ (net)
                  0.05    0.00    2.32 ^ _259_/RESET_B (sky130_fd_sc_hd__dfrtp_2)
                                  2.32   data arrival time

                          0.00    0.00   clock CLK100MHZ (rise edge)
                          0.00    0.00   clock source latency
     1    0.02    0.09    0.07    0.07 ^ CLK100MHZ (in)
                                         CLK100MHZ (net)
                  0.09    0.00    0.07 ^ clkbuf_0_CLK100MHZ/A (sky130_fd_sc_hd__clkbuf_16)
     4    0.04    0.06    0.17    0.24 ^ clkbuf_0_CLK100MHZ/X (sky130_fd_sc_hd__clkbuf_16)
                                         clknet_0_CLK100MHZ (net)
                  0.06    0.00    0.24 ^ clkbuf_2_1__f_CLK100MHZ/A (sky130_fd_sc_hd__clkbuf_16)
     8    0.02    0.05    0.14    0.39 ^ clkbuf_2_1__f_CLK100MHZ/X (sky130_fd_sc_hd__clkbuf_16)
                                         clknet_2_1__leaf_CLK100MHZ (net)
                  0.05    0.00    0.39 ^ _259_/CLK (sky130_fd_sc_hd__dfrtp_2)
                          0.25    0.64   clock uncertainty
                          0.00    0.64   clock reconvergence pessimism
                          0.32    0.96   library removal time
                                  0.96   data required time
-----------------------------------------------------------------------------
                                  0.96   data required time
                                 -2.32   data arrival time
-----------------------------------------------------------------------------
                                  1.36   slack (MET)


Startpoint: BTNC (input port clocked by CLK100MHZ)
Endpoint: _266_ (removal check against rising-edge clock CLK100MHZ)
Path Group: asynchronous
Path Type: min
Corner: Typical

Fanout     Cap    Slew   Delay    Time   Description
-----------------------------------------------------------------------------
                          0.00    0.00   clock CLK100MHZ (rise edge)
                          0.00    0.00   clock network delay (propagated)
                          2.00    2.00 v input external delay
     2    0.02    0.05    0.03    2.03 v BTNC (in)
                                         BTNC (net)
                  0.05    0.00    2.03 v _214_/A (sky130_fd_sc_hd__buf_4)
    10    0.07    0.10    0.19    2.23 v _214_/X (sky130_fd_sc_hd__buf_4)
                                         _112_ (net)
                  0.10    0.00    2.23 v _237_/A (sky130_fd_sc_hd__inv_2)
     1    0.02    0.09    0.11    2.34 ^ _237_/Y (sky130_fd_sc_hd__inv_2)
                                         _045_ (net)
                  0.09    0.00    2.34 ^ _266_/RESET_B (sky130_fd_sc_hd__dfrtp_2)
                                  2.34   data arrival time

                          0.00    0.00   clock CLK100MHZ (rise edge)
                          0.00    0.00   clock source latency
     1    0.02    0.09    0.07    0.07 ^ CLK100MHZ (in)
                                         CLK100MHZ (net)
                  0.09    0.00    0.07 ^ clkbuf_0_CLK100MHZ/A (sky130_fd_sc_hd__clkbuf_16)
     4    0.04    0.06    0.17    0.24 ^ clkbuf_0_CLK100MHZ/X (sky130_fd_sc_hd__clkbuf_16)
                                         clknet_0_CLK100MHZ (net)
                  0.06    0.00    0.24 ^ clkbuf_2_0__f_CLK100MHZ/A (sky130_fd_sc_hd__clkbuf_16)
     8    0.03    0.05    0.15    0.39 ^ clkbuf_2_0__f_CLK100MHZ/X (sky130_fd_sc_hd__clkbuf_16)
                                         clknet_2_0__leaf_CLK100MHZ (net)
                  0.05    0.00    0.39 ^ _266_/CLK (sky130_fd_sc_hd__dfrtp_2)
                          0.25    0.64   clock uncertainty
                          0.00    0.64   clock reconvergence pessimism
                          0.34    0.98   library removal time
                                  0.98   data required time
-----------------------------------------------------------------------------
                                  0.98   data required time
                                 -2.34   data arrival time
-----------------------------------------------------------------------------
                                  1.37   slack (MET)


Startpoint: BTNC (input port clocked by CLK100MHZ)
Endpoint: _264_ (removal check against rising-edge clock CLK100MHZ)
Path Group: asynchronous
Path Type: min
Corner: Typical

Fanout     Cap    Slew   Delay    Time   Description
-----------------------------------------------------------------------------
                          0.00    0.00   clock CLK100MHZ (rise edge)
                          0.00    0.00   clock network delay (propagated)
                          2.00    2.00 v input external delay
     2    0.02    0.05    0.03    2.03 v BTNC (in)
                                         BTNC (net)
                  0.05    0.00    2.03 v _226_/A (sky130_fd_sc_hd__buf_4)
    10    0.09    0.11    0.21    2.24 v _226_/X (sky130_fd_sc_hd__buf_4)
                                         _114_ (net)
                  0.11    0.00    2.24 v _235_/A (sky130_fd_sc_hd__inv_2)
     1    0.01    0.06    0.09    2.34 ^ _235_/Y (sky130_fd_sc_hd__inv_2)
                                         _043_ (net)
                  0.06    0.00    2.34 ^ _264_/RESET_B (sky130_fd_sc_hd__dfrtp_1)
                                  2.34   data arrival time

                          0.00    0.00   clock CLK100MHZ (rise edge)
                          0.00    0.00   clock source latency
     1    0.02    0.09    0.07    0.07 ^ CLK100MHZ (in)
                                         CLK100MHZ (net)
                  0.09    0.00    0.07 ^ clkbuf_0_CLK100MHZ/A (sky130_fd_sc_hd__clkbuf_16)
     4    0.04    0.06    0.17    0.24 ^ clkbuf_0_CLK100MHZ/X (sky130_fd_sc_hd__clkbuf_16)
                                         clknet_0_CLK100MHZ (net)
                  0.06    0.00    0.24 ^ clkbuf_2_0__f_CLK100MHZ/A (sky130_fd_sc_hd__clkbuf_16)
     8    0.03    0.05    0.15    0.39 ^ clkbuf_2_0__f_CLK100MHZ/X (sky130_fd_sc_hd__clkbuf_16)
                                         clknet_2_0__leaf_CLK100MHZ (net)
                  0.05    0.00    0.39 ^ _264_/CLK (sky130_fd_sc_hd__dfrtp_1)
                          0.25    0.64   clock uncertainty
                          0.00    0.64   clock reconvergence pessimism
                          0.33    0.97   library removal time
                                  0.97   data required time
-----------------------------------------------------------------------------
                                  0.97   data required time
                                 -2.34   data arrival time
-----------------------------------------------------------------------------
                                  1.37   slack (MET)


Startpoint: BTNC (input port clocked by CLK100MHZ)
Endpoint: _269_ (removal check against rising-edge clock CLK100MHZ)
Path Group: asynchronous
Path Type: min
Corner: Typical

Fanout     Cap    Slew   Delay    Time   Description
-----------------------------------------------------------------------------
                          0.00    0.00   clock CLK100MHZ (rise edge)
                          0.00    0.00   clock network delay (propagated)
                          2.00    2.00 v input external delay
     2    0.02    0.05    0.03    2.03 v BTNC (in)
                                         BTNC (net)
                  0.05    0.00    2.03 v _214_/A (sky130_fd_sc_hd__buf_4)
    10    0.07    0.10    0.19    2.23 v _214_/X (sky130_fd_sc_hd__buf_4)
                                         _112_ (net)
                  0.10    0.01    2.24 v _240_/A (sky130_fd_sc_hd__inv_2)
     1    0.02    0.10    0.11    2.35 ^ _240_/Y (sky130_fd_sc_hd__inv_2)
                                         _048_ (net)
                  0.10    0.00    2.35 ^ _269_/RESET_B (sky130_fd_sc_hd__dfrtp_1)
                                  2.35   data arrival time

                          0.00    0.00   clock CLK100MHZ (rise edge)
                          0.00    0.00   clock source latency
     1    0.02    0.09    0.07    0.07 ^ CLK100MHZ (in)
                                         CLK100MHZ (net)
                  0.09    0.00    0.07 ^ clkbuf_0_CLK100MHZ/A (sky130_fd_sc_hd__clkbuf_16)
     4    0.04    0.06    0.17    0.24 ^ clkbuf_0_CLK100MHZ/X (sky130_fd_sc_hd__clkbuf_16)
                                         clknet_0_CLK100MHZ (net)
                  0.06    0.00    0.24 ^ clkbuf_2_2__f_CLK100MHZ/A (sky130_fd_sc_hd__clkbuf_16)
     8    0.03    0.05    0.15    0.39 ^ clkbuf_2_2__f_CLK100MHZ/X (sky130_fd_sc_hd__clkbuf_16)
                                         clknet_2_2__leaf_CLK100MHZ (net)
                  0.05    0.00    0.39 ^ _269_/CLK (sky130_fd_sc_hd__dfrtp_1)
                          0.25    0.64   clock uncertainty
                          0.00    0.64   clock reconvergence pessimism
                          0.34    0.98   library removal time
                                  0.98   data required time
-----------------------------------------------------------------------------
                                  0.98   data required time
                                 -2.35   data arrival time
-----------------------------------------------------------------------------
                                  1.37   slack (MET)


Startpoint: BTNC (input port clocked by CLK100MHZ)
Endpoint: _257_ (removal check against rising-edge clock CLK100MHZ)
Path Group: asynchronous
Path Type: min
Corner: Typical

Fanout     Cap    Slew   Delay    Time   Description
-----------------------------------------------------------------------------
                          0.00    0.00   clock CLK100MHZ (rise edge)
                          0.00    0.00   clock network delay (propagated)
                          2.00    2.00 v input external delay
     2    0.02    0.05    0.03    2.03 v BTNC (in)
                                         BTNC (net)
                  0.05    0.00    2.03 v _226_/A (sky130_fd_sc_hd__buf_4)
    10    0.09    0.11    0.21    2.24 v _226_/X (sky130_fd_sc_hd__buf_4)
                                         _114_ (net)
                  0.11    0.00    2.24 v _228_/A (sky130_fd_sc_hd__inv_2)
     1    0.01    0.07    0.09    2.34 ^ _228_/Y (sky130_fd_sc_hd__inv_2)
                                         _036_ (net)
                  0.07    0.00    2.34 ^ _257_/RESET_B (sky130_fd_sc_hd__dfrtp_1)
                                  2.34   data arrival time

                          0.00    0.00   clock CLK100MHZ (rise edge)
                          0.00    0.00   clock source latency
     1    0.02    0.09    0.07    0.07 ^ CLK100MHZ (in)
                                         CLK100MHZ (net)
                  0.09    0.00    0.07 ^ clkbuf_0_CLK100MHZ/A (sky130_fd_sc_hd__clkbuf_16)
     4    0.04    0.06    0.17    0.24 ^ clkbuf_0_CLK100MHZ/X (sky130_fd_sc_hd__clkbuf_16)
                                         clknet_0_CLK100MHZ (net)
                  0.06    0.00    0.24 ^ clkbuf_2_3__f_CLK100MHZ/A (sky130_fd_sc_hd__clkbuf_16)
     8    0.03    0.05    0.15    0.39 ^ clkbuf_2_3__f_CLK100MHZ/X (sky130_fd_sc_hd__clkbuf_16)
                                         clknet_2_3__leaf_CLK100MHZ (net)
                  0.05    0.00    0.39 ^ _257_/CLK (sky130_fd_sc_hd__dfrtp_1)
                          0.25    0.64   clock uncertainty
                          0.00    0.64   clock reconvergence pessimism
                          0.33    0.97   library removal time
                                  0.97   data required time
-----------------------------------------------------------------------------
                                  0.97   data required time
                                 -2.34   data arrival time
-----------------------------------------------------------------------------
                                  1.37   slack (MET)


Startpoint: BTNC (input port clocked by CLK100MHZ)
Endpoint: _263_ (removal check against rising-edge clock CLK100MHZ)
Path Group: asynchronous
Path Type: min
Corner: Typical

Fanout     Cap    Slew   Delay    Time   Description
-----------------------------------------------------------------------------
                          0.00    0.00   clock CLK100MHZ (rise edge)
                          0.00    0.00   clock network delay (propagated)
                          2.00    2.00 v input external delay
     2    0.02    0.05    0.03    2.03 v BTNC (in)
                                         BTNC (net)
                  0.05    0.00    2.03 v _226_/A (sky130_fd_sc_hd__buf_4)
    10    0.09    0.11    0.21    2.24 v _226_/X (sky130_fd_sc_hd__buf_4)
                                         _114_ (net)
                  0.11    0.00    2.24 v _234_/A (sky130_fd_sc_hd__inv_2)
     1    0.01    0.07    0.10    2.35 ^ _234_/Y (sky130_fd_sc_hd__inv_2)
                                         _042_ (net)
                  0.07    0.00    2.35 ^ _263_/RESET_B (sky130_fd_sc_hd__dfrtp_1)
                                  2.35   data arrival time

                          0.00    0.00   clock CLK100MHZ (rise edge)
                          0.00    0.00   clock source latency
     1    0.02    0.09    0.07    0.07 ^ CLK100MHZ (in)
                                         CLK100MHZ (net)
                  0.09    0.00    0.07 ^ clkbuf_0_CLK100MHZ/A (sky130_fd_sc_hd__clkbuf_16)
     4    0.04    0.06    0.17    0.24 ^ clkbuf_0_CLK100MHZ/X (sky130_fd_sc_hd__clkbuf_16)
                                         clknet_0_CLK100MHZ (net)
                  0.06    0.00    0.24 ^ clkbuf_2_2__f_CLK100MHZ/A (sky130_fd_sc_hd__clkbuf_16)
     8    0.03    0.05    0.15    0.39 ^ clkbuf_2_2__f_CLK100MHZ/X (sky130_fd_sc_hd__clkbuf_16)
                                         clknet_2_2__leaf_CLK100MHZ (net)
                  0.05    0.00    0.39 ^ _263_/CLK (sky130_fd_sc_hd__dfrtp_1)
                          0.25    0.64   clock uncertainty
                          0.00    0.64   clock reconvergence pessimism
                          0.33    0.97   library removal time
                                  0.97   data required time
-----------------------------------------------------------------------------
                                  0.97   data required time
                                 -2.35   data arrival time
-----------------------------------------------------------------------------
                                  1.37   slack (MET)


Startpoint: BTNC (input port clocked by CLK100MHZ)
Endpoint: _262_ (removal check against rising-edge clock CLK100MHZ)
Path Group: asynchronous
Path Type: min
Corner: Typical

Fanout     Cap    Slew   Delay    Time   Description
-----------------------------------------------------------------------------
                          0.00    0.00   clock CLK100MHZ (rise edge)
                          0.00    0.00   clock network delay (propagated)
                          2.00    2.00 v input external delay
     2    0.02    0.05    0.03    2.03 v BTNC (in)
                                         BTNC (net)
                  0.05    0.00    2.03 v _226_/A (sky130_fd_sc_hd__buf_4)
    10    0.09    0.11    0.21    2.24 v _226_/X (sky130_fd_sc_hd__buf_4)
                                         _114_ (net)
                  0.11    0.00    2.24 v _233_/A (sky130_fd_sc_hd__inv_2)
     1    0.02    0.08    0.11    2.35 ^ _233_/Y (sky130_fd_sc_hd__inv_2)
                                         _041_ (net)
                  0.08    0.00    2.35 ^ _262_/RESET_B (sky130_fd_sc_hd__dfrtp_2)
                                  2.35   data arrival time

                          0.00    0.00   clock CLK100MHZ (rise edge)
                          0.00    0.00   clock source latency
     1    0.02    0.09    0.07    0.07 ^ CLK100MHZ (in)
                                         CLK100MHZ (net)
                  0.09    0.00    0.07 ^ clkbuf_0_CLK100MHZ/A (sky130_fd_sc_hd__clkbuf_16)
     4    0.04    0.06    0.17    0.24 ^ clkbuf_0_CLK100MHZ/X (sky130_fd_sc_hd__clkbuf_16)
                                         clknet_0_CLK100MHZ (net)
                  0.06    0.00    0.24 ^ clkbuf_2_2__f_CLK100MHZ/A (sky130_fd_sc_hd__clkbuf_16)
     8    0.03    0.05    0.15    0.39 ^ clkbuf_2_2__f_CLK100MHZ/X (sky130_fd_sc_hd__clkbuf_16)
                                         clknet_2_2__leaf_CLK100MHZ (net)
                  0.05    0.00    0.39 ^ _262_/CLK (sky130_fd_sc_hd__dfrtp_2)
                          0.25    0.64   clock uncertainty
                          0.00    0.64   clock reconvergence pessimism
                          0.33    0.98   library removal time
                                  0.98   data required time
-----------------------------------------------------------------------------
                                  0.98   data required time
                                 -2.35   data arrival time
-----------------------------------------------------------------------------
                                  1.38   slack (MET)


Startpoint: BTNC (input port clocked by CLK100MHZ)
Endpoint: _258_ (removal check against rising-edge clock CLK100MHZ)
Path Group: asynchronous
Path Type: min
Corner: Typical

Fanout     Cap    Slew   Delay    Time   Description
-----------------------------------------------------------------------------
                          0.00    0.00   clock CLK100MHZ (rise edge)
                          0.00    0.00   clock network delay (propagated)
                          2.00    2.00 v input external delay
     2    0.02    0.05    0.03    2.03 v BTNC (in)
                                         BTNC (net)
                  0.05    0.00    2.03 v _226_/A (sky130_fd_sc_hd__buf_4)
    10    0.09    0.11    0.21    2.24 v _226_/X (sky130_fd_sc_hd__buf_4)
                                         _114_ (net)
                  0.11    0.01    2.25 v _229_/A (sky130_fd_sc_hd__inv_2)
     1    0.01    0.08    0.10    2.35 ^ _229_/Y (sky130_fd_sc_hd__inv_2)
                                         _037_ (net)
                  0.08    0.00    2.35 ^ _258_/RESET_B (sky130_fd_sc_hd__dfrtp_4)
                                  2.35   data arrival time

                          0.00    0.00   clock CLK100MHZ (rise edge)
                          0.00    0.00   clock source latency
     1    0.02    0.09    0.07    0.07 ^ CLK100MHZ (in)
                                         CLK100MHZ (net)
                  0.09    0.00    0.07 ^ clkbuf_0_CLK100MHZ/A (sky130_fd_sc_hd__clkbuf_16)
     4    0.04    0.06    0.17    0.24 ^ clkbuf_0_CLK100MHZ/X (sky130_fd_sc_hd__clkbuf_16)
                                         clknet_0_CLK100MHZ (net)
                  0.06    0.00    0.24 ^ clkbuf_2_3__f_CLK100MHZ/A (sky130_fd_sc_hd__clkbuf_16)
     8    0.03    0.05    0.15    0.39 ^ clkbuf_2_3__f_CLK100MHZ/X (sky130_fd_sc_hd__clkbuf_16)
                                         clknet_2_3__leaf_CLK100MHZ (net)
                  0.05    0.00    0.39 ^ _258_/CLK (sky130_fd_sc_hd__dfrtp_4)
                          0.25    0.64   clock uncertainty
                          0.00    0.64   clock reconvergence pessimism
                          0.33    0.97   library removal time
                                  0.97   data required time
-----------------------------------------------------------------------------
                                  0.97   data required time
                                 -2.35   data arrival time
-----------------------------------------------------------------------------
                                  1.38   slack (MET)


Startpoint: BTNC (input port clocked by CLK100MHZ)
Endpoint: _260_ (removal check against rising-edge clock CLK100MHZ)
Path Group: asynchronous
Path Type: min
Corner: Typical

Fanout     Cap    Slew   Delay    Time   Description
-----------------------------------------------------------------------------
                          0.00    0.00   clock CLK100MHZ (rise edge)
                          0.00    0.00   clock network delay (propagated)
                          2.00    2.00 v input external delay
     2    0.02    0.05    0.03    2.03 v BTNC (in)
                                         BTNC (net)
                  0.05    0.00    2.03 v _226_/A (sky130_fd_sc_hd__buf_4)
    10    0.09    0.11    0.21    2.24 v _226_/X (sky130_fd_sc_hd__buf_4)
                                         _114_ (net)
                  0.11    0.01    2.25 v _231_/A (sky130_fd_sc_hd__inv_2)
     1    0.02    0.09    0.11    2.36 ^ _231_/Y (sky130_fd_sc_hd__inv_2)
                                         _039_ (net)
                  0.09    0.00    2.36 ^ _260_/RESET_B (sky130_fd_sc_hd__dfrtp_1)
                                  2.36   data arrival time

                          0.00    0.00   clock CLK100MHZ (rise edge)
                          0.00    0.00   clock source latency
     1    0.02    0.09    0.07    0.07 ^ CLK100MHZ (in)
                                         CLK100MHZ (net)
                  0.09    0.00    0.07 ^ clkbuf_0_CLK100MHZ/A (sky130_fd_sc_hd__clkbuf_16)
     4    0.04    0.06    0.17    0.24 ^ clkbuf_0_CLK100MHZ/X (sky130_fd_sc_hd__clkbuf_16)
                                         clknet_0_CLK100MHZ (net)
                  0.06    0.00    0.24 ^ clkbuf_2_1__f_CLK100MHZ/A (sky130_fd_sc_hd__clkbuf_16)
     8    0.02    0.05    0.14    0.39 ^ clkbuf_2_1__f_CLK100MHZ/X (sky130_fd_sc_hd__clkbuf_16)
                                         clknet_2_1__leaf_CLK100MHZ (net)
                  0.05    0.00    0.39 ^ _260_/CLK (sky130_fd_sc_hd__dfrtp_1)
                          0.25    0.64   clock uncertainty
                          0.00    0.64   clock reconvergence pessimism
                          0.33    0.97   library removal time
                                  0.97   data required time
-----------------------------------------------------------------------------
                                  0.97   data required time
                                 -2.36   data arrival time
-----------------------------------------------------------------------------
                                  1.39   slack (MET)


Startpoint: BTNC (input port clocked by CLK100MHZ)
Endpoint: _265_ (removal check against rising-edge clock CLK100MHZ)
Path Group: asynchronous
Path Type: min
Corner: Typical

Fanout     Cap    Slew   Delay    Time   Description
-----------------------------------------------------------------------------
                          0.00    0.00   clock CLK100MHZ (rise edge)
                          0.00    0.00   clock network delay (propagated)
                          2.00    2.00 v input external delay
     2    0.02    0.05    0.03    2.03 v BTNC (in)
                                         BTNC (net)
                  0.05    0.00    2.03 v _226_/A (sky130_fd_sc_hd__buf_4)
    10    0.09    0.11    0.21    2.24 v _226_/X (sky130_fd_sc_hd__buf_4)
                                         _114_ (net)
                  0.11    0.01    2.25 v _236_/A (sky130_fd_sc_hd__inv_2)
     1    0.02    0.09    0.12    2.36 ^ _236_/Y (sky130_fd_sc_hd__inv_2)
                                         _044_ (net)
                  0.09    0.00    2.36 ^ _265_/RESET_B (sky130_fd_sc_hd__dfrtp_1)
                                  2.36   data arrival time

                          0.00    0.00   clock CLK100MHZ (rise edge)
                          0.00    0.00   clock source latency
     1    0.02    0.09    0.07    0.07 ^ CLK100MHZ (in)
                                         CLK100MHZ (net)
                  0.09    0.00    0.07 ^ clkbuf_0_CLK100MHZ/A (sky130_fd_sc_hd__clkbuf_16)
     4    0.04    0.06    0.17    0.24 ^ clkbuf_0_CLK100MHZ/X (sky130_fd_sc_hd__clkbuf_16)
                                         clknet_0_CLK100MHZ (net)
                  0.06    0.00    0.24 ^ clkbuf_2_1__f_CLK100MHZ/A (sky130_fd_sc_hd__clkbuf_16)
     8    0.02    0.05    0.14    0.39 ^ clkbuf_2_1__f_CLK100MHZ/X (sky130_fd_sc_hd__clkbuf_16)
                                         clknet_2_1__leaf_CLK100MHZ (net)
                  0.05    0.00    0.39 ^ _265_/CLK (sky130_fd_sc_hd__dfrtp_1)
                          0.25    0.64   clock uncertainty
                          0.00    0.64   clock reconvergence pessimism
                          0.33    0.97   library removal time
                                  0.97   data required time
-----------------------------------------------------------------------------
                                  0.97   data required time
                                 -2.36   data arrival time
-----------------------------------------------------------------------------
                                  1.39   slack (MET)


Startpoint: BTNC (input port clocked by CLK100MHZ)
Endpoint: _251_ (removal check against rising-edge clock CLK100MHZ)
Path Group: asynchronous
Path Type: min
Corner: Typical

Fanout     Cap    Slew   Delay    Time   Description
-----------------------------------------------------------------------------
                          0.00    0.00   clock CLK100MHZ (rise edge)
                          0.00    0.00   clock network delay (propagated)
                          2.00    2.00 v input external delay
     2    0.02    0.05    0.03    2.03 v BTNC (in)
                                         BTNC (net)
                  0.05    0.00    2.03 v _214_/A (sky130_fd_sc_hd__buf_4)
    10    0.07    0.10    0.19    2.23 v _214_/X (sky130_fd_sc_hd__buf_4)
                                         _112_ (net)
                  0.10    0.01    2.23 v _215_/A (sky130_fd_sc_hd__buf_4)
    10    0.08    0.10    0.22    2.45 v _215_/X (sky130_fd_sc_hd__buf_4)
                                         _113_ (net)
                  0.10    0.00    2.45 v _221_/A (sky130_fd_sc_hd__inv_2)
     1    0.01    0.06    0.08    2.54 ^ _221_/Y (sky130_fd_sc_hd__inv_2)
                                         _030_ (net)
                  0.06    0.00    2.54 ^ _251_/RESET_B (sky130_fd_sc_hd__dfrtp_2)
                                  2.54   data arrival time

                          0.00    0.00   clock CLK100MHZ (rise edge)
                          0.00    0.00   clock source latency
     1    0.02    0.09    0.07    0.07 ^ CLK100MHZ (in)
                                         CLK100MHZ (net)
                  0.09    0.00    0.07 ^ clkbuf_0_CLK100MHZ/A (sky130_fd_sc_hd__clkbuf_16)
     4    0.04    0.06    0.17    0.24 ^ clkbuf_0_CLK100MHZ/X (sky130_fd_sc_hd__clkbuf_16)
                                         clknet_0_CLK100MHZ (net)
                  0.06    0.00    0.24 ^ clkbuf_2_2__f_CLK100MHZ/A (sky130_fd_sc_hd__clkbuf_16)
     8    0.03    0.05    0.15    0.39 ^ clkbuf_2_2__f_CLK100MHZ/X (sky130_fd_sc_hd__clkbuf_16)
                                         clknet_2_2__leaf_CLK100MHZ (net)
                  0.05    0.00    0.39 ^ _251_/CLK (sky130_fd_sc_hd__dfrtp_2)
                          0.25    0.64   clock uncertainty
                          0.00    0.64   clock reconvergence pessimism
                          0.33    0.97   library removal time
                                  0.97   data required time
-----------------------------------------------------------------------------
                                  0.97   data required time
                                 -2.54   data arrival time
-----------------------------------------------------------------------------
                                  1.57   slack (MET)


Startpoint: BTNC (input port clocked by CLK100MHZ)
Endpoint: _253_ (removal check against rising-edge clock CLK100MHZ)
Path Group: asynchronous
Path Type: min
Corner: Typical

Fanout     Cap    Slew   Delay    Time   Description
-----------------------------------------------------------------------------
                          0.00    0.00   clock CLK100MHZ (rise edge)
                          0.00    0.00   clock network delay (propagated)
                          2.00    2.00 v input external delay
     2    0.02    0.05    0.03    2.03 v BTNC (in)
                                         BTNC (net)
                  0.05    0.00    2.03 v _214_/A (sky130_fd_sc_hd__buf_4)
    10    0.07    0.10    0.19    2.23 v _214_/X (sky130_fd_sc_hd__buf_4)
                                         _112_ (net)
                  0.10    0.01    2.23 v _215_/A (sky130_fd_sc_hd__buf_4)
    10    0.08    0.10    0.22    2.45 v _215_/X (sky130_fd_sc_hd__buf_4)
                                         _113_ (net)
                  0.10    0.01    2.46 v _223_/A (sky130_fd_sc_hd__inv_2)
     1    0.01    0.05    0.08    2.54 ^ _223_/Y (sky130_fd_sc_hd__inv_2)
                                         _032_ (net)
                  0.05    0.00    2.54 ^ _253_/RESET_B (sky130_fd_sc_hd__dfrtp_1)
                                  2.54   data arrival time

                          0.00    0.00   clock CLK100MHZ (rise edge)
                          0.00    0.00   clock source latency
     1    0.02    0.09    0.07    0.07 ^ CLK100MHZ (in)
                                         CLK100MHZ (net)
                  0.09    0.00    0.07 ^ clkbuf_0_CLK100MHZ/A (sky130_fd_sc_hd__clkbuf_16)
     4    0.04    0.06    0.17    0.24 ^ clkbuf_0_CLK100MHZ/X (sky130_fd_sc_hd__clkbuf_16)
                                         clknet_0_CLK100MHZ (net)
                  0.06    0.00    0.24 ^ clkbuf_2_2__f_CLK100MHZ/A (sky130_fd_sc_hd__clkbuf_16)
     8    0.03    0.05    0.15    0.39 ^ clkbuf_2_2__f_CLK100MHZ/X (sky130_fd_sc_hd__clkbuf_16)
                                         clknet_2_2__leaf_CLK100MHZ (net)
                  0.05    0.00    0.39 ^ _253_/CLK (sky130_fd_sc_hd__dfrtp_1)
                          0.25    0.64   clock uncertainty
                          0.00    0.64   clock reconvergence pessimism
                          0.32    0.97   library removal time
                                  0.97   data required time
-----------------------------------------------------------------------------
                                  0.97   data required time
                                 -2.54   data arrival time
-----------------------------------------------------------------------------
                                  1.57   slack (MET)


Startpoint: BTNC (input port clocked by CLK100MHZ)
Endpoint: _249_ (removal check against rising-edge clock CLK100MHZ)
Path Group: asynchronous
Path Type: min
Corner: Typical

Fanout     Cap    Slew   Delay    Time   Description
-----------------------------------------------------------------------------
                          0.00    0.00   clock CLK100MHZ (rise edge)
                          0.00    0.00   clock network delay (propagated)
                          2.00    2.00 v input external delay
     2    0.02    0.05    0.03    2.03 v BTNC (in)
                                         BTNC (net)
                  0.05    0.00    2.03 v _214_/A (sky130_fd_sc_hd__buf_4)
    10    0.07    0.10    0.19    2.23 v _214_/X (sky130_fd_sc_hd__buf_4)
                                         _112_ (net)
                  0.10    0.01    2.23 v _215_/A (sky130_fd_sc_hd__buf_4)
    10    0.08    0.10    0.22    2.45 v _215_/X (sky130_fd_sc_hd__buf_4)
                                         _113_ (net)
                  0.10    0.01    2.46 v _219_/A (sky130_fd_sc_hd__inv_2)
     1    0.01    0.05    0.08    2.54 ^ _219_/Y (sky130_fd_sc_hd__inv_2)
                                         _028_ (net)
                  0.05    0.00    2.54 ^ _249_/RESET_B (sky130_fd_sc_hd__dfrtp_4)
                                  2.54   data arrival time

                          0.00    0.00   clock CLK100MHZ (rise edge)
                          0.00    0.00   clock source latency
     1    0.02    0.09    0.07    0.07 ^ CLK100MHZ (in)
                                         CLK100MHZ (net)
                  0.09    0.00    0.07 ^ clkbuf_0_CLK100MHZ/A (sky130_fd_sc_hd__clkbuf_16)
     4    0.04    0.06    0.17    0.24 ^ clkbuf_0_CLK100MHZ/X (sky130_fd_sc_hd__clkbuf_16)
                                         clknet_0_CLK100MHZ (net)
                  0.06    0.00    0.24 ^ clkbuf_2_3__f_CLK100MHZ/A (sky130_fd_sc_hd__clkbuf_16)
     8    0.03    0.05    0.15    0.39 ^ clkbuf_2_3__f_CLK100MHZ/X (sky130_fd_sc_hd__clkbuf_16)
                                         clknet_2_3__leaf_CLK100MHZ (net)
                  0.05    0.00    0.39 ^ _249_/CLK (sky130_fd_sc_hd__dfrtp_4)
                          0.25    0.64   clock uncertainty
                          0.00    0.64   clock reconvergence pessimism
                          0.32    0.97   library removal time
                                  0.97   data required time
-----------------------------------------------------------------------------
                                  0.97   data required time
                                 -2.54   data arrival time
-----------------------------------------------------------------------------
                                  1.57   slack (MET)


Startpoint: BTNC (input port clocked by CLK100MHZ)
Endpoint: _247_ (removal check against rising-edge clock CLK100MHZ)
Path Group: asynchronous
Path Type: min
Corner: Typical

Fanout     Cap    Slew   Delay    Time   Description
-----------------------------------------------------------------------------
                          0.00    0.00   clock CLK100MHZ (rise edge)
                          0.00    0.00   clock network delay (propagated)
                          2.00    2.00 v input external delay
     2    0.02    0.05    0.03    2.03 v BTNC (in)
                                         BTNC (net)
                  0.05    0.00    2.03 v _214_/A (sky130_fd_sc_hd__buf_4)
    10    0.07    0.10    0.19    2.23 v _214_/X (sky130_fd_sc_hd__buf_4)
                                         _112_ (net)
                  0.10    0.01    2.23 v _215_/A (sky130_fd_sc_hd__buf_4)
    10    0.08    0.10    0.22    2.45 v _215_/X (sky130_fd_sc_hd__buf_4)
                                         _113_ (net)
                  0.10    0.01    2.46 v _217_/A (sky130_fd_sc_hd__inv_2)
     1    0.01    0.06    0.08    2.54 ^ _217_/Y (sky130_fd_sc_hd__inv_2)
                                         _026_ (net)
                  0.06    0.00    2.54 ^ _247_/RESET_B (sky130_fd_sc_hd__dfrtp_4)
                                  2.54   data arrival time

                          0.00    0.00   clock CLK100MHZ (rise edge)
                          0.00    0.00   clock source latency
     1    0.02    0.09    0.07    0.07 ^ CLK100MHZ (in)
                                         CLK100MHZ (net)
                  0.09    0.00    0.07 ^ clkbuf_0_CLK100MHZ/A (sky130_fd_sc_hd__clkbuf_16)
     4    0.04    0.06    0.17    0.24 ^ clkbuf_0_CLK100MHZ/X (sky130_fd_sc_hd__clkbuf_16)
                                         clknet_0_CLK100MHZ (net)
                  0.06    0.00    0.24 ^ clkbuf_2_3__f_CLK100MHZ/A (sky130_fd_sc_hd__clkbuf_16)
     8    0.03    0.05    0.15    0.39 ^ clkbuf_2_3__f_CLK100MHZ/X (sky130_fd_sc_hd__clkbuf_16)
                                         clknet_2_3__leaf_CLK100MHZ (net)
                  0.05    0.00    0.39 ^ _247_/CLK (sky130_fd_sc_hd__dfrtp_4)
                          0.25    0.64   clock uncertainty
                          0.00    0.64   clock reconvergence pessimism
                          0.32    0.97   library removal time
                                  0.97   data required time
-----------------------------------------------------------------------------
                                  0.97   data required time
                                 -2.54   data arrival time
-----------------------------------------------------------------------------
                                  1.57   slack (MET)


Startpoint: BTNC (input port clocked by CLK100MHZ)
Endpoint: _246_ (removal check against rising-edge clock CLK100MHZ)
Path Group: asynchronous
Path Type: min
Corner: Typical

Fanout     Cap    Slew   Delay    Time   Description
-----------------------------------------------------------------------------
                          0.00    0.00   clock CLK100MHZ (rise edge)
                          0.00    0.00   clock network delay (propagated)
                          2.00    2.00 v input external delay
     2    0.02    0.05    0.03    2.03 v BTNC (in)
                                         BTNC (net)
                  0.05    0.00    2.03 v _214_/A (sky130_fd_sc_hd__buf_4)
    10    0.07    0.10    0.19    2.23 v _214_/X (sky130_fd_sc_hd__buf_4)
                                         _112_ (net)
                  0.10    0.01    2.23 v _215_/A (sky130_fd_sc_hd__buf_4)
    10    0.08    0.10    0.22    2.45 v _215_/X (sky130_fd_sc_hd__buf_4)
                                         _113_ (net)
                  0.10    0.01    2.46 v _216_/A (sky130_fd_sc_hd__inv_2)
     1    0.01    0.05    0.07    2.53 ^ _216_/Y (sky130_fd_sc_hd__inv_2)
                                         _025_ (net)
                  0.05    0.00    2.53 ^ _246_/RESET_B (sky130_fd_sc_hd__dfrtp_4)
                                  2.53   data arrival time

                          0.00    0.00   clock CLK100MHZ (rise edge)
                          0.00    0.00   clock source latency
     1    0.02    0.09    0.07    0.07 ^ CLK100MHZ (in)
                                         CLK100MHZ (net)
                  0.09    0.00    0.07 ^ clkbuf_0_CLK100MHZ/A (sky130_fd_sc_hd__clkbuf_16)
     4    0.04    0.06    0.17    0.24 ^ clkbuf_0_CLK100MHZ/X (sky130_fd_sc_hd__clkbuf_16)
                                         clknet_0_CLK100MHZ (net)
                  0.06    0.00    0.24 ^ clkbuf_2_1__f_CLK100MHZ/A (sky130_fd_sc_hd__clkbuf_16)
     8    0.02    0.05    0.14    0.39 ^ clkbuf_2_1__f_CLK100MHZ/X (sky130_fd_sc_hd__clkbuf_16)
                                         clknet_2_1__leaf_CLK100MHZ (net)
                  0.05    0.00    0.39 ^ _246_/CLK (sky130_fd_sc_hd__dfrtp_4)
                          0.25    0.64   clock uncertainty
                          0.00    0.64   clock reconvergence pessimism
                          0.32    0.96   library removal time
                                  0.96   data required time
-----------------------------------------------------------------------------
                                  0.96   data required time
                                 -2.53   data arrival time
-----------------------------------------------------------------------------
                                  1.57   slack (MET)


Startpoint: BTNC (input port clocked by CLK100MHZ)
Endpoint: _250_ (removal check against rising-edge clock CLK100MHZ)
Path Group: asynchronous
Path Type: min
Corner: Typical

Fanout     Cap    Slew   Delay    Time   Description
-----------------------------------------------------------------------------
                          0.00    0.00   clock CLK100MHZ (rise edge)
                          0.00    0.00   clock network delay (propagated)
                          2.00    2.00 v input external delay
     2    0.02    0.05    0.03    2.03 v BTNC (in)
                                         BTNC (net)
                  0.05    0.00    2.03 v _214_/A (sky130_fd_sc_hd__buf_4)
    10    0.07    0.10    0.19    2.23 v _214_/X (sky130_fd_sc_hd__buf_4)
                                         _112_ (net)
                  0.10    0.01    2.23 v _215_/A (sky130_fd_sc_hd__buf_4)
    10    0.08    0.10    0.22    2.45 v _215_/X (sky130_fd_sc_hd__buf_4)
                                         _113_ (net)
                  0.10    0.00    2.45 v _220_/A (sky130_fd_sc_hd__inv_2)
     1    0.02    0.09    0.11    2.56 ^ _220_/Y (sky130_fd_sc_hd__inv_2)
                                         _029_ (net)
                  0.09    0.00    2.56 ^ _250_/RESET_B (sky130_fd_sc_hd__dfrtp_2)
                                  2.56   data arrival time

                          0.00    0.00   clock CLK100MHZ (rise edge)
                          0.00    0.00   clock source latency
     1    0.02    0.09    0.07    0.07 ^ CLK100MHZ (in)
                                         CLK100MHZ (net)
                  0.09    0.00    0.07 ^ clkbuf_0_CLK100MHZ/A (sky130_fd_sc_hd__clkbuf_16)
     4    0.04    0.06    0.17    0.24 ^ clkbuf_0_CLK100MHZ/X (sky130_fd_sc_hd__clkbuf_16)
                                         clknet_0_CLK100MHZ (net)
                  0.06    0.00    0.24 ^ clkbuf_2_2__f_CLK100MHZ/A (sky130_fd_sc_hd__clkbuf_16)
     8    0.03    0.05    0.15    0.39 ^ clkbuf_2_2__f_CLK100MHZ/X (sky130_fd_sc_hd__clkbuf_16)
                                         clknet_2_2__leaf_CLK100MHZ (net)
                  0.05    0.00    0.39 ^ _250_/CLK (sky130_fd_sc_hd__dfrtp_2)
                          0.25    0.64   clock uncertainty
                          0.00    0.64   clock reconvergence pessimism
                          0.33    0.98   library removal time
                                  0.98   data required time
-----------------------------------------------------------------------------
                                  0.98   data required time
                                 -2.56   data arrival time
-----------------------------------------------------------------------------
                                  1.58   slack (MET)


Startpoint: BTNC (input port clocked by CLK100MHZ)
Endpoint: _255_ (removal check against rising-edge clock CLK100MHZ)
Path Group: asynchronous
Path Type: min
Corner: Typical

Fanout     Cap    Slew   Delay    Time   Description
-----------------------------------------------------------------------------
                          0.00    0.00   clock CLK100MHZ (rise edge)
                          0.00    0.00   clock network delay (propagated)
                          2.00    2.00 v input external delay
     2    0.02    0.05    0.03    2.03 v BTNC (in)
                                         BTNC (net)
                  0.05    0.00    2.03 v _214_/A (sky130_fd_sc_hd__buf_4)
    10    0.07    0.10    0.19    2.23 v _214_/X (sky130_fd_sc_hd__buf_4)
                                         _112_ (net)
                  0.10    0.01    2.23 v _215_/A (sky130_fd_sc_hd__buf_4)
    10    0.08    0.10    0.22    2.45 v _215_/X (sky130_fd_sc_hd__buf_4)
                                         _113_ (net)
                  0.10    0.01    2.46 v _225_/A (sky130_fd_sc_hd__inv_2)
     1    0.01    0.07    0.10    2.55 ^ _225_/Y (sky130_fd_sc_hd__inv_2)
                                         _034_ (net)
                  0.07    0.00    2.56 ^ _255_/RESET_B (sky130_fd_sc_hd__dfrtp_2)
                                  2.56   data arrival time

                          0.00    0.00   clock CLK100MHZ (rise edge)
                          0.00    0.00   clock source latency
     1    0.02    0.09    0.07    0.07 ^ CLK100MHZ (in)
                                         CLK100MHZ (net)
                  0.09    0.00    0.07 ^ clkbuf_0_CLK100MHZ/A (sky130_fd_sc_hd__clkbuf_16)
     4    0.04    0.06    0.17    0.24 ^ clkbuf_0_CLK100MHZ/X (sky130_fd_sc_hd__clkbuf_16)
                                         clknet_0_CLK100MHZ (net)
                  0.06    0.00    0.24 ^ clkbuf_2_0__f_CLK100MHZ/A (sky130_fd_sc_hd__clkbuf_16)
     8    0.03    0.05    0.15    0.39 ^ clkbuf_2_0__f_CLK100MHZ/X (sky130_fd_sc_hd__clkbuf_16)
                                         clknet_2_0__leaf_CLK100MHZ (net)
                  0.05    0.00    0.39 ^ _255_/CLK (sky130_fd_sc_hd__dfrtp_2)
                          0.25    0.64   clock uncertainty
                          0.00    0.64   clock reconvergence pessimism
                          0.33    0.97   library removal time
                                  0.97   data required time
-----------------------------------------------------------------------------
                                  0.97   data required time
                                 -2.56   data arrival time
-----------------------------------------------------------------------------
                                  1.59   slack (MET)


Startpoint: BTNC (input port clocked by CLK100MHZ)
Endpoint: _252_ (removal check against rising-edge clock CLK100MHZ)
Path Group: asynchronous
Path Type: min
Corner: Typical

Fanout     Cap    Slew   Delay    Time   Description
-----------------------------------------------------------------------------
                          0.00    0.00   clock CLK100MHZ (rise edge)
                          0.00    0.00   clock network delay (propagated)
                          2.00    2.00 v input external delay
     2    0.02    0.05    0.03    2.03 v BTNC (in)
                                         BTNC (net)
                  0.05    0.00    2.03 v _214_/A (sky130_fd_sc_hd__buf_4)
    10    0.07    0.10    0.19    2.23 v _214_/X (sky130_fd_sc_hd__buf_4)
                                         _112_ (net)
                  0.10    0.01    2.23 v _215_/A (sky130_fd_sc_hd__buf_4)
    10    0.08    0.10    0.22    2.45 v _215_/X (sky130_fd_sc_hd__buf_4)
                                         _113_ (net)
                  0.10    0.01    2.46 v _222_/A (sky130_fd_sc_hd__inv_2)
     1    0.02    0.10    0.11    2.57 ^ _222_/Y (sky130_fd_sc_hd__inv_2)
                                         _031_ (net)
                  0.10    0.00    2.57 ^ _252_/RESET_B (sky130_fd_sc_hd__dfrtp_2)
                                  2.57   data arrival time

                          0.00    0.00   clock CLK100MHZ (rise edge)
                          0.00    0.00   clock source latency
     1    0.02    0.09    0.07    0.07 ^ CLK100MHZ (in)
                                         CLK100MHZ (net)
                  0.09    0.00    0.07 ^ clkbuf_0_CLK100MHZ/A (sky130_fd_sc_hd__clkbuf_16)
     4    0.04    0.06    0.17    0.24 ^ clkbuf_0_CLK100MHZ/X (sky130_fd_sc_hd__clkbuf_16)
                                         clknet_0_CLK100MHZ (net)
                  0.06    0.00    0.24 ^ clkbuf_2_2__f_CLK100MHZ/A (sky130_fd_sc_hd__clkbuf_16)
     8    0.03    0.05    0.15    0.39 ^ clkbuf_2_2__f_CLK100MHZ/X (sky130_fd_sc_hd__clkbuf_16)
                                         clknet_2_2__leaf_CLK100MHZ (net)
                  0.05    0.00    0.39 ^ _252_/CLK (sky130_fd_sc_hd__dfrtp_2)
                          0.25    0.64   clock uncertainty
                          0.00    0.64   clock reconvergence pessimism
                          0.34    0.98   library removal time
                                  0.98   data required time
-----------------------------------------------------------------------------
                                  0.98   data required time
                                 -2.57   data arrival time
-----------------------------------------------------------------------------
                                  1.59   slack (MET)


Startpoint: BTNC (input port clocked by CLK100MHZ)
Endpoint: _254_ (removal check against rising-edge clock CLK100MHZ)
Path Group: asynchronous
Path Type: min
Corner: Typical

Fanout     Cap    Slew   Delay    Time   Description
-----------------------------------------------------------------------------
                          0.00    0.00   clock CLK100MHZ (rise edge)
                          0.00    0.00   clock network delay (propagated)
                          2.00    2.00 v input external delay
     2    0.02    0.05    0.03    2.03 v BTNC (in)
                                         BTNC (net)
                  0.05    0.00    2.03 v _214_/A (sky130_fd_sc_hd__buf_4)
    10    0.07    0.10    0.19    2.23 v _214_/X (sky130_fd_sc_hd__buf_4)
                                         _112_ (net)
                  0.10    0.01    2.23 v _215_/A (sky130_fd_sc_hd__buf_4)
    10    0.08    0.10    0.22    2.45 v _215_/X (sky130_fd_sc_hd__buf_4)
                                         _113_ (net)
                  0.10    0.01    2.46 v _224_/A (sky130_fd_sc_hd__inv_2)
     1    0.01    0.08    0.10    2.56 ^ _224_/Y (sky130_fd_sc_hd__inv_2)
                                         _033_ (net)
                  0.08    0.00    2.56 ^ _254_/RESET_B (sky130_fd_sc_hd__dfrtp_2)
                                  2.56   data arrival time

                          0.00    0.00   clock CLK100MHZ (rise edge)
                          0.00    0.00   clock source latency
     1    0.02    0.09    0.07    0.07 ^ CLK100MHZ (in)
                                         CLK100MHZ (net)
                  0.09    0.00    0.07 ^ clkbuf_0_CLK100MHZ/A (sky130_fd_sc_hd__clkbuf_16)
     4    0.04    0.06    0.17    0.24 ^ clkbuf_0_CLK100MHZ/X (sky130_fd_sc_hd__clkbuf_16)
                                         clknet_0_CLK100MHZ (net)
                  0.06    0.00    0.24 ^ clkbuf_2_1__f_CLK100MHZ/A (sky130_fd_sc_hd__clkbuf_16)
     8    0.02    0.05    0.14    0.39 ^ clkbuf_2_1__f_CLK100MHZ/X (sky130_fd_sc_hd__clkbuf_16)
                                         clknet_2_1__leaf_CLK100MHZ (net)
                  0.05    0.00    0.39 ^ _254_/CLK (sky130_fd_sc_hd__dfrtp_2)
                          0.25    0.64   clock uncertainty
                          0.00    0.64   clock reconvergence pessimism
                          0.33    0.97   library removal time
                                  0.97   data required time
-----------------------------------------------------------------------------
                                  0.97   data required time
                                 -2.56   data arrival time
-----------------------------------------------------------------------------
                                  1.59   slack (MET)


Startpoint: BTNC (input port clocked by CLK100MHZ)
Endpoint: _248_ (removal check against rising-edge clock CLK100MHZ)
Path Group: asynchronous
Path Type: min
Corner: Typical

Fanout     Cap    Slew   Delay    Time   Description
-----------------------------------------------------------------------------
                          0.00    0.00   clock CLK100MHZ (rise edge)
                          0.00    0.00   clock network delay (propagated)
                          2.00    2.00 v input external delay
     2    0.02    0.05    0.03    2.03 v BTNC (in)
                                         BTNC (net)
                  0.05    0.00    2.03 v _214_/A (sky130_fd_sc_hd__buf_4)
    10    0.07    0.10    0.19    2.23 v _214_/X (sky130_fd_sc_hd__buf_4)
                                         _112_ (net)
                  0.10    0.01    2.23 v _215_/A (sky130_fd_sc_hd__buf_4)
    10    0.08    0.10    0.22    2.45 v _215_/X (sky130_fd_sc_hd__buf_4)
                                         _113_ (net)
                  0.10    0.01    2.46 v _218_/A (sky130_fd_sc_hd__inv_2)
     1    0.02    0.09    0.11    2.57 ^ _218_/Y (sky130_fd_sc_hd__inv_2)
                                         _027_ (net)
                  0.09    0.00    2.57 ^ _248_/RESET_B (sky130_fd_sc_hd__dfrtp_4)
                                  2.57   data arrival time

                          0.00    0.00   clock CLK100MHZ (rise edge)
                          0.00    0.00   clock source latency
     1    0.02    0.09    0.07    0.07 ^ CLK100MHZ (in)
                                         CLK100MHZ (net)
                  0.09    0.00    0.07 ^ clkbuf_0_CLK100MHZ/A (sky130_fd_sc_hd__clkbuf_16)
     4    0.04    0.06    0.17    0.24 ^ clkbuf_0_CLK100MHZ/X (sky130_fd_sc_hd__clkbuf_16)
                                         clknet_0_CLK100MHZ (net)
                  0.06    0.00    0.24 ^ clkbuf_2_0__f_CLK100MHZ/A (sky130_fd_sc_hd__clkbuf_16)
     8    0.03    0.05    0.15    0.39 ^ clkbuf_2_0__f_CLK100MHZ/X (sky130_fd_sc_hd__clkbuf_16)
                                         clknet_2_0__leaf_CLK100MHZ (net)
                  0.05    0.00    0.39 ^ _248_/CLK (sky130_fd_sc_hd__dfrtp_4)
                          0.25    0.64   clock uncertainty
                          0.00    0.64   clock reconvergence pessimism
                          0.34    0.98   library removal time
                                  0.98   data required time
-----------------------------------------------------------------------------
                                  0.98   data required time
                                 -2.57   data arrival time
-----------------------------------------------------------------------------
                                  1.60   slack (MET)


Startpoint: _247_ (rising edge-triggered flip-flop clocked by CLK100MHZ)
Endpoint: seg[6] (output port clocked by CLK100MHZ)
Path Group: CLK100MHZ
Path Type: min
Corner: Typical

Fanout     Cap    Slew   Delay    Time   Description
-----------------------------------------------------------------------------
                          0.00    0.00   clock CLK100MHZ (rise edge)
                          0.00    0.00   clock source latency
     1    0.02    0.09    0.06    0.06 ^ CLK100MHZ (in)
                                         CLK100MHZ (net)
                  0.09    0.00    0.06 ^ clkbuf_0_CLK100MHZ/A (sky130_fd_sc_hd__clkbuf_16)
     4    0.04    0.06    0.15    0.22 ^ clkbuf_0_CLK100MHZ/X (sky130_fd_sc_hd__clkbuf_16)
                                         clknet_0_CLK100MHZ (net)
                  0.06    0.00    0.22 ^ clkbuf_2_3__f_CLK100MHZ/A (sky130_fd_sc_hd__clkbuf_16)
     8    0.03    0.05    0.13    0.35 ^ clkbuf_2_3__f_CLK100MHZ/X (sky130_fd_sc_hd__clkbuf_16)
                                         clknet_2_3__leaf_CLK100MHZ (net)
                  0.05    0.00    0.35 ^ _247_/CLK (sky130_fd_sc_hd__dfrtp_4)
     9    0.06    0.18    0.49    0.84 ^ _247_/Q (sky130_fd_sc_hd__dfrtp_4)
                                         decoder.count[1] (net)
                  0.18    0.01    0.85 ^ _164_/A1 (sky130_fd_sc_hd__a21boi_1)
     1    0.01    0.07    0.13    0.98 v _164_/Y (sky130_fd_sc_hd__a21boi_1)
                                         net7 (net)
                  0.07    0.00    0.98 v output7/A (sky130_fd_sc_hd__buf_1)
     1    0.03    0.20    0.22    1.20 v output7/X (sky130_fd_sc_hd__buf_1)
                                         seg[6] (net)
                  0.20    0.00    1.20 v seg[6] (out)
                                  1.20   data arrival time

                          0.00    0.00   clock CLK100MHZ (rise edge)
                          0.00    0.00   clock network delay (propagated)
                          0.25    0.25   clock uncertainty
                          0.00    0.25   clock reconvergence pessimism
                         -2.00   -1.75   output external delay
                                 -1.75   data required time
-----------------------------------------------------------------------------
                                 -1.75   data required time
                                 -1.20   data arrival time
-----------------------------------------------------------------------------
                                  2.95   slack (MET)


Startpoint: _246_ (rising edge-triggered flip-flop clocked by CLK100MHZ)
Endpoint: seg[4] (output port clocked by CLK100MHZ)
Path Group: CLK100MHZ
Path Type: min
Corner: Typical

Fanout     Cap    Slew   Delay    Time   Description
-----------------------------------------------------------------------------
                          0.00    0.00   clock CLK100MHZ (rise edge)
                          0.00    0.00   clock source latency
     1    0.02    0.09    0.06    0.06 ^ CLK100MHZ (in)
                                         CLK100MHZ (net)
                  0.09    0.00    0.06 ^ clkbuf_0_CLK100MHZ/A (sky130_fd_sc_hd__clkbuf_16)
     4    0.04    0.06    0.15    0.22 ^ clkbuf_0_CLK100MHZ/X (sky130_fd_sc_hd__clkbuf_16)
                                         clknet_0_CLK100MHZ (net)
                  0.06    0.00    0.22 ^ clkbuf_2_1__f_CLK100MHZ/A (sky130_fd_sc_hd__clkbuf_16)
     8    0.02    0.05    0.13    0.35 ^ clkbuf_2_1__f_CLK100MHZ/X (sky130_fd_sc_hd__clkbuf_16)
                                         clknet_2_1__leaf_CLK100MHZ (net)
                  0.05    0.00    0.35 ^ _246_/CLK (sky130_fd_sc_hd__dfrtp_4)
     6    0.05    0.12    0.52    0.87 v _246_/Q (sky130_fd_sc_hd__dfrtp_4)
                                         decoder.count[0] (net)
                  0.12    0.00    0.88 v _141_/A (sky130_fd_sc_hd__inv_2)
     2    0.01    0.08    0.11    0.98 ^ _141_/Y (sky130_fd_sc_hd__inv_2)
                                         _071_ (net)
                  0.08    0.00    0.98 ^ _161_/A (sky130_fd_sc_hd__nand2_1)
     1    0.01    0.09    0.09    1.08 v _161_/Y (sky130_fd_sc_hd__nand2_1)
                                         net5 (net)
                  0.09    0.00    1.08 v output5/A (sky130_fd_sc_hd__buf_1)
     1    0.03    0.20    0.23    1.31 v output5/X (sky130_fd_sc_hd__buf_1)
                                         seg[4] (net)
                  0.20    0.00    1.31 v seg[4] (out)
                                  1.31   data arrival time

                          0.00    0.00   clock CLK100MHZ (rise edge)
                          0.00    0.00   clock network delay (propagated)
                          0.25    0.25   clock uncertainty
                          0.00    0.25   clock reconvergence pessimism
                         -2.00   -1.75   output external delay
                                 -1.75   data required time
-----------------------------------------------------------------------------
                                 -1.75   data required time
                                 -1.31   data arrival time
-----------------------------------------------------------------------------
                                  3.06   slack (MET)


Startpoint: _249_ (rising edge-triggered flip-flop clocked by CLK100MHZ)
Endpoint: seg[2] (output port clocked by CLK100MHZ)
Path Group: CLK100MHZ
Path Type: min
Corner: Typical

Fanout     Cap    Slew   Delay    Time   Description
-----------------------------------------------------------------------------
                          0.00    0.00   clock CLK100MHZ (rise edge)
                          0.00    0.00   clock source latency
     1    0.02    0.09    0.06    0.06 ^ CLK100MHZ (in)
                                         CLK100MHZ (net)
                  0.09    0.00    0.06 ^ clkbuf_0_CLK100MHZ/A (sky130_fd_sc_hd__clkbuf_16)
     4    0.04    0.06    0.15    0.22 ^ clkbuf_0_CLK100MHZ/X (sky130_fd_sc_hd__clkbuf_16)
                                         clknet_0_CLK100MHZ (net)
                  0.06    0.00    0.22 ^ clkbuf_2_3__f_CLK100MHZ/A (sky130_fd_sc_hd__clkbuf_16)
     8    0.03    0.05    0.13    0.35 ^ clkbuf_2_3__f_CLK100MHZ/X (sky130_fd_sc_hd__clkbuf_16)
                                         clknet_2_3__leaf_CLK100MHZ (net)
                  0.05    0.00    0.35 ^ _249_/CLK (sky130_fd_sc_hd__dfrtp_4)
     6    0.05    0.12    0.52    0.87 v _249_/Q (sky130_fd_sc_hd__dfrtp_4)
                                         decoder.count[3] (net)
                  0.12    0.00    0.87 v _160_/A1 (sky130_fd_sc_hd__o21a_1)
     1    0.02    0.09    0.25    1.13 v _160_/X (sky130_fd_sc_hd__o21a_1)
                                         net3 (net)
                  0.09    0.00    1.13 v output3/A (sky130_fd_sc_hd__buf_1)
     1    0.03    0.20    0.23    1.36 v output3/X (sky130_fd_sc_hd__buf_1)
                                         seg[2] (net)
                  0.20    0.00    1.36 v seg[2] (out)
                                  1.36   data arrival time

                          0.00    0.00   clock CLK100MHZ (rise edge)
                          0.00    0.00   clock network delay (propagated)
                          0.25    0.25   clock uncertainty
                          0.00    0.25   clock reconvergence pessimism
                         -2.00   -1.75   output external delay
                                 -1.75   data required time
-----------------------------------------------------------------------------
                                 -1.75   data required time
                                 -1.36   data arrival time
-----------------------------------------------------------------------------
                                  3.11   slack (MET)


Startpoint: _249_ (rising edge-triggered flip-flop clocked by CLK100MHZ)
Endpoint: seg[3] (output port clocked by CLK100MHZ)
Path Group: CLK100MHZ
Path Type: min
Corner: Typical

Fanout     Cap    Slew   Delay    Time   Description
-----------------------------------------------------------------------------
                          0.00    0.00   clock CLK100MHZ (rise edge)
                          0.00    0.00   clock source latency
     1    0.02    0.09    0.06    0.06 ^ CLK100MHZ (in)
                                         CLK100MHZ (net)
                  0.09    0.00    0.06 ^ clkbuf_0_CLK100MHZ/A (sky130_fd_sc_hd__clkbuf_16)
     4    0.04    0.06    0.15    0.22 ^ clkbuf_0_CLK100MHZ/X (sky130_fd_sc_hd__clkbuf_16)
                                         clknet_0_CLK100MHZ (net)
                  0.06    0.00    0.22 ^ clkbuf_2_3__f_CLK100MHZ/A (sky130_fd_sc_hd__clkbuf_16)
     8    0.03    0.05    0.13    0.35 ^ clkbuf_2_3__f_CLK100MHZ/X (sky130_fd_sc_hd__clkbuf_16)
                                         clknet_2_3__leaf_CLK100MHZ (net)
                  0.05    0.00    0.35 ^ _249_/CLK (sky130_fd_sc_hd__dfrtp_4)
     6    0.05    0.16    0.47    0.83 ^ _249_/Q (sky130_fd_sc_hd__dfrtp_4)
                                         decoder.count[3] (net)
                  0.16    0.00    0.83 ^ _158_/D1 (sky130_fd_sc_hd__a2111o_1)
     2    0.02    0.17    0.20    1.03 ^ _158_/X (sky130_fd_sc_hd__a2111o_1)
                                         net4 (net)
                  0.17    0.00    1.03 ^ output4/A (sky130_fd_sc_hd__buf_1)
     1    0.03    0.40    0.34    1.37 ^ output4/X (sky130_fd_sc_hd__buf_1)
                                         seg[3] (net)
                  0.40    0.00    1.37 ^ seg[3] (out)
                                  1.37   data arrival time

                          0.00    0.00   clock CLK100MHZ (rise edge)
                          0.00    0.00   clock network delay (propagated)
                          0.25    0.25   clock uncertainty
                          0.00    0.25   clock reconvergence pessimism
                         -2.00   -1.75   output external delay
                                 -1.75   data required time
-----------------------------------------------------------------------------
                                 -1.75   data required time
                                 -1.37   data arrival time
-----------------------------------------------------------------------------
                                  3.12   slack (MET)


Startpoint: _248_ (rising edge-triggered flip-flop clocked by CLK100MHZ)
Endpoint: seg[1] (output port clocked by CLK100MHZ)
Path Group: CLK100MHZ
Path Type: min
Corner: Typical

Fanout     Cap    Slew   Delay    Time   Description
-----------------------------------------------------------------------------
                          0.00    0.00   clock CLK100MHZ (rise edge)
                          0.00    0.00   clock source latency
     1    0.02    0.09    0.06    0.06 ^ CLK100MHZ (in)
                                         CLK100MHZ (net)
                  0.09    0.00    0.06 ^ clkbuf_0_CLK100MHZ/A (sky130_fd_sc_hd__clkbuf_16)
     4    0.04    0.06    0.15    0.22 ^ clkbuf_0_CLK100MHZ/X (sky130_fd_sc_hd__clkbuf_16)
                                         clknet_0_CLK100MHZ (net)
                  0.06    0.00    0.22 ^ clkbuf_2_0__f_CLK100MHZ/A (sky130_fd_sc_hd__clkbuf_16)
     8    0.03    0.05    0.13    0.35 ^ clkbuf_2_0__f_CLK100MHZ/X (sky130_fd_sc_hd__clkbuf_16)
                                         clknet_2_0__leaf_CLK100MHZ (net)
                  0.05    0.00    0.35 ^ _248_/CLK (sky130_fd_sc_hd__dfrtp_4)
     6    0.04    0.15    0.46    0.82 ^ _248_/Q (sky130_fd_sc_hd__dfrtp_4)
                                         decoder.count[2] (net)
                  0.15    0.00    0.82 ^ _155_/B (sky130_fd_sc_hd__nor2_2)
     4    0.04    0.10    0.12    0.93 v _155_/Y (sky130_fd_sc_hd__nor2_2)
                                         _079_ (net)
                  0.10    0.00    0.94 v _159_/B (sky130_fd_sc_hd__nor2_1)
     1    0.01    0.12    0.13    1.06 ^ _159_/Y (sky130_fd_sc_hd__nor2_1)
                                         net2 (net)
                  0.12    0.00    1.06 ^ output2/A (sky130_fd_sc_hd__buf_1)
     1    0.03    0.40    0.33    1.39 ^ output2/X (sky130_fd_sc_hd__buf_1)
                                         seg[1] (net)
                  0.40    0.00    1.40 ^ seg[1] (out)
                                  1.40   data arrival time

                          0.00    0.00   clock CLK100MHZ (rise edge)
                          0.00    0.00   clock network delay (propagated)
                          0.25    0.25   clock uncertainty
                          0.00    0.25   clock reconvergence pessimism
                         -2.00   -1.75   output external delay
                                 -1.75   data required time
-----------------------------------------------------------------------------
                                 -1.75   data required time
                                 -1.40   data arrival time
-----------------------------------------------------------------------------
                                  3.15   slack (MET)


Startpoint: _249_ (rising edge-triggered flip-flop clocked by CLK100MHZ)
Endpoint: seg[0] (output port clocked by CLK100MHZ)
Path Group: CLK100MHZ
Path Type: min
Corner: Typical

Fanout     Cap    Slew   Delay    Time   Description
-----------------------------------------------------------------------------
                          0.00    0.00   clock CLK100MHZ (rise edge)
                          0.00    0.00   clock source latency
     1    0.02    0.09    0.06    0.06 ^ CLK100MHZ (in)
                                         CLK100MHZ (net)
                  0.09    0.00    0.06 ^ clkbuf_0_CLK100MHZ/A (sky130_fd_sc_hd__clkbuf_16)
     4    0.04    0.06    0.15    0.22 ^ clkbuf_0_CLK100MHZ/X (sky130_fd_sc_hd__clkbuf_16)
                                         clknet_0_CLK100MHZ (net)
                  0.06    0.00    0.22 ^ clkbuf_2_3__f_CLK100MHZ/A (sky130_fd_sc_hd__clkbuf_16)
     8    0.03    0.05    0.13    0.35 ^ clkbuf_2_3__f_CLK100MHZ/X (sky130_fd_sc_hd__clkbuf_16)
                                         clknet_2_3__leaf_CLK100MHZ (net)
                  0.05    0.00    0.35 ^ _249_/CLK (sky130_fd_sc_hd__dfrtp_4)
     6    0.05    0.16    0.47    0.83 ^ _249_/Q (sky130_fd_sc_hd__dfrtp_4)
                                         decoder.count[3] (net)
                  0.16    0.00    0.83 ^ _158_/D1 (sky130_fd_sc_hd__a2111o_1)
     2    0.02    0.17    0.20    1.03 ^ _158_/X (sky130_fd_sc_hd__a2111o_1)
                                         net4 (net)
                  0.17    0.00    1.03 ^ _279_/A (sky130_fd_sc_hd__buf_1)
     1    0.01    0.15    0.17    1.20 ^ _279_/X (sky130_fd_sc_hd__buf_1)
                                         net1 (net)
                  0.15    0.00    1.20 ^ output1/A (sky130_fd_sc_hd__buf_1)
     1    0.03    0.40    0.34    1.54 ^ output1/X (sky130_fd_sc_hd__buf_1)
                                         seg[0] (net)
                  0.40    0.00    1.54 ^ seg[0] (out)
                                  1.54   data arrival time

                          0.00    0.00   clock CLK100MHZ (rise edge)
                          0.00    0.00   clock network delay (propagated)
                          0.25    0.25   clock uncertainty
                          0.00    0.25   clock reconvergence pessimism
                         -2.00   -1.75   output external delay
                                 -1.75   data required time
-----------------------------------------------------------------------------
                                 -1.75   data required time
                                 -1.54   data arrival time
-----------------------------------------------------------------------------
                                  3.29   slack (MET)


Startpoint: _249_ (rising edge-triggered flip-flop clocked by CLK100MHZ)
Endpoint: seg[5] (output port clocked by CLK100MHZ)
Path Group: CLK100MHZ
Path Type: min
Corner: Typical

Fanout     Cap    Slew   Delay    Time   Description
-----------------------------------------------------------------------------
                          0.00    0.00   clock CLK100MHZ (rise edge)
                          0.00    0.00   clock source latency
     1    0.02    0.09    0.06    0.06 ^ CLK100MHZ (in)
                                         CLK100MHZ (net)
                  0.09    0.00    0.06 ^ clkbuf_0_CLK100MHZ/A (sky130_fd_sc_hd__clkbuf_16)
     4    0.04    0.06    0.15    0.22 ^ clkbuf_0_CLK100MHZ/X (sky130_fd_sc_hd__clkbuf_16)
                                         clknet_0_CLK100MHZ (net)
                  0.06    0.00    0.22 ^ clkbuf_2_3__f_CLK100MHZ/A (sky130_fd_sc_hd__clkbuf_16)
     8    0.03    0.05    0.13    0.35 ^ clkbuf_2_3__f_CLK100MHZ/X (sky130_fd_sc_hd__clkbuf_16)
                                         clknet_2_3__leaf_CLK100MHZ (net)
                  0.05    0.00    0.35 ^ _249_/CLK (sky130_fd_sc_hd__dfrtp_4)
     6    0.05    0.16    0.47    0.83 ^ _249_/Q (sky130_fd_sc_hd__dfrtp_4)
                                         decoder.count[3] (net)
                  0.16    0.00    0.83 ^ _162_/A (sky130_fd_sc_hd__or3_1)
     1    0.01    0.11    0.18    1.01 ^ _162_/X (sky130_fd_sc_hd__or3_1)
                                         _082_ (net)
                  0.11    0.00    1.01 ^ _163_/A (sky130_fd_sc_hd__clkbuf_1)
     1    0.02    0.19    0.19    1.20 ^ _163_/X (sky130_fd_sc_hd__clkbuf_1)
                                         net6 (net)
                  0.19    0.00    1.20 ^ output6/A (sky130_fd_sc_hd__buf_1)
     1    0.03    0.40    0.34    1.54 ^ output6/X (sky130_fd_sc_hd__buf_1)
                                         seg[5] (net)
                  0.40    0.00    1.55 ^ seg[5] (out)
                                  1.55   data arrival time

                          0.00    0.00   clock CLK100MHZ (rise edge)
                          0.00    0.00   clock network delay (propagated)
                          0.25    0.25   clock uncertainty
                          0.00    0.25   clock reconvergence pessimism
                         -2.00   -1.75   output external delay
                                 -1.75   data required time
-----------------------------------------------------------------------------
                                 -1.75   data required time
                                 -1.55   data arrival time
-----------------------------------------------------------------------------
                                  3.30   slack (MET)



worst slack corner Typical: 0.2864
