
===========================================================================
report_checks -path_delay max (Setup)
============================================================================
======================= Fastest Corner ===================================

Startpoint: _249_ (rising edge-triggered flip-flop clocked by CLK100MHZ)
Endpoint: seg[5] (output port clocked by CLK100MHZ)
Path Group: CLK100MHZ
Path Type: max
Corner: Fastest

Fanout     Cap    Slew   Delay    Time   Description
-----------------------------------------------------------------------------
                          0.00    0.00   clock CLK100MHZ (rise edge)
                          0.00    0.00   clock source latency
     1    0.02    0.07    0.05    0.05 ^ CLK100MHZ (in)
                                         CLK100MHZ (net)
                  0.07    0.00    0.05 ^ clkbuf_0_CLK100MHZ/A (sky130_fd_sc_hd__clkbuf_16)
     4    0.04    0.05    0.12    0.17 ^ clkbuf_0_CLK100MHZ/X (sky130_fd_sc_hd__clkbuf_16)
                                         clknet_0_CLK100MHZ (net)
                  0.05    0.00    0.17 ^ clkbuf_2_3__f_CLK100MHZ/A (sky130_fd_sc_hd__clkbuf_16)
     8    0.03    0.04    0.10    0.27 ^ clkbuf_2_3__f_CLK100MHZ/X (sky130_fd_sc_hd__clkbuf_16)
                                         clknet_2_3__leaf_CLK100MHZ (net)
                  0.04    0.00    0.27 ^ _249_/CLK (sky130_fd_sc_hd__dfrtp_4)
     6    0.05    0.08    0.36    0.63 v _249_/Q (sky130_fd_sc_hd__dfrtp_4)
                                         decoder.count[3] (net)
                  0.08    0.00    0.64 v _155_/A (sky130_fd_sc_hd__nor2_2)
     4    0.04    0.30    0.28    0.92 ^ _155_/Y (sky130_fd_sc_hd__nor2_2)
                                         _079_ (net)
                  0.30    0.00    0.92 ^ _156_/B (sky130_fd_sc_hd__nand2_1)
     2    0.02    0.14    0.15    1.07 v _156_/Y (sky130_fd_sc_hd__nand2_1)
                                         _080_ (net)
                  0.14    0.00    1.08 v _157_/B (sky130_fd_sc_hd__nor2_1)
     2    0.02    0.23    0.24    1.31 ^ _157_/Y (sky130_fd_sc_hd__nor2_1)
                                         _081_ (net)
                  0.23    0.00    1.31 ^ _162_/C (sky130_fd_sc_hd__or3_1)
     1    0.01    0.09    0.13    1.45 ^ _162_/X (sky130_fd_sc_hd__or3_1)
                                         _082_ (net)
                  0.09    0.00    1.45 ^ _163_/A (sky130_fd_sc_hd__clkbuf_1)
     1    0.02    0.14    0.14    1.59 ^ _163_/X (sky130_fd_sc_hd__clkbuf_1)
                                         net6 (net)
                  0.14    0.00    1.59 ^ output6/A (sky130_fd_sc_hd__buf_1)
     1    0.03    0.30    0.26    1.85 ^ output6/X (sky130_fd_sc_hd__buf_1)
                                         seg[5] (net)
                  0.30    0.00    1.85 ^ seg[5] (out)
                                  1.85   data arrival time

                         10.00   10.00   clock CLK100MHZ (rise edge)
                          0.00   10.00   clock network delay (propagated)
                         -0.25    9.75   clock uncertainty
                          0.00    9.75   clock reconvergence pessimism
                         -2.00    7.75   output external delay
                                  7.75   data required time
-----------------------------------------------------------------------------
                                  7.75   data required time
                                 -1.85   data arrival time
-----------------------------------------------------------------------------
                                  5.90   slack (MET)


Startpoint: _249_ (rising edge-triggered flip-flop clocked by CLK100MHZ)
Endpoint: seg[0] (output port clocked by CLK100MHZ)
Path Group: CLK100MHZ
Path Type: max
Corner: Fastest

Fanout     Cap    Slew   Delay    Time   Description
-----------------------------------------------------------------------------
                          0.00    0.00   clock CLK100MHZ (rise edge)
                          0.00    0.00   clock source latency
     1    0.02    0.07    0.05    0.05 ^ CLK100MHZ (in)
                                         CLK100MHZ (net)
                  0.07    0.00    0.05 ^ clkbuf_0_CLK100MHZ/A (sky130_fd_sc_hd__clkbuf_16)
     4    0.04    0.05    0.12    0.17 ^ clkbuf_0_CLK100MHZ/X (sky130_fd_sc_hd__clkbuf_16)
                                         clknet_0_CLK100MHZ (net)
                  0.05    0.00    0.17 ^ clkbuf_2_3__f_CLK100MHZ/A (sky130_fd_sc_hd__clkbuf_16)
     8    0.03    0.04    0.10    0.27 ^ clkbuf_2_3__f_CLK100MHZ/X (sky130_fd_sc_hd__clkbuf_16)
                                         clknet_2_3__leaf_CLK100MHZ (net)
                  0.04    0.00    0.27 ^ _249_/CLK (sky130_fd_sc_hd__dfrtp_4)
     6    0.05    0.08    0.36    0.63 v _249_/Q (sky130_fd_sc_hd__dfrtp_4)
                                         decoder.count[3] (net)
                  0.08    0.00    0.64 v _155_/A (sky130_fd_sc_hd__nor2_2)
     4    0.04    0.30    0.28    0.92 ^ _155_/Y (sky130_fd_sc_hd__nor2_2)
                                         _079_ (net)
                  0.30    0.00    0.92 ^ _156_/B (sky130_fd_sc_hd__nand2_1)
     2    0.02    0.14    0.15    1.07 v _156_/Y (sky130_fd_sc_hd__nand2_1)
                                         _080_ (net)
                  0.14    0.00    1.08 v _157_/B (sky130_fd_sc_hd__nor2_1)
     2    0.02    0.23    0.24    1.31 ^ _157_/Y (sky130_fd_sc_hd__nor2_1)
                                         _081_ (net)
                  0.23    0.00    1.31 ^ _158_/C1 (sky130_fd_sc_hd__a2111o_1)
     2    0.02    0.13    0.15    1.47 ^ _158_/X (sky130_fd_sc_hd__a2111o_1)
                                         net4 (net)
                  0.13    0.00    1.47 ^ _279_/A (sky130_fd_sc_hd__buf_1)
     1    0.01    0.11    0.12    1.59 ^ _279_/X (sky130_fd_sc_hd__buf_1)
                                         net1 (net)
                  0.11    0.00    1.59 ^ output1/A (sky130_fd_sc_hd__buf_1)
     1    0.03    0.30    0.26    1.84 ^ output1/X (sky130_fd_sc_hd__buf_1)
                                         seg[0] (net)
                  0.30    0.00    1.85 ^ seg[0] (out)
                                  1.85   data arrival time

                         10.00   10.00   clock CLK100MHZ (rise edge)
                          0.00   10.00   clock network delay (propagated)
                         -0.25    9.75   clock uncertainty
                          0.00    9.75   clock reconvergence pessimism
                         -2.00    7.75   output external delay
                                  7.75   data required time
-----------------------------------------------------------------------------
                                  7.75   data required time
                                 -1.85   data arrival time
-----------------------------------------------------------------------------
                                  5.90   slack (MET)


Startpoint: _249_ (rising edge-triggered flip-flop clocked by CLK100MHZ)
Endpoint: seg[3] (output port clocked by CLK100MHZ)
Path Group: CLK100MHZ
Path Type: max
Corner: Fastest

Fanout     Cap    Slew   Delay    Time   Description
-----------------------------------------------------------------------------
                          0.00    0.00   clock CLK100MHZ (rise edge)
                          0.00    0.00   clock source latency
     1    0.02    0.07    0.05    0.05 ^ CLK100MHZ (in)
                                         CLK100MHZ (net)
                  0.07    0.00    0.05 ^ clkbuf_0_CLK100MHZ/A (sky130_fd_sc_hd__clkbuf_16)
     4    0.04    0.05    0.12    0.17 ^ clkbuf_0_CLK100MHZ/X (sky130_fd_sc_hd__clkbuf_16)
                                         clknet_0_CLK100MHZ (net)
                  0.05    0.00    0.17 ^ clkbuf_2_3__f_CLK100MHZ/A (sky130_fd_sc_hd__clkbuf_16)
     8    0.03    0.04    0.10    0.27 ^ clkbuf_2_3__f_CLK100MHZ/X (sky130_fd_sc_hd__clkbuf_16)
                                         clknet_2_3__leaf_CLK100MHZ (net)
                  0.04    0.00    0.27 ^ _249_/CLK (sky130_fd_sc_hd__dfrtp_4)
     6    0.05    0.08    0.36    0.63 v _249_/Q (sky130_fd_sc_hd__dfrtp_4)
                                         decoder.count[3] (net)
                  0.08    0.00    0.64 v _155_/A (sky130_fd_sc_hd__nor2_2)
     4    0.04    0.30    0.28    0.92 ^ _155_/Y (sky130_fd_sc_hd__nor2_2)
                                         _079_ (net)
                  0.30    0.00    0.92 ^ _156_/B (sky130_fd_sc_hd__nand2_1)
     2    0.02    0.14    0.15    1.07 v _156_/Y (sky130_fd_sc_hd__nand2_1)
                                         _080_ (net)
                  0.14    0.00    1.08 v _157_/B (sky130_fd_sc_hd__nor2_1)
     2    0.02    0.23    0.24    1.31 ^ _157_/Y (sky130_fd_sc_hd__nor2_1)
                                         _081_ (net)
                  0.23    0.00    1.31 ^ _158_/C1 (sky130_fd_sc_hd__a2111o_1)
     2    0.02    0.13    0.15    1.47 ^ _158_/X (sky130_fd_sc_hd__a2111o_1)
                                         net4 (net)
                  0.13    0.00    1.47 ^ output4/A (sky130_fd_sc_hd__buf_1)
     1    0.03    0.30    0.26    1.72 ^ output4/X (sky130_fd_sc_hd__buf_1)
                                         seg[3] (net)
                  0.30    0.00    1.73 ^ seg[3] (out)
                                  1.73   data arrival time

                         10.00   10.00   clock CLK100MHZ (rise edge)
                          0.00   10.00   clock network delay (propagated)
                         -0.25    9.75   clock uncertainty
                          0.00    9.75   clock reconvergence pessimism
                         -2.00    7.75   output external delay
                                  7.75   data required time
-----------------------------------------------------------------------------
                                  7.75   data required time
                                 -1.73   data arrival time
-----------------------------------------------------------------------------
                                  6.02   slack (MET)


Startpoint: _249_ (rising edge-triggered flip-flop clocked by CLK100MHZ)
Endpoint: seg[1] (output port clocked by CLK100MHZ)
Path Group: CLK100MHZ
Path Type: max
Corner: Fastest

Fanout     Cap    Slew   Delay    Time   Description
-----------------------------------------------------------------------------
                          0.00    0.00   clock CLK100MHZ (rise edge)
                          0.00    0.00   clock source latency
     1    0.02    0.07    0.05    0.05 ^ CLK100MHZ (in)
                                         CLK100MHZ (net)
                  0.07    0.00    0.05 ^ clkbuf_0_CLK100MHZ/A (sky130_fd_sc_hd__clkbuf_16)
     4    0.04    0.05    0.12    0.17 ^ clkbuf_0_CLK100MHZ/X (sky130_fd_sc_hd__clkbuf_16)
                                         clknet_0_CLK100MHZ (net)
                  0.05    0.00    0.17 ^ clkbuf_2_3__f_CLK100MHZ/A (sky130_fd_sc_hd__clkbuf_16)
     8    0.03    0.04    0.10    0.27 ^ clkbuf_2_3__f_CLK100MHZ/X (sky130_fd_sc_hd__clkbuf_16)
                                         clknet_2_3__leaf_CLK100MHZ (net)
                  0.04    0.00    0.27 ^ _249_/CLK (sky130_fd_sc_hd__dfrtp_4)
     6    0.05    0.08    0.36    0.63 v _249_/Q (sky130_fd_sc_hd__dfrtp_4)
                                         decoder.count[3] (net)
                  0.08    0.00    0.64 v _132_/A (sky130_fd_sc_hd__or3b_2)
     2    0.03    0.10    0.36    0.99 v _132_/X (sky130_fd_sc_hd__or3b_2)
                                         _064_ (net)
                  0.10    0.00    1.00 v _133_/B (sky130_fd_sc_hd__nor2_1)
     3    0.02    0.27    0.25    1.25 ^ _133_/Y (sky130_fd_sc_hd__nor2_1)
                                         _065_ (net)
                  0.27    0.00    1.25 ^ _159_/A (sky130_fd_sc_hd__nor2_1)
     1    0.01    0.07    0.05    1.29 v _159_/Y (sky130_fd_sc_hd__nor2_1)
                                         net2 (net)
                  0.07    0.00    1.29 v output2/A (sky130_fd_sc_hd__buf_1)
     1    0.03    0.14    0.17    1.46 v output2/X (sky130_fd_sc_hd__buf_1)
                                         seg[1] (net)
                  0.14    0.00    1.47 v seg[1] (out)
                                  1.47   data arrival time

                         10.00   10.00   clock CLK100MHZ (rise edge)
                          0.00   10.00   clock network delay (propagated)
                         -0.25    9.75   clock uncertainty
                          0.00    9.75   clock reconvergence pessimism
                         -2.00    7.75   output external delay
                                  7.75   data required time
-----------------------------------------------------------------------------
                                  7.75   data required time
                                 -1.47   data arrival time
-----------------------------------------------------------------------------
                                  6.28   slack (MET)


Startpoint: _249_ (rising edge-triggered flip-flop clocked by CLK100MHZ)
Endpoint: seg[2] (output port clocked by CLK100MHZ)
Path Group: CLK100MHZ
Path Type: max
Corner: Fastest

Fanout     Cap    Slew   Delay    Time   Description
-----------------------------------------------------------------------------
                          0.00    0.00   clock CLK100MHZ (rise edge)
                          0.00    0.00   clock source latency
     1    0.02    0.07    0.05    0.05 ^ CLK100MHZ (in)
                                         CLK100MHZ (net)
                  0.07    0.00    0.05 ^ clkbuf_0_CLK100MHZ/A (sky130_fd_sc_hd__clkbuf_16)
     4    0.04    0.05    0.12    0.17 ^ clkbuf_0_CLK100MHZ/X (sky130_fd_sc_hd__clkbuf_16)
                                         clknet_0_CLK100MHZ (net)
                  0.05    0.00    0.17 ^ clkbuf_2_3__f_CLK100MHZ/A (sky130_fd_sc_hd__clkbuf_16)
     8    0.03    0.04    0.10    0.27 ^ clkbuf_2_3__f_CLK100MHZ/X (sky130_fd_sc_hd__clkbuf_16)
                                         clknet_2_3__leaf_CLK100MHZ (net)
                  0.04    0.00    0.27 ^ _249_/CLK (sky130_fd_sc_hd__dfrtp_4)
     6    0.05    0.08    0.36    0.63 v _249_/Q (sky130_fd_sc_hd__dfrtp_4)
                                         decoder.count[3] (net)
                  0.08    0.00    0.64 v _155_/A (sky130_fd_sc_hd__nor2_2)
     4    0.04    0.30    0.28    0.92 ^ _155_/Y (sky130_fd_sc_hd__nor2_2)
                                         _079_ (net)
                  0.30    0.00    0.92 ^ _156_/B (sky130_fd_sc_hd__nand2_1)
     2    0.02    0.14    0.15    1.07 v _156_/Y (sky130_fd_sc_hd__nand2_1)
                                         _080_ (net)
                  0.14    0.00    1.08 v _160_/B1 (sky130_fd_sc_hd__o21a_1)
     1    0.02    0.07    0.15    1.22 v _160_/X (sky130_fd_sc_hd__o21a_1)
                                         net3 (net)
                  0.07    0.00    1.22 v output3/A (sky130_fd_sc_hd__buf_1)
     1    0.03    0.14    0.17    1.39 v output3/X (sky130_fd_sc_hd__buf_1)
                                         seg[2] (net)
                  0.14    0.00    1.40 v seg[2] (out)
                                  1.40   data arrival time

                         10.00   10.00   clock CLK100MHZ (rise edge)
                          0.00   10.00   clock network delay (propagated)
                         -0.25    9.75   clock uncertainty
                          0.00    9.75   clock reconvergence pessimism
                         -2.00    7.75   output external delay
                                  7.75   data required time
-----------------------------------------------------------------------------
                                  7.75   data required time
                                 -1.40   data arrival time
-----------------------------------------------------------------------------
                                  6.35   slack (MET)


Startpoint: _249_ (rising edge-triggered flip-flop clocked by CLK100MHZ)
Endpoint: seg[6] (output port clocked by CLK100MHZ)
Path Group: CLK100MHZ
Path Type: max
Corner: Fastest

Fanout     Cap    Slew   Delay    Time   Description
-----------------------------------------------------------------------------
                          0.00    0.00   clock CLK100MHZ (rise edge)
                          0.00    0.00   clock source latency
     1    0.02    0.07    0.05    0.05 ^ CLK100MHZ (in)
                                         CLK100MHZ (net)
                  0.07    0.00    0.05 ^ clkbuf_0_CLK100MHZ/A (sky130_fd_sc_hd__clkbuf_16)
     4    0.04    0.05    0.12    0.17 ^ clkbuf_0_CLK100MHZ/X (sky130_fd_sc_hd__clkbuf_16)
                                         clknet_0_CLK100MHZ (net)
                  0.05    0.00    0.17 ^ clkbuf_2_3__f_CLK100MHZ/A (sky130_fd_sc_hd__clkbuf_16)
     8    0.03    0.04    0.10    0.27 ^ clkbuf_2_3__f_CLK100MHZ/X (sky130_fd_sc_hd__clkbuf_16)
                                         clknet_2_3__leaf_CLK100MHZ (net)
                  0.04    0.00    0.27 ^ _249_/CLK (sky130_fd_sc_hd__dfrtp_4)
     6    0.05    0.08    0.36    0.63 v _249_/Q (sky130_fd_sc_hd__dfrtp_4)
                                         decoder.count[3] (net)
                  0.08    0.00    0.64 v _132_/A (sky130_fd_sc_hd__or3b_2)
     2    0.03    0.10    0.36    0.99 v _132_/X (sky130_fd_sc_hd__or3b_2)
                                         _064_ (net)
                  0.10    0.00    1.00 v _164_/B1_N (sky130_fd_sc_hd__a21boi_1)
     1    0.01    0.10    0.13    1.13 v _164_/Y (sky130_fd_sc_hd__a21boi_1)
                                         net7 (net)
                  0.10    0.00    1.13 v output7/A (sky130_fd_sc_hd__buf_1)
     1    0.03    0.14    0.18    1.31 v output7/X (sky130_fd_sc_hd__buf_1)
                                         seg[6] (net)
                  0.14    0.00    1.31 v seg[6] (out)
                                  1.31   data arrival time

                         10.00   10.00   clock CLK100MHZ (rise edge)
                          0.00   10.00   clock network delay (propagated)
                         -0.25    9.75   clock uncertainty
                          0.00    9.75   clock reconvergence pessimism
                         -2.00    7.75   output external delay
                                  7.75   data required time
-----------------------------------------------------------------------------
                                  7.75   data required time
                                 -1.31   data arrival time
-----------------------------------------------------------------------------
                                  6.44   slack (MET)


Startpoint: _249_ (rising edge-triggered flip-flop clocked by CLK100MHZ)
Endpoint: seg[4] (output port clocked by CLK100MHZ)
Path Group: CLK100MHZ
Path Type: max
Corner: Fastest

Fanout     Cap    Slew   Delay    Time   Description
-----------------------------------------------------------------------------
                          0.00    0.00   clock CLK100MHZ (rise edge)
                          0.00    0.00   clock source latency
     1    0.02    0.07    0.05    0.05 ^ CLK100MHZ (in)
                                         CLK100MHZ (net)
                  0.07    0.00    0.05 ^ clkbuf_0_CLK100MHZ/A (sky130_fd_sc_hd__clkbuf_16)
     4    0.04    0.05    0.12    0.17 ^ clkbuf_0_CLK100MHZ/X (sky130_fd_sc_hd__clkbuf_16)
                                         clknet_0_CLK100MHZ (net)
                  0.05    0.00    0.17 ^ clkbuf_2_3__f_CLK100MHZ/A (sky130_fd_sc_hd__clkbuf_16)
     8    0.03    0.04    0.10    0.27 ^ clkbuf_2_3__f_CLK100MHZ/X (sky130_fd_sc_hd__clkbuf_16)
                                         clknet_2_3__leaf_CLK100MHZ (net)
                  0.04    0.00    0.27 ^ _249_/CLK (sky130_fd_sc_hd__dfrtp_4)
     6    0.05    0.08    0.36    0.63 v _249_/Q (sky130_fd_sc_hd__dfrtp_4)
                                         decoder.count[3] (net)
                  0.08    0.00    0.64 v _155_/A (sky130_fd_sc_hd__nor2_2)
     4    0.04    0.30    0.28    0.92 ^ _155_/Y (sky130_fd_sc_hd__nor2_2)
                                         _079_ (net)
                  0.30    0.00    0.92 ^ _161_/B (sky130_fd_sc_hd__nand2_1)
     1    0.01    0.09    0.09    1.02 v _161_/Y (sky130_fd_sc_hd__nand2_1)
                                         net5 (net)
                  0.09    0.00    1.02 v output5/A (sky130_fd_sc_hd__buf_1)
     1    0.03    0.14    0.18    1.20 v output5/X (sky130_fd_sc_hd__buf_1)
                                         seg[4] (net)
                  0.14    0.00    1.20 v seg[4] (out)
                                  1.20   data arrival time

                         10.00   10.00   clock CLK100MHZ (rise edge)
                          0.00   10.00   clock network delay (propagated)
                         -0.25    9.75   clock uncertainty
                          0.00    9.75   clock reconvergence pessimism
                         -2.00    7.75   output external delay
                                  7.75   data required time
-----------------------------------------------------------------------------
                                  7.75   data required time
                                 -1.20   data arrival time
-----------------------------------------------------------------------------
                                  6.55   slack (MET)


Startpoint: BTNC (input port clocked by CLK100MHZ)
Endpoint: _248_ (recovery check against rising-edge clock CLK100MHZ)
Path Group: asynchronous
Path Type: max
Corner: Fastest

Fanout     Cap    Slew   Delay    Time   Description
-----------------------------------------------------------------------------
                          0.00    0.00   clock CLK100MHZ (rise edge)
                          0.00    0.00   clock network delay (propagated)
                          2.00    2.00 v input external delay
     2    0.02    0.04    0.03    2.03 v BTNC (in)
                                         BTNC (net)
                  0.04    0.00    2.03 v _214_/A (sky130_fd_sc_hd__buf_4)
    10    0.07    0.07    0.14    2.17 v _214_/X (sky130_fd_sc_hd__buf_4)
                                         _112_ (net)
                  0.07    0.01    2.18 v _215_/A (sky130_fd_sc_hd__buf_4)
    10    0.08    0.07    0.16    2.34 v _215_/X (sky130_fd_sc_hd__buf_4)
                                         _113_ (net)
                  0.08    0.01    2.35 v _218_/A (sky130_fd_sc_hd__inv_2)
     1    0.02    0.07    0.09    2.43 ^ _218_/Y (sky130_fd_sc_hd__inv_2)
                                         _027_ (net)
                  0.07    0.00    2.44 ^ _248_/RESET_B (sky130_fd_sc_hd__dfrtp_4)
                                  2.44   data arrival time

                         10.00   10.00   clock CLK100MHZ (rise edge)
                          0.00   10.00   clock source latency
     1    0.02    0.07    0.05   10.05 ^ CLK100MHZ (in)
                                         CLK100MHZ (net)
                  0.07    0.00   10.05 ^ clkbuf_0_CLK100MHZ/A (sky130_fd_sc_hd__clkbuf_16)
     4    0.04    0.05    0.10   10.15 ^ clkbuf_0_CLK100MHZ/X (sky130_fd_sc_hd__clkbuf_16)
                                         clknet_0_CLK100MHZ (net)
                  0.05    0.00   10.15 ^ clkbuf_2_0__f_CLK100MHZ/A (sky130_fd_sc_hd__clkbuf_16)
     8    0.03    0.04    0.09   10.25 ^ clkbuf_2_0__f_CLK100MHZ/X (sky130_fd_sc_hd__clkbuf_16)
                                         clknet_2_0__leaf_CLK100MHZ (net)
                  0.04    0.00   10.25 ^ _248_/CLK (sky130_fd_sc_hd__dfrtp_4)
                         -0.25   10.00   clock uncertainty
                          0.00   10.00   clock reconvergence pessimism
                          0.12   10.12   library recovery time
                                 10.12   data required time
-----------------------------------------------------------------------------
                                 10.12   data required time
                                 -2.44   data arrival time
-----------------------------------------------------------------------------
                                  7.68   slack (MET)


Startpoint: BTNC (input port clocked by CLK100MHZ)
Endpoint: _252_ (recovery check against rising-edge clock CLK100MHZ)
Path Group: asynchronous
Path Type: max
Corner: Fastest

Fanout     Cap    Slew   Delay    Time   Description
-----------------------------------------------------------------------------
                          0.00    0.00   clock CLK100MHZ (rise edge)
                          0.00    0.00   clock network delay (propagated)
                          2.00    2.00 v input external delay
     2    0.02    0.04    0.03    2.03 v BTNC (in)
                                         BTNC (net)
                  0.04    0.00    2.03 v _214_/A (sky130_fd_sc_hd__buf_4)
    10    0.07    0.07    0.14    2.17 v _214_/X (sky130_fd_sc_hd__buf_4)
                                         _112_ (net)
                  0.07    0.01    2.18 v _215_/A (sky130_fd_sc_hd__buf_4)
    10    0.08    0.07    0.16    2.34 v _215_/X (sky130_fd_sc_hd__buf_4)
                                         _113_ (net)
                  0.07    0.01    2.34 v _222_/A (sky130_fd_sc_hd__inv_2)
     1    0.02    0.07    0.09    2.43 ^ _222_/Y (sky130_fd_sc_hd__inv_2)
                                         _031_ (net)
                  0.07    0.00    2.43 ^ _252_/RESET_B (sky130_fd_sc_hd__dfrtp_2)
                                  2.43   data arrival time

                         10.00   10.00   clock CLK100MHZ (rise edge)
                          0.00   10.00   clock source latency
     1    0.02    0.07    0.05   10.05 ^ CLK100MHZ (in)
                                         CLK100MHZ (net)
                  0.07    0.00   10.05 ^ clkbuf_0_CLK100MHZ/A (sky130_fd_sc_hd__clkbuf_16)
     4    0.04    0.05    0.10   10.15 ^ clkbuf_0_CLK100MHZ/X (sky130_fd_sc_hd__clkbuf_16)
                                         clknet_0_CLK100MHZ (net)
                  0.05    0.00   10.15 ^ clkbuf_2_2__f_CLK100MHZ/A (sky130_fd_sc_hd__clkbuf_16)
     8    0.03    0.04    0.09   10.25 ^ clkbuf_2_2__f_CLK100MHZ/X (sky130_fd_sc_hd__clkbuf_16)
                                         clknet_2_2__leaf_CLK100MHZ (net)
                  0.04    0.00   10.25 ^ _252_/CLK (sky130_fd_sc_hd__dfrtp_2)
                         -0.25   10.00   clock uncertainty
                          0.00   10.00   clock reconvergence pessimism
                          0.12   10.12   library recovery time
                                 10.12   data required time
-----------------------------------------------------------------------------
                                 10.12   data required time
                                 -2.43   data arrival time
-----------------------------------------------------------------------------
                                  7.69   slack (MET)


Startpoint: BTNC (input port clocked by CLK100MHZ)
Endpoint: _254_ (recovery check against rising-edge clock CLK100MHZ)
Path Group: asynchronous
Path Type: max
Corner: Fastest

Fanout     Cap    Slew   Delay    Time   Description
-----------------------------------------------------------------------------
                          0.00    0.00   clock CLK100MHZ (rise edge)
                          0.00    0.00   clock network delay (propagated)
                          2.00    2.00 v input external delay
     2    0.02    0.04    0.03    2.03 v BTNC (in)
                                         BTNC (net)
                  0.04    0.00    2.03 v _214_/A (sky130_fd_sc_hd__buf_4)
    10    0.07    0.07    0.14    2.17 v _214_/X (sky130_fd_sc_hd__buf_4)
                                         _112_ (net)
                  0.07    0.01    2.18 v _215_/A (sky130_fd_sc_hd__buf_4)
    10    0.08    0.07    0.16    2.34 v _215_/X (sky130_fd_sc_hd__buf_4)
                                         _113_ (net)
                  0.08    0.01    2.35 v _224_/A (sky130_fd_sc_hd__inv_2)
     1    0.01    0.06    0.08    2.42 ^ _224_/Y (sky130_fd_sc_hd__inv_2)
                                         _033_ (net)
                  0.06    0.00    2.43 ^ _254_/RESET_B (sky130_fd_sc_hd__dfrtp_2)
                                  2.43   data arrival time

                         10.00   10.00   clock CLK100MHZ (rise edge)
                          0.00   10.00   clock source latency
     1    0.02    0.07    0.05   10.05 ^ CLK100MHZ (in)
                                         CLK100MHZ (net)
                  0.07    0.00   10.05 ^ clkbuf_0_CLK100MHZ/A (sky130_fd_sc_hd__clkbuf_16)
     4    0.04    0.05    0.10   10.15 ^ clkbuf_0_CLK100MHZ/X (sky130_fd_sc_hd__clkbuf_16)
                                         clknet_0_CLK100MHZ (net)
                  0.05    0.00   10.15 ^ clkbuf_2_1__f_CLK100MHZ/A (sky130_fd_sc_hd__clkbuf_16)
     8    0.03    0.03    0.09   10.24 ^ clkbuf_2_1__f_CLK100MHZ/X (sky130_fd_sc_hd__clkbuf_16)
                                         clknet_2_1__leaf_CLK100MHZ (net)
                  0.03    0.00   10.24 ^ _254_/CLK (sky130_fd_sc_hd__dfrtp_2)
                         -0.25    9.99   clock uncertainty
                          0.00    9.99   clock reconvergence pessimism
                          0.13   10.12   library recovery time
                                 10.12   data required time
-----------------------------------------------------------------------------
                                 10.12   data required time
                                 -2.43   data arrival time
-----------------------------------------------------------------------------
                                  7.69   slack (MET)


Startpoint: BTNC (input port clocked by CLK100MHZ)
Endpoint: _250_ (recovery check against rising-edge clock CLK100MHZ)
Path Group: asynchronous
Path Type: max
Corner: Fastest

Fanout     Cap    Slew   Delay    Time   Description
-----------------------------------------------------------------------------
                          0.00    0.00   clock CLK100MHZ (rise edge)
                          0.00    0.00   clock network delay (propagated)
                          2.00    2.00 v input external delay
     2    0.02    0.04    0.03    2.03 v BTNC (in)
                                         BTNC (net)
                  0.04    0.00    2.03 v _214_/A (sky130_fd_sc_hd__buf_4)
    10    0.07    0.07    0.14    2.17 v _214_/X (sky130_fd_sc_hd__buf_4)
                                         _112_ (net)
                  0.07    0.01    2.18 v _215_/A (sky130_fd_sc_hd__buf_4)
    10    0.08    0.07    0.16    2.34 v _215_/X (sky130_fd_sc_hd__buf_4)
                                         _113_ (net)
                  0.07    0.01    2.34 v _220_/A (sky130_fd_sc_hd__inv_2)
     1    0.02    0.07    0.08    2.43 ^ _220_/Y (sky130_fd_sc_hd__inv_2)
                                         _029_ (net)
                  0.07    0.00    2.43 ^ _250_/RESET_B (sky130_fd_sc_hd__dfrtp_2)
                                  2.43   data arrival time

                         10.00   10.00   clock CLK100MHZ (rise edge)
                          0.00   10.00   clock source latency
     1    0.02    0.07    0.05   10.05 ^ CLK100MHZ (in)
                                         CLK100MHZ (net)
                  0.07    0.00   10.05 ^ clkbuf_0_CLK100MHZ/A (sky130_fd_sc_hd__clkbuf_16)
     4    0.04    0.05    0.10   10.15 ^ clkbuf_0_CLK100MHZ/X (sky130_fd_sc_hd__clkbuf_16)
                                         clknet_0_CLK100MHZ (net)
                  0.05    0.00   10.15 ^ clkbuf_2_2__f_CLK100MHZ/A (sky130_fd_sc_hd__clkbuf_16)
     8    0.03    0.04    0.09   10.25 ^ clkbuf_2_2__f_CLK100MHZ/X (sky130_fd_sc_hd__clkbuf_16)
                                         clknet_2_2__leaf_CLK100MHZ (net)
                  0.04    0.00   10.25 ^ _250_/CLK (sky130_fd_sc_hd__dfrtp_2)
                         -0.25   10.00   clock uncertainty
                          0.00   10.00   clock reconvergence pessimism
                          0.13   10.12   library recovery time
                                 10.12   data required time
-----------------------------------------------------------------------------
                                 10.12   data required time
                                 -2.43   data arrival time
-----------------------------------------------------------------------------
                                  7.70   slack (MET)


Startpoint: BTNC (input port clocked by CLK100MHZ)
Endpoint: _255_ (recovery check against rising-edge clock CLK100MHZ)
Path Group: asynchronous
Path Type: max
Corner: Fastest

Fanout     Cap    Slew   Delay    Time   Description
-----------------------------------------------------------------------------
                          0.00    0.00   clock CLK100MHZ (rise edge)
                          0.00    0.00   clock network delay (propagated)
                          2.00    2.00 v input external delay
     2    0.02    0.04    0.03    2.03 v BTNC (in)
                                         BTNC (net)
                  0.04    0.00    2.03 v _214_/A (sky130_fd_sc_hd__buf_4)
    10    0.07    0.07    0.14    2.17 v _214_/X (sky130_fd_sc_hd__buf_4)
                                         _112_ (net)
                  0.07    0.01    2.18 v _215_/A (sky130_fd_sc_hd__buf_4)
    10    0.08    0.07    0.16    2.34 v _215_/X (sky130_fd_sc_hd__buf_4)
                                         _113_ (net)
                  0.08    0.01    2.35 v _225_/A (sky130_fd_sc_hd__inv_2)
     1    0.01    0.06    0.07    2.42 ^ _225_/Y (sky130_fd_sc_hd__inv_2)
                                         _034_ (net)
                  0.06    0.00    2.42 ^ _255_/RESET_B (sky130_fd_sc_hd__dfrtp_2)
                                  2.42   data arrival time

                         10.00   10.00   clock CLK100MHZ (rise edge)
                          0.00   10.00   clock source latency
     1    0.02    0.07    0.05   10.05 ^ CLK100MHZ (in)
                                         CLK100MHZ (net)
                  0.07    0.00   10.05 ^ clkbuf_0_CLK100MHZ/A (sky130_fd_sc_hd__clkbuf_16)
     4    0.04    0.05    0.10   10.15 ^ clkbuf_0_CLK100MHZ/X (sky130_fd_sc_hd__clkbuf_16)
                                         clknet_0_CLK100MHZ (net)
                  0.05    0.00   10.15 ^ clkbuf_2_0__f_CLK100MHZ/A (sky130_fd_sc_hd__clkbuf_16)
     8    0.03    0.04    0.09   10.25 ^ clkbuf_2_0__f_CLK100MHZ/X (sky130_fd_sc_hd__clkbuf_16)
                                         clknet_2_0__leaf_CLK100MHZ (net)
                  0.04    0.00   10.25 ^ _255_/CLK (sky130_fd_sc_hd__dfrtp_2)
                         -0.25   10.00   clock uncertainty
                          0.00   10.00   clock reconvergence pessimism
                          0.13   10.13   library recovery time
                                 10.13   data required time
-----------------------------------------------------------------------------
                                 10.13   data required time
                                 -2.42   data arrival time
-----------------------------------------------------------------------------
                                  7.70   slack (MET)


Startpoint: BTNC (input port clocked by CLK100MHZ)
Endpoint: _247_ (recovery check against rising-edge clock CLK100MHZ)
Path Group: asynchronous
Path Type: max
Corner: Fastest

Fanout     Cap    Slew   Delay    Time   Description
-----------------------------------------------------------------------------
                          0.00    0.00   clock CLK100MHZ (rise edge)
                          0.00    0.00   clock network delay (propagated)
                          2.00    2.00 v input external delay
     2    0.02    0.04    0.03    2.03 v BTNC (in)
                                         BTNC (net)
                  0.04    0.00    2.03 v _214_/A (sky130_fd_sc_hd__buf_4)
    10    0.07    0.07    0.14    2.17 v _214_/X (sky130_fd_sc_hd__buf_4)
                                         _112_ (net)
                  0.07    0.01    2.18 v _215_/A (sky130_fd_sc_hd__buf_4)
    10    0.08    0.07    0.16    2.34 v _215_/X (sky130_fd_sc_hd__buf_4)
                                         _113_ (net)
                  0.08    0.01    2.34 v _217_/A (sky130_fd_sc_hd__inv_2)
     1    0.01    0.04    0.06    2.41 ^ _217_/Y (sky130_fd_sc_hd__inv_2)
                                         _026_ (net)
                  0.04    0.00    2.41 ^ _247_/RESET_B (sky130_fd_sc_hd__dfrtp_4)
                                  2.41   data arrival time

                         10.00   10.00   clock CLK100MHZ (rise edge)
                          0.00   10.00   clock source latency
     1    0.02    0.07    0.05   10.05 ^ CLK100MHZ (in)
                                         CLK100MHZ (net)
                  0.07    0.00   10.05 ^ clkbuf_0_CLK100MHZ/A (sky130_fd_sc_hd__clkbuf_16)
     4    0.04    0.05    0.10   10.15 ^ clkbuf_0_CLK100MHZ/X (sky130_fd_sc_hd__clkbuf_16)
                                         clknet_0_CLK100MHZ (net)
                  0.05    0.00   10.15 ^ clkbuf_2_3__f_CLK100MHZ/A (sky130_fd_sc_hd__clkbuf_16)
     8    0.03    0.04    0.09   10.24 ^ clkbuf_2_3__f_CLK100MHZ/X (sky130_fd_sc_hd__clkbuf_16)
                                         clknet_2_3__leaf_CLK100MHZ (net)
                  0.04    0.00   10.25 ^ _247_/CLK (sky130_fd_sc_hd__dfrtp_4)
                         -0.25   10.00   clock uncertainty
                          0.00   10.00   clock reconvergence pessimism
                          0.13   10.12   library recovery time
                                 10.12   data required time
-----------------------------------------------------------------------------
                                 10.12   data required time
                                 -2.41   data arrival time
-----------------------------------------------------------------------------
                                  7.72   slack (MET)


Startpoint: BTNC (input port clocked by CLK100MHZ)
Endpoint: _249_ (recovery check against rising-edge clock CLK100MHZ)
Path Group: asynchronous
Path Type: max
Corner: Fastest

Fanout     Cap    Slew   Delay    Time   Description
-----------------------------------------------------------------------------
                          0.00    0.00   clock CLK100MHZ (rise edge)
                          0.00    0.00   clock network delay (propagated)
                          2.00    2.00 v input external delay
     2    0.02    0.04    0.03    2.03 v BTNC (in)
                                         BTNC (net)
                  0.04    0.00    2.03 v _214_/A (sky130_fd_sc_hd__buf_4)
    10    0.07    0.07    0.14    2.17 v _214_/X (sky130_fd_sc_hd__buf_4)
                                         _112_ (net)
                  0.07    0.01    2.18 v _215_/A (sky130_fd_sc_hd__buf_4)
    10    0.08    0.07    0.16    2.34 v _215_/X (sky130_fd_sc_hd__buf_4)
                                         _113_ (net)
                  0.08    0.01    2.35 v _219_/A (sky130_fd_sc_hd__inv_2)
     1    0.01    0.04    0.06    2.41 ^ _219_/Y (sky130_fd_sc_hd__inv_2)
                                         _028_ (net)
                  0.04    0.00    2.41 ^ _249_/RESET_B (sky130_fd_sc_hd__dfrtp_4)
                                  2.41   data arrival time

                         10.00   10.00   clock CLK100MHZ (rise edge)
                          0.00   10.00   clock source latency
     1    0.02    0.07    0.05   10.05 ^ CLK100MHZ (in)
                                         CLK100MHZ (net)
                  0.07    0.00   10.05 ^ clkbuf_0_CLK100MHZ/A (sky130_fd_sc_hd__clkbuf_16)
     4    0.04    0.05    0.10   10.15 ^ clkbuf_0_CLK100MHZ/X (sky130_fd_sc_hd__clkbuf_16)
                                         clknet_0_CLK100MHZ (net)
                  0.05    0.00   10.15 ^ clkbuf_2_3__f_CLK100MHZ/A (sky130_fd_sc_hd__clkbuf_16)
     8    0.03    0.04    0.09   10.24 ^ clkbuf_2_3__f_CLK100MHZ/X (sky130_fd_sc_hd__clkbuf_16)
                                         clknet_2_3__leaf_CLK100MHZ (net)
                  0.04    0.00   10.25 ^ _249_/CLK (sky130_fd_sc_hd__dfrtp_4)
                         -0.25   10.00   clock uncertainty
                          0.00   10.00   clock reconvergence pessimism
                          0.13   10.13   library recovery time
                                 10.13   data required time
-----------------------------------------------------------------------------
                                 10.13   data required time
                                 -2.41   data arrival time
-----------------------------------------------------------------------------
                                  7.72   slack (MET)


Startpoint: BTNC (input port clocked by CLK100MHZ)
Endpoint: _246_ (recovery check against rising-edge clock CLK100MHZ)
Path Group: asynchronous
Path Type: max
Corner: Fastest

Fanout     Cap    Slew   Delay    Time   Description
-----------------------------------------------------------------------------
                          0.00    0.00   clock CLK100MHZ (rise edge)
                          0.00    0.00   clock network delay (propagated)
                          2.00    2.00 v input external delay
     2    0.02    0.04    0.03    2.03 v BTNC (in)
                                         BTNC (net)
                  0.04    0.00    2.03 v _214_/A (sky130_fd_sc_hd__buf_4)
    10    0.07    0.07    0.14    2.17 v _214_/X (sky130_fd_sc_hd__buf_4)
                                         _112_ (net)
                  0.07    0.01    2.18 v _215_/A (sky130_fd_sc_hd__buf_4)
    10    0.08    0.07    0.16    2.34 v _215_/X (sky130_fd_sc_hd__buf_4)
                                         _113_ (net)
                  0.08    0.01    2.35 v _216_/A (sky130_fd_sc_hd__inv_2)
     1    0.01    0.04    0.06    2.40 ^ _216_/Y (sky130_fd_sc_hd__inv_2)
                                         _025_ (net)
                  0.04    0.00    2.40 ^ _246_/RESET_B (sky130_fd_sc_hd__dfrtp_4)
                                  2.40   data arrival time

                         10.00   10.00   clock CLK100MHZ (rise edge)
                          0.00   10.00   clock source latency
     1    0.02    0.07    0.05   10.05 ^ CLK100MHZ (in)
                                         CLK100MHZ (net)
                  0.07    0.00   10.05 ^ clkbuf_0_CLK100MHZ/A (sky130_fd_sc_hd__clkbuf_16)
     4    0.04    0.05    0.10   10.15 ^ clkbuf_0_CLK100MHZ/X (sky130_fd_sc_hd__clkbuf_16)
                                         clknet_0_CLK100MHZ (net)
                  0.05    0.00   10.15 ^ clkbuf_2_1__f_CLK100MHZ/A (sky130_fd_sc_hd__clkbuf_16)
     8    0.03    0.03    0.09   10.24 ^ clkbuf_2_1__f_CLK100MHZ/X (sky130_fd_sc_hd__clkbuf_16)
                                         clknet_2_1__leaf_CLK100MHZ (net)
                  0.03    0.00   10.24 ^ _246_/CLK (sky130_fd_sc_hd__dfrtp_4)
                         -0.25    9.99   clock uncertainty
                          0.00    9.99   clock reconvergence pessimism
                          0.13   10.12   library recovery time
                                 10.12   data required time
-----------------------------------------------------------------------------
                                 10.12   data required time
                                 -2.40   data arrival time
-----------------------------------------------------------------------------
                                  7.72   slack (MET)


Startpoint: BTNC (input port clocked by CLK100MHZ)
Endpoint: _251_ (recovery check against rising-edge clock CLK100MHZ)
Path Group: asynchronous
Path Type: max
Corner: Fastest

Fanout     Cap    Slew   Delay    Time   Description
-----------------------------------------------------------------------------
                          0.00    0.00   clock CLK100MHZ (rise edge)
                          0.00    0.00   clock network delay (propagated)
                          2.00    2.00 v input external delay
     2    0.02    0.04    0.03    2.03 v BTNC (in)
                                         BTNC (net)
                  0.04    0.00    2.03 v _214_/A (sky130_fd_sc_hd__buf_4)
    10    0.07    0.07    0.14    2.17 v _214_/X (sky130_fd_sc_hd__buf_4)
                                         _112_ (net)
                  0.07    0.01    2.18 v _215_/A (sky130_fd_sc_hd__buf_4)
    10    0.08    0.07    0.16    2.34 v _215_/X (sky130_fd_sc_hd__buf_4)
                                         _113_ (net)
                  0.07    0.00    2.34 v _221_/A (sky130_fd_sc_hd__inv_2)
     1    0.01    0.04    0.06    2.40 ^ _221_/Y (sky130_fd_sc_hd__inv_2)
                                         _030_ (net)
                  0.04    0.00    2.40 ^ _251_/RESET_B (sky130_fd_sc_hd__dfrtp_2)
                                  2.40   data arrival time

                         10.00   10.00   clock CLK100MHZ (rise edge)
                          0.00   10.00   clock source latency
     1    0.02    0.07    0.05   10.05 ^ CLK100MHZ (in)
                                         CLK100MHZ (net)
                  0.07    0.00   10.05 ^ clkbuf_0_CLK100MHZ/A (sky130_fd_sc_hd__clkbuf_16)
     4    0.04    0.05    0.10   10.15 ^ clkbuf_0_CLK100MHZ/X (sky130_fd_sc_hd__clkbuf_16)
                                         clknet_0_CLK100MHZ (net)
                  0.05    0.00   10.15 ^ clkbuf_2_2__f_CLK100MHZ/A (sky130_fd_sc_hd__clkbuf_16)
     8    0.03    0.04    0.09   10.25 ^ clkbuf_2_2__f_CLK100MHZ/X (sky130_fd_sc_hd__clkbuf_16)
                                         clknet_2_2__leaf_CLK100MHZ (net)
                  0.04    0.00   10.25 ^ _251_/CLK (sky130_fd_sc_hd__dfrtp_2)
                         -0.25   10.00   clock uncertainty
                          0.00   10.00   clock reconvergence pessimism
                          0.13   10.13   library recovery time
                                 10.13   data required time
-----------------------------------------------------------------------------
                                 10.13   data required time
                                 -2.40   data arrival time
-----------------------------------------------------------------------------
                                  7.73   slack (MET)


Startpoint: BTNC (input port clocked by CLK100MHZ)
Endpoint: _253_ (recovery check against rising-edge clock CLK100MHZ)
Path Group: asynchronous
Path Type: max
Corner: Fastest

Fanout     Cap    Slew   Delay    Time   Description
-----------------------------------------------------------------------------
                          0.00    0.00   clock CLK100MHZ (rise edge)
                          0.00    0.00   clock network delay (propagated)
                          2.00    2.00 v input external delay
     2    0.02    0.04    0.03    2.03 v BTNC (in)
                                         BTNC (net)
                  0.04    0.00    2.03 v _214_/A (sky130_fd_sc_hd__buf_4)
    10    0.07    0.07    0.14    2.17 v _214_/X (sky130_fd_sc_hd__buf_4)
                                         _112_ (net)
                  0.07    0.01    2.18 v _215_/A (sky130_fd_sc_hd__buf_4)
    10    0.08    0.07    0.16    2.34 v _215_/X (sky130_fd_sc_hd__buf_4)
                                         _113_ (net)
                  0.08    0.01    2.34 v _223_/A (sky130_fd_sc_hd__inv_2)
     1    0.01    0.04    0.06    2.41 ^ _223_/Y (sky130_fd_sc_hd__inv_2)
                                         _032_ (net)
                  0.04    0.00    2.41 ^ _253_/RESET_B (sky130_fd_sc_hd__dfrtp_1)
                                  2.41   data arrival time

                         10.00   10.00   clock CLK100MHZ (rise edge)
                          0.00   10.00   clock source latency
     1    0.02    0.07    0.05   10.05 ^ CLK100MHZ (in)
                                         CLK100MHZ (net)
                  0.07    0.00   10.05 ^ clkbuf_0_CLK100MHZ/A (sky130_fd_sc_hd__clkbuf_16)
     4    0.04    0.05    0.10   10.15 ^ clkbuf_0_CLK100MHZ/X (sky130_fd_sc_hd__clkbuf_16)
                                         clknet_0_CLK100MHZ (net)
                  0.05    0.00   10.15 ^ clkbuf_2_2__f_CLK100MHZ/A (sky130_fd_sc_hd__clkbuf_16)
     8    0.03    0.04    0.09   10.25 ^ clkbuf_2_2__f_CLK100MHZ/X (sky130_fd_sc_hd__clkbuf_16)
                                         clknet_2_2__leaf_CLK100MHZ (net)
                  0.04    0.00   10.25 ^ _253_/CLK (sky130_fd_sc_hd__dfrtp_1)
                         -0.25   10.00   clock uncertainty
                          0.00   10.00   clock reconvergence pessimism
                          0.14   10.14   library recovery time
                                 10.14   data required time
-----------------------------------------------------------------------------
                                 10.14   data required time
                                 -2.41   data arrival time
-----------------------------------------------------------------------------
                                  7.74   slack (MET)


Startpoint: BTNC (input port clocked by CLK100MHZ)
Endpoint: _265_ (recovery check against rising-edge clock CLK100MHZ)
Path Group: asynchronous
Path Type: max
Corner: Fastest

Fanout     Cap    Slew   Delay    Time   Description
-----------------------------------------------------------------------------
                          0.00    0.00   clock CLK100MHZ (rise edge)
                          0.00    0.00   clock network delay (propagated)
                          2.00    2.00 v input external delay
     2    0.02    0.04    0.03    2.03 v BTNC (in)
                                         BTNC (net)
                  0.04    0.00    2.03 v _226_/A (sky130_fd_sc_hd__buf_4)
    10    0.09    0.08    0.15    2.18 v _226_/X (sky130_fd_sc_hd__buf_4)
                                         _114_ (net)
                  0.08    0.01    2.19 v _236_/A (sky130_fd_sc_hd__inv_2)
     1    0.02    0.07    0.09    2.28 ^ _236_/Y (sky130_fd_sc_hd__inv_2)
                                         _044_ (net)
                  0.07    0.00    2.28 ^ _265_/RESET_B (sky130_fd_sc_hd__dfrtp_1)
                                  2.28   data arrival time

                         10.00   10.00   clock CLK100MHZ (rise edge)
                          0.00   10.00   clock source latency
     1    0.02    0.07    0.05   10.05 ^ CLK100MHZ (in)
                                         CLK100MHZ (net)
                  0.07    0.00   10.05 ^ clkbuf_0_CLK100MHZ/A (sky130_fd_sc_hd__clkbuf_16)
     4    0.04    0.05    0.10   10.15 ^ clkbuf_0_CLK100MHZ/X (sky130_fd_sc_hd__clkbuf_16)
                                         clknet_0_CLK100MHZ (net)
                  0.05    0.00   10.15 ^ clkbuf_2_1__f_CLK100MHZ/A (sky130_fd_sc_hd__clkbuf_16)
     8    0.03    0.03    0.09   10.24 ^ clkbuf_2_1__f_CLK100MHZ/X (sky130_fd_sc_hd__clkbuf_16)
                                         clknet_2_1__leaf_CLK100MHZ (net)
                  0.03    0.00   10.24 ^ _265_/CLK (sky130_fd_sc_hd__dfrtp_1)
                         -0.25    9.99   clock uncertainty
                          0.00    9.99   clock reconvergence pessimism
                          0.14   10.13   library recovery time
                                 10.13   data required time
-----------------------------------------------------------------------------
                                 10.13   data required time
                                 -2.28   data arrival time
-----------------------------------------------------------------------------
                                  7.85   slack (MET)


Startpoint: BTNC (input port clocked by CLK100MHZ)
Endpoint: _260_ (recovery check against rising-edge clock CLK100MHZ)
Path Group: asynchronous
Path Type: max
Corner: Fastest

Fanout     Cap    Slew   Delay    Time   Description
-----------------------------------------------------------------------------
                          0.00    0.00   clock CLK100MHZ (rise edge)
                          0.00    0.00   clock network delay (propagated)
                          2.00    2.00 v input external delay
     2    0.02    0.04    0.03    2.03 v BTNC (in)
                                         BTNC (net)
                  0.04    0.00    2.03 v _226_/A (sky130_fd_sc_hd__buf_4)
    10    0.09    0.08    0.15    2.18 v _226_/X (sky130_fd_sc_hd__buf_4)
                                         _114_ (net)
                  0.08    0.01    2.19 v _231_/A (sky130_fd_sc_hd__inv_2)
     1    0.02    0.07    0.09    2.28 ^ _231_/Y (sky130_fd_sc_hd__inv_2)
                                         _039_ (net)
                  0.07    0.00    2.28 ^ _260_/RESET_B (sky130_fd_sc_hd__dfrtp_1)
                                  2.28   data arrival time

                         10.00   10.00   clock CLK100MHZ (rise edge)
                          0.00   10.00   clock source latency
     1    0.02    0.07    0.05   10.05 ^ CLK100MHZ (in)
                                         CLK100MHZ (net)
                  0.07    0.00   10.05 ^ clkbuf_0_CLK100MHZ/A (sky130_fd_sc_hd__clkbuf_16)
     4    0.04    0.05    0.10   10.15 ^ clkbuf_0_CLK100MHZ/X (sky130_fd_sc_hd__clkbuf_16)
                                         clknet_0_CLK100MHZ (net)
                  0.05    0.00   10.15 ^ clkbuf_2_1__f_CLK100MHZ/A (sky130_fd_sc_hd__clkbuf_16)
     8    0.03    0.03    0.09   10.24 ^ clkbuf_2_1__f_CLK100MHZ/X (sky130_fd_sc_hd__clkbuf_16)
                                         clknet_2_1__leaf_CLK100MHZ (net)
                  0.03    0.00   10.24 ^ _260_/CLK (sky130_fd_sc_hd__dfrtp_1)
                         -0.25    9.99   clock uncertainty
                          0.00    9.99   clock reconvergence pessimism
                          0.14   10.13   library recovery time
                                 10.13   data required time
-----------------------------------------------------------------------------
                                 10.13   data required time
                                 -2.28   data arrival time
-----------------------------------------------------------------------------
                                  7.85   slack (MET)


Startpoint: BTNC (input port clocked by CLK100MHZ)
Endpoint: _258_ (recovery check against rising-edge clock CLK100MHZ)
Path Group: asynchronous
Path Type: max
Corner: Fastest

Fanout     Cap    Slew   Delay    Time   Description
-----------------------------------------------------------------------------
                          0.00    0.00   clock CLK100MHZ (rise edge)
                          0.00    0.00   clock network delay (propagated)
                          2.00    2.00 v input external delay
     2    0.02    0.04    0.03    2.03 v BTNC (in)
                                         BTNC (net)
                  0.04    0.00    2.03 v _226_/A (sky130_fd_sc_hd__buf_4)
    10    0.09    0.08    0.15    2.18 v _226_/X (sky130_fd_sc_hd__buf_4)
                                         _114_ (net)
                  0.08    0.01    2.19 v _229_/A (sky130_fd_sc_hd__inv_2)
     1    0.01    0.06    0.08    2.27 ^ _229_/Y (sky130_fd_sc_hd__inv_2)
                                         _037_ (net)
                  0.06    0.00    2.27 ^ _258_/RESET_B (sky130_fd_sc_hd__dfrtp_4)
                                  2.27   data arrival time

                         10.00   10.00   clock CLK100MHZ (rise edge)
                          0.00   10.00   clock source latency
     1    0.02    0.07    0.05   10.05 ^ CLK100MHZ (in)
                                         CLK100MHZ (net)
                  0.07    0.00   10.05 ^ clkbuf_0_CLK100MHZ/A (sky130_fd_sc_hd__clkbuf_16)
     4    0.04    0.05    0.10   10.15 ^ clkbuf_0_CLK100MHZ/X (sky130_fd_sc_hd__clkbuf_16)
                                         clknet_0_CLK100MHZ (net)
                  0.05    0.00   10.15 ^ clkbuf_2_3__f_CLK100MHZ/A (sky130_fd_sc_hd__clkbuf_16)
     8    0.03    0.04    0.09   10.24 ^ clkbuf_2_3__f_CLK100MHZ/X (sky130_fd_sc_hd__clkbuf_16)
                                         clknet_2_3__leaf_CLK100MHZ (net)
                  0.04    0.00   10.25 ^ _258_/CLK (sky130_fd_sc_hd__dfrtp_4)
                         -0.25   10.00   clock uncertainty
                          0.00   10.00   clock reconvergence pessimism
                          0.12   10.12   library recovery time
                                 10.12   data required time
-----------------------------------------------------------------------------
                                 10.12   data required time
                                 -2.27   data arrival time
-----------------------------------------------------------------------------
                                  7.85   slack (MET)


Startpoint: BTNC (input port clocked by CLK100MHZ)
Endpoint: _262_ (recovery check against rising-edge clock CLK100MHZ)
Path Group: asynchronous
Path Type: max
Corner: Fastest

Fanout     Cap    Slew   Delay    Time   Description
-----------------------------------------------------------------------------
                          0.00    0.00   clock CLK100MHZ (rise edge)
                          0.00    0.00   clock network delay (propagated)
                          2.00    2.00 v input external delay
     2    0.02    0.04    0.03    2.03 v BTNC (in)
                                         BTNC (net)
                  0.04    0.00    2.03 v _226_/A (sky130_fd_sc_hd__buf_4)
    10    0.09    0.08    0.15    2.18 v _226_/X (sky130_fd_sc_hd__buf_4)
                                         _114_ (net)
                  0.08    0.00    2.18 v _233_/A (sky130_fd_sc_hd__inv_2)
     1    0.02    0.06    0.08    2.27 ^ _233_/Y (sky130_fd_sc_hd__inv_2)
                                         _041_ (net)
                  0.06    0.00    2.27 ^ _262_/RESET_B (sky130_fd_sc_hd__dfrtp_2)
                                  2.27   data arrival time

                         10.00   10.00   clock CLK100MHZ (rise edge)
                          0.00   10.00   clock source latency
     1    0.02    0.07    0.05   10.05 ^ CLK100MHZ (in)
                                         CLK100MHZ (net)
                  0.07    0.00   10.05 ^ clkbuf_0_CLK100MHZ/A (sky130_fd_sc_hd__clkbuf_16)
     4    0.04    0.05    0.10   10.15 ^ clkbuf_0_CLK100MHZ/X (sky130_fd_sc_hd__clkbuf_16)
                                         clknet_0_CLK100MHZ (net)
                  0.05    0.00   10.15 ^ clkbuf_2_2__f_CLK100MHZ/A (sky130_fd_sc_hd__clkbuf_16)
     8    0.03    0.04    0.09   10.25 ^ clkbuf_2_2__f_CLK100MHZ/X (sky130_fd_sc_hd__clkbuf_16)
                                         clknet_2_2__leaf_CLK100MHZ (net)
                  0.04    0.00   10.25 ^ _262_/CLK (sky130_fd_sc_hd__dfrtp_2)
                         -0.25   10.00   clock uncertainty
                          0.00   10.00   clock reconvergence pessimism
                          0.13   10.13   library recovery time
                                 10.13   data required time
-----------------------------------------------------------------------------
                                 10.13   data required time
                                 -2.27   data arrival time
-----------------------------------------------------------------------------
                                  7.86   slack (MET)


Startpoint: BTNC (input port clocked by CLK100MHZ)
Endpoint: _266_ (recovery check against rising-edge clock CLK100MHZ)
Path Group: asynchronous
Path Type: max
Corner: Fastest

Fanout     Cap    Slew   Delay    Time   Description
-----------------------------------------------------------------------------
                          0.00    0.00   clock CLK100MHZ (rise edge)
                          0.00    0.00   clock network delay (propagated)
                          2.00    2.00 v input external delay
     2    0.02    0.04    0.03    2.03 v BTNC (in)
                                         BTNC (net)
                  0.04    0.00    2.03 v _214_/A (sky130_fd_sc_hd__buf_4)
    10    0.07    0.07    0.14    2.17 v _214_/X (sky130_fd_sc_hd__buf_4)
                                         _112_ (net)
                  0.07    0.00    2.17 v _237_/A (sky130_fd_sc_hd__inv_2)
     1    0.02    0.07    0.09    2.26 ^ _237_/Y (sky130_fd_sc_hd__inv_2)
                                         _045_ (net)
                  0.07    0.00    2.26 ^ _266_/RESET_B (sky130_fd_sc_hd__dfrtp_2)
                                  2.26   data arrival time

                         10.00   10.00   clock CLK100MHZ (rise edge)
                          0.00   10.00   clock source latency
     1    0.02    0.07    0.05   10.05 ^ CLK100MHZ (in)
                                         CLK100MHZ (net)
                  0.07    0.00   10.05 ^ clkbuf_0_CLK100MHZ/A (sky130_fd_sc_hd__clkbuf_16)
     4    0.04    0.05    0.10   10.15 ^ clkbuf_0_CLK100MHZ/X (sky130_fd_sc_hd__clkbuf_16)
                                         clknet_0_CLK100MHZ (net)
                  0.05    0.00   10.15 ^ clkbuf_2_0__f_CLK100MHZ/A (sky130_fd_sc_hd__clkbuf_16)
     8    0.03    0.04    0.09   10.25 ^ clkbuf_2_0__f_CLK100MHZ/X (sky130_fd_sc_hd__clkbuf_16)
                                         clknet_2_0__leaf_CLK100MHZ (net)
                  0.04    0.00   10.25 ^ _266_/CLK (sky130_fd_sc_hd__dfrtp_2)
                         -0.25   10.00   clock uncertainty
                          0.00   10.00   clock reconvergence pessimism
                          0.12   10.12   library recovery time
                                 10.12   data required time
-----------------------------------------------------------------------------
                                 10.12   data required time
                                 -2.26   data arrival time
-----------------------------------------------------------------------------
                                  7.86   slack (MET)


Startpoint: BTNC (input port clocked by CLK100MHZ)
Endpoint: _269_ (recovery check against rising-edge clock CLK100MHZ)
Path Group: asynchronous
Path Type: max
Corner: Fastest

Fanout     Cap    Slew   Delay    Time   Description
-----------------------------------------------------------------------------
                          0.00    0.00   clock CLK100MHZ (rise edge)
                          0.00    0.00   clock network delay (propagated)
                          2.00    2.00 v input external delay
     2    0.02    0.04    0.03    2.03 v BTNC (in)
                                         BTNC (net)
                  0.04    0.00    2.03 v _214_/A (sky130_fd_sc_hd__buf_4)
    10    0.07    0.07    0.14    2.17 v _214_/X (sky130_fd_sc_hd__buf_4)
                                         _112_ (net)
                  0.07    0.01    2.18 v _240_/A (sky130_fd_sc_hd__inv_2)
     1    0.02    0.08    0.09    2.27 ^ _240_/Y (sky130_fd_sc_hd__inv_2)
                                         _048_ (net)
                  0.08    0.00    2.27 ^ _269_/RESET_B (sky130_fd_sc_hd__dfrtp_1)
                                  2.27   data arrival time

                         10.00   10.00   clock CLK100MHZ (rise edge)
                          0.00   10.00   clock source latency
     1    0.02    0.07    0.05   10.05 ^ CLK100MHZ (in)
                                         CLK100MHZ (net)
                  0.07    0.00   10.05 ^ clkbuf_0_CLK100MHZ/A (sky130_fd_sc_hd__clkbuf_16)
     4    0.04    0.05    0.10   10.15 ^ clkbuf_0_CLK100MHZ/X (sky130_fd_sc_hd__clkbuf_16)
                                         clknet_0_CLK100MHZ (net)
                  0.05    0.00   10.15 ^ clkbuf_2_2__f_CLK100MHZ/A (sky130_fd_sc_hd__clkbuf_16)
     8    0.03    0.04    0.09   10.25 ^ clkbuf_2_2__f_CLK100MHZ/X (sky130_fd_sc_hd__clkbuf_16)
                                         clknet_2_2__leaf_CLK100MHZ (net)
                  0.04    0.00   10.25 ^ _269_/CLK (sky130_fd_sc_hd__dfrtp_1)
                         -0.25   10.00   clock uncertainty
                          0.00   10.00   clock reconvergence pessimism
                          0.14   10.14   library recovery time
                                 10.14   data required time
-----------------------------------------------------------------------------
                                 10.14   data required time
                                 -2.27   data arrival time
-----------------------------------------------------------------------------
                                  7.87   slack (MET)


Startpoint: BTNC (input port clocked by CLK100MHZ)
Endpoint: _263_ (recovery check against rising-edge clock CLK100MHZ)
Path Group: asynchronous
Path Type: max
Corner: Fastest

Fanout     Cap    Slew   Delay    Time   Description
-----------------------------------------------------------------------------
                          0.00    0.00   clock CLK100MHZ (rise edge)
                          0.00    0.00   clock network delay (propagated)
                          2.00    2.00 v input external delay
     2    0.02    0.04    0.03    2.03 v BTNC (in)
                                         BTNC (net)
                  0.04    0.00    2.03 v _226_/A (sky130_fd_sc_hd__buf_4)
    10    0.09    0.08    0.15    2.18 v _226_/X (sky130_fd_sc_hd__buf_4)
                                         _114_ (net)
                  0.08    0.00    2.18 v _234_/A (sky130_fd_sc_hd__inv_2)
     1    0.01    0.06    0.08    2.26 ^ _234_/Y (sky130_fd_sc_hd__inv_2)
                                         _042_ (net)
                  0.06    0.00    2.26 ^ _263_/RESET_B (sky130_fd_sc_hd__dfrtp_1)
                                  2.26   data arrival time

                         10.00   10.00   clock CLK100MHZ (rise edge)
                          0.00   10.00   clock source latency
     1    0.02    0.07    0.05   10.05 ^ CLK100MHZ (in)
                                         CLK100MHZ (net)
                  0.07    0.00   10.05 ^ clkbuf_0_CLK100MHZ/A (sky130_fd_sc_hd__clkbuf_16)
     4    0.04    0.05    0.10   10.15 ^ clkbuf_0_CLK100MHZ/X (sky130_fd_sc_hd__clkbuf_16)
                                         clknet_0_CLK100MHZ (net)
                  0.05    0.00   10.15 ^ clkbuf_2_2__f_CLK100MHZ/A (sky130_fd_sc_hd__clkbuf_16)
     8    0.03    0.04    0.09   10.25 ^ clkbuf_2_2__f_CLK100MHZ/X (sky130_fd_sc_hd__clkbuf_16)
                                         clknet_2_2__leaf_CLK100MHZ (net)
                  0.04    0.00   10.25 ^ _263_/CLK (sky130_fd_sc_hd__dfrtp_1)
                         -0.25   10.00   clock uncertainty
                          0.00   10.00   clock reconvergence pessimism
                          0.14   10.14   library recovery time
                                 10.14   data required time
-----------------------------------------------------------------------------
                                 10.14   data required time
                                 -2.26   data arrival time
-----------------------------------------------------------------------------
                                  7.88   slack (MET)


Startpoint: BTNC (input port clocked by CLK100MHZ)
Endpoint: _257_ (recovery check against rising-edge clock CLK100MHZ)
Path Group: asynchronous
Path Type: max
Corner: Fastest

Fanout     Cap    Slew   Delay    Time   Description
-----------------------------------------------------------------------------
                          0.00    0.00   clock CLK100MHZ (rise edge)
                          0.00    0.00   clock network delay (propagated)
                          2.00    2.00 v input external delay
     2    0.02    0.04    0.03    2.03 v BTNC (in)
                                         BTNC (net)
                  0.04    0.00    2.03 v _226_/A (sky130_fd_sc_hd__buf_4)
    10    0.09    0.08    0.15    2.18 v _226_/X (sky130_fd_sc_hd__buf_4)
                                         _114_ (net)
                  0.08    0.00    2.18 v _228_/A (sky130_fd_sc_hd__inv_2)
     1    0.01    0.05    0.07    2.26 ^ _228_/Y (sky130_fd_sc_hd__inv_2)
                                         _036_ (net)
                  0.05    0.00    2.26 ^ _257_/RESET_B (sky130_fd_sc_hd__dfrtp_1)
                                  2.26   data arrival time

                         10.00   10.00   clock CLK100MHZ (rise edge)
                          0.00   10.00   clock source latency
     1    0.02    0.07    0.05   10.05 ^ CLK100MHZ (in)
                                         CLK100MHZ (net)
                  0.07    0.00   10.05 ^ clkbuf_0_CLK100MHZ/A (sky130_fd_sc_hd__clkbuf_16)
     4    0.04    0.05    0.10   10.15 ^ clkbuf_0_CLK100MHZ/X (sky130_fd_sc_hd__clkbuf_16)
                                         clknet_0_CLK100MHZ (net)
                  0.05    0.00   10.15 ^ clkbuf_2_3__f_CLK100MHZ/A (sky130_fd_sc_hd__clkbuf_16)
     8    0.03    0.04    0.09   10.24 ^ clkbuf_2_3__f_CLK100MHZ/X (sky130_fd_sc_hd__clkbuf_16)
                                         clknet_2_3__leaf_CLK100MHZ (net)
                  0.04    0.00   10.25 ^ _257_/CLK (sky130_fd_sc_hd__dfrtp_1)
                         -0.25   10.00   clock uncertainty
                          0.00   10.00   clock reconvergence pessimism
                          0.14   10.14   library recovery time
                                 10.14   data required time
-----------------------------------------------------------------------------
                                 10.14   data required time
                                 -2.26   data arrival time
-----------------------------------------------------------------------------
                                  7.88   slack (MET)


Startpoint: BTNC (input port clocked by CLK100MHZ)
Endpoint: _274_ (recovery check against rising-edge clock CLK100MHZ)
Path Group: asynchronous
Path Type: max
Corner: Fastest

Fanout     Cap    Slew   Delay    Time   Description
-----------------------------------------------------------------------------
                          0.00    0.00   clock CLK100MHZ (rise edge)
                          0.00    0.00   clock network delay (propagated)
                          2.00    2.00 v input external delay
     2    0.02    0.04    0.03    2.03 v BTNC (in)
                                         BTNC (net)
                  0.04    0.00    2.03 v _214_/A (sky130_fd_sc_hd__buf_4)
    10    0.07    0.07    0.14    2.17 v _214_/X (sky130_fd_sc_hd__buf_4)
                                         _112_ (net)
                  0.07    0.01    2.17 v _245_/A (sky130_fd_sc_hd__inv_2)
     1    0.01    0.05    0.07    2.24 ^ _245_/Y (sky130_fd_sc_hd__inv_2)
                                         _053_ (net)
                  0.05    0.00    2.24 ^ _274_/RESET_B (sky130_fd_sc_hd__dfrtp_2)
                                  2.24   data arrival time

                         10.00   10.00   clock CLK100MHZ (rise edge)
                          0.00   10.00   clock source latency
     1    0.02    0.07    0.05   10.05 ^ CLK100MHZ (in)
                                         CLK100MHZ (net)
                  0.07    0.00   10.05 ^ clkbuf_0_CLK100MHZ/A (sky130_fd_sc_hd__clkbuf_16)
     4    0.04    0.05    0.10   10.15 ^ clkbuf_0_CLK100MHZ/X (sky130_fd_sc_hd__clkbuf_16)
                                         clknet_0_CLK100MHZ (net)
                  0.05    0.00   10.15 ^ clkbuf_2_3__f_CLK100MHZ/A (sky130_fd_sc_hd__clkbuf_16)
     8    0.03    0.04    0.09   10.24 ^ clkbuf_2_3__f_CLK100MHZ/X (sky130_fd_sc_hd__clkbuf_16)
                                         clknet_2_3__leaf_CLK100MHZ (net)
                  0.04    0.00   10.25 ^ _274_/CLK (sky130_fd_sc_hd__dfrtp_2)
                         -0.25   10.00   clock uncertainty
                          0.00   10.00   clock reconvergence pessimism
                          0.13   10.13   library recovery time
                                 10.13   data required time
-----------------------------------------------------------------------------
                                 10.13   data required time
                                 -2.24   data arrival time
-----------------------------------------------------------------------------
                                  7.88   slack (MET)


Startpoint: BTNC (input port clocked by CLK100MHZ)
Endpoint: _273_ (recovery check against rising-edge clock CLK100MHZ)
Path Group: asynchronous
Path Type: max
Corner: Fastest

Fanout     Cap    Slew   Delay    Time   Description
-----------------------------------------------------------------------------
                          0.00    0.00   clock CLK100MHZ (rise edge)
                          0.00    0.00   clock network delay (propagated)
                          2.00    2.00 v input external delay
     2    0.02    0.04    0.03    2.03 v BTNC (in)
                                         BTNC (net)
                  0.04    0.00    2.03 v _214_/A (sky130_fd_sc_hd__buf_4)
    10    0.07    0.07    0.14    2.17 v _214_/X (sky130_fd_sc_hd__buf_4)
                                         _112_ (net)
                  0.07    0.01    2.18 v _244_/A (sky130_fd_sc_hd__inv_2)
     1    0.01    0.06    0.08    2.25 ^ _244_/Y (sky130_fd_sc_hd__inv_2)
                                         _052_ (net)
                  0.06    0.00    2.25 ^ _273_/RESET_B (sky130_fd_sc_hd__dfrtp_1)
                                  2.25   data arrival time

                         10.00   10.00   clock CLK100MHZ (rise edge)
                          0.00   10.00   clock source latency
     1    0.02    0.07    0.05   10.05 ^ CLK100MHZ (in)
                                         CLK100MHZ (net)
                  0.07    0.00   10.05 ^ clkbuf_0_CLK100MHZ/A (sky130_fd_sc_hd__clkbuf_16)
     4    0.04    0.05    0.10   10.15 ^ clkbuf_0_CLK100MHZ/X (sky130_fd_sc_hd__clkbuf_16)
                                         clknet_0_CLK100MHZ (net)
                  0.05    0.00   10.15 ^ clkbuf_2_3__f_CLK100MHZ/A (sky130_fd_sc_hd__clkbuf_16)
     8    0.03    0.04    0.09   10.24 ^ clkbuf_2_3__f_CLK100MHZ/X (sky130_fd_sc_hd__clkbuf_16)
                                         clknet_2_3__leaf_CLK100MHZ (net)
                  0.04    0.00   10.25 ^ _273_/CLK (sky130_fd_sc_hd__dfrtp_1)
                         -0.25   10.00   clock uncertainty
                          0.00   10.00   clock reconvergence pessimism
                          0.14   10.14   library recovery time
                                 10.14   data required time
-----------------------------------------------------------------------------
                                 10.14   data required time
                                 -2.25   data arrival time
-----------------------------------------------------------------------------
                                  7.88   slack (MET)


Startpoint: BTNC (input port clocked by CLK100MHZ)
Endpoint: _256_ (recovery check against rising-edge clock CLK100MHZ)
Path Group: asynchronous
Path Type: max
Corner: Fastest

Fanout     Cap    Slew   Delay    Time   Description
-----------------------------------------------------------------------------
                          0.00    0.00   clock CLK100MHZ (rise edge)
                          0.00    0.00   clock network delay (propagated)
                          2.00    2.00 v input external delay
     2    0.02    0.04    0.03    2.03 v BTNC (in)
                                         BTNC (net)
                  0.04    0.00    2.03 v _226_/A (sky130_fd_sc_hd__buf_4)
    10    0.09    0.08    0.15    2.18 v _226_/X (sky130_fd_sc_hd__buf_4)
                                         _114_ (net)
                  0.08    0.00    2.18 v _227_/A (sky130_fd_sc_hd__inv_2)
     1    0.01    0.04    0.06    2.24 ^ _227_/Y (sky130_fd_sc_hd__inv_2)
                                         _035_ (net)
                  0.04    0.00    2.24 ^ _256_/RESET_B (sky130_fd_sc_hd__dfrtp_4)
                                  2.24   data arrival time

                         10.00   10.00   clock CLK100MHZ (rise edge)
                          0.00   10.00   clock source latency
     1    0.02    0.07    0.05   10.05 ^ CLK100MHZ (in)
                                         CLK100MHZ (net)
                  0.07    0.00   10.05 ^ clkbuf_0_CLK100MHZ/A (sky130_fd_sc_hd__clkbuf_16)
     4    0.04    0.05    0.10   10.15 ^ clkbuf_0_CLK100MHZ/X (sky130_fd_sc_hd__clkbuf_16)
                                         clknet_0_CLK100MHZ (net)
                  0.05    0.00   10.15 ^ clkbuf_2_0__f_CLK100MHZ/A (sky130_fd_sc_hd__clkbuf_16)
     8    0.03    0.04    0.09   10.25 ^ clkbuf_2_0__f_CLK100MHZ/X (sky130_fd_sc_hd__clkbuf_16)
                                         clknet_2_0__leaf_CLK100MHZ (net)
                  0.04    0.00   10.25 ^ _256_/CLK (sky130_fd_sc_hd__dfrtp_4)
                         -0.25   10.00   clock uncertainty
                          0.00   10.00   clock reconvergence pessimism
                          0.13   10.13   library recovery time
                                 10.13   data required time
-----------------------------------------------------------------------------
                                 10.13   data required time
                                 -2.24   data arrival time
-----------------------------------------------------------------------------
                                  7.88   slack (MET)


Startpoint: BTNC (input port clocked by CLK100MHZ)
Endpoint: _264_ (recovery check against rising-edge clock CLK100MHZ)
Path Group: asynchronous
Path Type: max
Corner: Fastest

Fanout     Cap    Slew   Delay    Time   Description
-----------------------------------------------------------------------------
                          0.00    0.00   clock CLK100MHZ (rise edge)
                          0.00    0.00   clock network delay (propagated)
                          2.00    2.00 v input external delay
     2    0.02    0.04    0.03    2.03 v BTNC (in)
                                         BTNC (net)
                  0.04    0.00    2.03 v _226_/A (sky130_fd_sc_hd__buf_4)
    10    0.09    0.08    0.15    2.18 v _226_/X (sky130_fd_sc_hd__buf_4)
                                         _114_ (net)
                  0.08    0.00    2.18 v _235_/A (sky130_fd_sc_hd__inv_2)
     1    0.01    0.05    0.07    2.25 ^ _235_/Y (sky130_fd_sc_hd__inv_2)
                                         _043_ (net)
                  0.05    0.00    2.25 ^ _264_/RESET_B (sky130_fd_sc_hd__dfrtp_1)
                                  2.25   data arrival time

                         10.00   10.00   clock CLK100MHZ (rise edge)
                          0.00   10.00   clock source latency
     1    0.02    0.07    0.05   10.05 ^ CLK100MHZ (in)
                                         CLK100MHZ (net)
                  0.07    0.00   10.05 ^ clkbuf_0_CLK100MHZ/A (sky130_fd_sc_hd__clkbuf_16)
     4    0.04    0.05    0.10   10.15 ^ clkbuf_0_CLK100MHZ/X (sky130_fd_sc_hd__clkbuf_16)
                                         clknet_0_CLK100MHZ (net)
                  0.05    0.00   10.15 ^ clkbuf_2_0__f_CLK100MHZ/A (sky130_fd_sc_hd__clkbuf_16)
     8    0.03    0.04    0.09   10.25 ^ clkbuf_2_0__f_CLK100MHZ/X (sky130_fd_sc_hd__clkbuf_16)
                                         clknet_2_0__leaf_CLK100MHZ (net)
                  0.04    0.00   10.25 ^ _264_/CLK (sky130_fd_sc_hd__dfrtp_1)
                         -0.25   10.00   clock uncertainty
                          0.00   10.00   clock reconvergence pessimism
                          0.14   10.14   library recovery time
                                 10.14   data required time
-----------------------------------------------------------------------------
                                 10.14   data required time
                                 -2.25   data arrival time
-----------------------------------------------------------------------------
                                  7.88   slack (MET)


Startpoint: BTNC (input port clocked by CLK100MHZ)
Endpoint: _259_ (recovery check against rising-edge clock CLK100MHZ)
Path Group: asynchronous
Path Type: max
Corner: Fastest

Fanout     Cap    Slew   Delay    Time   Description
-----------------------------------------------------------------------------
                          0.00    0.00   clock CLK100MHZ (rise edge)
                          0.00    0.00   clock network delay (propagated)
                          2.00    2.00 v input external delay
     2    0.02    0.04    0.03    2.03 v BTNC (in)
                                         BTNC (net)
                  0.04    0.00    2.03 v _226_/A (sky130_fd_sc_hd__buf_4)
    10    0.09    0.08    0.15    2.18 v _226_/X (sky130_fd_sc_hd__buf_4)
                                         _114_ (net)
                  0.08    0.00    2.18 v _230_/A (sky130_fd_sc_hd__inv_2)
     1    0.01    0.04    0.06    2.24 ^ _230_/Y (sky130_fd_sc_hd__inv_2)
                                         _038_ (net)
                  0.04    0.00    2.24 ^ _259_/RESET_B (sky130_fd_sc_hd__dfrtp_2)
                                  2.24   data arrival time

                         10.00   10.00   clock CLK100MHZ (rise edge)
                          0.00   10.00   clock source latency
     1    0.02    0.07    0.05   10.05 ^ CLK100MHZ (in)
                                         CLK100MHZ (net)
                  0.07    0.00   10.05 ^ clkbuf_0_CLK100MHZ/A (sky130_fd_sc_hd__clkbuf_16)
     4    0.04    0.05    0.10   10.15 ^ clkbuf_0_CLK100MHZ/X (sky130_fd_sc_hd__clkbuf_16)
                                         clknet_0_CLK100MHZ (net)
                  0.05    0.00   10.15 ^ clkbuf_2_1__f_CLK100MHZ/A (sky130_fd_sc_hd__clkbuf_16)
     8    0.03    0.03    0.09   10.24 ^ clkbuf_2_1__f_CLK100MHZ/X (sky130_fd_sc_hd__clkbuf_16)
                                         clknet_2_1__leaf_CLK100MHZ (net)
                  0.03    0.00   10.24 ^ _259_/CLK (sky130_fd_sc_hd__dfrtp_2)
                         -0.25    9.99   clock uncertainty
                          0.00    9.99   clock reconvergence pessimism
                          0.13   10.13   library recovery time
                                 10.13   data required time
-----------------------------------------------------------------------------
                                 10.13   data required time
                                 -2.24   data arrival time
-----------------------------------------------------------------------------
                                  7.88   slack (MET)


Startpoint: BTNC (input port clocked by CLK100MHZ)
Endpoint: _271_ (recovery check against rising-edge clock CLK100MHZ)
Path Group: asynchronous
Path Type: max
Corner: Fastest

Fanout     Cap    Slew   Delay    Time   Description
-----------------------------------------------------------------------------
                          0.00    0.00   clock CLK100MHZ (rise edge)
                          0.00    0.00   clock network delay (propagated)
                          2.00    2.00 v input external delay
     2    0.02    0.04    0.03    2.03 v BTNC (in)
                                         BTNC (net)
                  0.04    0.00    2.03 v _214_/A (sky130_fd_sc_hd__buf_4)
    10    0.07    0.07    0.14    2.17 v _214_/X (sky130_fd_sc_hd__buf_4)
                                         _112_ (net)
                  0.07    0.01    2.18 v _242_/A (sky130_fd_sc_hd__inv_2)
     1    0.01    0.05    0.07    2.25 ^ _242_/Y (sky130_fd_sc_hd__inv_2)
                                         _050_ (net)
                  0.05    0.00    2.25 ^ _271_/RESET_B (sky130_fd_sc_hd__dfrtp_1)
                                  2.25   data arrival time

                         10.00   10.00   clock CLK100MHZ (rise edge)
                          0.00   10.00   clock source latency
     1    0.02    0.07    0.05   10.05 ^ CLK100MHZ (in)
                                         CLK100MHZ (net)
                  0.07    0.00   10.05 ^ clkbuf_0_CLK100MHZ/A (sky130_fd_sc_hd__clkbuf_16)
     4    0.04    0.05    0.10   10.15 ^ clkbuf_0_CLK100MHZ/X (sky130_fd_sc_hd__clkbuf_16)
                                         clknet_0_CLK100MHZ (net)
                  0.05    0.00   10.15 ^ clkbuf_2_0__f_CLK100MHZ/A (sky130_fd_sc_hd__clkbuf_16)
     8    0.03    0.04    0.09   10.25 ^ clkbuf_2_0__f_CLK100MHZ/X (sky130_fd_sc_hd__clkbuf_16)
                                         clknet_2_0__leaf_CLK100MHZ (net)
                  0.04    0.00   10.25 ^ _271_/CLK (sky130_fd_sc_hd__dfrtp_1)
                         -0.25   10.00   clock uncertainty
                          0.00   10.00   clock reconvergence pessimism
                          0.14   10.14   library recovery time
                                 10.14   data required time
-----------------------------------------------------------------------------
                                 10.14   data required time
                                 -2.25   data arrival time
-----------------------------------------------------------------------------
                                  7.89   slack (MET)


Startpoint: BTNC (input port clocked by CLK100MHZ)
Endpoint: _261_ (recovery check against rising-edge clock CLK100MHZ)
Path Group: asynchronous
Path Type: max
Corner: Fastest

Fanout     Cap    Slew   Delay    Time   Description
-----------------------------------------------------------------------------
                          0.00    0.00   clock CLK100MHZ (rise edge)
                          0.00    0.00   clock network delay (propagated)
                          2.00    2.00 v input external delay
     2    0.02    0.04    0.03    2.03 v BTNC (in)
                                         BTNC (net)
                  0.04    0.00    2.03 v _226_/A (sky130_fd_sc_hd__buf_4)
    10    0.09    0.08    0.15    2.18 v _226_/X (sky130_fd_sc_hd__buf_4)
                                         _114_ (net)
                  0.08    0.01    2.19 v _232_/A (sky130_fd_sc_hd__inv_2)
     1    0.01    0.04    0.06    2.25 ^ _232_/Y (sky130_fd_sc_hd__inv_2)
                                         _040_ (net)
                  0.04    0.00    2.25 ^ _261_/RESET_B (sky130_fd_sc_hd__dfrtp_1)
                                  2.25   data arrival time

                         10.00   10.00   clock CLK100MHZ (rise edge)
                          0.00   10.00   clock source latency
     1    0.02    0.07    0.05   10.05 ^ CLK100MHZ (in)
                                         CLK100MHZ (net)
                  0.07    0.00   10.05 ^ clkbuf_0_CLK100MHZ/A (sky130_fd_sc_hd__clkbuf_16)
     4    0.04    0.05    0.10   10.15 ^ clkbuf_0_CLK100MHZ/X (sky130_fd_sc_hd__clkbuf_16)
                                         clknet_0_CLK100MHZ (net)
                  0.05    0.00   10.15 ^ clkbuf_2_3__f_CLK100MHZ/A (sky130_fd_sc_hd__clkbuf_16)
     8    0.03    0.04    0.09   10.24 ^ clkbuf_2_3__f_CLK100MHZ/X (sky130_fd_sc_hd__clkbuf_16)
                                         clknet_2_3__leaf_CLK100MHZ (net)
                  0.04    0.00   10.25 ^ _261_/CLK (sky130_fd_sc_hd__dfrtp_1)
                         -0.25   10.00   clock uncertainty
                          0.00   10.00   clock reconvergence pessimism
                          0.14   10.14   library recovery time
                                 10.14   data required time
-----------------------------------------------------------------------------
                                 10.14   data required time
                                 -2.25   data arrival time
-----------------------------------------------------------------------------
                                  7.89   slack (MET)


Startpoint: BTNC (input port clocked by CLK100MHZ)
Endpoint: _268_ (recovery check against rising-edge clock CLK100MHZ)
Path Group: asynchronous
Path Type: max
Corner: Fastest

Fanout     Cap    Slew   Delay    Time   Description
-----------------------------------------------------------------------------
                          0.00    0.00   clock CLK100MHZ (rise edge)
                          0.00    0.00   clock network delay (propagated)
                          2.00    2.00 v input external delay
     2    0.02    0.04    0.03    2.03 v BTNC (in)
                                         BTNC (net)
                  0.04    0.00    2.03 v _214_/A (sky130_fd_sc_hd__buf_4)
    10    0.07    0.07    0.14    2.17 v _214_/X (sky130_fd_sc_hd__buf_4)
                                         _112_ (net)
                  0.07    0.01    2.18 v _239_/A (sky130_fd_sc_hd__inv_2)
     1    0.01    0.03    0.05    2.23 ^ _239_/Y (sky130_fd_sc_hd__inv_2)
                                         _047_ (net)
                  0.03    0.00    2.23 ^ _268_/RESET_B (sky130_fd_sc_hd__dfrtp_2)
                                  2.23   data arrival time

                         10.00   10.00   clock CLK100MHZ (rise edge)
                          0.00   10.00   clock source latency
     1    0.02    0.07    0.05   10.05 ^ CLK100MHZ (in)
                                         CLK100MHZ (net)
                  0.07    0.00   10.05 ^ clkbuf_0_CLK100MHZ/A (sky130_fd_sc_hd__clkbuf_16)
     4    0.04    0.05    0.10   10.15 ^ clkbuf_0_CLK100MHZ/X (sky130_fd_sc_hd__clkbuf_16)
                                         clknet_0_CLK100MHZ (net)
                  0.05    0.00   10.15 ^ clkbuf_2_1__f_CLK100MHZ/A (sky130_fd_sc_hd__clkbuf_16)
     8    0.03    0.03    0.09   10.24 ^ clkbuf_2_1__f_CLK100MHZ/X (sky130_fd_sc_hd__clkbuf_16)
                                         clknet_2_1__leaf_CLK100MHZ (net)
                  0.03    0.00   10.24 ^ _268_/CLK (sky130_fd_sc_hd__dfrtp_2)
                         -0.25    9.99   clock uncertainty
                          0.00    9.99   clock reconvergence pessimism
                          0.13   10.13   library recovery time
                                 10.13   data required time
-----------------------------------------------------------------------------
                                 10.13   data required time
                                 -2.23   data arrival time
-----------------------------------------------------------------------------
                                  7.89   slack (MET)


Startpoint: BTNC (input port clocked by CLK100MHZ)
Endpoint: _270_ (recovery check against rising-edge clock CLK100MHZ)
Path Group: asynchronous
Path Type: max
Corner: Fastest

Fanout     Cap    Slew   Delay    Time   Description
-----------------------------------------------------------------------------
                          0.00    0.00   clock CLK100MHZ (rise edge)
                          0.00    0.00   clock network delay (propagated)
                          2.00    2.00 v input external delay
     2    0.02    0.04    0.03    2.03 v BTNC (in)
                                         BTNC (net)
                  0.04    0.00    2.03 v _214_/A (sky130_fd_sc_hd__buf_4)
    10    0.07    0.07    0.14    2.17 v _214_/X (sky130_fd_sc_hd__buf_4)
                                         _112_ (net)
                  0.07    0.00    2.17 v _241_/A (sky130_fd_sc_hd__inv_2)
     1    0.01    0.05    0.06    2.24 ^ _241_/Y (sky130_fd_sc_hd__inv_2)
                                         _049_ (net)
                  0.05    0.00    2.24 ^ _270_/RESET_B (sky130_fd_sc_hd__dfrtp_1)
                                  2.24   data arrival time

                         10.00   10.00   clock CLK100MHZ (rise edge)
                          0.00   10.00   clock source latency
     1    0.02    0.07    0.05   10.05 ^ CLK100MHZ (in)
                                         CLK100MHZ (net)
                  0.07    0.00   10.05 ^ clkbuf_0_CLK100MHZ/A (sky130_fd_sc_hd__clkbuf_16)
     4    0.04    0.05    0.10   10.15 ^ clkbuf_0_CLK100MHZ/X (sky130_fd_sc_hd__clkbuf_16)
                                         clknet_0_CLK100MHZ (net)
                  0.05    0.00   10.15 ^ clkbuf_2_0__f_CLK100MHZ/A (sky130_fd_sc_hd__clkbuf_16)
     8    0.03    0.04    0.09   10.25 ^ clkbuf_2_0__f_CLK100MHZ/X (sky130_fd_sc_hd__clkbuf_16)
                                         clknet_2_0__leaf_CLK100MHZ (net)
                  0.04    0.00   10.25 ^ _270_/CLK (sky130_fd_sc_hd__dfrtp_1)
                         -0.25   10.00   clock uncertainty
                          0.00   10.00   clock reconvergence pessimism
                          0.14   10.14   library recovery time
                                 10.14   data required time
-----------------------------------------------------------------------------
                                 10.14   data required time
                                 -2.24   data arrival time
-----------------------------------------------------------------------------
                                  7.90   slack (MET)


Startpoint: BTNC (input port clocked by CLK100MHZ)
Endpoint: _272_ (recovery check against rising-edge clock CLK100MHZ)
Path Group: asynchronous
Path Type: max
Corner: Fastest

Fanout     Cap    Slew   Delay    Time   Description
-----------------------------------------------------------------------------
                          0.00    0.00   clock CLK100MHZ (rise edge)
                          0.00    0.00   clock network delay (propagated)
                          2.00    2.00 v input external delay
     2    0.02    0.04    0.03    2.03 v BTNC (in)
                                         BTNC (net)
                  0.04    0.00    2.03 v _214_/A (sky130_fd_sc_hd__buf_4)
    10    0.07    0.07    0.14    2.17 v _214_/X (sky130_fd_sc_hd__buf_4)
                                         _112_ (net)
                  0.07    0.01    2.18 v _243_/A (sky130_fd_sc_hd__inv_2)
     1    0.00    0.03    0.05    2.23 ^ _243_/Y (sky130_fd_sc_hd__inv_2)
                                         _051_ (net)
                  0.03    0.00    2.23 ^ _272_/RESET_B (sky130_fd_sc_hd__dfrtp_1)
                                  2.23   data arrival time

                         10.00   10.00   clock CLK100MHZ (rise edge)
                          0.00   10.00   clock source latency
     1    0.02    0.07    0.05   10.05 ^ CLK100MHZ (in)
                                         CLK100MHZ (net)
                  0.07    0.00   10.05 ^ clkbuf_0_CLK100MHZ/A (sky130_fd_sc_hd__clkbuf_16)
     4    0.04    0.05    0.10   10.15 ^ clkbuf_0_CLK100MHZ/X (sky130_fd_sc_hd__clkbuf_16)
                                         clknet_0_CLK100MHZ (net)
                  0.05    0.00   10.15 ^ clkbuf_2_1__f_CLK100MHZ/A (sky130_fd_sc_hd__clkbuf_16)
     8    0.03    0.03    0.09   10.24 ^ clkbuf_2_1__f_CLK100MHZ/X (sky130_fd_sc_hd__clkbuf_16)
                                         clknet_2_1__leaf_CLK100MHZ (net)
                  0.03    0.00   10.24 ^ _272_/CLK (sky130_fd_sc_hd__dfrtp_1)
                         -0.25    9.99   clock uncertainty
                          0.00    9.99   clock reconvergence pessimism
                          0.14   10.14   library recovery time
                                 10.14   data required time
-----------------------------------------------------------------------------
                                 10.14   data required time
                                 -2.23   data arrival time
-----------------------------------------------------------------------------
                                  7.91   slack (MET)


Startpoint: BTNC (input port clocked by CLK100MHZ)
Endpoint: _267_ (recovery check against rising-edge clock CLK100MHZ)
Path Group: asynchronous
Path Type: max
Corner: Fastest

Fanout     Cap    Slew   Delay    Time   Description
-----------------------------------------------------------------------------
                          0.00    0.00   clock CLK100MHZ (rise edge)
                          0.00    0.00   clock network delay (propagated)
                          2.00    2.00 v input external delay
     2    0.02    0.04    0.03    2.03 v BTNC (in)
                                         BTNC (net)
                  0.04    0.00    2.03 v _214_/A (sky130_fd_sc_hd__buf_4)
    10    0.07    0.07    0.14    2.17 v _214_/X (sky130_fd_sc_hd__buf_4)
                                         _112_ (net)
                  0.07    0.01    2.17 v _238_/A (sky130_fd_sc_hd__inv_2)
     1    0.00    0.03    0.05    2.22 ^ _238_/Y (sky130_fd_sc_hd__inv_2)
                                         _046_ (net)
                  0.03    0.00    2.22 ^ _267_/RESET_B (sky130_fd_sc_hd__dfrtp_1)
                                  2.22   data arrival time

                         10.00   10.00   clock CLK100MHZ (rise edge)
                          0.00   10.00   clock source latency
     1    0.02    0.07    0.05   10.05 ^ CLK100MHZ (in)
                                         CLK100MHZ (net)
                  0.07    0.00   10.05 ^ clkbuf_0_CLK100MHZ/A (sky130_fd_sc_hd__clkbuf_16)
     4    0.04    0.05    0.10   10.15 ^ clkbuf_0_CLK100MHZ/X (sky130_fd_sc_hd__clkbuf_16)
                                         clknet_0_CLK100MHZ (net)
                  0.05    0.00   10.15 ^ clkbuf_2_3__f_CLK100MHZ/A (sky130_fd_sc_hd__clkbuf_16)
     8    0.03    0.04    0.09   10.24 ^ clkbuf_2_3__f_CLK100MHZ/X (sky130_fd_sc_hd__clkbuf_16)
                                         clknet_2_3__leaf_CLK100MHZ (net)
                  0.04    0.00   10.25 ^ _267_/CLK (sky130_fd_sc_hd__dfrtp_1)
                         -0.25   10.00   clock uncertainty
                          0.00   10.00   clock reconvergence pessimism
                          0.15   10.14   library recovery time
                                 10.14   data required time
-----------------------------------------------------------------------------
                                 10.14   data required time
                                 -2.22   data arrival time
-----------------------------------------------------------------------------
                                  7.92   slack (MET)


Startpoint: _260_ (rising edge-triggered flip-flop clocked by CLK100MHZ)
Endpoint: _271_ (rising edge-triggered flip-flop clocked by CLK100MHZ)
Path Group: CLK100MHZ
Path Type: max
Corner: Fastest

Fanout     Cap    Slew   Delay    Time   Description
-----------------------------------------------------------------------------
                          0.00    0.00   clock CLK100MHZ (rise edge)
                          0.00    0.00   clock source latency
     1    0.02    0.07    0.05    0.05 ^ CLK100MHZ (in)
                                         CLK100MHZ (net)
                  0.07    0.00    0.05 ^ clkbuf_0_CLK100MHZ/A (sky130_fd_sc_hd__clkbuf_16)
     4    0.04    0.05    0.12    0.17 ^ clkbuf_0_CLK100MHZ/X (sky130_fd_sc_hd__clkbuf_16)
                                         clknet_0_CLK100MHZ (net)
                  0.05    0.00    0.17 ^ clkbuf_2_1__f_CLK100MHZ/A (sky130_fd_sc_hd__clkbuf_16)
     8    0.03    0.03    0.10    0.27 ^ clkbuf_2_1__f_CLK100MHZ/X (sky130_fd_sc_hd__clkbuf_16)
                                         clknet_2_1__leaf_CLK100MHZ (net)
                  0.03    0.00    0.27 ^ _260_/CLK (sky130_fd_sc_hd__dfrtp_1)
     3    0.03    0.21    0.34    0.61 ^ _260_/Q (sky130_fd_sc_hd__dfrtp_1)
                                         decoder.delay[10] (net)
                  0.21    0.00    0.61 ^ _124_/D (sky130_fd_sc_hd__and4_1)
     4    0.03    0.22    0.28    0.89 ^ _124_/X (sky130_fd_sc_hd__and4_1)
                                         _119_ (net)
                  0.22    0.00    0.90 ^ _128_/A (sky130_fd_sc_hd__and4_2)
     7    0.05    0.19    0.29    1.19 ^ _128_/X (sky130_fd_sc_hd__and4_2)
                                         _061_ (net)
                  0.19    0.00    1.19 ^ _134_/A (sky130_fd_sc_hd__clkbuf_4)
    10    0.06    0.15    0.22    1.41 ^ _134_/X (sky130_fd_sc_hd__clkbuf_4)
                                         _066_ (net)
                  0.15    0.01    1.42 ^ _146_/C (sky130_fd_sc_hd__and3_1)
     2    0.02    0.14    0.19    1.61 ^ _146_/X (sky130_fd_sc_hd__and3_1)
                                         _074_ (net)
                  0.14    0.00    1.61 ^ _147_/B1_N (sky130_fd_sc_hd__o21ba_1)
     1    0.02    0.07    0.15    1.76 v _147_/X (sky130_fd_sc_hd__o21ba_1)
                                         _013_ (net)
                  0.07    0.00    1.76 v _271_/D (sky130_fd_sc_hd__dfrtp_1)
                                  1.76   data arrival time

                         10.00   10.00   clock CLK100MHZ (rise edge)
                          0.00   10.00   clock source latency
     1    0.02    0.07    0.05   10.05 ^ CLK100MHZ (in)
                                         CLK100MHZ (net)
                  0.07    0.00   10.05 ^ clkbuf_0_CLK100MHZ/A (sky130_fd_sc_hd__clkbuf_16)
     4    0.04    0.05    0.10   10.15 ^ clkbuf_0_CLK100MHZ/X (sky130_fd_sc_hd__clkbuf_16)
                                         clknet_0_CLK100MHZ (net)
                  0.05    0.00   10.15 ^ clkbuf_2_0__f_CLK100MHZ/A (sky130_fd_sc_hd__clkbuf_16)
     8    0.03    0.04    0.09   10.25 ^ clkbuf_2_0__f_CLK100MHZ/X (sky130_fd_sc_hd__clkbuf_16)
                                         clknet_2_0__leaf_CLK100MHZ (net)
                  0.04    0.00   10.25 ^ _271_/CLK (sky130_fd_sc_hd__dfrtp_1)
                         -0.25   10.00   clock uncertainty
                          0.02   10.01   clock reconvergence pessimism
                         -0.09    9.93   library setup time
                                  9.93   data required time
-----------------------------------------------------------------------------
                                  9.93   data required time
                                 -1.76   data arrival time
-----------------------------------------------------------------------------
                                  8.16   slack (MET)


Startpoint: _260_ (rising edge-triggered flip-flop clocked by CLK100MHZ)
Endpoint: _246_ (rising edge-triggered flip-flop clocked by CLK100MHZ)
Path Group: CLK100MHZ
Path Type: max
Corner: Fastest

Fanout     Cap    Slew   Delay    Time   Description
-----------------------------------------------------------------------------
                          0.00    0.00   clock CLK100MHZ (rise edge)
                          0.00    0.00   clock source latency
     1    0.02    0.07    0.05    0.05 ^ CLK100MHZ (in)
                                         CLK100MHZ (net)
                  0.07    0.00    0.05 ^ clkbuf_0_CLK100MHZ/A (sky130_fd_sc_hd__clkbuf_16)
     4    0.04    0.05    0.12    0.17 ^ clkbuf_0_CLK100MHZ/X (sky130_fd_sc_hd__clkbuf_16)
                                         clknet_0_CLK100MHZ (net)
                  0.05    0.00    0.17 ^ clkbuf_2_1__f_CLK100MHZ/A (sky130_fd_sc_hd__clkbuf_16)
     8    0.03    0.03    0.10    0.27 ^ clkbuf_2_1__f_CLK100MHZ/X (sky130_fd_sc_hd__clkbuf_16)
                                         clknet_2_1__leaf_CLK100MHZ (net)
                  0.03    0.00    0.27 ^ _260_/CLK (sky130_fd_sc_hd__dfrtp_1)
     3    0.03    0.21    0.34    0.61 ^ _260_/Q (sky130_fd_sc_hd__dfrtp_1)
                                         decoder.delay[10] (net)
                  0.21    0.00    0.61 ^ _124_/D (sky130_fd_sc_hd__and4_1)
     4    0.03    0.22    0.28    0.89 ^ _124_/X (sky130_fd_sc_hd__and4_1)
                                         _119_ (net)
                  0.22    0.00    0.90 ^ _128_/A (sky130_fd_sc_hd__and4_2)
     7    0.05    0.19    0.29    1.19 ^ _128_/X (sky130_fd_sc_hd__and4_2)
                                         _061_ (net)
                  0.19    0.00    1.19 ^ _134_/A (sky130_fd_sc_hd__clkbuf_4)
    10    0.06    0.15    0.22    1.41 ^ _134_/X (sky130_fd_sc_hd__clkbuf_4)
                                         _066_ (net)
                  0.15    0.01    1.42 ^ _135_/B (sky130_fd_sc_hd__nand4b_2)
     2    0.03    0.14    0.15    1.57 v _135_/Y (sky130_fd_sc_hd__nand4b_2)
                                         _067_ (net)
                  0.14    0.00    1.57 v _142_/A2 (sky130_fd_sc_hd__a21oi_1)
     1    0.01    0.18    0.22    1.79 ^ _142_/Y (sky130_fd_sc_hd__a21oi_1)
                                         _054_ (net)
                  0.18    0.00    1.79 ^ _246_/D (sky130_fd_sc_hd__dfrtp_4)
                                  1.79   data arrival time

                         10.00   10.00   clock CLK100MHZ (rise edge)
                          0.00   10.00   clock source latency
     1    0.02    0.07    0.05   10.05 ^ CLK100MHZ (in)
                                         CLK100MHZ (net)
                  0.07    0.00   10.05 ^ clkbuf_0_CLK100MHZ/A (sky130_fd_sc_hd__clkbuf_16)
     4    0.04    0.05    0.10   10.15 ^ clkbuf_0_CLK100MHZ/X (sky130_fd_sc_hd__clkbuf_16)
                                         clknet_0_CLK100MHZ (net)
                  0.05    0.00   10.15 ^ clkbuf_2_1__f_CLK100MHZ/A (sky130_fd_sc_hd__clkbuf_16)
     8    0.03    0.03    0.09   10.24 ^ clkbuf_2_1__f_CLK100MHZ/X (sky130_fd_sc_hd__clkbuf_16)
                                         clknet_2_1__leaf_CLK100MHZ (net)
                  0.03    0.00   10.24 ^ _246_/CLK (sky130_fd_sc_hd__dfrtp_4)
                         -0.25    9.99   clock uncertainty
                          0.03   10.02   clock reconvergence pessimism
                         -0.05    9.97   library setup time
                                  9.97   data required time
-----------------------------------------------------------------------------
                                  9.97   data required time
                                 -1.79   data arrival time
-----------------------------------------------------------------------------
                                  8.18   slack (MET)


Startpoint: _252_ (rising edge-triggered flip-flop clocked by CLK100MHZ)
Endpoint: _261_ (rising edge-triggered flip-flop clocked by CLK100MHZ)
Path Group: CLK100MHZ
Path Type: max
Corner: Fastest

Fanout     Cap    Slew   Delay    Time   Description
-----------------------------------------------------------------------------
                          0.00    0.00   clock CLK100MHZ (rise edge)
                          0.00    0.00   clock source latency
     1    0.02    0.07    0.05    0.05 ^ CLK100MHZ (in)
                                         CLK100MHZ (net)
                  0.07    0.00    0.05 ^ clkbuf_0_CLK100MHZ/A (sky130_fd_sc_hd__clkbuf_16)
     4    0.04    0.05    0.12    0.17 ^ clkbuf_0_CLK100MHZ/X (sky130_fd_sc_hd__clkbuf_16)
                                         clknet_0_CLK100MHZ (net)
                  0.05    0.00    0.17 ^ clkbuf_2_2__f_CLK100MHZ/A (sky130_fd_sc_hd__clkbuf_16)
     8    0.03    0.04    0.10    0.27 ^ clkbuf_2_2__f_CLK100MHZ/X (sky130_fd_sc_hd__clkbuf_16)
                                         clknet_2_2__leaf_CLK100MHZ (net)
                  0.04    0.00    0.28 ^ _252_/CLK (sky130_fd_sc_hd__dfrtp_2)
     3    0.04    0.09    0.32    0.60 v _252_/Q (sky130_fd_sc_hd__dfrtp_2)
                                         decoder.delay[2] (net)
                  0.09    0.00    0.60 v _126_/C (sky130_fd_sc_hd__and4_2)
     6    0.04    0.09    0.23    0.83 v _126_/X (sky130_fd_sc_hd__and4_2)
                                         _059_ (net)
                  0.09    0.00    0.83 v _182_/B (sky130_fd_sc_hd__and3_1)
     2    0.01    0.06    0.16    0.99 v _182_/X (sky130_fd_sc_hd__and3_1)
                                         _093_ (net)
                  0.06    0.00    1.00 v _183_/A (sky130_fd_sc_hd__buf_2)
    10    0.06    0.10    0.16    1.16 v _183_/X (sky130_fd_sc_hd__buf_2)
                                         _094_ (net)
                  0.10    0.00    1.16 v _195_/A2 (sky130_fd_sc_hd__a21oi_1)
     1    0.02    0.29    0.29    1.45 ^ _195_/Y (sky130_fd_sc_hd__a21oi_1)
                                         _102_ (net)
                  0.29    0.00    1.45 ^ _197_/A_N (sky130_fd_sc_hd__and2b_1)
     1    0.01    0.05    0.16    1.61 v _197_/X (sky130_fd_sc_hd__and2b_1)
                                         _104_ (net)
                  0.05    0.00    1.61 v _198_/A (sky130_fd_sc_hd__buf_1)
     2    0.02    0.08    0.12    1.73 v _198_/X (sky130_fd_sc_hd__buf_1)
                                         _002_ (net)
                  0.08    0.00    1.73 v _261_/D (sky130_fd_sc_hd__dfrtp_1)
                                  1.73   data arrival time

                         10.00   10.00   clock CLK100MHZ (rise edge)
                          0.00   10.00   clock source latency
     1    0.02    0.07    0.05   10.05 ^ CLK100MHZ (in)
                                         CLK100MHZ (net)
                  0.07    0.00   10.05 ^ clkbuf_0_CLK100MHZ/A (sky130_fd_sc_hd__clkbuf_16)
     4    0.04    0.05    0.10   10.15 ^ clkbuf_0_CLK100MHZ/X (sky130_fd_sc_hd__clkbuf_16)
                                         clknet_0_CLK100MHZ (net)
                  0.05    0.00   10.15 ^ clkbuf_2_3__f_CLK100MHZ/A (sky130_fd_sc_hd__clkbuf_16)
     8    0.03    0.04    0.09   10.24 ^ clkbuf_2_3__f_CLK100MHZ/X (sky130_fd_sc_hd__clkbuf_16)
                                         clknet_2_3__leaf_CLK100MHZ (net)
                  0.04    0.00   10.25 ^ _261_/CLK (sky130_fd_sc_hd__dfrtp_1)
                         -0.25   10.00   clock uncertainty
                          0.02   10.01   clock reconvergence pessimism
                         -0.09    9.92   library setup time
                                  9.92   data required time
-----------------------------------------------------------------------------
                                  9.92   data required time
                                 -1.73   data arrival time
-----------------------------------------------------------------------------
                                  8.19   slack (MET)


Startpoint: _260_ (rising edge-triggered flip-flop clocked by CLK100MHZ)
Endpoint: _248_ (rising edge-triggered flip-flop clocked by CLK100MHZ)
Path Group: CLK100MHZ
Path Type: max
Corner: Fastest

Fanout     Cap    Slew   Delay    Time   Description
-----------------------------------------------------------------------------
                          0.00    0.00   clock CLK100MHZ (rise edge)
                          0.00    0.00   clock source latency
     1    0.02    0.07    0.05    0.05 ^ CLK100MHZ (in)
                                         CLK100MHZ (net)
                  0.07    0.00    0.05 ^ clkbuf_0_CLK100MHZ/A (sky130_fd_sc_hd__clkbuf_16)
     4    0.04    0.05    0.12    0.17 ^ clkbuf_0_CLK100MHZ/X (sky130_fd_sc_hd__clkbuf_16)
                                         clknet_0_CLK100MHZ (net)
                  0.05    0.00    0.17 ^ clkbuf_2_1__f_CLK100MHZ/A (sky130_fd_sc_hd__clkbuf_16)
     8    0.03    0.03    0.10    0.27 ^ clkbuf_2_1__f_CLK100MHZ/X (sky130_fd_sc_hd__clkbuf_16)
                                         clknet_2_1__leaf_CLK100MHZ (net)
                  0.03    0.00    0.27 ^ _260_/CLK (sky130_fd_sc_hd__dfrtp_1)
     3    0.03    0.21    0.34    0.61 ^ _260_/Q (sky130_fd_sc_hd__dfrtp_1)
                                         decoder.delay[10] (net)
                  0.21    0.00    0.61 ^ _124_/D (sky130_fd_sc_hd__and4_1)
     4    0.03    0.22    0.28    0.89 ^ _124_/X (sky130_fd_sc_hd__and4_1)
                                         _119_ (net)
                  0.22    0.00    0.90 ^ _128_/A (sky130_fd_sc_hd__and4_2)
     7    0.05    0.19    0.29    1.19 ^ _128_/X (sky130_fd_sc_hd__and4_2)
                                         _061_ (net)
                  0.19    0.00    1.19 ^ _134_/A (sky130_fd_sc_hd__clkbuf_4)
    10    0.06    0.15    0.22    1.41 ^ _134_/X (sky130_fd_sc_hd__clkbuf_4)
                                         _066_ (net)
                  0.15    0.01    1.42 ^ _135_/B (sky130_fd_sc_hd__nand4b_2)
     2    0.03    0.14    0.15    1.57 v _135_/Y (sky130_fd_sc_hd__nand4b_2)
                                         _067_ (net)
                  0.14    0.00    1.57 v _138_/A3 (sky130_fd_sc_hd__o31ai_1)
     1    0.00    0.15    0.18    1.76 ^ _138_/Y (sky130_fd_sc_hd__o31ai_1)
                                         _056_ (net)
                  0.15    0.00    1.76 ^ _248_/D (sky130_fd_sc_hd__dfrtp_4)
                                  1.76   data arrival time

                         10.00   10.00   clock CLK100MHZ (rise edge)
                          0.00   10.00   clock source latency
     1    0.02    0.07    0.05   10.05 ^ CLK100MHZ (in)
                                         CLK100MHZ (net)
                  0.07    0.00   10.05 ^ clkbuf_0_CLK100MHZ/A (sky130_fd_sc_hd__clkbuf_16)
     4    0.04    0.05    0.10   10.15 ^ clkbuf_0_CLK100MHZ/X (sky130_fd_sc_hd__clkbuf_16)
                                         clknet_0_CLK100MHZ (net)
                  0.05    0.00   10.15 ^ clkbuf_2_0__f_CLK100MHZ/A (sky130_fd_sc_hd__clkbuf_16)
     8    0.03    0.04    0.09   10.25 ^ clkbuf_2_0__f_CLK100MHZ/X (sky130_fd_sc_hd__clkbuf_16)
                                         clknet_2_0__leaf_CLK100MHZ (net)
                  0.04    0.00   10.25 ^ _248_/CLK (sky130_fd_sc_hd__dfrtp_4)
                         -0.25   10.00   clock uncertainty
                          0.02   10.01   clock reconvergence pessimism
                         -0.05    9.96   library setup time
                                  9.96   data required time
-----------------------------------------------------------------------------
                                  9.96   data required time
                                 -1.76   data arrival time
-----------------------------------------------------------------------------
                                  8.21   slack (MET)


Startpoint: _260_ (rising edge-triggered flip-flop clocked by CLK100MHZ)
Endpoint: _270_ (rising edge-triggered flip-flop clocked by CLK100MHZ)
Path Group: CLK100MHZ
Path Type: max
Corner: Fastest

Fanout     Cap    Slew   Delay    Time   Description
-----------------------------------------------------------------------------
                          0.00    0.00   clock CLK100MHZ (rise edge)
                          0.00    0.00   clock source latency
     1    0.02    0.07    0.05    0.05 ^ CLK100MHZ (in)
                                         CLK100MHZ (net)
                  0.07    0.00    0.05 ^ clkbuf_0_CLK100MHZ/A (sky130_fd_sc_hd__clkbuf_16)
     4    0.04    0.05    0.12    0.17 ^ clkbuf_0_CLK100MHZ/X (sky130_fd_sc_hd__clkbuf_16)
                                         clknet_0_CLK100MHZ (net)
                  0.05    0.00    0.17 ^ clkbuf_2_1__f_CLK100MHZ/A (sky130_fd_sc_hd__clkbuf_16)
     8    0.03    0.03    0.10    0.27 ^ clkbuf_2_1__f_CLK100MHZ/X (sky130_fd_sc_hd__clkbuf_16)
                                         clknet_2_1__leaf_CLK100MHZ (net)
                  0.03    0.00    0.27 ^ _260_/CLK (sky130_fd_sc_hd__dfrtp_1)
     3    0.03    0.21    0.34    0.61 ^ _260_/Q (sky130_fd_sc_hd__dfrtp_1)
                                         decoder.delay[10] (net)
                  0.21    0.00    0.61 ^ _124_/D (sky130_fd_sc_hd__and4_1)
     4    0.03    0.22    0.28    0.89 ^ _124_/X (sky130_fd_sc_hd__and4_1)
                                         _119_ (net)
                  0.22    0.00    0.90 ^ _128_/A (sky130_fd_sc_hd__and4_2)
     7    0.05    0.19    0.29    1.19 ^ _128_/X (sky130_fd_sc_hd__and4_2)
                                         _061_ (net)
                  0.19    0.00    1.19 ^ _134_/A (sky130_fd_sc_hd__clkbuf_4)
    10    0.06    0.15    0.22    1.41 ^ _134_/X (sky130_fd_sc_hd__clkbuf_4)
                                         _066_ (net)
                  0.15    0.00    1.41 ^ _144_/C (sky130_fd_sc_hd__and3_1)
     2    0.02    0.17    0.22    1.63 ^ _144_/X (sky130_fd_sc_hd__and3_1)
                                         _073_ (net)
                  0.17    0.00    1.63 ^ _145_/B (sky130_fd_sc_hd__nor2_1)
     1    0.01    0.06    0.06    1.70 v _145_/Y (sky130_fd_sc_hd__nor2_1)
                                         _012_ (net)
                  0.06    0.00    1.70 v _270_/D (sky130_fd_sc_hd__dfrtp_1)
                                  1.70   data arrival time

                         10.00   10.00   clock CLK100MHZ (rise edge)
                          0.00   10.00   clock source latency
     1    0.02    0.07    0.05   10.05 ^ CLK100MHZ (in)
                                         CLK100MHZ (net)
                  0.07    0.00   10.05 ^ clkbuf_0_CLK100MHZ/A (sky130_fd_sc_hd__clkbuf_16)
     4    0.04    0.05    0.10   10.15 ^ clkbuf_0_CLK100MHZ/X (sky130_fd_sc_hd__clkbuf_16)
                                         clknet_0_CLK100MHZ (net)
                  0.05    0.00   10.15 ^ clkbuf_2_0__f_CLK100MHZ/A (sky130_fd_sc_hd__clkbuf_16)
     8    0.03    0.04    0.09   10.25 ^ clkbuf_2_0__f_CLK100MHZ/X (sky130_fd_sc_hd__clkbuf_16)
                                         clknet_2_0__leaf_CLK100MHZ (net)
                  0.04    0.00   10.25 ^ _270_/CLK (sky130_fd_sc_hd__dfrtp_1)
                         -0.25   10.00   clock uncertainty
                          0.02   10.01   clock reconvergence pessimism
                         -0.08    9.93   library setup time
                                  9.93   data required time
-----------------------------------------------------------------------------
                                  9.93   data required time
                                 -1.70   data arrival time
-----------------------------------------------------------------------------
                                  8.23   slack (MET)


Startpoint: _260_ (rising edge-triggered flip-flop clocked by CLK100MHZ)
Endpoint: _272_ (rising edge-triggered flip-flop clocked by CLK100MHZ)
Path Group: CLK100MHZ
Path Type: max
Corner: Fastest

Fanout     Cap    Slew   Delay    Time   Description
-----------------------------------------------------------------------------
                          0.00    0.00   clock CLK100MHZ (rise edge)
                          0.00    0.00   clock source latency
     1    0.02    0.07    0.05    0.05 ^ CLK100MHZ (in)
                                         CLK100MHZ (net)
                  0.07    0.00    0.05 ^ clkbuf_0_CLK100MHZ/A (sky130_fd_sc_hd__clkbuf_16)
     4    0.04    0.05    0.12    0.17 ^ clkbuf_0_CLK100MHZ/X (sky130_fd_sc_hd__clkbuf_16)
                                         clknet_0_CLK100MHZ (net)
                  0.05    0.00    0.17 ^ clkbuf_2_1__f_CLK100MHZ/A (sky130_fd_sc_hd__clkbuf_16)
     8    0.03    0.03    0.10    0.27 ^ clkbuf_2_1__f_CLK100MHZ/X (sky130_fd_sc_hd__clkbuf_16)
                                         clknet_2_1__leaf_CLK100MHZ (net)
                  0.03    0.00    0.27 ^ _260_/CLK (sky130_fd_sc_hd__dfrtp_1)
     3    0.03    0.21    0.34    0.61 ^ _260_/Q (sky130_fd_sc_hd__dfrtp_1)
                                         decoder.delay[10] (net)
                  0.21    0.00    0.61 ^ _124_/D (sky130_fd_sc_hd__and4_1)
     4    0.03    0.22    0.28    0.89 ^ _124_/X (sky130_fd_sc_hd__and4_1)
                                         _119_ (net)
                  0.22    0.00    0.90 ^ _128_/A (sky130_fd_sc_hd__and4_2)
     7    0.05    0.19    0.29    1.19 ^ _128_/X (sky130_fd_sc_hd__and4_2)
                                         _061_ (net)
                  0.19    0.00    1.19 ^ _134_/A (sky130_fd_sc_hd__clkbuf_4)
    10    0.06    0.15    0.22    1.41 ^ _134_/X (sky130_fd_sc_hd__clkbuf_4)
                                         _066_ (net)
                  0.15    0.01    1.42 ^ _146_/C (sky130_fd_sc_hd__and3_1)
     2    0.02    0.14    0.19    1.61 ^ _146_/X (sky130_fd_sc_hd__and3_1)
                                         _074_ (net)
                  0.14    0.00    1.61 ^ _149_/B1 (sky130_fd_sc_hd__o2bb2a_1)
     1    0.00    0.04    0.12    1.73 ^ _149_/X (sky130_fd_sc_hd__o2bb2a_1)
                                         _014_ (net)
                  0.04    0.00    1.73 ^ _272_/D (sky130_fd_sc_hd__dfrtp_1)
                                  1.73   data arrival time

                         10.00   10.00   clock CLK100MHZ (rise edge)
                          0.00   10.00   clock source latency
     1    0.02    0.07    0.05   10.05 ^ CLK100MHZ (in)
                                         CLK100MHZ (net)
                  0.07    0.00   10.05 ^ clkbuf_0_CLK100MHZ/A (sky130_fd_sc_hd__clkbuf_16)
     4    0.04    0.05    0.10   10.15 ^ clkbuf_0_CLK100MHZ/X (sky130_fd_sc_hd__clkbuf_16)
                                         clknet_0_CLK100MHZ (net)
                  0.05    0.00   10.15 ^ clkbuf_2_1__f_CLK100MHZ/A (sky130_fd_sc_hd__clkbuf_16)
     8    0.03    0.03    0.09   10.24 ^ clkbuf_2_1__f_CLK100MHZ/X (sky130_fd_sc_hd__clkbuf_16)
                                         clknet_2_1__leaf_CLK100MHZ (net)
                  0.03    0.00   10.24 ^ _272_/CLK (sky130_fd_sc_hd__dfrtp_1)
                         -0.25    9.99   clock uncertainty
                          0.03   10.02   clock reconvergence pessimism
                         -0.03    9.98   library setup time
                                  9.98   data required time
-----------------------------------------------------------------------------
                                  9.98   data required time
                                 -1.73   data arrival time
-----------------------------------------------------------------------------
                                  8.25   slack (MET)


Startpoint: _250_ (rising edge-triggered flip-flop clocked by CLK100MHZ)
Endpoint: _258_ (rising edge-triggered flip-flop clocked by CLK100MHZ)
Path Group: CLK100MHZ
Path Type: max
Corner: Fastest

Fanout     Cap    Slew   Delay    Time   Description
-----------------------------------------------------------------------------
                          0.00    0.00   clock CLK100MHZ (rise edge)
                          0.00    0.00   clock source latency
     1    0.02    0.07    0.05    0.05 ^ CLK100MHZ (in)
                                         CLK100MHZ (net)
                  0.07    0.00    0.05 ^ clkbuf_0_CLK100MHZ/A (sky130_fd_sc_hd__clkbuf_16)
     4    0.04    0.05    0.12    0.17 ^ clkbuf_0_CLK100MHZ/X (sky130_fd_sc_hd__clkbuf_16)
                                         clknet_0_CLK100MHZ (net)
                  0.05    0.00    0.17 ^ clkbuf_2_2__f_CLK100MHZ/A (sky130_fd_sc_hd__clkbuf_16)
     8    0.03    0.04    0.10    0.27 ^ clkbuf_2_2__f_CLK100MHZ/X (sky130_fd_sc_hd__clkbuf_16)
                                         clknet_2_2__leaf_CLK100MHZ (net)
                  0.04    0.00    0.27 ^ _250_/CLK (sky130_fd_sc_hd__dfrtp_2)
     5    0.04    0.16    0.33    0.61 ^ _250_/Q (sky130_fd_sc_hd__dfrtp_2)
                                         decoder.delay[0] (net)
                  0.16    0.00    0.61 ^ _126_/B (sky130_fd_sc_hd__and4_2)
     6    0.04    0.16    0.26    0.87 ^ _126_/X (sky130_fd_sc_hd__and4_2)
                                         _059_ (net)
                  0.16    0.00    0.87 ^ _182_/B (sky130_fd_sc_hd__and3_1)
     2    0.01    0.11    0.17    1.04 ^ _182_/X (sky130_fd_sc_hd__and3_1)
                                         _093_ (net)
                  0.11    0.00    1.05 ^ _183_/A (sky130_fd_sc_hd__buf_2)
    10    0.06    0.22    0.23    1.27 ^ _183_/X (sky130_fd_sc_hd__buf_2)
                                         _094_ (net)
                  0.22    0.00    1.28 ^ _188_/B (sky130_fd_sc_hd__nand2_1)
     2    0.02    0.12    0.14    1.41 v _188_/Y (sky130_fd_sc_hd__nand2_1)
                                         _098_ (net)
                  0.12    0.00    1.41 v _189_/B (sky130_fd_sc_hd__and2b_1)
     1    0.01    0.03    0.15    1.56 v _189_/X (sky130_fd_sc_hd__and2b_1)
                                         _099_ (net)
                  0.03    0.00    1.57 v _190_/A (sky130_fd_sc_hd__buf_1)
     1    0.02    0.07    0.10    1.67 v _190_/X (sky130_fd_sc_hd__buf_1)
                                         _023_ (net)
                  0.07    0.00    1.67 v _258_/D (sky130_fd_sc_hd__dfrtp_4)
                                  1.67   data arrival time

                         10.00   10.00   clock CLK100MHZ (rise edge)
                          0.00   10.00   clock source latency
     1    0.02    0.07    0.05   10.05 ^ CLK100MHZ (in)
                                         CLK100MHZ (net)
                  0.07    0.00   10.05 ^ clkbuf_0_CLK100MHZ/A (sky130_fd_sc_hd__clkbuf_16)
     4    0.04    0.05    0.10   10.15 ^ clkbuf_0_CLK100MHZ/X (sky130_fd_sc_hd__clkbuf_16)
                                         clknet_0_CLK100MHZ (net)
                  0.05    0.00   10.15 ^ clkbuf_2_3__f_CLK100MHZ/A (sky130_fd_sc_hd__clkbuf_16)
     8    0.03    0.04    0.09   10.24 ^ clkbuf_2_3__f_CLK100MHZ/X (sky130_fd_sc_hd__clkbuf_16)
                                         clknet_2_3__leaf_CLK100MHZ (net)
                  0.04    0.00   10.25 ^ _258_/CLK (sky130_fd_sc_hd__dfrtp_4)
                         -0.25   10.00   clock uncertainty
                          0.02   10.01   clock reconvergence pessimism
                         -0.08    9.93   library setup time
                                  9.93   data required time
-----------------------------------------------------------------------------
                                  9.93   data required time
                                 -1.67   data arrival time
-----------------------------------------------------------------------------
                                  8.26   slack (MET)


Startpoint: _260_ (rising edge-triggered flip-flop clocked by CLK100MHZ)
Endpoint: _249_ (rising edge-triggered flip-flop clocked by CLK100MHZ)
Path Group: CLK100MHZ
Path Type: max
Corner: Fastest

Fanout     Cap    Slew   Delay    Time   Description
-----------------------------------------------------------------------------
                          0.00    0.00   clock CLK100MHZ (rise edge)
                          0.00    0.00   clock source latency
     1    0.02    0.07    0.05    0.05 ^ CLK100MHZ (in)
                                         CLK100MHZ (net)
                  0.07    0.00    0.05 ^ clkbuf_0_CLK100MHZ/A (sky130_fd_sc_hd__clkbuf_16)
     4    0.04    0.05    0.12    0.17 ^ clkbuf_0_CLK100MHZ/X (sky130_fd_sc_hd__clkbuf_16)
                                         clknet_0_CLK100MHZ (net)
                  0.05    0.00    0.17 ^ clkbuf_2_1__f_CLK100MHZ/A (sky130_fd_sc_hd__clkbuf_16)
     8    0.03    0.03    0.10    0.27 ^ clkbuf_2_1__f_CLK100MHZ/X (sky130_fd_sc_hd__clkbuf_16)
                                         clknet_2_1__leaf_CLK100MHZ (net)
                  0.03    0.00    0.27 ^ _260_/CLK (sky130_fd_sc_hd__dfrtp_1)
     3    0.03    0.21    0.34    0.61 ^ _260_/Q (sky130_fd_sc_hd__dfrtp_1)
                                         decoder.delay[10] (net)
                  0.21    0.00    0.61 ^ _124_/D (sky130_fd_sc_hd__and4_1)
     4    0.03    0.22    0.28    0.89 ^ _124_/X (sky130_fd_sc_hd__and4_1)
                                         _119_ (net)
                  0.22    0.00    0.90 ^ _128_/A (sky130_fd_sc_hd__and4_2)
     7    0.05    0.19    0.29    1.19 ^ _128_/X (sky130_fd_sc_hd__and4_2)
                                         _061_ (net)
                  0.19    0.00    1.19 ^ _129_/D (sky130_fd_sc_hd__and4_1)
     1    0.02    0.17    0.24    1.43 ^ _129_/X (sky130_fd_sc_hd__and4_1)
                                         _062_ (net)
                  0.17    0.00    1.43 ^ _130_/B (sky130_fd_sc_hd__xor2_1)
     1    0.02    0.26    0.24    1.67 ^ _130_/X (sky130_fd_sc_hd__xor2_1)
                                         _057_ (net)
                  0.26    0.00    1.67 ^ _249_/D (sky130_fd_sc_hd__dfrtp_4)
                                  1.67   data arrival time

                         10.00   10.00   clock CLK100MHZ (rise edge)
                          0.00   10.00   clock source latency
     1    0.02    0.07    0.05   10.05 ^ CLK100MHZ (in)
                                         CLK100MHZ (net)
                  0.07    0.00   10.05 ^ clkbuf_0_CLK100MHZ/A (sky130_fd_sc_hd__clkbuf_16)
     4    0.04    0.05    0.10   10.15 ^ clkbuf_0_CLK100MHZ/X (sky130_fd_sc_hd__clkbuf_16)
                                         clknet_0_CLK100MHZ (net)
                  0.05    0.00   10.15 ^ clkbuf_2_3__f_CLK100MHZ/A (sky130_fd_sc_hd__clkbuf_16)
     8    0.03    0.04    0.09   10.24 ^ clkbuf_2_3__f_CLK100MHZ/X (sky130_fd_sc_hd__clkbuf_16)
                                         clknet_2_3__leaf_CLK100MHZ (net)
                  0.04    0.00   10.25 ^ _249_/CLK (sky130_fd_sc_hd__dfrtp_4)
                         -0.25   10.00   clock uncertainty
                          0.02   10.01   clock reconvergence pessimism
                         -0.06    9.95   library setup time
                                  9.95   data required time
-----------------------------------------------------------------------------
                                  9.95   data required time
                                 -1.67   data arrival time
-----------------------------------------------------------------------------
                                  8.28   slack (MET)


Startpoint: _260_ (rising edge-triggered flip-flop clocked by CLK100MHZ)
Endpoint: _273_ (rising edge-triggered flip-flop clocked by CLK100MHZ)
Path Group: CLK100MHZ
Path Type: max
Corner: Fastest

Fanout     Cap    Slew   Delay    Time   Description
-----------------------------------------------------------------------------
                          0.00    0.00   clock CLK100MHZ (rise edge)
                          0.00    0.00   clock source latency
     1    0.02    0.07    0.05    0.05 ^ CLK100MHZ (in)
                                         CLK100MHZ (net)
                  0.07    0.00    0.05 ^ clkbuf_0_CLK100MHZ/A (sky130_fd_sc_hd__clkbuf_16)
     4    0.04    0.05    0.12    0.17 ^ clkbuf_0_CLK100MHZ/X (sky130_fd_sc_hd__clkbuf_16)
                                         clknet_0_CLK100MHZ (net)
                  0.05    0.00    0.17 ^ clkbuf_2_1__f_CLK100MHZ/A (sky130_fd_sc_hd__clkbuf_16)
     8    0.03    0.03    0.10    0.27 ^ clkbuf_2_1__f_CLK100MHZ/X (sky130_fd_sc_hd__clkbuf_16)
                                         clknet_2_1__leaf_CLK100MHZ (net)
                  0.03    0.00    0.27 ^ _260_/CLK (sky130_fd_sc_hd__dfrtp_1)
     3    0.03    0.21    0.34    0.61 ^ _260_/Q (sky130_fd_sc_hd__dfrtp_1)
                                         decoder.delay[10] (net)
                  0.21    0.00    0.61 ^ _124_/D (sky130_fd_sc_hd__and4_1)
     4    0.03    0.22    0.28    0.89 ^ _124_/X (sky130_fd_sc_hd__and4_1)
                                         _119_ (net)
                  0.22    0.00    0.90 ^ _128_/A (sky130_fd_sc_hd__and4_2)
     7    0.05    0.19    0.29    1.19 ^ _128_/X (sky130_fd_sc_hd__and4_2)
                                         _061_ (net)
                  0.19    0.01    1.19 ^ _150_/B (sky130_fd_sc_hd__nand2_1)
     2    0.03    0.14    0.15    1.35 v _150_/Y (sky130_fd_sc_hd__nand2_1)
                                         _076_ (net)
                  0.14    0.00    1.35 v _152_/A (sky130_fd_sc_hd__and2_1)
     1    0.01    0.05    0.16    1.51 v _152_/X (sky130_fd_sc_hd__and2_1)
                                         _078_ (net)
                  0.05    0.00    1.51 v _153_/A (sky130_fd_sc_hd__buf_1)
     1    0.02    0.06    0.11    1.61 v _153_/X (sky130_fd_sc_hd__buf_1)
                                         _015_ (net)
                  0.06    0.00    1.62 v _273_/D (sky130_fd_sc_hd__dfrtp_1)
                                  1.62   data arrival time

                         10.00   10.00   clock CLK100MHZ (rise edge)
                          0.00   10.00   clock source latency
     1    0.02    0.07    0.05   10.05 ^ CLK100MHZ (in)
                                         CLK100MHZ (net)
                  0.07    0.00   10.05 ^ clkbuf_0_CLK100MHZ/A (sky130_fd_sc_hd__clkbuf_16)
     4    0.04    0.05    0.10   10.15 ^ clkbuf_0_CLK100MHZ/X (sky130_fd_sc_hd__clkbuf_16)
                                         clknet_0_CLK100MHZ (net)
                  0.05    0.00   10.15 ^ clkbuf_2_3__f_CLK100MHZ/A (sky130_fd_sc_hd__clkbuf_16)
     8    0.03    0.04    0.09   10.24 ^ clkbuf_2_3__f_CLK100MHZ/X (sky130_fd_sc_hd__clkbuf_16)
                                         clknet_2_3__leaf_CLK100MHZ (net)
                  0.04    0.00   10.25 ^ _273_/CLK (sky130_fd_sc_hd__dfrtp_1)
                         -0.25   10.00   clock uncertainty
                          0.02   10.01   clock reconvergence pessimism
                         -0.08    9.93   library setup time
                                  9.93   data required time
-----------------------------------------------------------------------------
                                  9.93   data required time
                                 -1.62   data arrival time
-----------------------------------------------------------------------------
                                  8.31   slack (MET)


Startpoint: _250_ (rising edge-triggered flip-flop clocked by CLK100MHZ)
Endpoint: _257_ (rising edge-triggered flip-flop clocked by CLK100MHZ)
Path Group: CLK100MHZ
Path Type: max
Corner: Fastest

Fanout     Cap    Slew   Delay    Time   Description
-----------------------------------------------------------------------------
                          0.00    0.00   clock CLK100MHZ (rise edge)
                          0.00    0.00   clock source latency
     1    0.02    0.07    0.05    0.05 ^ CLK100MHZ (in)
                                         CLK100MHZ (net)
                  0.07    0.00    0.05 ^ clkbuf_0_CLK100MHZ/A (sky130_fd_sc_hd__clkbuf_16)
     4    0.04    0.05    0.12    0.17 ^ clkbuf_0_CLK100MHZ/X (sky130_fd_sc_hd__clkbuf_16)
                                         clknet_0_CLK100MHZ (net)
                  0.05    0.00    0.17 ^ clkbuf_2_2__f_CLK100MHZ/A (sky130_fd_sc_hd__clkbuf_16)
     8    0.03    0.04    0.10    0.27 ^ clkbuf_2_2__f_CLK100MHZ/X (sky130_fd_sc_hd__clkbuf_16)
                                         clknet_2_2__leaf_CLK100MHZ (net)
                  0.04    0.00    0.27 ^ _250_/CLK (sky130_fd_sc_hd__dfrtp_2)
     5    0.04    0.16    0.33    0.61 ^ _250_/Q (sky130_fd_sc_hd__dfrtp_2)
                                         decoder.delay[0] (net)
                  0.16    0.00    0.61 ^ _126_/B (sky130_fd_sc_hd__and4_2)
     6    0.04    0.16    0.26    0.87 ^ _126_/X (sky130_fd_sc_hd__and4_2)
                                         _059_ (net)
                  0.16    0.00    0.87 ^ _182_/B (sky130_fd_sc_hd__and3_1)
     2    0.01    0.11    0.17    1.04 ^ _182_/X (sky130_fd_sc_hd__and3_1)
                                         _093_ (net)
                  0.11    0.00    1.05 ^ _183_/A (sky130_fd_sc_hd__buf_2)
    10    0.06    0.22    0.23    1.27 ^ _183_/X (sky130_fd_sc_hd__buf_2)
                                         _094_ (net)
                  0.22    0.00    1.28 ^ _185_/A_N (sky130_fd_sc_hd__and2b_1)
     1    0.02    0.09    0.19    1.46 v _185_/X (sky130_fd_sc_hd__and2b_1)
                                         _096_ (net)
                  0.09    0.00    1.46 v _186_/A (sky130_fd_sc_hd__buf_1)
     1    0.02    0.07    0.12    1.59 v _186_/X (sky130_fd_sc_hd__buf_1)
                                         _022_ (net)
                  0.07    0.00    1.59 v _257_/D (sky130_fd_sc_hd__dfrtp_1)
                                  1.59   data arrival time

                         10.00   10.00   clock CLK100MHZ (rise edge)
                          0.00   10.00   clock source latency
     1    0.02    0.07    0.05   10.05 ^ CLK100MHZ (in)
                                         CLK100MHZ (net)
                  0.07    0.00   10.05 ^ clkbuf_0_CLK100MHZ/A (sky130_fd_sc_hd__clkbuf_16)
     4    0.04    0.05    0.10   10.15 ^ clkbuf_0_CLK100MHZ/X (sky130_fd_sc_hd__clkbuf_16)
                                         clknet_0_CLK100MHZ (net)
                  0.05    0.00   10.15 ^ clkbuf_2_3__f_CLK100MHZ/A (sky130_fd_sc_hd__clkbuf_16)
     8    0.03    0.04    0.09   10.24 ^ clkbuf_2_3__f_CLK100MHZ/X (sky130_fd_sc_hd__clkbuf_16)
                                         clknet_2_3__leaf_CLK100MHZ (net)
                  0.04    0.00   10.25 ^ _257_/CLK (sky130_fd_sc_hd__dfrtp_1)
                         -0.25   10.00   clock uncertainty
                          0.02   10.01   clock reconvergence pessimism
                         -0.08    9.93   library setup time
                                  9.93   data required time
-----------------------------------------------------------------------------
                                  9.93   data required time
                                 -1.59   data arrival time
-----------------------------------------------------------------------------
                                  8.34   slack (MET)


Startpoint: _250_ (rising edge-triggered flip-flop clocked by CLK100MHZ)
Endpoint: _263_ (rising edge-triggered flip-flop clocked by CLK100MHZ)
Path Group: CLK100MHZ
Path Type: max
Corner: Fastest

Fanout     Cap    Slew   Delay    Time   Description
-----------------------------------------------------------------------------
                          0.00    0.00   clock CLK100MHZ (rise edge)
                          0.00    0.00   clock source latency
     1    0.02    0.07    0.05    0.05 ^ CLK100MHZ (in)
                                         CLK100MHZ (net)
                  0.07    0.00    0.05 ^ clkbuf_0_CLK100MHZ/A (sky130_fd_sc_hd__clkbuf_16)
     4    0.04    0.05    0.12    0.17 ^ clkbuf_0_CLK100MHZ/X (sky130_fd_sc_hd__clkbuf_16)
                                         clknet_0_CLK100MHZ (net)
                  0.05    0.00    0.17 ^ clkbuf_2_2__f_CLK100MHZ/A (sky130_fd_sc_hd__clkbuf_16)
     8    0.03    0.04    0.10    0.27 ^ clkbuf_2_2__f_CLK100MHZ/X (sky130_fd_sc_hd__clkbuf_16)
                                         clknet_2_2__leaf_CLK100MHZ (net)
                  0.04    0.00    0.27 ^ _250_/CLK (sky130_fd_sc_hd__dfrtp_2)
     5    0.04    0.16    0.33    0.61 ^ _250_/Q (sky130_fd_sc_hd__dfrtp_2)
                                         decoder.delay[0] (net)
                  0.16    0.00    0.61 ^ _126_/B (sky130_fd_sc_hd__and4_2)
     6    0.04    0.16    0.26    0.87 ^ _126_/X (sky130_fd_sc_hd__and4_2)
                                         _059_ (net)
                  0.16    0.00    0.87 ^ _182_/B (sky130_fd_sc_hd__and3_1)
     2    0.01    0.11    0.17    1.04 ^ _182_/X (sky130_fd_sc_hd__and3_1)
                                         _093_ (net)
                  0.11    0.00    1.05 ^ _183_/A (sky130_fd_sc_hd__buf_2)
    10    0.06    0.22    0.23    1.27 ^ _183_/X (sky130_fd_sc_hd__buf_2)
                                         _094_ (net)
                  0.22    0.00    1.27 ^ _201_/D (sky130_fd_sc_hd__and4_1)
     2    0.01    0.10    0.19    1.46 ^ _201_/X (sky130_fd_sc_hd__and4_1)
                                         _106_ (net)
                  0.10    0.00    1.47 ^ _202_/B1_N (sky130_fd_sc_hd__o21ba_1)
     1    0.01    0.06    0.13    1.59 v _202_/X (sky130_fd_sc_hd__o21ba_1)
                                         _004_ (net)
                  0.06    0.00    1.60 v _263_/D (sky130_fd_sc_hd__dfrtp_1)
                                  1.60   data arrival time

                         10.00   10.00   clock CLK100MHZ (rise edge)
                          0.00   10.00   clock source latency
     1    0.02    0.07    0.05   10.05 ^ CLK100MHZ (in)
                                         CLK100MHZ (net)
                  0.07    0.00   10.05 ^ clkbuf_0_CLK100MHZ/A (sky130_fd_sc_hd__clkbuf_16)
     4    0.04    0.05    0.10   10.15 ^ clkbuf_0_CLK100MHZ/X (sky130_fd_sc_hd__clkbuf_16)
                                         clknet_0_CLK100MHZ (net)
                  0.05    0.00   10.15 ^ clkbuf_2_2__f_CLK100MHZ/A (sky130_fd_sc_hd__clkbuf_16)
     8    0.03    0.04    0.09   10.25 ^ clkbuf_2_2__f_CLK100MHZ/X (sky130_fd_sc_hd__clkbuf_16)
                                         clknet_2_2__leaf_CLK100MHZ (net)
                  0.04    0.00   10.25 ^ _263_/CLK (sky130_fd_sc_hd__dfrtp_1)
                         -0.25   10.00   clock uncertainty
                          0.03   10.02   clock reconvergence pessimism
                         -0.08    9.94   library setup time
                                  9.94   data required time
-----------------------------------------------------------------------------
                                  9.94   data required time
                                 -1.60   data arrival time
-----------------------------------------------------------------------------
                                  8.35   slack (MET)


Startpoint: _250_ (rising edge-triggered flip-flop clocked by CLK100MHZ)
Endpoint: _259_ (rising edge-triggered flip-flop clocked by CLK100MHZ)
Path Group: CLK100MHZ
Path Type: max
Corner: Fastest

Fanout     Cap    Slew   Delay    Time   Description
-----------------------------------------------------------------------------
                          0.00    0.00   clock CLK100MHZ (rise edge)
                          0.00    0.00   clock source latency
     1    0.02    0.07    0.05    0.05 ^ CLK100MHZ (in)
                                         CLK100MHZ (net)
                  0.07    0.00    0.05 ^ clkbuf_0_CLK100MHZ/A (sky130_fd_sc_hd__clkbuf_16)
     4    0.04    0.05    0.12    0.17 ^ clkbuf_0_CLK100MHZ/X (sky130_fd_sc_hd__clkbuf_16)
                                         clknet_0_CLK100MHZ (net)
                  0.05    0.00    0.17 ^ clkbuf_2_2__f_CLK100MHZ/A (sky130_fd_sc_hd__clkbuf_16)
     8    0.03    0.04    0.10    0.27 ^ clkbuf_2_2__f_CLK100MHZ/X (sky130_fd_sc_hd__clkbuf_16)
                                         clknet_2_2__leaf_CLK100MHZ (net)
                  0.04    0.00    0.27 ^ _250_/CLK (sky130_fd_sc_hd__dfrtp_2)
     5    0.04    0.16    0.33    0.61 ^ _250_/Q (sky130_fd_sc_hd__dfrtp_2)
                                         decoder.delay[0] (net)
                  0.16    0.00    0.61 ^ _126_/B (sky130_fd_sc_hd__and4_2)
     6    0.04    0.16    0.26    0.87 ^ _126_/X (sky130_fd_sc_hd__and4_2)
                                         _059_ (net)
                  0.16    0.00    0.87 ^ _182_/B (sky130_fd_sc_hd__and3_1)
     2    0.01    0.11    0.17    1.04 ^ _182_/X (sky130_fd_sc_hd__and3_1)
                                         _093_ (net)
                  0.11    0.00    1.05 ^ _183_/A (sky130_fd_sc_hd__buf_2)
    10    0.06    0.22    0.23    1.27 ^ _183_/X (sky130_fd_sc_hd__buf_2)
                                         _094_ (net)
                  0.22    0.00    1.28 ^ _188_/B (sky130_fd_sc_hd__nand2_1)
     2    0.02    0.12    0.14    1.41 v _188_/Y (sky130_fd_sc_hd__nand2_1)
                                         _098_ (net)
                  0.12    0.00    1.41 v _191_/B (sky130_fd_sc_hd__xnor2_1)
     1    0.01    0.17    0.20    1.61 ^ _191_/Y (sky130_fd_sc_hd__xnor2_1)
                                         _024_ (net)
                  0.17    0.00    1.61 ^ _259_/D (sky130_fd_sc_hd__dfrtp_2)
                                  1.61   data arrival time

                         10.00   10.00   clock CLK100MHZ (rise edge)
                          0.00   10.00   clock source latency
     1    0.02    0.07    0.05   10.05 ^ CLK100MHZ (in)
                                         CLK100MHZ (net)
                  0.07    0.00   10.05 ^ clkbuf_0_CLK100MHZ/A (sky130_fd_sc_hd__clkbuf_16)
     4    0.04    0.05    0.10   10.15 ^ clkbuf_0_CLK100MHZ/X (sky130_fd_sc_hd__clkbuf_16)
                                         clknet_0_CLK100MHZ (net)
                  0.05    0.00   10.15 ^ clkbuf_2_1__f_CLK100MHZ/A (sky130_fd_sc_hd__clkbuf_16)
     8    0.03    0.03    0.09   10.24 ^ clkbuf_2_1__f_CLK100MHZ/X (sky130_fd_sc_hd__clkbuf_16)
                                         clknet_2_1__leaf_CLK100MHZ (net)
                  0.03    0.00   10.24 ^ _259_/CLK (sky130_fd_sc_hd__dfrtp_2)
                         -0.25    9.99   clock uncertainty
                          0.02   10.01   clock reconvergence pessimism
                         -0.05    9.96   library setup time
                                  9.96   data required time
-----------------------------------------------------------------------------
                                  9.96   data required time
                                 -1.61   data arrival time
-----------------------------------------------------------------------------
                                  8.35   slack (MET)


Startpoint: _260_ (rising edge-triggered flip-flop clocked by CLK100MHZ)
Endpoint: _267_ (rising edge-triggered flip-flop clocked by CLK100MHZ)
Path Group: CLK100MHZ
Path Type: max
Corner: Fastest

Fanout     Cap    Slew   Delay    Time   Description
-----------------------------------------------------------------------------
                          0.00    0.00   clock CLK100MHZ (rise edge)
                          0.00    0.00   clock source latency
     1    0.02    0.07    0.05    0.05 ^ CLK100MHZ (in)
                                         CLK100MHZ (net)
                  0.07    0.00    0.05 ^ clkbuf_0_CLK100MHZ/A (sky130_fd_sc_hd__clkbuf_16)
     4    0.04    0.05    0.12    0.17 ^ clkbuf_0_CLK100MHZ/X (sky130_fd_sc_hd__clkbuf_16)
                                         clknet_0_CLK100MHZ (net)
                  0.05    0.00    0.17 ^ clkbuf_2_1__f_CLK100MHZ/A (sky130_fd_sc_hd__clkbuf_16)
     8    0.03    0.03    0.10    0.27 ^ clkbuf_2_1__f_CLK100MHZ/X (sky130_fd_sc_hd__clkbuf_16)
                                         clknet_2_1__leaf_CLK100MHZ (net)
                  0.03    0.00    0.27 ^ _260_/CLK (sky130_fd_sc_hd__dfrtp_1)
     3    0.03    0.21    0.34    0.61 ^ _260_/Q (sky130_fd_sc_hd__dfrtp_1)
                                         decoder.delay[10] (net)
                  0.21    0.00    0.61 ^ _124_/D (sky130_fd_sc_hd__and4_1)
     4    0.03    0.22    0.28    0.89 ^ _124_/X (sky130_fd_sc_hd__and4_1)
                                         _119_ (net)
                  0.22    0.00    0.90 ^ _128_/A (sky130_fd_sc_hd__and4_2)
     7    0.05    0.19    0.29    1.19 ^ _128_/X (sky130_fd_sc_hd__and4_2)
                                         _061_ (net)
                  0.19    0.00    1.19 ^ _134_/A (sky130_fd_sc_hd__clkbuf_4)
    10    0.06    0.15    0.22    1.41 ^ _134_/X (sky130_fd_sc_hd__clkbuf_4)
                                         _066_ (net)
                  0.15    0.01    1.42 ^ _208_/A2 (sky130_fd_sc_hd__a21oi_1)
     1    0.01    0.05    0.07    1.48 v _208_/Y (sky130_fd_sc_hd__a21oi_1)
                                         _109_ (net)
                  0.05    0.00    1.48 v _210_/A (sky130_fd_sc_hd__nor2_1)
     1    0.01    0.13    0.13    1.62 ^ _210_/Y (sky130_fd_sc_hd__nor2_1)
                                         _008_ (net)
                  0.13    0.00    1.62 ^ _267_/D (sky130_fd_sc_hd__dfrtp_1)
                                  1.62   data arrival time

                         10.00   10.00   clock CLK100MHZ (rise edge)
                          0.00   10.00   clock source latency
     1    0.02    0.07    0.05   10.05 ^ CLK100MHZ (in)
                                         CLK100MHZ (net)
                  0.07    0.00   10.05 ^ clkbuf_0_CLK100MHZ/A (sky130_fd_sc_hd__clkbuf_16)
     4    0.04    0.05    0.10   10.15 ^ clkbuf_0_CLK100MHZ/X (sky130_fd_sc_hd__clkbuf_16)
                                         clknet_0_CLK100MHZ (net)
                  0.05    0.00   10.15 ^ clkbuf_2_3__f_CLK100MHZ/A (sky130_fd_sc_hd__clkbuf_16)
     8    0.03    0.04    0.09   10.24 ^ clkbuf_2_3__f_CLK100MHZ/X (sky130_fd_sc_hd__clkbuf_16)
                                         clknet_2_3__leaf_CLK100MHZ (net)
                  0.04    0.00   10.25 ^ _267_/CLK (sky130_fd_sc_hd__dfrtp_1)
                         -0.25   10.00   clock uncertainty
                          0.02   10.01   clock reconvergence pessimism
                         -0.04    9.97   library setup time
                                  9.97   data required time
-----------------------------------------------------------------------------
                                  9.97   data required time
                                 -1.62   data arrival time
-----------------------------------------------------------------------------
                                  8.35   slack (MET)


Startpoint: _260_ (rising edge-triggered flip-flop clocked by CLK100MHZ)
Endpoint: _269_ (rising edge-triggered flip-flop clocked by CLK100MHZ)
Path Group: CLK100MHZ
Path Type: max
Corner: Fastest

Fanout     Cap    Slew   Delay    Time   Description
-----------------------------------------------------------------------------
                          0.00    0.00   clock CLK100MHZ (rise edge)
                          0.00    0.00   clock source latency
     1    0.02    0.07    0.05    0.05 ^ CLK100MHZ (in)
                                         CLK100MHZ (net)
                  0.07    0.00    0.05 ^ clkbuf_0_CLK100MHZ/A (sky130_fd_sc_hd__clkbuf_16)
     4    0.04    0.05    0.12    0.17 ^ clkbuf_0_CLK100MHZ/X (sky130_fd_sc_hd__clkbuf_16)
                                         clknet_0_CLK100MHZ (net)
                  0.05    0.00    0.17 ^ clkbuf_2_1__f_CLK100MHZ/A (sky130_fd_sc_hd__clkbuf_16)
     8    0.03    0.03    0.10    0.27 ^ clkbuf_2_1__f_CLK100MHZ/X (sky130_fd_sc_hd__clkbuf_16)
                                         clknet_2_1__leaf_CLK100MHZ (net)
                  0.03    0.00    0.27 ^ _260_/CLK (sky130_fd_sc_hd__dfrtp_1)
     3    0.03    0.21    0.34    0.61 ^ _260_/Q (sky130_fd_sc_hd__dfrtp_1)
                                         decoder.delay[10] (net)
                  0.21    0.00    0.61 ^ _124_/D (sky130_fd_sc_hd__and4_1)
     4    0.03    0.22    0.28    0.89 ^ _124_/X (sky130_fd_sc_hd__and4_1)
                                         _119_ (net)
                  0.22    0.00    0.90 ^ _128_/A (sky130_fd_sc_hd__and4_2)
     7    0.05    0.19    0.29    1.19 ^ _128_/X (sky130_fd_sc_hd__and4_2)
                                         _061_ (net)
                  0.19    0.00    1.19 ^ _134_/A (sky130_fd_sc_hd__clkbuf_4)
    10    0.06    0.15    0.22    1.41 ^ _134_/X (sky130_fd_sc_hd__clkbuf_4)
                                         _066_ (net)
                  0.15    0.01    1.42 ^ _213_/A2_N (sky130_fd_sc_hd__o2bb2a_1)
     1    0.01    0.06    0.16    1.58 v _213_/X (sky130_fd_sc_hd__o2bb2a_1)
                                         _010_ (net)
                  0.06    0.00    1.58 v _269_/D (sky130_fd_sc_hd__dfrtp_1)
                                  1.58   data arrival time

                         10.00   10.00   clock CLK100MHZ (rise edge)
                          0.00   10.00   clock source latency
     1    0.02    0.07    0.05   10.05 ^ CLK100MHZ (in)
                                         CLK100MHZ (net)
                  0.07    0.00   10.05 ^ clkbuf_0_CLK100MHZ/A (sky130_fd_sc_hd__clkbuf_16)
     4    0.04    0.05    0.10   10.15 ^ clkbuf_0_CLK100MHZ/X (sky130_fd_sc_hd__clkbuf_16)
                                         clknet_0_CLK100MHZ (net)
                  0.05    0.00   10.15 ^ clkbuf_2_2__f_CLK100MHZ/A (sky130_fd_sc_hd__clkbuf_16)
     8    0.03    0.04    0.09   10.25 ^ clkbuf_2_2__f_CLK100MHZ/X (sky130_fd_sc_hd__clkbuf_16)
                                         clknet_2_2__leaf_CLK100MHZ (net)
                  0.04    0.00   10.25 ^ _269_/CLK (sky130_fd_sc_hd__dfrtp_1)
                         -0.25   10.00   clock uncertainty
                          0.02   10.01   clock reconvergence pessimism
                         -0.08    9.93   library setup time
                                  9.93   data required time
-----------------------------------------------------------------------------
                                  9.93   data required time
                                 -1.58   data arrival time
-----------------------------------------------------------------------------
                                  8.35   slack (MET)


Startpoint: _252_ (rising edge-triggered flip-flop clocked by CLK100MHZ)
Endpoint: _264_ (rising edge-triggered flip-flop clocked by CLK100MHZ)
Path Group: CLK100MHZ
Path Type: max
Corner: Fastest

Fanout     Cap    Slew   Delay    Time   Description
-----------------------------------------------------------------------------
                          0.00    0.00   clock CLK100MHZ (rise edge)
                          0.00    0.00   clock source latency
     1    0.02    0.07    0.05    0.05 ^ CLK100MHZ (in)
                                         CLK100MHZ (net)
                  0.07    0.00    0.05 ^ clkbuf_0_CLK100MHZ/A (sky130_fd_sc_hd__clkbuf_16)
     4    0.04    0.05    0.12    0.17 ^ clkbuf_0_CLK100MHZ/X (sky130_fd_sc_hd__clkbuf_16)
                                         clknet_0_CLK100MHZ (net)
                  0.05    0.00    0.17 ^ clkbuf_2_2__f_CLK100MHZ/A (sky130_fd_sc_hd__clkbuf_16)
     8    0.03    0.04    0.10    0.27 ^ clkbuf_2_2__f_CLK100MHZ/X (sky130_fd_sc_hd__clkbuf_16)
                                         clknet_2_2__leaf_CLK100MHZ (net)
                  0.04    0.00    0.28 ^ _252_/CLK (sky130_fd_sc_hd__dfrtp_2)
     3    0.04    0.09    0.32    0.60 v _252_/Q (sky130_fd_sc_hd__dfrtp_2)
                                         decoder.delay[2] (net)
                  0.09    0.00    0.60 v _126_/C (sky130_fd_sc_hd__and4_2)
     6    0.04    0.09    0.23    0.83 v _126_/X (sky130_fd_sc_hd__and4_2)
                                         _059_ (net)
                  0.09    0.00    0.83 v _182_/B (sky130_fd_sc_hd__and3_1)
     2    0.01    0.06    0.16    0.99 v _182_/X (sky130_fd_sc_hd__and3_1)
                                         _093_ (net)
                  0.06    0.00    1.00 v _183_/A (sky130_fd_sc_hd__buf_2)
    10    0.06    0.10    0.16    1.16 v _183_/X (sky130_fd_sc_hd__buf_2)
                                         _094_ (net)
                  0.10    0.00    1.16 v _201_/D (sky130_fd_sc_hd__and4_1)
     2    0.01    0.06    0.19    1.35 v _201_/X (sky130_fd_sc_hd__and4_1)
                                         _106_ (net)
                  0.06    0.00    1.35 v _204_/B1 (sky130_fd_sc_hd__o2bb2a_1)
     1    0.01    0.06    0.21    1.56 v _204_/X (sky130_fd_sc_hd__o2bb2a_1)
                                         _005_ (net)
                  0.06    0.00    1.56 v _264_/D (sky130_fd_sc_hd__dfrtp_1)
                                  1.56   data arrival time

                         10.00   10.00   clock CLK100MHZ (rise edge)
                          0.00   10.00   clock source latency
     1    0.02    0.07    0.05   10.05 ^ CLK100MHZ (in)
                                         CLK100MHZ (net)
                  0.07    0.00   10.05 ^ clkbuf_0_CLK100MHZ/A (sky130_fd_sc_hd__clkbuf_16)
     4    0.04    0.05    0.10   10.15 ^ clkbuf_0_CLK100MHZ/X (sky130_fd_sc_hd__clkbuf_16)
                                         clknet_0_CLK100MHZ (net)
                  0.05    0.00   10.15 ^ clkbuf_2_0__f_CLK100MHZ/A (sky130_fd_sc_hd__clkbuf_16)
     8    0.03    0.04    0.09   10.25 ^ clkbuf_2_0__f_CLK100MHZ/X (sky130_fd_sc_hd__clkbuf_16)
                                         clknet_2_0__leaf_CLK100MHZ (net)
                  0.04    0.00   10.25 ^ _264_/CLK (sky130_fd_sc_hd__dfrtp_1)
                         -0.25   10.00   clock uncertainty
                          0.02   10.01   clock reconvergence pessimism
                         -0.08    9.93   library setup time
                                  9.93   data required time
-----------------------------------------------------------------------------
                                  9.93   data required time
                                 -1.56   data arrival time
-----------------------------------------------------------------------------
                                  8.37   slack (MET)


Startpoint: _260_ (rising edge-triggered flip-flop clocked by CLK100MHZ)
Endpoint: _247_ (rising edge-triggered flip-flop clocked by CLK100MHZ)
Path Group: CLK100MHZ
Path Type: max
Corner: Fastest

Fanout     Cap    Slew   Delay    Time   Description
-----------------------------------------------------------------------------
                          0.00    0.00   clock CLK100MHZ (rise edge)
                          0.00    0.00   clock source latency
     1    0.02    0.07    0.05    0.05 ^ CLK100MHZ (in)
                                         CLK100MHZ (net)
                  0.07    0.00    0.05 ^ clkbuf_0_CLK100MHZ/A (sky130_fd_sc_hd__clkbuf_16)
     4    0.04    0.05    0.12    0.17 ^ clkbuf_0_CLK100MHZ/X (sky130_fd_sc_hd__clkbuf_16)
                                         clknet_0_CLK100MHZ (net)
                  0.05    0.00    0.17 ^ clkbuf_2_1__f_CLK100MHZ/A (sky130_fd_sc_hd__clkbuf_16)
     8    0.03    0.03    0.10    0.27 ^ clkbuf_2_1__f_CLK100MHZ/X (sky130_fd_sc_hd__clkbuf_16)
                                         clknet_2_1__leaf_CLK100MHZ (net)
                  0.03    0.00    0.27 ^ _260_/CLK (sky130_fd_sc_hd__dfrtp_1)
     3    0.03    0.21    0.34    0.61 ^ _260_/Q (sky130_fd_sc_hd__dfrtp_1)
                                         decoder.delay[10] (net)
                  0.21    0.00    0.61 ^ _124_/D (sky130_fd_sc_hd__and4_1)
     4    0.03    0.22    0.28    0.89 ^ _124_/X (sky130_fd_sc_hd__and4_1)
                                         _119_ (net)
                  0.22    0.00    0.90 ^ _128_/A (sky130_fd_sc_hd__and4_2)
     7    0.05    0.19    0.29    1.19 ^ _128_/X (sky130_fd_sc_hd__and4_2)
                                         _061_ (net)
                  0.19    0.00    1.19 ^ _139_/D (sky130_fd_sc_hd__and4_1)
     2    0.02    0.14    0.22    1.41 ^ _139_/X (sky130_fd_sc_hd__and4_1)
                                         _070_ (net)
                  0.14    0.00    1.41 ^ _140_/B (sky130_fd_sc_hd__xor2_1)
     1    0.01    0.19    0.18    1.59 ^ _140_/X (sky130_fd_sc_hd__xor2_1)
                                         _055_ (net)
                  0.19    0.00    1.59 ^ _247_/D (sky130_fd_sc_hd__dfrtp_4)
                                  1.59   data arrival time

                         10.00   10.00   clock CLK100MHZ (rise edge)
                          0.00   10.00   clock source latency
     1    0.02    0.07    0.05   10.05 ^ CLK100MHZ (in)
                                         CLK100MHZ (net)
                  0.07    0.00   10.05 ^ clkbuf_0_CLK100MHZ/A (sky130_fd_sc_hd__clkbuf_16)
     4    0.04    0.05    0.10   10.15 ^ clkbuf_0_CLK100MHZ/X (sky130_fd_sc_hd__clkbuf_16)
                                         clknet_0_CLK100MHZ (net)
                  0.05    0.00   10.15 ^ clkbuf_2_3__f_CLK100MHZ/A (sky130_fd_sc_hd__clkbuf_16)
     8    0.03    0.04    0.09   10.24 ^ clkbuf_2_3__f_CLK100MHZ/X (sky130_fd_sc_hd__clkbuf_16)
                                         clknet_2_3__leaf_CLK100MHZ (net)
                  0.04    0.00   10.25 ^ _247_/CLK (sky130_fd_sc_hd__dfrtp_4)
                         -0.25   10.00   clock uncertainty
                          0.02   10.01   clock reconvergence pessimism
                         -0.05    9.96   library setup time
                                  9.96   data required time
-----------------------------------------------------------------------------
                                  9.96   data required time
                                 -1.59   data arrival time
-----------------------------------------------------------------------------
                                  8.37   slack (MET)


Startpoint: _260_ (rising edge-triggered flip-flop clocked by CLK100MHZ)
Endpoint: _274_ (rising edge-triggered flip-flop clocked by CLK100MHZ)
Path Group: CLK100MHZ
Path Type: max
Corner: Fastest

Fanout     Cap    Slew   Delay    Time   Description
-----------------------------------------------------------------------------
                          0.00    0.00   clock CLK100MHZ (rise edge)
                          0.00    0.00   clock source latency
     1    0.02    0.07    0.05    0.05 ^ CLK100MHZ (in)
                                         CLK100MHZ (net)
                  0.07    0.00    0.05 ^ clkbuf_0_CLK100MHZ/A (sky130_fd_sc_hd__clkbuf_16)
     4    0.04    0.05    0.12    0.17 ^ clkbuf_0_CLK100MHZ/X (sky130_fd_sc_hd__clkbuf_16)
                                         clknet_0_CLK100MHZ (net)
                  0.05    0.00    0.17 ^ clkbuf_2_1__f_CLK100MHZ/A (sky130_fd_sc_hd__clkbuf_16)
     8    0.03    0.03    0.10    0.27 ^ clkbuf_2_1__f_CLK100MHZ/X (sky130_fd_sc_hd__clkbuf_16)
                                         clknet_2_1__leaf_CLK100MHZ (net)
                  0.03    0.00    0.27 ^ _260_/CLK (sky130_fd_sc_hd__dfrtp_1)
     3    0.03    0.21    0.34    0.61 ^ _260_/Q (sky130_fd_sc_hd__dfrtp_1)
                                         decoder.delay[10] (net)
                  0.21    0.00    0.61 ^ _124_/D (sky130_fd_sc_hd__and4_1)
     4    0.03    0.22    0.28    0.89 ^ _124_/X (sky130_fd_sc_hd__and4_1)
                                         _119_ (net)
                  0.22    0.00    0.90 ^ _128_/A (sky130_fd_sc_hd__and4_2)
     7    0.05    0.19    0.29    1.19 ^ _128_/X (sky130_fd_sc_hd__and4_2)
                                         _061_ (net)
                  0.19    0.01    1.19 ^ _150_/B (sky130_fd_sc_hd__nand2_1)
     2    0.03    0.14    0.15    1.35 v _150_/Y (sky130_fd_sc_hd__nand2_1)
                                         _076_ (net)
                  0.14    0.00    1.35 v _154_/B (sky130_fd_sc_hd__xnor2_1)
     1    0.01    0.18    0.21    1.56 ^ _154_/Y (sky130_fd_sc_hd__xnor2_1)
                                         _016_ (net)
                  0.18    0.00    1.56 ^ _274_/D (sky130_fd_sc_hd__dfrtp_2)
                                  1.56   data arrival time

                         10.00   10.00   clock CLK100MHZ (rise edge)
                          0.00   10.00   clock source latency
     1    0.02    0.07    0.05   10.05 ^ CLK100MHZ (in)
                                         CLK100MHZ (net)
                  0.07    0.00   10.05 ^ clkbuf_0_CLK100MHZ/A (sky130_fd_sc_hd__clkbuf_16)
     4    0.04    0.05    0.10   10.15 ^ clkbuf_0_CLK100MHZ/X (sky130_fd_sc_hd__clkbuf_16)
                                         clknet_0_CLK100MHZ (net)
                  0.05    0.00   10.15 ^ clkbuf_2_3__f_CLK100MHZ/A (sky130_fd_sc_hd__clkbuf_16)
     8    0.03    0.04    0.09   10.24 ^ clkbuf_2_3__f_CLK100MHZ/X (sky130_fd_sc_hd__clkbuf_16)
                                         clknet_2_3__leaf_CLK100MHZ (net)
                  0.04    0.00   10.25 ^ _274_/CLK (sky130_fd_sc_hd__dfrtp_2)
                         -0.25   10.00   clock uncertainty
                          0.02   10.01   clock reconvergence pessimism
                         -0.05    9.96   library setup time
                                  9.96   data required time
-----------------------------------------------------------------------------
                                  9.96   data required time
                                 -1.56   data arrival time
-----------------------------------------------------------------------------
                                  8.40   slack (MET)


Startpoint: _260_ (rising edge-triggered flip-flop clocked by CLK100MHZ)
Endpoint: _265_ (rising edge-triggered flip-flop clocked by CLK100MHZ)
Path Group: CLK100MHZ
Path Type: max
Corner: Fastest

Fanout     Cap    Slew   Delay    Time   Description
-----------------------------------------------------------------------------
                          0.00    0.00   clock CLK100MHZ (rise edge)
                          0.00    0.00   clock source latency
     1    0.02    0.07    0.05    0.05 ^ CLK100MHZ (in)
                                         CLK100MHZ (net)
                  0.07    0.00    0.05 ^ clkbuf_0_CLK100MHZ/A (sky130_fd_sc_hd__clkbuf_16)
     4    0.04    0.05    0.12    0.17 ^ clkbuf_0_CLK100MHZ/X (sky130_fd_sc_hd__clkbuf_16)
                                         clknet_0_CLK100MHZ (net)
                  0.05    0.00    0.17 ^ clkbuf_2_1__f_CLK100MHZ/A (sky130_fd_sc_hd__clkbuf_16)
     8    0.03    0.03    0.10    0.27 ^ clkbuf_2_1__f_CLK100MHZ/X (sky130_fd_sc_hd__clkbuf_16)
                                         clknet_2_1__leaf_CLK100MHZ (net)
                  0.03    0.00    0.27 ^ _260_/CLK (sky130_fd_sc_hd__dfrtp_1)
     3    0.03    0.21    0.34    0.61 ^ _260_/Q (sky130_fd_sc_hd__dfrtp_1)
                                         decoder.delay[10] (net)
                  0.21    0.00    0.61 ^ _124_/D (sky130_fd_sc_hd__and4_1)
     4    0.03    0.22    0.28    0.89 ^ _124_/X (sky130_fd_sc_hd__and4_1)
                                         _119_ (net)
                  0.22    0.00    0.90 ^ _128_/A (sky130_fd_sc_hd__and4_2)
     7    0.05    0.19    0.29    1.19 ^ _128_/X (sky130_fd_sc_hd__and4_2)
                                         _061_ (net)
                  0.19    0.00    1.19 ^ _134_/A (sky130_fd_sc_hd__clkbuf_4)
    10    0.06    0.15    0.22    1.41 ^ _134_/X (sky130_fd_sc_hd__clkbuf_4)
                                         _066_ (net)
                  0.15    0.01    1.42 ^ _206_/A (sky130_fd_sc_hd__nor2_1)
     1    0.01    0.07    0.08    1.49 v _206_/Y (sky130_fd_sc_hd__nor2_1)
                                         _006_ (net)
                  0.07    0.00    1.50 v _265_/D (sky130_fd_sc_hd__dfrtp_1)
                                  1.50   data arrival time

                         10.00   10.00   clock CLK100MHZ (rise edge)
                          0.00   10.00   clock source latency
     1    0.02    0.07    0.05   10.05 ^ CLK100MHZ (in)
                                         CLK100MHZ (net)
                  0.07    0.00   10.05 ^ clkbuf_0_CLK100MHZ/A (sky130_fd_sc_hd__clkbuf_16)
     4    0.04    0.05    0.10   10.15 ^ clkbuf_0_CLK100MHZ/X (sky130_fd_sc_hd__clkbuf_16)
                                         clknet_0_CLK100MHZ (net)
                  0.05    0.00   10.15 ^ clkbuf_2_1__f_CLK100MHZ/A (sky130_fd_sc_hd__clkbuf_16)
     8    0.03    0.03    0.09   10.24 ^ clkbuf_2_1__f_CLK100MHZ/X (sky130_fd_sc_hd__clkbuf_16)
                                         clknet_2_1__leaf_CLK100MHZ (net)
                  0.03    0.00   10.24 ^ _265_/CLK (sky130_fd_sc_hd__dfrtp_1)
                         -0.25    9.99   clock uncertainty
                          0.03   10.02   clock reconvergence pessimism
                         -0.09    9.93   library setup time
                                  9.93   data required time
-----------------------------------------------------------------------------
                                  9.93   data required time
                                 -1.50   data arrival time
-----------------------------------------------------------------------------
                                  8.44   slack (MET)


Startpoint: _260_ (rising edge-triggered flip-flop clocked by CLK100MHZ)
Endpoint: _266_ (rising edge-triggered flip-flop clocked by CLK100MHZ)
Path Group: CLK100MHZ
Path Type: max
Corner: Fastest

Fanout     Cap    Slew   Delay    Time   Description
-----------------------------------------------------------------------------
                          0.00    0.00   clock CLK100MHZ (rise edge)
                          0.00    0.00   clock source latency
     1    0.02    0.07    0.05    0.05 ^ CLK100MHZ (in)
                                         CLK100MHZ (net)
                  0.07    0.00    0.05 ^ clkbuf_0_CLK100MHZ/A (sky130_fd_sc_hd__clkbuf_16)
     4    0.04    0.05    0.12    0.17 ^ clkbuf_0_CLK100MHZ/X (sky130_fd_sc_hd__clkbuf_16)
                                         clknet_0_CLK100MHZ (net)
                  0.05    0.00    0.17 ^ clkbuf_2_1__f_CLK100MHZ/A (sky130_fd_sc_hd__clkbuf_16)
     8    0.03    0.03    0.10    0.27 ^ clkbuf_2_1__f_CLK100MHZ/X (sky130_fd_sc_hd__clkbuf_16)
                                         clknet_2_1__leaf_CLK100MHZ (net)
                  0.03    0.00    0.27 ^ _260_/CLK (sky130_fd_sc_hd__dfrtp_1)
     3    0.03    0.21    0.34    0.61 ^ _260_/Q (sky130_fd_sc_hd__dfrtp_1)
                                         decoder.delay[10] (net)
                  0.21    0.00    0.61 ^ _124_/D (sky130_fd_sc_hd__and4_1)
     4    0.03    0.22    0.28    0.89 ^ _124_/X (sky130_fd_sc_hd__and4_1)
                                         _119_ (net)
                  0.22    0.00    0.90 ^ _128_/A (sky130_fd_sc_hd__and4_2)
     7    0.05    0.19    0.29    1.19 ^ _128_/X (sky130_fd_sc_hd__and4_2)
                                         _061_ (net)
                  0.19    0.00    1.19 ^ _134_/A (sky130_fd_sc_hd__clkbuf_4)
    10    0.06    0.15    0.22    1.41 ^ _134_/X (sky130_fd_sc_hd__clkbuf_4)
                                         _066_ (net)
                  0.15    0.00    1.41 ^ _207_/B (sky130_fd_sc_hd__xor2_1)
     1    0.00    0.10    0.12    1.53 ^ _207_/X (sky130_fd_sc_hd__xor2_1)
                                         _007_ (net)
                  0.10    0.00    1.53 ^ _266_/D (sky130_fd_sc_hd__dfrtp_2)
                                  1.53   data arrival time

                         10.00   10.00   clock CLK100MHZ (rise edge)
                          0.00   10.00   clock source latency
     1    0.02    0.07    0.05   10.05 ^ CLK100MHZ (in)
                                         CLK100MHZ (net)
                  0.07    0.00   10.05 ^ clkbuf_0_CLK100MHZ/A (sky130_fd_sc_hd__clkbuf_16)
     4    0.04    0.05    0.10   10.15 ^ clkbuf_0_CLK100MHZ/X (sky130_fd_sc_hd__clkbuf_16)
                                         clknet_0_CLK100MHZ (net)
                  0.05    0.00   10.15 ^ clkbuf_2_0__f_CLK100MHZ/A (sky130_fd_sc_hd__clkbuf_16)
     8    0.03    0.04    0.09   10.25 ^ clkbuf_2_0__f_CLK100MHZ/X (sky130_fd_sc_hd__clkbuf_16)
                                         clknet_2_0__leaf_CLK100MHZ (net)
                  0.04    0.00   10.25 ^ _266_/CLK (sky130_fd_sc_hd__dfrtp_2)
                         -0.25   10.00   clock uncertainty
                          0.02   10.01   clock reconvergence pessimism
                         -0.04    9.97   library setup time
                                  9.97   data required time
-----------------------------------------------------------------------------
                                  9.97   data required time
                                 -1.53   data arrival time
-----------------------------------------------------------------------------
                                  8.44   slack (MET)


Startpoint: _260_ (rising edge-triggered flip-flop clocked by CLK100MHZ)
Endpoint: _268_ (rising edge-triggered flip-flop clocked by CLK100MHZ)
Path Group: CLK100MHZ
Path Type: max
Corner: Fastest

Fanout     Cap    Slew   Delay    Time   Description
-----------------------------------------------------------------------------
                          0.00    0.00   clock CLK100MHZ (rise edge)
                          0.00    0.00   clock source latency
     1    0.02    0.07    0.05    0.05 ^ CLK100MHZ (in)
                                         CLK100MHZ (net)
                  0.07    0.00    0.05 ^ clkbuf_0_CLK100MHZ/A (sky130_fd_sc_hd__clkbuf_16)
     4    0.04    0.05    0.12    0.17 ^ clkbuf_0_CLK100MHZ/X (sky130_fd_sc_hd__clkbuf_16)
                                         clknet_0_CLK100MHZ (net)
                  0.05    0.00    0.17 ^ clkbuf_2_1__f_CLK100MHZ/A (sky130_fd_sc_hd__clkbuf_16)
     8    0.03    0.03    0.10    0.27 ^ clkbuf_2_1__f_CLK100MHZ/X (sky130_fd_sc_hd__clkbuf_16)
                                         clknet_2_1__leaf_CLK100MHZ (net)
                  0.03    0.00    0.27 ^ _260_/CLK (sky130_fd_sc_hd__dfrtp_1)
     3    0.03    0.21    0.34    0.61 ^ _260_/Q (sky130_fd_sc_hd__dfrtp_1)
                                         decoder.delay[10] (net)
                  0.21    0.00    0.61 ^ _124_/D (sky130_fd_sc_hd__and4_1)
     4    0.03    0.22    0.28    0.89 ^ _124_/X (sky130_fd_sc_hd__and4_1)
                                         _119_ (net)
                  0.22    0.00    0.90 ^ _128_/A (sky130_fd_sc_hd__and4_2)
     7    0.05    0.19    0.29    1.19 ^ _128_/X (sky130_fd_sc_hd__and4_2)
                                         _061_ (net)
                  0.19    0.00    1.19 ^ _209_/C (sky130_fd_sc_hd__and3_1)
     2    0.02    0.16    0.21    1.40 ^ _209_/X (sky130_fd_sc_hd__and3_1)
                                         _110_ (net)
                  0.16    0.00    1.41 ^ _211_/B (sky130_fd_sc_hd__xor2_1)
     1    0.00    0.09    0.11    1.51 ^ _211_/X (sky130_fd_sc_hd__xor2_1)
                                         _009_ (net)
                  0.09    0.00    1.51 ^ _268_/D (sky130_fd_sc_hd__dfrtp_2)
                                  1.51   data arrival time

                         10.00   10.00   clock CLK100MHZ (rise edge)
                          0.00   10.00   clock source latency
     1    0.02    0.07    0.05   10.05 ^ CLK100MHZ (in)
                                         CLK100MHZ (net)
                  0.07    0.00   10.05 ^ clkbuf_0_CLK100MHZ/A (sky130_fd_sc_hd__clkbuf_16)
     4    0.04    0.05    0.10   10.15 ^ clkbuf_0_CLK100MHZ/X (sky130_fd_sc_hd__clkbuf_16)
                                         clknet_0_CLK100MHZ (net)
                  0.05    0.00   10.15 ^ clkbuf_2_1__f_CLK100MHZ/A (sky130_fd_sc_hd__clkbuf_16)
     8    0.03    0.03    0.09   10.24 ^ clkbuf_2_1__f_CLK100MHZ/X (sky130_fd_sc_hd__clkbuf_16)
                                         clknet_2_1__leaf_CLK100MHZ (net)
                  0.03    0.00   10.24 ^ _268_/CLK (sky130_fd_sc_hd__dfrtp_2)
                         -0.25    9.99   clock uncertainty
                          0.03   10.02   clock reconvergence pessimism
                         -0.04    9.98   library setup time
                                  9.98   data required time
-----------------------------------------------------------------------------
                                  9.98   data required time
                                 -1.51   data arrival time
-----------------------------------------------------------------------------
                                  8.46   slack (MET)


Startpoint: _250_ (rising edge-triggered flip-flop clocked by CLK100MHZ)
Endpoint: _260_ (rising edge-triggered flip-flop clocked by CLK100MHZ)
Path Group: CLK100MHZ
Path Type: max
Corner: Fastest

Fanout     Cap    Slew   Delay    Time   Description
-----------------------------------------------------------------------------
                          0.00    0.00   clock CLK100MHZ (rise edge)
                          0.00    0.00   clock source latency
     1    0.02    0.07    0.05    0.05 ^ CLK100MHZ (in)
                                         CLK100MHZ (net)
                  0.07    0.00    0.05 ^ clkbuf_0_CLK100MHZ/A (sky130_fd_sc_hd__clkbuf_16)
     4    0.04    0.05    0.12    0.17 ^ clkbuf_0_CLK100MHZ/X (sky130_fd_sc_hd__clkbuf_16)
                                         clknet_0_CLK100MHZ (net)
                  0.05    0.00    0.17 ^ clkbuf_2_2__f_CLK100MHZ/A (sky130_fd_sc_hd__clkbuf_16)
     8    0.03    0.04    0.10    0.27 ^ clkbuf_2_2__f_CLK100MHZ/X (sky130_fd_sc_hd__clkbuf_16)
                                         clknet_2_2__leaf_CLK100MHZ (net)
                  0.04    0.00    0.27 ^ _250_/CLK (sky130_fd_sc_hd__dfrtp_2)
     5    0.04    0.16    0.33    0.61 ^ _250_/Q (sky130_fd_sc_hd__dfrtp_2)
                                         decoder.delay[0] (net)
                  0.16    0.00    0.61 ^ _126_/B (sky130_fd_sc_hd__and4_2)
     6    0.04    0.16    0.26    0.87 ^ _126_/X (sky130_fd_sc_hd__and4_2)
                                         _059_ (net)
                  0.16    0.00    0.87 ^ _182_/B (sky130_fd_sc_hd__and3_1)
     2    0.01    0.11    0.17    1.04 ^ _182_/X (sky130_fd_sc_hd__and3_1)
                                         _093_ (net)
                  0.11    0.00    1.05 ^ _183_/A (sky130_fd_sc_hd__buf_2)
    10    0.06    0.22    0.23    1.27 ^ _183_/X (sky130_fd_sc_hd__buf_2)
                                         _094_ (net)
                  0.22    0.00    1.27 ^ _193_/A3 (sky130_fd_sc_hd__a31o_1)
     1    0.01    0.07    0.14    1.41 ^ _193_/X (sky130_fd_sc_hd__a31o_1)
                                         _101_ (net)
                  0.07    0.00    1.41 ^ _194_/B1_N (sky130_fd_sc_hd__a21boi_1)
     1    0.00    0.08    0.08    1.50 ^ _194_/Y (sky130_fd_sc_hd__a21boi_1)
                                         _001_ (net)
                  0.08    0.00    1.50 ^ _260_/D (sky130_fd_sc_hd__dfrtp_1)
                                  1.50   data arrival time

                         10.00   10.00   clock CLK100MHZ (rise edge)
                          0.00   10.00   clock source latency
     1    0.02    0.07    0.05   10.05 ^ CLK100MHZ (in)
                                         CLK100MHZ (net)
                  0.07    0.00   10.05 ^ clkbuf_0_CLK100MHZ/A (sky130_fd_sc_hd__clkbuf_16)
     4    0.04    0.05    0.10   10.15 ^ clkbuf_0_CLK100MHZ/X (sky130_fd_sc_hd__clkbuf_16)
                                         clknet_0_CLK100MHZ (net)
                  0.05    0.00   10.15 ^ clkbuf_2_1__f_CLK100MHZ/A (sky130_fd_sc_hd__clkbuf_16)
     8    0.03    0.03    0.09   10.24 ^ clkbuf_2_1__f_CLK100MHZ/X (sky130_fd_sc_hd__clkbuf_16)
                                         clknet_2_1__leaf_CLK100MHZ (net)
                  0.03    0.00   10.24 ^ _260_/CLK (sky130_fd_sc_hd__dfrtp_1)
                         -0.25    9.99   clock uncertainty
                          0.02   10.01   clock reconvergence pessimism
                         -0.04    9.97   library setup time
                                  9.97   data required time
-----------------------------------------------------------------------------
                                  9.97   data required time
                                 -1.50   data arrival time
-----------------------------------------------------------------------------
                                  8.47   slack (MET)


Startpoint: _250_ (rising edge-triggered flip-flop clocked by CLK100MHZ)
Endpoint: _262_ (rising edge-triggered flip-flop clocked by CLK100MHZ)
Path Group: CLK100MHZ
Path Type: max
Corner: Fastest

Fanout     Cap    Slew   Delay    Time   Description
-----------------------------------------------------------------------------
                          0.00    0.00   clock CLK100MHZ (rise edge)
                          0.00    0.00   clock source latency
     1    0.02    0.07    0.05    0.05 ^ CLK100MHZ (in)
                                         CLK100MHZ (net)
                  0.07    0.00    0.05 ^ clkbuf_0_CLK100MHZ/A (sky130_fd_sc_hd__clkbuf_16)
     4    0.04    0.05    0.12    0.17 ^ clkbuf_0_CLK100MHZ/X (sky130_fd_sc_hd__clkbuf_16)
                                         clknet_0_CLK100MHZ (net)
                  0.05    0.00    0.17 ^ clkbuf_2_2__f_CLK100MHZ/A (sky130_fd_sc_hd__clkbuf_16)
     8    0.03    0.04    0.10    0.27 ^ clkbuf_2_2__f_CLK100MHZ/X (sky130_fd_sc_hd__clkbuf_16)
                                         clknet_2_2__leaf_CLK100MHZ (net)
                  0.04    0.00    0.27 ^ _250_/CLK (sky130_fd_sc_hd__dfrtp_2)
     5    0.04    0.16    0.33    0.61 ^ _250_/Q (sky130_fd_sc_hd__dfrtp_2)
                                         decoder.delay[0] (net)
                  0.16    0.00    0.61 ^ _126_/B (sky130_fd_sc_hd__and4_2)
     6    0.04    0.16    0.26    0.87 ^ _126_/X (sky130_fd_sc_hd__and4_2)
                                         _059_ (net)
                  0.16    0.00    0.87 ^ _182_/B (sky130_fd_sc_hd__and3_1)
     2    0.01    0.11    0.17    1.04 ^ _182_/X (sky130_fd_sc_hd__and3_1)
                                         _093_ (net)
                  0.11    0.00    1.04 ^ _196_/B (sky130_fd_sc_hd__nand2_1)
     2    0.02    0.13    0.11    1.16 v _196_/Y (sky130_fd_sc_hd__nand2_1)
                                         _103_ (net)
                  0.13    0.00    1.16 v _199_/B (sky130_fd_sc_hd__xnor2_1)
     1    0.01    0.14    0.17    1.33 ^ _199_/Y (sky130_fd_sc_hd__xnor2_1)
                                         _003_ (net)
                  0.14    0.00    1.33 ^ _262_/D (sky130_fd_sc_hd__dfrtp_2)
                                  1.33   data arrival time

                         10.00   10.00   clock CLK100MHZ (rise edge)
                          0.00   10.00   clock source latency
     1    0.02    0.07    0.05   10.05 ^ CLK100MHZ (in)
                                         CLK100MHZ (net)
                  0.07    0.00   10.05 ^ clkbuf_0_CLK100MHZ/A (sky130_fd_sc_hd__clkbuf_16)
     4    0.04    0.05    0.10   10.15 ^ clkbuf_0_CLK100MHZ/X (sky130_fd_sc_hd__clkbuf_16)
                                         clknet_0_CLK100MHZ (net)
                  0.05    0.00   10.15 ^ clkbuf_2_2__f_CLK100MHZ/A (sky130_fd_sc_hd__clkbuf_16)
     8    0.03    0.04    0.09   10.25 ^ clkbuf_2_2__f_CLK100MHZ/X (sky130_fd_sc_hd__clkbuf_16)
                                         clknet_2_2__leaf_CLK100MHZ (net)
                  0.04    0.00   10.25 ^ _262_/CLK (sky130_fd_sc_hd__dfrtp_2)
                         -0.25   10.00   clock uncertainty
                          0.03   10.02   clock reconvergence pessimism
                         -0.05    9.98   library setup time
                                  9.98   data required time
-----------------------------------------------------------------------------
                                  9.98   data required time
                                 -1.33   data arrival time
-----------------------------------------------------------------------------
                                  8.65   slack (MET)


Startpoint: _250_ (rising edge-triggered flip-flop clocked by CLK100MHZ)
Endpoint: _256_ (rising edge-triggered flip-flop clocked by CLK100MHZ)
Path Group: CLK100MHZ
Path Type: max
Corner: Fastest

Fanout     Cap    Slew   Delay    Time   Description
-----------------------------------------------------------------------------
                          0.00    0.00   clock CLK100MHZ (rise edge)
                          0.00    0.00   clock source latency
     1    0.02    0.07    0.05    0.05 ^ CLK100MHZ (in)
                                         CLK100MHZ (net)
                  0.07    0.00    0.05 ^ clkbuf_0_CLK100MHZ/A (sky130_fd_sc_hd__clkbuf_16)
     4    0.04    0.05    0.12    0.17 ^ clkbuf_0_CLK100MHZ/X (sky130_fd_sc_hd__clkbuf_16)
                                         clknet_0_CLK100MHZ (net)
                  0.05    0.00    0.17 ^ clkbuf_2_2__f_CLK100MHZ/A (sky130_fd_sc_hd__clkbuf_16)
     8    0.03    0.04    0.10    0.27 ^ clkbuf_2_2__f_CLK100MHZ/X (sky130_fd_sc_hd__clkbuf_16)
                                         clknet_2_2__leaf_CLK100MHZ (net)
                  0.04    0.00    0.27 ^ _250_/CLK (sky130_fd_sc_hd__dfrtp_2)
     5    0.04    0.16    0.33    0.61 ^ _250_/Q (sky130_fd_sc_hd__dfrtp_2)
                                         decoder.delay[0] (net)
                  0.16    0.00    0.61 ^ _126_/B (sky130_fd_sc_hd__and4_2)
     6    0.04    0.16    0.26    0.87 ^ _126_/X (sky130_fd_sc_hd__and4_2)
                                         _059_ (net)
                  0.16    0.00    0.87 ^ _177_/C (sky130_fd_sc_hd__and3_2)
     3    0.03    0.14    0.21    1.09 ^ _177_/X (sky130_fd_sc_hd__and3_2)
                                         _090_ (net)
                  0.14    0.01    1.09 ^ _180_/B (sky130_fd_sc_hd__xor2_1)
     1    0.01    0.13    0.14    1.23 ^ _180_/X (sky130_fd_sc_hd__xor2_1)
                                         _021_ (net)
                  0.13    0.00    1.23 ^ _256_/D (sky130_fd_sc_hd__dfrtp_4)
                                  1.23   data arrival time

                         10.00   10.00   clock CLK100MHZ (rise edge)
                          0.00   10.00   clock source latency
     1    0.02    0.07    0.05   10.05 ^ CLK100MHZ (in)
                                         CLK100MHZ (net)
                  0.07    0.00   10.05 ^ clkbuf_0_CLK100MHZ/A (sky130_fd_sc_hd__clkbuf_16)
     4    0.04    0.05    0.10   10.15 ^ clkbuf_0_CLK100MHZ/X (sky130_fd_sc_hd__clkbuf_16)
                                         clknet_0_CLK100MHZ (net)
                  0.05    0.00   10.15 ^ clkbuf_2_0__f_CLK100MHZ/A (sky130_fd_sc_hd__clkbuf_16)
     8    0.03    0.04    0.09   10.25 ^ clkbuf_2_0__f_CLK100MHZ/X (sky130_fd_sc_hd__clkbuf_16)
                                         clknet_2_0__leaf_CLK100MHZ (net)
                  0.04    0.00   10.25 ^ _256_/CLK (sky130_fd_sc_hd__dfrtp_4)
                         -0.25   10.00   clock uncertainty
                          0.02   10.01   clock reconvergence pessimism
                         -0.05    9.97   library setup time
                                  9.97   data required time
-----------------------------------------------------------------------------
                                  9.97   data required time
                                 -1.23   data arrival time
-----------------------------------------------------------------------------
                                  8.74   slack (MET)


Startpoint: _252_ (rising edge-triggered flip-flop clocked by CLK100MHZ)
Endpoint: _255_ (rising edge-triggered flip-flop clocked by CLK100MHZ)
Path Group: CLK100MHZ
Path Type: max
Corner: Fastest

Fanout     Cap    Slew   Delay    Time   Description
-----------------------------------------------------------------------------
                          0.00    0.00   clock CLK100MHZ (rise edge)
                          0.00    0.00   clock source latency
     1    0.02    0.07    0.05    0.05 ^ CLK100MHZ (in)
                                         CLK100MHZ (net)
                  0.07    0.00    0.05 ^ clkbuf_0_CLK100MHZ/A (sky130_fd_sc_hd__clkbuf_16)
     4    0.04    0.05    0.12    0.17 ^ clkbuf_0_CLK100MHZ/X (sky130_fd_sc_hd__clkbuf_16)
                                         clknet_0_CLK100MHZ (net)
                  0.05    0.00    0.17 ^ clkbuf_2_2__f_CLK100MHZ/A (sky130_fd_sc_hd__clkbuf_16)
     8    0.03    0.04    0.10    0.27 ^ clkbuf_2_2__f_CLK100MHZ/X (sky130_fd_sc_hd__clkbuf_16)
                                         clknet_2_2__leaf_CLK100MHZ (net)
                  0.04    0.00    0.28 ^ _252_/CLK (sky130_fd_sc_hd__dfrtp_2)
     3    0.04    0.09    0.32    0.60 v _252_/Q (sky130_fd_sc_hd__dfrtp_2)
                                         decoder.delay[2] (net)
                  0.09    0.00    0.60 v _126_/C (sky130_fd_sc_hd__and4_2)
     6    0.04    0.09    0.23    0.83 v _126_/X (sky130_fd_sc_hd__and4_2)
                                         _059_ (net)
                  0.09    0.00    0.84 v _174_/B (sky130_fd_sc_hd__and2_1)
     2    0.01    0.06    0.16    0.99 v _174_/X (sky130_fd_sc_hd__and2_1)
                                         _088_ (net)
                  0.06    0.00    0.99 v _178_/B (sky130_fd_sc_hd__nor2_1)
     1    0.01    0.12    0.12    1.11 ^ _178_/Y (sky130_fd_sc_hd__nor2_1)
                                         _091_ (net)
                  0.12    0.00    1.11 ^ _179_/B (sky130_fd_sc_hd__nor2_1)
     1    0.01    0.05    0.04    1.15 v _179_/Y (sky130_fd_sc_hd__nor2_1)
                                         _020_ (net)
                  0.05    0.00    1.15 v _255_/D (sky130_fd_sc_hd__dfrtp_2)
                                  1.15   data arrival time

                         10.00   10.00   clock CLK100MHZ (rise edge)
                          0.00   10.00   clock source latency
     1    0.02    0.07    0.05   10.05 ^ CLK100MHZ (in)
                                         CLK100MHZ (net)
                  0.07    0.00   10.05 ^ clkbuf_0_CLK100MHZ/A (sky130_fd_sc_hd__clkbuf_16)
     4    0.04    0.05    0.10   10.15 ^ clkbuf_0_CLK100MHZ/X (sky130_fd_sc_hd__clkbuf_16)
                                         clknet_0_CLK100MHZ (net)
                  0.05    0.00   10.15 ^ clkbuf_2_0__f_CLK100MHZ/A (sky130_fd_sc_hd__clkbuf_16)
     8    0.03    0.04    0.09   10.25 ^ clkbuf_2_0__f_CLK100MHZ/X (sky130_fd_sc_hd__clkbuf_16)
                                         clknet_2_0__leaf_CLK100MHZ (net)
                  0.04    0.00   10.25 ^ _255_/CLK (sky130_fd_sc_hd__dfrtp_2)
                         -0.25   10.00   clock uncertainty
                          0.02   10.01   clock reconvergence pessimism
                         -0.08    9.93   library setup time
                                  9.93   data required time
-----------------------------------------------------------------------------
                                  9.93   data required time
                                 -1.15   data arrival time
-----------------------------------------------------------------------------
                                  8.78   slack (MET)


Startpoint: _250_ (rising edge-triggered flip-flop clocked by CLK100MHZ)
Endpoint: _253_ (rising edge-triggered flip-flop clocked by CLK100MHZ)
Path Group: CLK100MHZ
Path Type: max
Corner: Fastest

Fanout     Cap    Slew   Delay    Time   Description
-----------------------------------------------------------------------------
                          0.00    0.00   clock CLK100MHZ (rise edge)
                          0.00    0.00   clock source latency
     1    0.02    0.07    0.05    0.05 ^ CLK100MHZ (in)
                                         CLK100MHZ (net)
                  0.07    0.00    0.05 ^ clkbuf_0_CLK100MHZ/A (sky130_fd_sc_hd__clkbuf_16)
     4    0.04    0.05    0.12    0.17 ^ clkbuf_0_CLK100MHZ/X (sky130_fd_sc_hd__clkbuf_16)
                                         clknet_0_CLK100MHZ (net)
                  0.05    0.00    0.17 ^ clkbuf_2_2__f_CLK100MHZ/A (sky130_fd_sc_hd__clkbuf_16)
     8    0.03    0.04    0.10    0.27 ^ clkbuf_2_2__f_CLK100MHZ/X (sky130_fd_sc_hd__clkbuf_16)
                                         clknet_2_2__leaf_CLK100MHZ (net)
                  0.04    0.00    0.27 ^ _250_/CLK (sky130_fd_sc_hd__dfrtp_2)
     5    0.04    0.16    0.33    0.61 ^ _250_/Q (sky130_fd_sc_hd__dfrtp_2)
                                         decoder.delay[0] (net)
                  0.16    0.00    0.61 ^ _126_/B (sky130_fd_sc_hd__and4_2)
     6    0.04    0.16    0.26    0.87 ^ _126_/X (sky130_fd_sc_hd__and4_2)
                                         _059_ (net)
                  0.16    0.01    0.88 ^ _172_/A_N (sky130_fd_sc_hd__and2b_1)
     1    0.02    0.07    0.17    1.05 v _172_/X (sky130_fd_sc_hd__and2b_1)
                                         _087_ (net)
                  0.07    0.00    1.05 v _173_/A (sky130_fd_sc_hd__clkbuf_1)
     1    0.01    0.04    0.09    1.15 v _173_/X (sky130_fd_sc_hd__clkbuf_1)
                                         _018_ (net)
                  0.04    0.00    1.15 v _253_/D (sky130_fd_sc_hd__dfrtp_1)
                                  1.15   data arrival time

                         10.00   10.00   clock CLK100MHZ (rise edge)
                          0.00   10.00   clock source latency
     1    0.02    0.07    0.05   10.05 ^ CLK100MHZ (in)
                                         CLK100MHZ (net)
                  0.07    0.00   10.05 ^ clkbuf_0_CLK100MHZ/A (sky130_fd_sc_hd__clkbuf_16)
     4    0.04    0.05    0.10   10.15 ^ clkbuf_0_CLK100MHZ/X (sky130_fd_sc_hd__clkbuf_16)
                                         clknet_0_CLK100MHZ (net)
                  0.05    0.00   10.15 ^ clkbuf_2_2__f_CLK100MHZ/A (sky130_fd_sc_hd__clkbuf_16)
     8    0.03    0.04    0.09   10.25 ^ clkbuf_2_2__f_CLK100MHZ/X (sky130_fd_sc_hd__clkbuf_16)
                                         clknet_2_2__leaf_CLK100MHZ (net)
                  0.04    0.00   10.25 ^ _253_/CLK (sky130_fd_sc_hd__dfrtp_1)
                         -0.25   10.00   clock uncertainty
                          0.03   10.02   clock reconvergence pessimism
                         -0.07    9.95   library setup time
                                  9.95   data required time
-----------------------------------------------------------------------------
                                  9.95   data required time
                                 -1.15   data arrival time
-----------------------------------------------------------------------------
                                  8.80   slack (MET)


Startpoint: _250_ (rising edge-triggered flip-flop clocked by CLK100MHZ)
Endpoint: _254_ (rising edge-triggered flip-flop clocked by CLK100MHZ)
Path Group: CLK100MHZ
Path Type: max
Corner: Fastest

Fanout     Cap    Slew   Delay    Time   Description
-----------------------------------------------------------------------------
                          0.00    0.00   clock CLK100MHZ (rise edge)
                          0.00    0.00   clock source latency
     1    0.02    0.07    0.05    0.05 ^ CLK100MHZ (in)
                                         CLK100MHZ (net)
                  0.07    0.00    0.05 ^ clkbuf_0_CLK100MHZ/A (sky130_fd_sc_hd__clkbuf_16)
     4    0.04    0.05    0.12    0.17 ^ clkbuf_0_CLK100MHZ/X (sky130_fd_sc_hd__clkbuf_16)
                                         clknet_0_CLK100MHZ (net)
                  0.05    0.00    0.17 ^ clkbuf_2_2__f_CLK100MHZ/A (sky130_fd_sc_hd__clkbuf_16)
     8    0.03    0.04    0.10    0.27 ^ clkbuf_2_2__f_CLK100MHZ/X (sky130_fd_sc_hd__clkbuf_16)
                                         clknet_2_2__leaf_CLK100MHZ (net)
                  0.04    0.00    0.27 ^ _250_/CLK (sky130_fd_sc_hd__dfrtp_2)
     5    0.04    0.16    0.33    0.61 ^ _250_/Q (sky130_fd_sc_hd__dfrtp_2)
                                         decoder.delay[0] (net)
                  0.16    0.00    0.61 ^ _126_/B (sky130_fd_sc_hd__and4_2)
     6    0.04    0.16    0.26    0.87 ^ _126_/X (sky130_fd_sc_hd__and4_2)
                                         _059_ (net)
                  0.16    0.01    0.88 ^ _174_/B (sky130_fd_sc_hd__and2_1)
     2    0.01    0.11    0.15    1.03 ^ _174_/X (sky130_fd_sc_hd__and2_1)
                                         _088_ (net)
                  0.11    0.00    1.03 ^ _176_/A (sky130_fd_sc_hd__nor2_1)
     1    0.00    0.04    0.04    1.07 v _176_/Y (sky130_fd_sc_hd__nor2_1)
                                         _019_ (net)
                  0.04    0.00    1.07 v _254_/D (sky130_fd_sc_hd__dfrtp_2)
                                  1.07   data arrival time

                         10.00   10.00   clock CLK100MHZ (rise edge)
                          0.00   10.00   clock source latency
     1    0.02    0.07    0.05   10.05 ^ CLK100MHZ (in)
                                         CLK100MHZ (net)
                  0.07    0.00   10.05 ^ clkbuf_0_CLK100MHZ/A (sky130_fd_sc_hd__clkbuf_16)
     4    0.04    0.05    0.10   10.15 ^ clkbuf_0_CLK100MHZ/X (sky130_fd_sc_hd__clkbuf_16)
                                         clknet_0_CLK100MHZ (net)
                  0.05    0.00   10.15 ^ clkbuf_2_1__f_CLK100MHZ/A (sky130_fd_sc_hd__clkbuf_16)
     8    0.03    0.03    0.09   10.24 ^ clkbuf_2_1__f_CLK100MHZ/X (sky130_fd_sc_hd__clkbuf_16)
                                         clknet_2_1__leaf_CLK100MHZ (net)
                  0.03    0.00   10.24 ^ _254_/CLK (sky130_fd_sc_hd__dfrtp_2)
                         -0.25    9.99   clock uncertainty
                          0.02   10.01   clock reconvergence pessimism
                         -0.08    9.93   library setup time
                                  9.93   data required time
-----------------------------------------------------------------------------
                                  9.93   data required time
                                 -1.07   data arrival time
-----------------------------------------------------------------------------
                                  8.86   slack (MET)


Startpoint: _250_ (rising edge-triggered flip-flop clocked by CLK100MHZ)
Endpoint: _252_ (rising edge-triggered flip-flop clocked by CLK100MHZ)
Path Group: CLK100MHZ
Path Type: max
Corner: Fastest

Fanout     Cap    Slew   Delay    Time   Description
-----------------------------------------------------------------------------
                          0.00    0.00   clock CLK100MHZ (rise edge)
                          0.00    0.00   clock source latency
     1    0.02    0.07    0.05    0.05 ^ CLK100MHZ (in)
                                         CLK100MHZ (net)
                  0.07    0.00    0.05 ^ clkbuf_0_CLK100MHZ/A (sky130_fd_sc_hd__clkbuf_16)
     4    0.04    0.05    0.12    0.17 ^ clkbuf_0_CLK100MHZ/X (sky130_fd_sc_hd__clkbuf_16)
                                         clknet_0_CLK100MHZ (net)
                  0.05    0.00    0.17 ^ clkbuf_2_2__f_CLK100MHZ/A (sky130_fd_sc_hd__clkbuf_16)
     8    0.03    0.04    0.10    0.27 ^ clkbuf_2_2__f_CLK100MHZ/X (sky130_fd_sc_hd__clkbuf_16)
                                         clknet_2_2__leaf_CLK100MHZ (net)
                  0.04    0.00    0.27 ^ _250_/CLK (sky130_fd_sc_hd__dfrtp_2)
     5    0.04    0.16    0.33    0.61 ^ _250_/Q (sky130_fd_sc_hd__dfrtp_2)
                                         decoder.delay[0] (net)
                  0.16    0.00    0.61 ^ _166_/B (sky130_fd_sc_hd__nand2_1)
     2    0.02    0.11    0.12    0.73 v _166_/Y (sky130_fd_sc_hd__nand2_1)
                                         _083_ (net)
                  0.11    0.00    0.73 v _170_/B (sky130_fd_sc_hd__xnor2_1)
     1    0.02    0.34    0.32    1.06 ^ _170_/Y (sky130_fd_sc_hd__xnor2_1)
                                         _017_ (net)
                  0.34    0.00    1.06 ^ _252_/D (sky130_fd_sc_hd__dfrtp_2)
                                  1.06   data arrival time

                         10.00   10.00   clock CLK100MHZ (rise edge)
                          0.00   10.00   clock source latency
     1    0.02    0.07    0.05   10.05 ^ CLK100MHZ (in)
                                         CLK100MHZ (net)
                  0.07    0.00   10.05 ^ clkbuf_0_CLK100MHZ/A (sky130_fd_sc_hd__clkbuf_16)
     4    0.04    0.05    0.10   10.15 ^ clkbuf_0_CLK100MHZ/X (sky130_fd_sc_hd__clkbuf_16)
                                         clknet_0_CLK100MHZ (net)
                  0.05    0.00   10.15 ^ clkbuf_2_2__f_CLK100MHZ/A (sky130_fd_sc_hd__clkbuf_16)
     8    0.03    0.04    0.09   10.25 ^ clkbuf_2_2__f_CLK100MHZ/X (sky130_fd_sc_hd__clkbuf_16)
                                         clknet_2_2__leaf_CLK100MHZ (net)
                  0.04    0.00   10.25 ^ _252_/CLK (sky130_fd_sc_hd__dfrtp_2)
                         -0.25   10.00   clock uncertainty
                          0.03   10.02   clock reconvergence pessimism
                         -0.07    9.96   library setup time
                                  9.96   data required time
-----------------------------------------------------------------------------
                                  9.96   data required time
                                 -1.06   data arrival time
-----------------------------------------------------------------------------
                                  8.90   slack (MET)


Startpoint: _250_ (rising edge-triggered flip-flop clocked by CLK100MHZ)
Endpoint: _251_ (rising edge-triggered flip-flop clocked by CLK100MHZ)
Path Group: CLK100MHZ
Path Type: max
Corner: Fastest

Fanout     Cap    Slew   Delay    Time   Description
-----------------------------------------------------------------------------
                          0.00    0.00   clock CLK100MHZ (rise edge)
                          0.00    0.00   clock source latency
     1    0.02    0.07    0.05    0.05 ^ CLK100MHZ (in)
                                         CLK100MHZ (net)
                  0.07    0.00    0.05 ^ clkbuf_0_CLK100MHZ/A (sky130_fd_sc_hd__clkbuf_16)
     4    0.04    0.05    0.12    0.17 ^ clkbuf_0_CLK100MHZ/X (sky130_fd_sc_hd__clkbuf_16)
                                         clknet_0_CLK100MHZ (net)
                  0.05    0.00    0.17 ^ clkbuf_2_2__f_CLK100MHZ/A (sky130_fd_sc_hd__clkbuf_16)
     8    0.03    0.04    0.10    0.27 ^ clkbuf_2_2__f_CLK100MHZ/X (sky130_fd_sc_hd__clkbuf_16)
                                         clknet_2_2__leaf_CLK100MHZ (net)
                  0.04    0.00    0.27 ^ _250_/CLK (sky130_fd_sc_hd__dfrtp_2)
     5    0.04    0.10    0.33    0.60 v _250_/Q (sky130_fd_sc_hd__dfrtp_2)
                                         decoder.delay[0] (net)
                  0.10    0.00    0.61 v _167_/B (sky130_fd_sc_hd__or2_1)
     1    0.01    0.04    0.16    0.77 v _167_/X (sky130_fd_sc_hd__or2_1)
                                         _084_ (net)
                  0.04    0.00    0.77 v _168_/B (sky130_fd_sc_hd__and2_1)
     1    0.01    0.04    0.13    0.90 v _168_/X (sky130_fd_sc_hd__and2_1)
                                         _085_ (net)
                  0.04    0.00    0.90 v _169_/A (sky130_fd_sc_hd__clkbuf_1)
     1    0.01    0.04    0.09    0.99 v _169_/X (sky130_fd_sc_hd__clkbuf_1)
                                         _011_ (net)
                  0.04    0.00    0.99 v _251_/D (sky130_fd_sc_hd__dfrtp_2)
                                  0.99   data arrival time

                         10.00   10.00   clock CLK100MHZ (rise edge)
                          0.00   10.00   clock source latency
     1    0.02    0.07    0.05   10.05 ^ CLK100MHZ (in)
                                         CLK100MHZ (net)
                  0.07    0.00   10.05 ^ clkbuf_0_CLK100MHZ/A (sky130_fd_sc_hd__clkbuf_16)
     4    0.04    0.05    0.10   10.15 ^ clkbuf_0_CLK100MHZ/X (sky130_fd_sc_hd__clkbuf_16)
                                         clknet_0_CLK100MHZ (net)
                  0.05    0.00   10.15 ^ clkbuf_2_2__f_CLK100MHZ/A (sky130_fd_sc_hd__clkbuf_16)
     8    0.03    0.04    0.09   10.25 ^ clkbuf_2_2__f_CLK100MHZ/X (sky130_fd_sc_hd__clkbuf_16)
                                         clknet_2_2__leaf_CLK100MHZ (net)
                  0.04    0.00   10.25 ^ _251_/CLK (sky130_fd_sc_hd__dfrtp_2)
                         -0.25   10.00   clock uncertainty
                          0.03   10.02   clock reconvergence pessimism
                         -0.08    9.95   library setup time
                                  9.95   data required time
-----------------------------------------------------------------------------
                                  9.95   data required time
                                 -0.99   data arrival time
-----------------------------------------------------------------------------
                                  8.96   slack (MET)


Startpoint: _250_ (rising edge-triggered flip-flop clocked by CLK100MHZ)
Endpoint: _250_ (rising edge-triggered flip-flop clocked by CLK100MHZ)
Path Group: CLK100MHZ
Path Type: max
Corner: Fastest

Fanout     Cap    Slew   Delay    Time   Description
-----------------------------------------------------------------------------
                          0.00    0.00   clock CLK100MHZ (rise edge)
                          0.00    0.00   clock source latency
     1    0.02    0.07    0.05    0.05 ^ CLK100MHZ (in)
                                         CLK100MHZ (net)
                  0.07    0.00    0.05 ^ clkbuf_0_CLK100MHZ/A (sky130_fd_sc_hd__clkbuf_16)
     4    0.04    0.05    0.12    0.17 ^ clkbuf_0_CLK100MHZ/X (sky130_fd_sc_hd__clkbuf_16)
                                         clknet_0_CLK100MHZ (net)
                  0.05    0.00    0.17 ^ clkbuf_2_2__f_CLK100MHZ/A (sky130_fd_sc_hd__clkbuf_16)
     8    0.03    0.04    0.10    0.27 ^ clkbuf_2_2__f_CLK100MHZ/X (sky130_fd_sc_hd__clkbuf_16)
                                         clknet_2_2__leaf_CLK100MHZ (net)
                  0.04    0.00    0.27 ^ _250_/CLK (sky130_fd_sc_hd__dfrtp_2)
     5    0.04    0.16    0.33    0.61 ^ _250_/Q (sky130_fd_sc_hd__dfrtp_2)
                                         decoder.delay[0] (net)
                  0.16    0.00    0.61 ^ _165_/A (sky130_fd_sc_hd__inv_2)
     1    0.00    0.03    0.01    0.62 v _165_/Y (sky130_fd_sc_hd__inv_2)
                                         _000_ (net)
                  0.03    0.00    0.62 v _250_/D (sky130_fd_sc_hd__dfrtp_2)
                                  0.62   data arrival time

                         10.00   10.00   clock CLK100MHZ (rise edge)
                          0.00   10.00   clock source latency
     1    0.02    0.07    0.05   10.05 ^ CLK100MHZ (in)
                                         CLK100MHZ (net)
                  0.07    0.00   10.05 ^ clkbuf_0_CLK100MHZ/A (sky130_fd_sc_hd__clkbuf_16)
     4    0.04    0.05    0.10   10.15 ^ clkbuf_0_CLK100MHZ/X (sky130_fd_sc_hd__clkbuf_16)
                                         clknet_0_CLK100MHZ (net)
                  0.05    0.00   10.15 ^ clkbuf_2_2__f_CLK100MHZ/A (sky130_fd_sc_hd__clkbuf_16)
     8    0.03    0.04    0.09   10.25 ^ clkbuf_2_2__f_CLK100MHZ/X (sky130_fd_sc_hd__clkbuf_16)
                                         clknet_2_2__leaf_CLK100MHZ (net)
                  0.04    0.00   10.25 ^ _250_/CLK (sky130_fd_sc_hd__dfrtp_2)
                         -0.25   10.00   clock uncertainty
                          0.03   10.02   clock reconvergence pessimism
                         -0.07    9.95   library setup time
                                  9.95   data required time
-----------------------------------------------------------------------------
                                  9.95   data required time
                                 -0.62   data arrival time
-----------------------------------------------------------------------------
                                  9.33   slack (MET)



worst slack corner Fastest: 5.9030
======================= Slowest Corner ===================================

Startpoint: _249_ (rising edge-triggered flip-flop clocked by CLK100MHZ)
Endpoint: seg[0] (output port clocked by CLK100MHZ)
Path Group: CLK100MHZ
Path Type: max
Corner: Slowest

Fanout     Cap    Slew   Delay    Time   Description
-----------------------------------------------------------------------------
                          0.00    0.00   clock CLK100MHZ (rise edge)
                          0.00    0.00   clock source latency
     1    0.02    0.15    0.11    0.11 ^ CLK100MHZ (in)
                                         CLK100MHZ (net)
                  0.15    0.00    0.11 ^ clkbuf_0_CLK100MHZ/A (sky130_fd_sc_hd__clkbuf_16)
     4    0.04    0.10    0.31    0.41 ^ clkbuf_0_CLK100MHZ/X (sky130_fd_sc_hd__clkbuf_16)
                                         clknet_0_CLK100MHZ (net)
                  0.10    0.00    0.41 ^ clkbuf_2_3__f_CLK100MHZ/A (sky130_fd_sc_hd__clkbuf_16)
     8    0.03    0.08    0.26    0.67 ^ clkbuf_2_3__f_CLK100MHZ/X (sky130_fd_sc_hd__clkbuf_16)
                                         clknet_2_3__leaf_CLK100MHZ (net)
                  0.08    0.00    0.68 ^ _249_/CLK (sky130_fd_sc_hd__dfrtp_4)
     6    0.05    0.21    1.18    1.86 v _249_/Q (sky130_fd_sc_hd__dfrtp_4)
                                         decoder.count[3] (net)
                  0.21    0.00    1.86 v _132_/A (sky130_fd_sc_hd__or3b_2)
     2    0.02    0.28    1.39    3.25 v _132_/X (sky130_fd_sc_hd__or3b_2)
                                         _064_ (net)
                  0.28    0.00    3.26 v _133_/B (sky130_fd_sc_hd__nor2_1)
     3    0.02    0.64    0.64    3.89 ^ _133_/Y (sky130_fd_sc_hd__nor2_1)
                                         _065_ (net)
                  0.64    0.00    3.89 ^ _158_/B1 (sky130_fd_sc_hd__a2111o_1)
     2    0.02    0.28    0.57    4.46 ^ _158_/X (sky130_fd_sc_hd__a2111o_1)
                                         net4 (net)
                  0.28    0.00    4.47 ^ _279_/A (sky130_fd_sc_hd__buf_1)
     1    0.01    0.24    0.37    4.83 ^ _279_/X (sky130_fd_sc_hd__buf_1)
                                         net1 (net)
                  0.24    0.00    4.83 ^ output1/A (sky130_fd_sc_hd__buf_1)
     1    0.03    0.64    0.66    5.49 ^ output1/X (sky130_fd_sc_hd__buf_1)
                                         seg[0] (net)
                  0.64    0.00    5.49 ^ seg[0] (out)
                                  5.49   data arrival time

                         10.00   10.00   clock CLK100MHZ (rise edge)
                          0.00   10.00   clock network delay (propagated)
                         -0.25    9.75   clock uncertainty
                          0.00    9.75   clock reconvergence pessimism
                         -2.00    7.75   output external delay
                                  7.75   data required time
-----------------------------------------------------------------------------
                                  7.75   data required time
                                 -5.49   data arrival time
-----------------------------------------------------------------------------
                                  2.26   slack (MET)


Startpoint: _249_ (rising edge-triggered flip-flop clocked by CLK100MHZ)
Endpoint: seg[5] (output port clocked by CLK100MHZ)
Path Group: CLK100MHZ
Path Type: max
Corner: Slowest

Fanout     Cap    Slew   Delay    Time   Description
-----------------------------------------------------------------------------
                          0.00    0.00   clock CLK100MHZ (rise edge)
                          0.00    0.00   clock source latency
     1    0.02    0.15    0.11    0.11 ^ CLK100MHZ (in)
                                         CLK100MHZ (net)
                  0.15    0.00    0.11 ^ clkbuf_0_CLK100MHZ/A (sky130_fd_sc_hd__clkbuf_16)
     4    0.04    0.10    0.31    0.41 ^ clkbuf_0_CLK100MHZ/X (sky130_fd_sc_hd__clkbuf_16)
                                         clknet_0_CLK100MHZ (net)
                  0.10    0.00    0.41 ^ clkbuf_2_3__f_CLK100MHZ/A (sky130_fd_sc_hd__clkbuf_16)
     8    0.03    0.08    0.26    0.67 ^ clkbuf_2_3__f_CLK100MHZ/X (sky130_fd_sc_hd__clkbuf_16)
                                         clknet_2_3__leaf_CLK100MHZ (net)
                  0.08    0.00    0.68 ^ _249_/CLK (sky130_fd_sc_hd__dfrtp_4)
     6    0.05    0.21    1.18    1.86 v _249_/Q (sky130_fd_sc_hd__dfrtp_4)
                                         decoder.count[3] (net)
                  0.21    0.00    1.86 v _155_/A (sky130_fd_sc_hd__nor2_2)
     4    0.04    0.69    0.69    2.55 ^ _155_/Y (sky130_fd_sc_hd__nor2_2)
                                         _079_ (net)
                  0.69    0.00    2.55 ^ _156_/B (sky130_fd_sc_hd__nand2_1)
     2    0.02    0.42    0.61    3.17 v _156_/Y (sky130_fd_sc_hd__nand2_1)
                                         _080_ (net)
                  0.42    0.00    3.17 v _157_/B (sky130_fd_sc_hd__nor2_1)
     2    0.02    0.54    0.62    3.78 ^ _157_/Y (sky130_fd_sc_hd__nor2_1)
                                         _081_ (net)
                  0.54    0.00    3.79 ^ _162_/C (sky130_fd_sc_hd__or3_1)
     1    0.01    0.18    0.46    4.24 ^ _162_/X (sky130_fd_sc_hd__or3_1)
                                         _082_ (net)
                  0.18    0.00    4.24 ^ _163_/A (sky130_fd_sc_hd__clkbuf_1)
     1    0.02    0.30    0.38    4.62 ^ _163_/X (sky130_fd_sc_hd__clkbuf_1)
                                         net6 (net)
                  0.30    0.00    4.62 ^ output6/A (sky130_fd_sc_hd__buf_1)
     1    0.03    0.64    0.68    5.30 ^ output6/X (sky130_fd_sc_hd__buf_1)
                                         seg[5] (net)
                  0.64    0.00    5.30 ^ seg[5] (out)
                                  5.30   data arrival time

                         10.00   10.00   clock CLK100MHZ (rise edge)
                          0.00   10.00   clock network delay (propagated)
                         -0.25    9.75   clock uncertainty
                          0.00    9.75   clock reconvergence pessimism
                         -2.00    7.75   output external delay
                                  7.75   data required time
-----------------------------------------------------------------------------
                                  7.75   data required time
                                 -5.30   data arrival time
-----------------------------------------------------------------------------
                                  2.45   slack (MET)


Startpoint: _249_ (rising edge-triggered flip-flop clocked by CLK100MHZ)
Endpoint: seg[3] (output port clocked by CLK100MHZ)
Path Group: CLK100MHZ
Path Type: max
Corner: Slowest

Fanout     Cap    Slew   Delay    Time   Description
-----------------------------------------------------------------------------
                          0.00    0.00   clock CLK100MHZ (rise edge)
                          0.00    0.00   clock source latency
     1    0.02    0.15    0.11    0.11 ^ CLK100MHZ (in)
                                         CLK100MHZ (net)
                  0.15    0.00    0.11 ^ clkbuf_0_CLK100MHZ/A (sky130_fd_sc_hd__clkbuf_16)
     4    0.04    0.10    0.31    0.41 ^ clkbuf_0_CLK100MHZ/X (sky130_fd_sc_hd__clkbuf_16)
                                         clknet_0_CLK100MHZ (net)
                  0.10    0.00    0.41 ^ clkbuf_2_3__f_CLK100MHZ/A (sky130_fd_sc_hd__clkbuf_16)
     8    0.03    0.08    0.26    0.67 ^ clkbuf_2_3__f_CLK100MHZ/X (sky130_fd_sc_hd__clkbuf_16)
                                         clknet_2_3__leaf_CLK100MHZ (net)
                  0.08    0.00    0.68 ^ _249_/CLK (sky130_fd_sc_hd__dfrtp_4)
     6    0.05    0.21    1.18    1.86 v _249_/Q (sky130_fd_sc_hd__dfrtp_4)
                                         decoder.count[3] (net)
                  0.21    0.00    1.86 v _132_/A (sky130_fd_sc_hd__or3b_2)
     2    0.02    0.28    1.39    3.25 v _132_/X (sky130_fd_sc_hd__or3b_2)
                                         _064_ (net)
                  0.28    0.00    3.26 v _133_/B (sky130_fd_sc_hd__nor2_1)
     3    0.02    0.64    0.64    3.89 ^ _133_/Y (sky130_fd_sc_hd__nor2_1)
                                         _065_ (net)
                  0.64    0.00    3.89 ^ _158_/B1 (sky130_fd_sc_hd__a2111o_1)
     2    0.02    0.28    0.57    4.46 ^ _158_/X (sky130_fd_sc_hd__a2111o_1)
                                         net4 (net)
                  0.28    0.00    4.47 ^ output4/A (sky130_fd_sc_hd__buf_1)
     1    0.03    0.64    0.67    5.13 ^ output4/X (sky130_fd_sc_hd__buf_1)
                                         seg[3] (net)
                  0.64    0.00    5.14 ^ seg[3] (out)
                                  5.14   data arrival time

                         10.00   10.00   clock CLK100MHZ (rise edge)
                          0.00   10.00   clock network delay (propagated)
                         -0.25    9.75   clock uncertainty
                          0.00    9.75   clock reconvergence pessimism
                         -2.00    7.75   output external delay
                                  7.75   data required time
-----------------------------------------------------------------------------
                                  7.75   data required time
                                 -5.14   data arrival time
-----------------------------------------------------------------------------
                                  2.61   slack (MET)


Startpoint: _249_ (rising edge-triggered flip-flop clocked by CLK100MHZ)
Endpoint: seg[1] (output port clocked by CLK100MHZ)
Path Group: CLK100MHZ
Path Type: max
Corner: Slowest

Fanout     Cap    Slew   Delay    Time   Description
-----------------------------------------------------------------------------
                          0.00    0.00   clock CLK100MHZ (rise edge)
                          0.00    0.00   clock source latency
     1    0.02    0.15    0.11    0.11 ^ CLK100MHZ (in)
                                         CLK100MHZ (net)
                  0.15    0.00    0.11 ^ clkbuf_0_CLK100MHZ/A (sky130_fd_sc_hd__clkbuf_16)
     4    0.04    0.10    0.31    0.41 ^ clkbuf_0_CLK100MHZ/X (sky130_fd_sc_hd__clkbuf_16)
                                         clknet_0_CLK100MHZ (net)
                  0.10    0.00    0.41 ^ clkbuf_2_3__f_CLK100MHZ/A (sky130_fd_sc_hd__clkbuf_16)
     8    0.03    0.08    0.26    0.67 ^ clkbuf_2_3__f_CLK100MHZ/X (sky130_fd_sc_hd__clkbuf_16)
                                         clknet_2_3__leaf_CLK100MHZ (net)
                  0.08    0.00    0.68 ^ _249_/CLK (sky130_fd_sc_hd__dfrtp_4)
     6    0.05    0.21    1.18    1.86 v _249_/Q (sky130_fd_sc_hd__dfrtp_4)
                                         decoder.count[3] (net)
                  0.21    0.00    1.86 v _132_/A (sky130_fd_sc_hd__or3b_2)
     2    0.02    0.28    1.39    3.25 v _132_/X (sky130_fd_sc_hd__or3b_2)
                                         _064_ (net)
                  0.28    0.00    3.26 v _133_/B (sky130_fd_sc_hd__nor2_1)
     3    0.02    0.64    0.64    3.89 ^ _133_/Y (sky130_fd_sc_hd__nor2_1)
                                         _065_ (net)
                  0.64    0.00    3.89 ^ _159_/A (sky130_fd_sc_hd__nor2_1)
     1    0.01    0.15    0.31    4.20 v _159_/Y (sky130_fd_sc_hd__nor2_1)
                                         net2 (net)
                  0.15    0.00    4.20 v output2/A (sky130_fd_sc_hd__buf_1)
     1    0.03    0.39    0.48    4.68 v output2/X (sky130_fd_sc_hd__buf_1)
                                         seg[1] (net)
                  0.39    0.00    4.68 v seg[1] (out)
                                  4.68   data arrival time

                         10.00   10.00   clock CLK100MHZ (rise edge)
                          0.00   10.00   clock network delay (propagated)
                         -0.25    9.75   clock uncertainty
                          0.00    9.75   clock reconvergence pessimism
                         -2.00    7.75   output external delay
                                  7.75   data required time
-----------------------------------------------------------------------------
                                  7.75   data required time
                                 -4.68   data arrival time
-----------------------------------------------------------------------------
                                  3.07   slack (MET)


Startpoint: _249_ (rising edge-triggered flip-flop clocked by CLK100MHZ)
Endpoint: seg[6] (output port clocked by CLK100MHZ)
Path Group: CLK100MHZ
Path Type: max
Corner: Slowest

Fanout     Cap    Slew   Delay    Time   Description
-----------------------------------------------------------------------------
                          0.00    0.00   clock CLK100MHZ (rise edge)
                          0.00    0.00   clock source latency
     1    0.02    0.15    0.11    0.11 ^ CLK100MHZ (in)
                                         CLK100MHZ (net)
                  0.15    0.00    0.11 ^ clkbuf_0_CLK100MHZ/A (sky130_fd_sc_hd__clkbuf_16)
     4    0.04    0.10    0.31    0.41 ^ clkbuf_0_CLK100MHZ/X (sky130_fd_sc_hd__clkbuf_16)
                                         clknet_0_CLK100MHZ (net)
                  0.10    0.00    0.41 ^ clkbuf_2_3__f_CLK100MHZ/A (sky130_fd_sc_hd__clkbuf_16)
     8    0.03    0.08    0.26    0.67 ^ clkbuf_2_3__f_CLK100MHZ/X (sky130_fd_sc_hd__clkbuf_16)
                                         clknet_2_3__leaf_CLK100MHZ (net)
                  0.08    0.00    0.68 ^ _249_/CLK (sky130_fd_sc_hd__dfrtp_4)
     6    0.05    0.21    1.18    1.86 v _249_/Q (sky130_fd_sc_hd__dfrtp_4)
                                         decoder.count[3] (net)
                  0.21    0.00    1.86 v _132_/A (sky130_fd_sc_hd__or3b_2)
     2    0.02    0.28    1.39    3.25 v _132_/X (sky130_fd_sc_hd__or3b_2)
                                         _064_ (net)
                  0.28    0.00    3.26 v _164_/B1_N (sky130_fd_sc_hd__a21boi_1)
     1    0.01    0.25    0.44    3.69 v _164_/Y (sky130_fd_sc_hd__a21boi_1)
                                         net7 (net)
                  0.25    0.00    3.69 v output7/A (sky130_fd_sc_hd__buf_1)
     1    0.03    0.39    0.52    4.21 v output7/X (sky130_fd_sc_hd__buf_1)
                                         seg[6] (net)
                  0.39    0.00    4.22 v seg[6] (out)
                                  4.22   data arrival time

                         10.00   10.00   clock CLK100MHZ (rise edge)
                          0.00   10.00   clock network delay (propagated)
                         -0.25    9.75   clock uncertainty
                          0.00    9.75   clock reconvergence pessimism
                         -2.00    7.75   output external delay
                                  7.75   data required time
-----------------------------------------------------------------------------
                                  7.75   data required time
                                 -4.22   data arrival time
-----------------------------------------------------------------------------
                                  3.53   slack (MET)


Startpoint: _249_ (rising edge-triggered flip-flop clocked by CLK100MHZ)
Endpoint: seg[2] (output port clocked by CLK100MHZ)
Path Group: CLK100MHZ
Path Type: max
Corner: Slowest

Fanout     Cap    Slew   Delay    Time   Description
-----------------------------------------------------------------------------
                          0.00    0.00   clock CLK100MHZ (rise edge)
                          0.00    0.00   clock source latency
     1    0.02    0.15    0.11    0.11 ^ CLK100MHZ (in)
                                         CLK100MHZ (net)
                  0.15    0.00    0.11 ^ clkbuf_0_CLK100MHZ/A (sky130_fd_sc_hd__clkbuf_16)
     4    0.04    0.10    0.31    0.41 ^ clkbuf_0_CLK100MHZ/X (sky130_fd_sc_hd__clkbuf_16)
                                         clknet_0_CLK100MHZ (net)
                  0.10    0.00    0.41 ^ clkbuf_2_3__f_CLK100MHZ/A (sky130_fd_sc_hd__clkbuf_16)
     8    0.03    0.08    0.26    0.67 ^ clkbuf_2_3__f_CLK100MHZ/X (sky130_fd_sc_hd__clkbuf_16)
                                         clknet_2_3__leaf_CLK100MHZ (net)
                  0.08    0.00    0.68 ^ _249_/CLK (sky130_fd_sc_hd__dfrtp_4)
     6    0.05    0.21    1.18    1.86 v _249_/Q (sky130_fd_sc_hd__dfrtp_4)
                                         decoder.count[3] (net)
                  0.21    0.00    1.86 v _155_/A (sky130_fd_sc_hd__nor2_2)
     4    0.04    0.69    0.69    2.55 ^ _155_/Y (sky130_fd_sc_hd__nor2_2)
                                         _079_ (net)
                  0.69    0.00    2.55 ^ _156_/B (sky130_fd_sc_hd__nand2_1)
     2    0.02    0.42    0.61    3.17 v _156_/Y (sky130_fd_sc_hd__nand2_1)
                                         _080_ (net)
                  0.42    0.00    3.17 v _160_/B1 (sky130_fd_sc_hd__o21a_1)
     1    0.02    0.18    0.48    3.65 v _160_/X (sky130_fd_sc_hd__o21a_1)
                                         net3 (net)
                  0.18    0.00    3.65 v output3/A (sky130_fd_sc_hd__buf_1)
     1    0.03    0.39    0.49    4.14 v output3/X (sky130_fd_sc_hd__buf_1)
                                         seg[2] (net)
                  0.39    0.00    4.14 v seg[2] (out)
                                  4.14   data arrival time

                         10.00   10.00   clock CLK100MHZ (rise edge)
                          0.00   10.00   clock network delay (propagated)
                         -0.25    9.75   clock uncertainty
                          0.00    9.75   clock reconvergence pessimism
                         -2.00    7.75   output external delay
                                  7.75   data required time
-----------------------------------------------------------------------------
                                  7.75   data required time
                                 -4.14   data arrival time
-----------------------------------------------------------------------------
                                  3.61   slack (MET)


Startpoint: _249_ (rising edge-triggered flip-flop clocked by CLK100MHZ)
Endpoint: seg[4] (output port clocked by CLK100MHZ)
Path Group: CLK100MHZ
Path Type: max
Corner: Slowest

Fanout     Cap    Slew   Delay    Time   Description
-----------------------------------------------------------------------------
                          0.00    0.00   clock CLK100MHZ (rise edge)
                          0.00    0.00   clock source latency
     1    0.02    0.15    0.11    0.11 ^ CLK100MHZ (in)
                                         CLK100MHZ (net)
                  0.15    0.00    0.11 ^ clkbuf_0_CLK100MHZ/A (sky130_fd_sc_hd__clkbuf_16)
     4    0.04    0.10    0.31    0.41 ^ clkbuf_0_CLK100MHZ/X (sky130_fd_sc_hd__clkbuf_16)
                                         clknet_0_CLK100MHZ (net)
                  0.10    0.00    0.41 ^ clkbuf_2_3__f_CLK100MHZ/A (sky130_fd_sc_hd__clkbuf_16)
     8    0.03    0.08    0.26    0.67 ^ clkbuf_2_3__f_CLK100MHZ/X (sky130_fd_sc_hd__clkbuf_16)
                                         clknet_2_3__leaf_CLK100MHZ (net)
                  0.08    0.00    0.68 ^ _249_/CLK (sky130_fd_sc_hd__dfrtp_4)
     6    0.05    0.21    1.18    1.86 v _249_/Q (sky130_fd_sc_hd__dfrtp_4)
                                         decoder.count[3] (net)
                  0.21    0.00    1.86 v _155_/A (sky130_fd_sc_hd__nor2_2)
     4    0.04    0.69    0.69    2.55 ^ _155_/Y (sky130_fd_sc_hd__nor2_2)
                                         _079_ (net)
                  0.69    0.00    2.55 ^ _161_/B (sky130_fd_sc_hd__nand2_1)
     1    0.01    0.25    0.45    3.00 v _161_/Y (sky130_fd_sc_hd__nand2_1)
                                         net5 (net)
                  0.25    0.00    3.00 v output5/A (sky130_fd_sc_hd__buf_1)
     1    0.03    0.39    0.52    3.53 v output5/X (sky130_fd_sc_hd__buf_1)
                                         seg[4] (net)
                  0.39    0.00    3.53 v seg[4] (out)
                                  3.53   data arrival time

                         10.00   10.00   clock CLK100MHZ (rise edge)
                          0.00   10.00   clock network delay (propagated)
                         -0.25    9.75   clock uncertainty
                          0.00    9.75   clock reconvergence pessimism
                         -2.00    7.75   output external delay
                                  7.75   data required time
-----------------------------------------------------------------------------
                                  7.75   data required time
                                 -3.53   data arrival time
-----------------------------------------------------------------------------
                                  4.22   slack (MET)


Startpoint: _252_ (rising edge-triggered flip-flop clocked by CLK100MHZ)
Endpoint: _261_ (rising edge-triggered flip-flop clocked by CLK100MHZ)
Path Group: CLK100MHZ
Path Type: max
Corner: Slowest

Fanout     Cap    Slew   Delay    Time   Description
-----------------------------------------------------------------------------
                          0.00    0.00   clock CLK100MHZ (rise edge)
                          0.00    0.00   clock source latency
     1    0.02    0.15    0.11    0.11 ^ CLK100MHZ (in)
                                         CLK100MHZ (net)
                  0.15    0.00    0.11 ^ clkbuf_0_CLK100MHZ/A (sky130_fd_sc_hd__clkbuf_16)
     4    0.04    0.10    0.31    0.41 ^ clkbuf_0_CLK100MHZ/X (sky130_fd_sc_hd__clkbuf_16)
                                         clknet_0_CLK100MHZ (net)
                  0.10    0.00    0.42 ^ clkbuf_2_2__f_CLK100MHZ/A (sky130_fd_sc_hd__clkbuf_16)
     8    0.03    0.08    0.26    0.68 ^ clkbuf_2_2__f_CLK100MHZ/X (sky130_fd_sc_hd__clkbuf_16)
                                         clknet_2_2__leaf_CLK100MHZ (net)
                  0.08    0.00    0.68 ^ _252_/CLK (sky130_fd_sc_hd__dfrtp_2)
     3    0.04    0.22    1.03    1.71 v _252_/Q (sky130_fd_sc_hd__dfrtp_2)
                                         decoder.delay[2] (net)
                  0.22    0.00    1.71 v _126_/C (sky130_fd_sc_hd__and4_2)
     6    0.04    0.22    0.74    2.45 v _126_/X (sky130_fd_sc_hd__and4_2)
                                         _059_ (net)
                  0.22    0.00    2.45 v _182_/B (sky130_fd_sc_hd__and3_1)
     2    0.01    0.15    0.52    2.97 v _182_/X (sky130_fd_sc_hd__and3_1)
                                         _093_ (net)
                  0.15    0.00    2.97 v _183_/A (sky130_fd_sc_hd__buf_2)
    10    0.06    0.26    0.48    3.44 v _183_/X (sky130_fd_sc_hd__buf_2)
                                         _094_ (net)
                  0.26    0.00    3.45 v _195_/A2 (sky130_fd_sc_hd__a21oi_1)
     1    0.02    0.65    0.70    4.15 ^ _195_/Y (sky130_fd_sc_hd__a21oi_1)
                                         _102_ (net)
                  0.65    0.00    4.15 ^ _197_/A_N (sky130_fd_sc_hd__and2b_1)
     1    0.01    0.14    0.65    4.80 v _197_/X (sky130_fd_sc_hd__and2b_1)
                                         _104_ (net)
                  0.14    0.00    4.80 v _198_/A (sky130_fd_sc_hd__buf_1)
     2    0.02    0.22    0.34    5.14 v _198_/X (sky130_fd_sc_hd__buf_1)
                                         _002_ (net)
                  0.22    0.00    5.15 v _261_/D (sky130_fd_sc_hd__dfrtp_1)
                                  5.15   data arrival time

                         10.00   10.00   clock CLK100MHZ (rise edge)
                          0.00   10.00   clock source latency
     1    0.02    0.15    0.10   10.10 ^ CLK100MHZ (in)
                                         CLK100MHZ (net)
                  0.15    0.00   10.10 ^ clkbuf_0_CLK100MHZ/A (sky130_fd_sc_hd__clkbuf_16)
     4    0.04    0.10    0.28   10.37 ^ clkbuf_0_CLK100MHZ/X (sky130_fd_sc_hd__clkbuf_16)
                                         clknet_0_CLK100MHZ (net)
                  0.10    0.00   10.37 ^ clkbuf_2_3__f_CLK100MHZ/A (sky130_fd_sc_hd__clkbuf_16)
     8    0.03    0.08    0.24   10.61 ^ clkbuf_2_3__f_CLK100MHZ/X (sky130_fd_sc_hd__clkbuf_16)
                                         clknet_2_3__leaf_CLK100MHZ (net)
                  0.08    0.00   10.61 ^ _261_/CLK (sky130_fd_sc_hd__dfrtp_1)
                         -0.25   10.36   clock uncertainty
                          0.04   10.40   clock reconvergence pessimism
                         -0.34   10.06   library setup time
                                 10.06   data required time
-----------------------------------------------------------------------------
                                 10.06   data required time
                                 -5.15   data arrival time
-----------------------------------------------------------------------------
                                  4.92   slack (MET)


Startpoint: _250_ (rising edge-triggered flip-flop clocked by CLK100MHZ)
Endpoint: _246_ (rising edge-triggered flip-flop clocked by CLK100MHZ)
Path Group: CLK100MHZ
Path Type: max
Corner: Slowest

Fanout     Cap    Slew   Delay    Time   Description
-----------------------------------------------------------------------------
                          0.00    0.00   clock CLK100MHZ (rise edge)
                          0.00    0.00   clock source latency
     1    0.02    0.15    0.11    0.11 ^ CLK100MHZ (in)
                                         CLK100MHZ (net)
                  0.15    0.00    0.11 ^ clkbuf_0_CLK100MHZ/A (sky130_fd_sc_hd__clkbuf_16)
     4    0.04    0.10    0.31    0.41 ^ clkbuf_0_CLK100MHZ/X (sky130_fd_sc_hd__clkbuf_16)
                                         clknet_0_CLK100MHZ (net)
                  0.10    0.00    0.42 ^ clkbuf_2_2__f_CLK100MHZ/A (sky130_fd_sc_hd__clkbuf_16)
     8    0.03    0.08    0.26    0.68 ^ clkbuf_2_2__f_CLK100MHZ/X (sky130_fd_sc_hd__clkbuf_16)
                                         clknet_2_2__leaf_CLK100MHZ (net)
                  0.08    0.00    0.68 ^ _250_/CLK (sky130_fd_sc_hd__dfrtp_2)
     5    0.04    0.35    0.98    1.66 ^ _250_/Q (sky130_fd_sc_hd__dfrtp_2)
                                         decoder.delay[0] (net)
                  0.35    0.00    1.66 ^ _126_/B (sky130_fd_sc_hd__and4_2)
     6    0.04    0.37    0.85    2.51 ^ _126_/X (sky130_fd_sc_hd__and4_2)
                                         _059_ (net)
                  0.37    0.00    2.51 ^ _128_/C (sky130_fd_sc_hd__and4_2)
     7    0.05    0.44    0.92    3.43 ^ _128_/X (sky130_fd_sc_hd__and4_2)
                                         _061_ (net)
                  0.44    0.00    3.43 ^ _134_/A (sky130_fd_sc_hd__clkbuf_4)
    10    0.06    0.31    0.62    4.05 ^ _134_/X (sky130_fd_sc_hd__clkbuf_4)
                                         _066_ (net)
                  0.31    0.01    4.06 ^ _135_/B (sky130_fd_sc_hd__nand4b_2)
     2    0.03    0.50    0.58    4.64 v _135_/Y (sky130_fd_sc_hd__nand4b_2)
                                         _067_ (net)
                  0.50    0.00    4.64 v _142_/A2 (sky130_fd_sc_hd__a21oi_1)
     1    0.01    0.40    0.60    5.24 ^ _142_/Y (sky130_fd_sc_hd__a21oi_1)
                                         _054_ (net)
                  0.40    0.00    5.24 ^ _246_/D (sky130_fd_sc_hd__dfrtp_4)
                                  5.24   data arrival time

                         10.00   10.00   clock CLK100MHZ (rise edge)
                          0.00   10.00   clock source latency
     1    0.02    0.15    0.10   10.10 ^ CLK100MHZ (in)
                                         CLK100MHZ (net)
                  0.15    0.00   10.10 ^ clkbuf_0_CLK100MHZ/A (sky130_fd_sc_hd__clkbuf_16)
     4    0.04    0.10    0.28   10.37 ^ clkbuf_0_CLK100MHZ/X (sky130_fd_sc_hd__clkbuf_16)
                                         clknet_0_CLK100MHZ (net)
                  0.10    0.00   10.37 ^ clkbuf_2_1__f_CLK100MHZ/A (sky130_fd_sc_hd__clkbuf_16)
     8    0.02    0.07    0.23   10.60 ^ clkbuf_2_1__f_CLK100MHZ/X (sky130_fd_sc_hd__clkbuf_16)
                                         clknet_2_1__leaf_CLK100MHZ (net)
                  0.07    0.00   10.60 ^ _246_/CLK (sky130_fd_sc_hd__dfrtp_4)
                         -0.25   10.35   clock uncertainty
                          0.04   10.39   clock reconvergence pessimism
                         -0.22   10.17   library setup time
                                 10.17   data required time
-----------------------------------------------------------------------------
                                 10.17   data required time
                                 -5.24   data arrival time
-----------------------------------------------------------------------------
                                  4.94   slack (MET)


Startpoint: _250_ (rising edge-triggered flip-flop clocked by CLK100MHZ)
Endpoint: _271_ (rising edge-triggered flip-flop clocked by CLK100MHZ)
Path Group: CLK100MHZ
Path Type: max
Corner: Slowest

Fanout     Cap    Slew   Delay    Time   Description
-----------------------------------------------------------------------------
                          0.00    0.00   clock CLK100MHZ (rise edge)
                          0.00    0.00   clock source latency
     1    0.02    0.15    0.11    0.11 ^ CLK100MHZ (in)
                                         CLK100MHZ (net)
                  0.15    0.00    0.11 ^ clkbuf_0_CLK100MHZ/A (sky130_fd_sc_hd__clkbuf_16)
     4    0.04    0.10    0.31    0.41 ^ clkbuf_0_CLK100MHZ/X (sky130_fd_sc_hd__clkbuf_16)
                                         clknet_0_CLK100MHZ (net)
                  0.10    0.00    0.42 ^ clkbuf_2_2__f_CLK100MHZ/A (sky130_fd_sc_hd__clkbuf_16)
     8    0.03    0.08    0.26    0.68 ^ clkbuf_2_2__f_CLK100MHZ/X (sky130_fd_sc_hd__clkbuf_16)
                                         clknet_2_2__leaf_CLK100MHZ (net)
                  0.08    0.00    0.68 ^ _250_/CLK (sky130_fd_sc_hd__dfrtp_2)
     5    0.04    0.35    0.98    1.66 ^ _250_/Q (sky130_fd_sc_hd__dfrtp_2)
                                         decoder.delay[0] (net)
                  0.35    0.00    1.66 ^ _126_/B (sky130_fd_sc_hd__and4_2)
     6    0.04    0.37    0.85    2.51 ^ _126_/X (sky130_fd_sc_hd__and4_2)
                                         _059_ (net)
                  0.37    0.00    2.51 ^ _128_/C (sky130_fd_sc_hd__and4_2)
     7    0.05    0.44    0.92    3.43 ^ _128_/X (sky130_fd_sc_hd__and4_2)
                                         _061_ (net)
                  0.44    0.00    3.43 ^ _134_/A (sky130_fd_sc_hd__clkbuf_4)
    10    0.06    0.31    0.62    4.05 ^ _134_/X (sky130_fd_sc_hd__clkbuf_4)
                                         _066_ (net)
                  0.31    0.01    4.06 ^ _146_/C (sky130_fd_sc_hd__and3_1)
     2    0.02    0.29    0.58    4.64 ^ _146_/X (sky130_fd_sc_hd__and3_1)
                                         _074_ (net)
                  0.29    0.00    4.64 ^ _147_/B1_N (sky130_fd_sc_hd__o21ba_1)
     1    0.02    0.20    0.49    5.13 v _147_/X (sky130_fd_sc_hd__o21ba_1)
                                         _013_ (net)
                  0.20    0.00    5.14 v _271_/D (sky130_fd_sc_hd__dfrtp_1)
                                  5.14   data arrival time

                         10.00   10.00   clock CLK100MHZ (rise edge)
                          0.00   10.00   clock source latency
     1    0.02    0.15    0.10   10.10 ^ CLK100MHZ (in)
                                         CLK100MHZ (net)
                  0.15    0.00   10.10 ^ clkbuf_0_CLK100MHZ/A (sky130_fd_sc_hd__clkbuf_16)
     4    0.04    0.10    0.28   10.37 ^ clkbuf_0_CLK100MHZ/X (sky130_fd_sc_hd__clkbuf_16)
                                         clknet_0_CLK100MHZ (net)
                  0.10    0.00   10.37 ^ clkbuf_2_0__f_CLK100MHZ/A (sky130_fd_sc_hd__clkbuf_16)
     8    0.03    0.08    0.24   10.61 ^ clkbuf_2_0__f_CLK100MHZ/X (sky130_fd_sc_hd__clkbuf_16)
                                         clknet_2_0__leaf_CLK100MHZ (net)
                  0.08    0.00   10.61 ^ _271_/CLK (sky130_fd_sc_hd__dfrtp_1)
                         -0.25   10.36   clock uncertainty
                          0.04   10.40   clock reconvergence pessimism
                         -0.33   10.08   library setup time
                                 10.08   data required time
-----------------------------------------------------------------------------
                                 10.08   data required time
                                 -5.14   data arrival time
-----------------------------------------------------------------------------
                                  4.94   slack (MET)


Startpoint: _250_ (rising edge-triggered flip-flop clocked by CLK100MHZ)
Endpoint: _248_ (rising edge-triggered flip-flop clocked by CLK100MHZ)
Path Group: CLK100MHZ
Path Type: max
Corner: Slowest

Fanout     Cap    Slew   Delay    Time   Description
-----------------------------------------------------------------------------
                          0.00    0.00   clock CLK100MHZ (rise edge)
                          0.00    0.00   clock source latency
     1    0.02    0.15    0.11    0.11 ^ CLK100MHZ (in)
                                         CLK100MHZ (net)
                  0.15    0.00    0.11 ^ clkbuf_0_CLK100MHZ/A (sky130_fd_sc_hd__clkbuf_16)
     4    0.04    0.10    0.31    0.41 ^ clkbuf_0_CLK100MHZ/X (sky130_fd_sc_hd__clkbuf_16)
                                         clknet_0_CLK100MHZ (net)
                  0.10    0.00    0.42 ^ clkbuf_2_2__f_CLK100MHZ/A (sky130_fd_sc_hd__clkbuf_16)
     8    0.03    0.08    0.26    0.68 ^ clkbuf_2_2__f_CLK100MHZ/X (sky130_fd_sc_hd__clkbuf_16)
                                         clknet_2_2__leaf_CLK100MHZ (net)
                  0.08    0.00    0.68 ^ _250_/CLK (sky130_fd_sc_hd__dfrtp_2)
     5    0.04    0.35    0.98    1.66 ^ _250_/Q (sky130_fd_sc_hd__dfrtp_2)
                                         decoder.delay[0] (net)
                  0.35    0.00    1.66 ^ _126_/B (sky130_fd_sc_hd__and4_2)
     6    0.04    0.37    0.85    2.51 ^ _126_/X (sky130_fd_sc_hd__and4_2)
                                         _059_ (net)
                  0.37    0.00    2.51 ^ _128_/C (sky130_fd_sc_hd__and4_2)
     7    0.05    0.44    0.92    3.43 ^ _128_/X (sky130_fd_sc_hd__and4_2)
                                         _061_ (net)
                  0.44    0.00    3.43 ^ _134_/A (sky130_fd_sc_hd__clkbuf_4)
    10    0.06    0.31    0.62    4.05 ^ _134_/X (sky130_fd_sc_hd__clkbuf_4)
                                         _066_ (net)
                  0.31    0.01    4.06 ^ _135_/B (sky130_fd_sc_hd__nand4b_2)
     2    0.03    0.50    0.58    4.64 v _135_/Y (sky130_fd_sc_hd__nand4b_2)
                                         _067_ (net)
                  0.50    0.00    4.64 v _138_/A3 (sky130_fd_sc_hd__o31ai_1)
     1    0.00    0.37    0.56    5.20 ^ _138_/Y (sky130_fd_sc_hd__o31ai_1)
                                         _056_ (net)
                  0.37    0.00    5.20 ^ _248_/D (sky130_fd_sc_hd__dfrtp_4)
                                  5.20   data arrival time

                         10.00   10.00   clock CLK100MHZ (rise edge)
                          0.00   10.00   clock source latency
     1    0.02    0.15    0.10   10.10 ^ CLK100MHZ (in)
                                         CLK100MHZ (net)
                  0.15    0.00   10.10 ^ clkbuf_0_CLK100MHZ/A (sky130_fd_sc_hd__clkbuf_16)
     4    0.04    0.10    0.28   10.37 ^ clkbuf_0_CLK100MHZ/X (sky130_fd_sc_hd__clkbuf_16)
                                         clknet_0_CLK100MHZ (net)
                  0.10    0.00   10.37 ^ clkbuf_2_0__f_CLK100MHZ/A (sky130_fd_sc_hd__clkbuf_16)
     8    0.03    0.08    0.24   10.61 ^ clkbuf_2_0__f_CLK100MHZ/X (sky130_fd_sc_hd__clkbuf_16)
                                         clknet_2_0__leaf_CLK100MHZ (net)
                  0.08    0.00   10.61 ^ _248_/CLK (sky130_fd_sc_hd__dfrtp_4)
                         -0.25   10.36   clock uncertainty
                          0.04   10.40   clock reconvergence pessimism
                         -0.21   10.19   library setup time
                                 10.19   data required time
-----------------------------------------------------------------------------
                                 10.19   data required time
                                 -5.20   data arrival time
-----------------------------------------------------------------------------
                                  4.99   slack (MET)


Startpoint: _252_ (rising edge-triggered flip-flop clocked by CLK100MHZ)
Endpoint: _272_ (rising edge-triggered flip-flop clocked by CLK100MHZ)
Path Group: CLK100MHZ
Path Type: max
Corner: Slowest

Fanout     Cap    Slew   Delay    Time   Description
-----------------------------------------------------------------------------
                          0.00    0.00   clock CLK100MHZ (rise edge)
                          0.00    0.00   clock source latency
     1    0.02    0.15    0.11    0.11 ^ CLK100MHZ (in)
                                         CLK100MHZ (net)
                  0.15    0.00    0.11 ^ clkbuf_0_CLK100MHZ/A (sky130_fd_sc_hd__clkbuf_16)
     4    0.04    0.10    0.31    0.41 ^ clkbuf_0_CLK100MHZ/X (sky130_fd_sc_hd__clkbuf_16)
                                         clknet_0_CLK100MHZ (net)
                  0.10    0.00    0.42 ^ clkbuf_2_2__f_CLK100MHZ/A (sky130_fd_sc_hd__clkbuf_16)
     8    0.03    0.08    0.26    0.68 ^ clkbuf_2_2__f_CLK100MHZ/X (sky130_fd_sc_hd__clkbuf_16)
                                         clknet_2_2__leaf_CLK100MHZ (net)
                  0.08    0.00    0.68 ^ _252_/CLK (sky130_fd_sc_hd__dfrtp_2)
     3    0.04    0.22    1.03    1.71 v _252_/Q (sky130_fd_sc_hd__dfrtp_2)
                                         decoder.delay[2] (net)
                  0.22    0.00    1.71 v _126_/C (sky130_fd_sc_hd__and4_2)
     6    0.04    0.22    0.74    2.45 v _126_/X (sky130_fd_sc_hd__and4_2)
                                         _059_ (net)
                  0.22    0.00    2.45 v _128_/C (sky130_fd_sc_hd__and4_2)
     7    0.05    0.25    0.77    3.22 v _128_/X (sky130_fd_sc_hd__and4_2)
                                         _061_ (net)
                  0.25    0.00    3.22 v _134_/A (sky130_fd_sc_hd__clkbuf_4)
    10    0.06    0.23    0.50    3.73 v _134_/X (sky130_fd_sc_hd__clkbuf_4)
                                         _066_ (net)
                  0.23    0.01    3.73 v _146_/C (sky130_fd_sc_hd__and3_1)
     2    0.02    0.19    0.59    4.32 v _146_/X (sky130_fd_sc_hd__and3_1)
                                         _074_ (net)
                  0.19    0.00    4.33 v _149_/B1 (sky130_fd_sc_hd__o2bb2a_1)
     1    0.00    0.11    0.72    5.05 v _149_/X (sky130_fd_sc_hd__o2bb2a_1)
                                         _014_ (net)
                  0.11    0.00    5.05 v _272_/D (sky130_fd_sc_hd__dfrtp_1)
                                  5.05   data arrival time

                         10.00   10.00   clock CLK100MHZ (rise edge)
                          0.00   10.00   clock source latency
     1    0.02    0.15    0.10   10.10 ^ CLK100MHZ (in)
                                         CLK100MHZ (net)
                  0.15    0.00   10.10 ^ clkbuf_0_CLK100MHZ/A (sky130_fd_sc_hd__clkbuf_16)
     4    0.04    0.10    0.28   10.37 ^ clkbuf_0_CLK100MHZ/X (sky130_fd_sc_hd__clkbuf_16)
                                         clknet_0_CLK100MHZ (net)
                  0.10    0.00   10.37 ^ clkbuf_2_1__f_CLK100MHZ/A (sky130_fd_sc_hd__clkbuf_16)
     8    0.02    0.07    0.23   10.60 ^ clkbuf_2_1__f_CLK100MHZ/X (sky130_fd_sc_hd__clkbuf_16)
                                         clknet_2_1__leaf_CLK100MHZ (net)
                  0.07    0.00   10.60 ^ _272_/CLK (sky130_fd_sc_hd__dfrtp_1)
                         -0.25   10.35   clock uncertainty
                          0.04   10.39   clock reconvergence pessimism
                         -0.29   10.10   library setup time
                                 10.10   data required time
-----------------------------------------------------------------------------
                                 10.10   data required time
                                 -5.05   data arrival time
-----------------------------------------------------------------------------
                                  5.05   slack (MET)


Startpoint: _250_ (rising edge-triggered flip-flop clocked by CLK100MHZ)
Endpoint: _258_ (rising edge-triggered flip-flop clocked by CLK100MHZ)
Path Group: CLK100MHZ
Path Type: max
Corner: Slowest

Fanout     Cap    Slew   Delay    Time   Description
-----------------------------------------------------------------------------
                          0.00    0.00   clock CLK100MHZ (rise edge)
                          0.00    0.00   clock source latency
     1    0.02    0.15    0.11    0.11 ^ CLK100MHZ (in)
                                         CLK100MHZ (net)
                  0.15    0.00    0.11 ^ clkbuf_0_CLK100MHZ/A (sky130_fd_sc_hd__clkbuf_16)
     4    0.04    0.10    0.31    0.41 ^ clkbuf_0_CLK100MHZ/X (sky130_fd_sc_hd__clkbuf_16)
                                         clknet_0_CLK100MHZ (net)
                  0.10    0.00    0.42 ^ clkbuf_2_2__f_CLK100MHZ/A (sky130_fd_sc_hd__clkbuf_16)
     8    0.03    0.08    0.26    0.68 ^ clkbuf_2_2__f_CLK100MHZ/X (sky130_fd_sc_hd__clkbuf_16)
                                         clknet_2_2__leaf_CLK100MHZ (net)
                  0.08    0.00    0.68 ^ _250_/CLK (sky130_fd_sc_hd__dfrtp_2)
     5    0.04    0.35    0.98    1.66 ^ _250_/Q (sky130_fd_sc_hd__dfrtp_2)
                                         decoder.delay[0] (net)
                  0.35    0.00    1.66 ^ _126_/B (sky130_fd_sc_hd__and4_2)
     6    0.04    0.37    0.85    2.51 ^ _126_/X (sky130_fd_sc_hd__and4_2)
                                         _059_ (net)
                  0.37    0.00    2.51 ^ _182_/B (sky130_fd_sc_hd__and3_1)
     2    0.01    0.22    0.55    3.05 ^ _182_/X (sky130_fd_sc_hd__and3_1)
                                         _093_ (net)
                  0.22    0.00    3.06 ^ _183_/A (sky130_fd_sc_hd__buf_2)
    10    0.06    0.45    0.57    3.62 ^ _183_/X (sky130_fd_sc_hd__buf_2)
                                         _094_ (net)
                  0.45    0.00    3.63 ^ _188_/B (sky130_fd_sc_hd__nand2_1)
     2    0.02    0.39    0.51    4.14 v _188_/Y (sky130_fd_sc_hd__nand2_1)
                                         _098_ (net)
                  0.39    0.00    4.14 v _189_/B (sky130_fd_sc_hd__and2b_1)
     1    0.01    0.09    0.53    4.67 v _189_/X (sky130_fd_sc_hd__and2b_1)
                                         _099_ (net)
                  0.09    0.00    4.67 v _190_/A (sky130_fd_sc_hd__buf_1)
     1    0.02    0.19    0.30    4.97 v _190_/X (sky130_fd_sc_hd__buf_1)
                                         _023_ (net)
                  0.19    0.00    4.97 v _258_/D (sky130_fd_sc_hd__dfrtp_4)
                                  4.97   data arrival time

                         10.00   10.00   clock CLK100MHZ (rise edge)
                          0.00   10.00   clock source latency
     1    0.02    0.15    0.10   10.10 ^ CLK100MHZ (in)
                                         CLK100MHZ (net)
                  0.15    0.00   10.10 ^ clkbuf_0_CLK100MHZ/A (sky130_fd_sc_hd__clkbuf_16)
     4    0.04    0.10    0.28   10.37 ^ clkbuf_0_CLK100MHZ/X (sky130_fd_sc_hd__clkbuf_16)
                                         clknet_0_CLK100MHZ (net)
                  0.10    0.00   10.37 ^ clkbuf_2_3__f_CLK100MHZ/A (sky130_fd_sc_hd__clkbuf_16)
     8    0.03    0.08    0.24   10.61 ^ clkbuf_2_3__f_CLK100MHZ/X (sky130_fd_sc_hd__clkbuf_16)
                                         clknet_2_3__leaf_CLK100MHZ (net)
                  0.08    0.00   10.61 ^ _258_/CLK (sky130_fd_sc_hd__dfrtp_4)
                         -0.25   10.36   clock uncertainty
                          0.04   10.40   clock reconvergence pessimism
                         -0.32   10.08   library setup time
                                 10.08   data required time
-----------------------------------------------------------------------------
                                 10.08   data required time
                                 -4.97   data arrival time
-----------------------------------------------------------------------------
                                  5.11   slack (MET)


Startpoint: _250_ (rising edge-triggered flip-flop clocked by CLK100MHZ)
Endpoint: _270_ (rising edge-triggered flip-flop clocked by CLK100MHZ)
Path Group: CLK100MHZ
Path Type: max
Corner: Slowest

Fanout     Cap    Slew   Delay    Time   Description
-----------------------------------------------------------------------------
                          0.00    0.00   clock CLK100MHZ (rise edge)
                          0.00    0.00   clock source latency
     1    0.02    0.15    0.11    0.11 ^ CLK100MHZ (in)
                                         CLK100MHZ (net)
                  0.15    0.00    0.11 ^ clkbuf_0_CLK100MHZ/A (sky130_fd_sc_hd__clkbuf_16)
     4    0.04    0.10    0.31    0.41 ^ clkbuf_0_CLK100MHZ/X (sky130_fd_sc_hd__clkbuf_16)
                                         clknet_0_CLK100MHZ (net)
                  0.10    0.00    0.42 ^ clkbuf_2_2__f_CLK100MHZ/A (sky130_fd_sc_hd__clkbuf_16)
     8    0.03    0.08    0.26    0.68 ^ clkbuf_2_2__f_CLK100MHZ/X (sky130_fd_sc_hd__clkbuf_16)
                                         clknet_2_2__leaf_CLK100MHZ (net)
                  0.08    0.00    0.68 ^ _250_/CLK (sky130_fd_sc_hd__dfrtp_2)
     5    0.04    0.35    0.98    1.66 ^ _250_/Q (sky130_fd_sc_hd__dfrtp_2)
                                         decoder.delay[0] (net)
                  0.35    0.00    1.66 ^ _126_/B (sky130_fd_sc_hd__and4_2)
     6    0.04    0.37    0.85    2.51 ^ _126_/X (sky130_fd_sc_hd__and4_2)
                                         _059_ (net)
                  0.37    0.00    2.51 ^ _128_/C (sky130_fd_sc_hd__and4_2)
     7    0.05    0.44    0.92    3.43 ^ _128_/X (sky130_fd_sc_hd__and4_2)
                                         _061_ (net)
                  0.44    0.00    3.43 ^ _134_/A (sky130_fd_sc_hd__clkbuf_4)
    10    0.06    0.31    0.62    4.05 ^ _134_/X (sky130_fd_sc_hd__clkbuf_4)
                                         _066_ (net)
                  0.31    0.00    4.05 ^ _144_/C (sky130_fd_sc_hd__and3_1)
     2    0.02    0.36    0.63    4.68 ^ _144_/X (sky130_fd_sc_hd__and3_1)
                                         _073_ (net)
                  0.36    0.00    4.69 ^ _145_/B (sky130_fd_sc_hd__nor2_1)
     1    0.01    0.14    0.25    4.94 v _145_/Y (sky130_fd_sc_hd__nor2_1)
                                         _012_ (net)
                  0.14    0.00    4.94 v _270_/D (sky130_fd_sc_hd__dfrtp_1)
                                  4.94   data arrival time

                         10.00   10.00   clock CLK100MHZ (rise edge)
                          0.00   10.00   clock source latency
     1    0.02    0.15    0.10   10.10 ^ CLK100MHZ (in)
                                         CLK100MHZ (net)
                  0.15    0.00   10.10 ^ clkbuf_0_CLK100MHZ/A (sky130_fd_sc_hd__clkbuf_16)
     4    0.04    0.10    0.28   10.37 ^ clkbuf_0_CLK100MHZ/X (sky130_fd_sc_hd__clkbuf_16)
                                         clknet_0_CLK100MHZ (net)
                  0.10    0.00   10.37 ^ clkbuf_2_0__f_CLK100MHZ/A (sky130_fd_sc_hd__clkbuf_16)
     8    0.03    0.08    0.24   10.61 ^ clkbuf_2_0__f_CLK100MHZ/X (sky130_fd_sc_hd__clkbuf_16)
                                         clknet_2_0__leaf_CLK100MHZ (net)
                  0.08    0.00   10.61 ^ _270_/CLK (sky130_fd_sc_hd__dfrtp_1)
                         -0.25   10.36   clock uncertainty
                          0.04   10.40   clock reconvergence pessimism
                         -0.30   10.10   library setup time
                                 10.10   data required time
-----------------------------------------------------------------------------
                                 10.10   data required time
                                 -4.94   data arrival time
-----------------------------------------------------------------------------
                                  5.16   slack (MET)


Startpoint: _250_ (rising edge-triggered flip-flop clocked by CLK100MHZ)
Endpoint: _273_ (rising edge-triggered flip-flop clocked by CLK100MHZ)
Path Group: CLK100MHZ
Path Type: max
Corner: Slowest

Fanout     Cap    Slew   Delay    Time   Description
-----------------------------------------------------------------------------
                          0.00    0.00   clock CLK100MHZ (rise edge)
                          0.00    0.00   clock source latency
     1    0.02    0.15    0.11    0.11 ^ CLK100MHZ (in)
                                         CLK100MHZ (net)
                  0.15    0.00    0.11 ^ clkbuf_0_CLK100MHZ/A (sky130_fd_sc_hd__clkbuf_16)
     4    0.04    0.10    0.31    0.41 ^ clkbuf_0_CLK100MHZ/X (sky130_fd_sc_hd__clkbuf_16)
                                         clknet_0_CLK100MHZ (net)
                  0.10    0.00    0.42 ^ clkbuf_2_2__f_CLK100MHZ/A (sky130_fd_sc_hd__clkbuf_16)
     8    0.03    0.08    0.26    0.68 ^ clkbuf_2_2__f_CLK100MHZ/X (sky130_fd_sc_hd__clkbuf_16)
                                         clknet_2_2__leaf_CLK100MHZ (net)
                  0.08    0.00    0.68 ^ _250_/CLK (sky130_fd_sc_hd__dfrtp_2)
     5    0.04    0.35    0.98    1.66 ^ _250_/Q (sky130_fd_sc_hd__dfrtp_2)
                                         decoder.delay[0] (net)
                  0.35    0.00    1.66 ^ _126_/B (sky130_fd_sc_hd__and4_2)
     6    0.04    0.37    0.85    2.51 ^ _126_/X (sky130_fd_sc_hd__and4_2)
                                         _059_ (net)
                  0.37    0.00    2.51 ^ _128_/C (sky130_fd_sc_hd__and4_2)
     7    0.05    0.44    0.92    3.43 ^ _128_/X (sky130_fd_sc_hd__and4_2)
                                         _061_ (net)
                  0.44    0.01    3.43 ^ _150_/B (sky130_fd_sc_hd__nand2_1)
     2    0.03    0.48    0.58    4.01 v _150_/Y (sky130_fd_sc_hd__nand2_1)
                                         _076_ (net)
                  0.48    0.00    4.02 v _152_/A (sky130_fd_sc_hd__and2_1)
     1    0.01    0.13    0.57    4.58 v _152_/X (sky130_fd_sc_hd__and2_1)
                                         _078_ (net)
                  0.13    0.00    4.58 v _153_/A (sky130_fd_sc_hd__buf_1)
     1    0.01    0.18    0.30    4.89 v _153_/X (sky130_fd_sc_hd__buf_1)
                                         _015_ (net)
                  0.18    0.00    4.89 v _273_/D (sky130_fd_sc_hd__dfrtp_1)
                                  4.89   data arrival time

                         10.00   10.00   clock CLK100MHZ (rise edge)
                          0.00   10.00   clock source latency
     1    0.02    0.15    0.10   10.10 ^ CLK100MHZ (in)
                                         CLK100MHZ (net)
                  0.15    0.00   10.10 ^ clkbuf_0_CLK100MHZ/A (sky130_fd_sc_hd__clkbuf_16)
     4    0.04    0.10    0.28   10.37 ^ clkbuf_0_CLK100MHZ/X (sky130_fd_sc_hd__clkbuf_16)
                                         clknet_0_CLK100MHZ (net)
                  0.10    0.00   10.37 ^ clkbuf_2_3__f_CLK100MHZ/A (sky130_fd_sc_hd__clkbuf_16)
     8    0.03    0.08    0.24   10.61 ^ clkbuf_2_3__f_CLK100MHZ/X (sky130_fd_sc_hd__clkbuf_16)
                                         clknet_2_3__leaf_CLK100MHZ (net)
                  0.08    0.00   10.61 ^ _273_/CLK (sky130_fd_sc_hd__dfrtp_1)
                         -0.25   10.36   clock uncertainty
                          0.04   10.40   clock reconvergence pessimism
                         -0.32   10.08   library setup time
                                 10.08   data required time
-----------------------------------------------------------------------------
                                 10.08   data required time
                                 -4.89   data arrival time
-----------------------------------------------------------------------------
                                  5.19   slack (MET)


Startpoint: _250_ (rising edge-triggered flip-flop clocked by CLK100MHZ)
Endpoint: _249_ (rising edge-triggered flip-flop clocked by CLK100MHZ)
Path Group: CLK100MHZ
Path Type: max
Corner: Slowest

Fanout     Cap    Slew   Delay    Time   Description
-----------------------------------------------------------------------------
                          0.00    0.00   clock CLK100MHZ (rise edge)
                          0.00    0.00   clock source latency
     1    0.02    0.15    0.11    0.11 ^ CLK100MHZ (in)
                                         CLK100MHZ (net)
                  0.15    0.00    0.11 ^ clkbuf_0_CLK100MHZ/A (sky130_fd_sc_hd__clkbuf_16)
     4    0.04    0.10    0.31    0.41 ^ clkbuf_0_CLK100MHZ/X (sky130_fd_sc_hd__clkbuf_16)
                                         clknet_0_CLK100MHZ (net)
                  0.10    0.00    0.42 ^ clkbuf_2_2__f_CLK100MHZ/A (sky130_fd_sc_hd__clkbuf_16)
     8    0.03    0.08    0.26    0.68 ^ clkbuf_2_2__f_CLK100MHZ/X (sky130_fd_sc_hd__clkbuf_16)
                                         clknet_2_2__leaf_CLK100MHZ (net)
                  0.08    0.00    0.68 ^ _250_/CLK (sky130_fd_sc_hd__dfrtp_2)
     5    0.04    0.35    0.98    1.66 ^ _250_/Q (sky130_fd_sc_hd__dfrtp_2)
                                         decoder.delay[0] (net)
                  0.35    0.00    1.66 ^ _126_/B (sky130_fd_sc_hd__and4_2)
     6    0.04    0.37    0.85    2.51 ^ _126_/X (sky130_fd_sc_hd__and4_2)
                                         _059_ (net)
                  0.37    0.00    2.51 ^ _128_/C (sky130_fd_sc_hd__and4_2)
     7    0.05    0.44    0.92    3.43 ^ _128_/X (sky130_fd_sc_hd__and4_2)
                                         _061_ (net)
                  0.44    0.00    3.43 ^ _129_/D (sky130_fd_sc_hd__and4_1)
     1    0.02    0.38    0.78    4.21 ^ _129_/X (sky130_fd_sc_hd__and4_1)
                                         _062_ (net)
                  0.38    0.00    4.22 ^ _130_/B (sky130_fd_sc_hd__xor2_1)
     1    0.02    0.58    0.67    4.89 ^ _130_/X (sky130_fd_sc_hd__xor2_1)
                                         _057_ (net)
                  0.58    0.00    4.89 ^ _249_/D (sky130_fd_sc_hd__dfrtp_4)
                                  4.89   data arrival time

                         10.00   10.00   clock CLK100MHZ (rise edge)
                          0.00   10.00   clock source latency
     1    0.02    0.15    0.10   10.10 ^ CLK100MHZ (in)
                                         CLK100MHZ (net)
                  0.15    0.00   10.10 ^ clkbuf_0_CLK100MHZ/A (sky130_fd_sc_hd__clkbuf_16)
     4    0.04    0.10    0.28   10.37 ^ clkbuf_0_CLK100MHZ/X (sky130_fd_sc_hd__clkbuf_16)
                                         clknet_0_CLK100MHZ (net)
                  0.10    0.00   10.37 ^ clkbuf_2_3__f_CLK100MHZ/A (sky130_fd_sc_hd__clkbuf_16)
     8    0.03    0.08    0.24   10.61 ^ clkbuf_2_3__f_CLK100MHZ/X (sky130_fd_sc_hd__clkbuf_16)
                                         clknet_2_3__leaf_CLK100MHZ (net)
                  0.08    0.00   10.61 ^ _249_/CLK (sky130_fd_sc_hd__dfrtp_4)
                         -0.25   10.36   clock uncertainty
                          0.04   10.40   clock reconvergence pessimism
                         -0.26   10.14   library setup time
                                 10.14   data required time
-----------------------------------------------------------------------------
                                 10.14   data required time
                                 -4.89   data arrival time
-----------------------------------------------------------------------------
                                  5.24   slack (MET)


Startpoint: _252_ (rising edge-triggered flip-flop clocked by CLK100MHZ)
Endpoint: _264_ (rising edge-triggered flip-flop clocked by CLK100MHZ)
Path Group: CLK100MHZ
Path Type: max
Corner: Slowest

Fanout     Cap    Slew   Delay    Time   Description
-----------------------------------------------------------------------------
                          0.00    0.00   clock CLK100MHZ (rise edge)
                          0.00    0.00   clock source latency
     1    0.02    0.15    0.11    0.11 ^ CLK100MHZ (in)
                                         CLK100MHZ (net)
                  0.15    0.00    0.11 ^ clkbuf_0_CLK100MHZ/A (sky130_fd_sc_hd__clkbuf_16)
     4    0.04    0.10    0.31    0.41 ^ clkbuf_0_CLK100MHZ/X (sky130_fd_sc_hd__clkbuf_16)
                                         clknet_0_CLK100MHZ (net)
                  0.10    0.00    0.42 ^ clkbuf_2_2__f_CLK100MHZ/A (sky130_fd_sc_hd__clkbuf_16)
     8    0.03    0.08    0.26    0.68 ^ clkbuf_2_2__f_CLK100MHZ/X (sky130_fd_sc_hd__clkbuf_16)
                                         clknet_2_2__leaf_CLK100MHZ (net)
                  0.08    0.00    0.68 ^ _252_/CLK (sky130_fd_sc_hd__dfrtp_2)
     3    0.04    0.22    1.03    1.71 v _252_/Q (sky130_fd_sc_hd__dfrtp_2)
                                         decoder.delay[2] (net)
                  0.22    0.00    1.71 v _126_/C (sky130_fd_sc_hd__and4_2)
     6    0.04    0.22    0.74    2.45 v _126_/X (sky130_fd_sc_hd__and4_2)
                                         _059_ (net)
                  0.22    0.00    2.45 v _182_/B (sky130_fd_sc_hd__and3_1)
     2    0.01    0.15    0.52    2.97 v _182_/X (sky130_fd_sc_hd__and3_1)
                                         _093_ (net)
                  0.15    0.00    2.97 v _183_/A (sky130_fd_sc_hd__buf_2)
    10    0.06    0.26    0.48    3.44 v _183_/X (sky130_fd_sc_hd__buf_2)
                                         _094_ (net)
                  0.26    0.00    3.45 v _201_/D (sky130_fd_sc_hd__and4_1)
     2    0.01    0.15    0.61    4.06 v _201_/X (sky130_fd_sc_hd__and4_1)
                                         _106_ (net)
                  0.15    0.00    4.06 v _204_/B1 (sky130_fd_sc_hd__o2bb2a_1)
     1    0.01    0.15    0.76    4.82 v _204_/X (sky130_fd_sc_hd__o2bb2a_1)
                                         _005_ (net)
                  0.15    0.00    4.82 v _264_/D (sky130_fd_sc_hd__dfrtp_1)
                                  4.82   data arrival time

                         10.00   10.00   clock CLK100MHZ (rise edge)
                          0.00   10.00   clock source latency
     1    0.02    0.15    0.10   10.10 ^ CLK100MHZ (in)
                                         CLK100MHZ (net)
                  0.15    0.00   10.10 ^ clkbuf_0_CLK100MHZ/A (sky130_fd_sc_hd__clkbuf_16)
     4    0.04    0.10    0.28   10.37 ^ clkbuf_0_CLK100MHZ/X (sky130_fd_sc_hd__clkbuf_16)
                                         clknet_0_CLK100MHZ (net)
                  0.10    0.00   10.37 ^ clkbuf_2_0__f_CLK100MHZ/A (sky130_fd_sc_hd__clkbuf_16)
     8    0.03    0.08    0.24   10.61 ^ clkbuf_2_0__f_CLK100MHZ/X (sky130_fd_sc_hd__clkbuf_16)
                                         clknet_2_0__leaf_CLK100MHZ (net)
                  0.08    0.00   10.61 ^ _264_/CLK (sky130_fd_sc_hd__dfrtp_1)
                         -0.25   10.36   clock uncertainty
                          0.04   10.40   clock reconvergence pessimism
                         -0.31   10.09   library setup time
                                 10.09   data required time
-----------------------------------------------------------------------------
                                 10.09   data required time
                                 -4.82   data arrival time
-----------------------------------------------------------------------------
                                  5.27   slack (MET)


Startpoint: _250_ (rising edge-triggered flip-flop clocked by CLK100MHZ)
Endpoint: _263_ (rising edge-triggered flip-flop clocked by CLK100MHZ)
Path Group: CLK100MHZ
Path Type: max
Corner: Slowest

Fanout     Cap    Slew   Delay    Time   Description
-----------------------------------------------------------------------------
                          0.00    0.00   clock CLK100MHZ (rise edge)
                          0.00    0.00   clock source latency
     1    0.02    0.15    0.11    0.11 ^ CLK100MHZ (in)
                                         CLK100MHZ (net)
                  0.15    0.00    0.11 ^ clkbuf_0_CLK100MHZ/A (sky130_fd_sc_hd__clkbuf_16)
     4    0.04    0.10    0.31    0.41 ^ clkbuf_0_CLK100MHZ/X (sky130_fd_sc_hd__clkbuf_16)
                                         clknet_0_CLK100MHZ (net)
                  0.10    0.00    0.42 ^ clkbuf_2_2__f_CLK100MHZ/A (sky130_fd_sc_hd__clkbuf_16)
     8    0.03    0.08    0.26    0.68 ^ clkbuf_2_2__f_CLK100MHZ/X (sky130_fd_sc_hd__clkbuf_16)
                                         clknet_2_2__leaf_CLK100MHZ (net)
                  0.08    0.00    0.68 ^ _250_/CLK (sky130_fd_sc_hd__dfrtp_2)
     5    0.04    0.35    0.98    1.66 ^ _250_/Q (sky130_fd_sc_hd__dfrtp_2)
                                         decoder.delay[0] (net)
                  0.35    0.00    1.66 ^ _126_/B (sky130_fd_sc_hd__and4_2)
     6    0.04    0.37    0.85    2.51 ^ _126_/X (sky130_fd_sc_hd__and4_2)
                                         _059_ (net)
                  0.37    0.00    2.51 ^ _182_/B (sky130_fd_sc_hd__and3_1)
     2    0.01    0.22    0.55    3.05 ^ _182_/X (sky130_fd_sc_hd__and3_1)
                                         _093_ (net)
                  0.22    0.00    3.06 ^ _183_/A (sky130_fd_sc_hd__buf_2)
    10    0.06    0.45    0.57    3.62 ^ _183_/X (sky130_fd_sc_hd__buf_2)
                                         _094_ (net)
                  0.45    0.00    3.63 ^ _201_/D (sky130_fd_sc_hd__and4_1)
     2    0.01    0.23    0.67    4.30 ^ _201_/X (sky130_fd_sc_hd__and4_1)
                                         _106_ (net)
                  0.23    0.00    4.30 ^ _202_/B1_N (sky130_fd_sc_hd__o21ba_1)
     1    0.01    0.15    0.43    4.73 v _202_/X (sky130_fd_sc_hd__o21ba_1)
                                         _004_ (net)
                  0.15    0.00    4.73 v _263_/D (sky130_fd_sc_hd__dfrtp_1)
                                  4.73   data arrival time

                         10.00   10.00   clock CLK100MHZ (rise edge)
                          0.00   10.00   clock source latency
     1    0.02    0.15    0.10   10.10 ^ CLK100MHZ (in)
                                         CLK100MHZ (net)
                  0.15    0.00   10.10 ^ clkbuf_0_CLK100MHZ/A (sky130_fd_sc_hd__clkbuf_16)
     4    0.04    0.10    0.28   10.37 ^ clkbuf_0_CLK100MHZ/X (sky130_fd_sc_hd__clkbuf_16)
                                         clknet_0_CLK100MHZ (net)
                  0.10    0.00   10.38 ^ clkbuf_2_2__f_CLK100MHZ/A (sky130_fd_sc_hd__clkbuf_16)
     8    0.03    0.08    0.24   10.61 ^ clkbuf_2_2__f_CLK100MHZ/X (sky130_fd_sc_hd__clkbuf_16)
                                         clknet_2_2__leaf_CLK100MHZ (net)
                  0.08    0.00   10.62 ^ _263_/CLK (sky130_fd_sc_hd__dfrtp_1)
                         -0.25   10.37   clock uncertainty
                          0.06   10.43   clock reconvergence pessimism
                         -0.31   10.12   library setup time
                                 10.12   data required time
-----------------------------------------------------------------------------
                                 10.12   data required time
                                 -4.73   data arrival time
-----------------------------------------------------------------------------
                                  5.39   slack (MET)


Startpoint: _250_ (rising edge-triggered flip-flop clocked by CLK100MHZ)
Endpoint: _257_ (rising edge-triggered flip-flop clocked by CLK100MHZ)
Path Group: CLK100MHZ
Path Type: max
Corner: Slowest

Fanout     Cap    Slew   Delay    Time   Description
-----------------------------------------------------------------------------
                          0.00    0.00   clock CLK100MHZ (rise edge)
                          0.00    0.00   clock source latency
     1    0.02    0.15    0.11    0.11 ^ CLK100MHZ (in)
                                         CLK100MHZ (net)
                  0.15    0.00    0.11 ^ clkbuf_0_CLK100MHZ/A (sky130_fd_sc_hd__clkbuf_16)
     4    0.04    0.10    0.31    0.41 ^ clkbuf_0_CLK100MHZ/X (sky130_fd_sc_hd__clkbuf_16)
                                         clknet_0_CLK100MHZ (net)
                  0.10    0.00    0.42 ^ clkbuf_2_2__f_CLK100MHZ/A (sky130_fd_sc_hd__clkbuf_16)
     8    0.03    0.08    0.26    0.68 ^ clkbuf_2_2__f_CLK100MHZ/X (sky130_fd_sc_hd__clkbuf_16)
                                         clknet_2_2__leaf_CLK100MHZ (net)
                  0.08    0.00    0.68 ^ _250_/CLK (sky130_fd_sc_hd__dfrtp_2)
     5    0.04    0.35    0.98    1.66 ^ _250_/Q (sky130_fd_sc_hd__dfrtp_2)
                                         decoder.delay[0] (net)
                  0.35    0.00    1.66 ^ _126_/B (sky130_fd_sc_hd__and4_2)
     6    0.04    0.37    0.85    2.51 ^ _126_/X (sky130_fd_sc_hd__and4_2)
                                         _059_ (net)
                  0.37    0.00    2.51 ^ _182_/B (sky130_fd_sc_hd__and3_1)
     2    0.01    0.22    0.55    3.05 ^ _182_/X (sky130_fd_sc_hd__and3_1)
                                         _093_ (net)
                  0.22    0.00    3.06 ^ _183_/A (sky130_fd_sc_hd__buf_2)
    10    0.06    0.45    0.57    3.62 ^ _183_/X (sky130_fd_sc_hd__buf_2)
                                         _094_ (net)
                  0.45    0.00    3.63 ^ _185_/A_N (sky130_fd_sc_hd__and2b_1)
     1    0.02    0.23    0.68    4.30 v _185_/X (sky130_fd_sc_hd__and2b_1)
                                         _096_ (net)
                  0.23    0.00    4.31 v _186_/A (sky130_fd_sc_hd__buf_1)
     1    0.02    0.18    0.36    4.67 v _186_/X (sky130_fd_sc_hd__buf_1)
                                         _022_ (net)
                  0.18    0.00    4.67 v _257_/D (sky130_fd_sc_hd__dfrtp_1)
                                  4.67   data arrival time

                         10.00   10.00   clock CLK100MHZ (rise edge)
                          0.00   10.00   clock source latency
     1    0.02    0.15    0.10   10.10 ^ CLK100MHZ (in)
                                         CLK100MHZ (net)
                  0.15    0.00   10.10 ^ clkbuf_0_CLK100MHZ/A (sky130_fd_sc_hd__clkbuf_16)
     4    0.04    0.10    0.28   10.37 ^ clkbuf_0_CLK100MHZ/X (sky130_fd_sc_hd__clkbuf_16)
                                         clknet_0_CLK100MHZ (net)
                  0.10    0.00   10.37 ^ clkbuf_2_3__f_CLK100MHZ/A (sky130_fd_sc_hd__clkbuf_16)
     8    0.03    0.08    0.24   10.61 ^ clkbuf_2_3__f_CLK100MHZ/X (sky130_fd_sc_hd__clkbuf_16)
                                         clknet_2_3__leaf_CLK100MHZ (net)
                  0.08    0.00   10.61 ^ _257_/CLK (sky130_fd_sc_hd__dfrtp_1)
                         -0.25   10.36   clock uncertainty
                          0.04   10.40   clock reconvergence pessimism
                         -0.32   10.08   library setup time
                                 10.08   data required time
-----------------------------------------------------------------------------
                                 10.08   data required time
                                 -4.67   data arrival time
-----------------------------------------------------------------------------
                                  5.41   slack (MET)


Startpoint: _260_ (rising edge-triggered flip-flop clocked by CLK100MHZ)
Endpoint: _269_ (rising edge-triggered flip-flop clocked by CLK100MHZ)
Path Group: CLK100MHZ
Path Type: max
Corner: Slowest

Fanout     Cap    Slew   Delay    Time   Description
-----------------------------------------------------------------------------
                          0.00    0.00   clock CLK100MHZ (rise edge)
                          0.00    0.00   clock source latency
     1    0.02    0.15    0.11    0.11 ^ CLK100MHZ (in)
                                         CLK100MHZ (net)
                  0.15    0.00    0.11 ^ clkbuf_0_CLK100MHZ/A (sky130_fd_sc_hd__clkbuf_16)
     4    0.04    0.10    0.31    0.41 ^ clkbuf_0_CLK100MHZ/X (sky130_fd_sc_hd__clkbuf_16)
                                         clknet_0_CLK100MHZ (net)
                  0.10    0.00    0.41 ^ clkbuf_2_1__f_CLK100MHZ/A (sky130_fd_sc_hd__clkbuf_16)
     8    0.02    0.07    0.25    0.67 ^ clkbuf_2_1__f_CLK100MHZ/X (sky130_fd_sc_hd__clkbuf_16)
                                         clknet_2_1__leaf_CLK100MHZ (net)
                  0.07    0.00    0.67 ^ _260_/CLK (sky130_fd_sc_hd__dfrtp_1)
     3    0.03    0.43    0.96    1.63 ^ _260_/Q (sky130_fd_sc_hd__dfrtp_1)
                                         decoder.delay[10] (net)
                  0.43    0.00    1.63 ^ _124_/D (sky130_fd_sc_hd__and4_1)
     4    0.03    0.48    0.86    2.49 ^ _124_/X (sky130_fd_sc_hd__and4_1)
                                         _119_ (net)
                  0.48    0.00    2.49 ^ _128_/A (sky130_fd_sc_hd__and4_2)
     7    0.05    0.44    0.94    3.43 ^ _128_/X (sky130_fd_sc_hd__and4_2)
                                         _061_ (net)
                  0.44    0.00    3.43 ^ _134_/A (sky130_fd_sc_hd__clkbuf_4)
    10    0.06    0.31    0.62    4.05 ^ _134_/X (sky130_fd_sc_hd__clkbuf_4)
                                         _066_ (net)
                  0.31    0.01    4.05 ^ _213_/A2_N (sky130_fd_sc_hd__o2bb2a_1)
     1    0.01    0.15    0.61    4.67 v _213_/X (sky130_fd_sc_hd__o2bb2a_1)
                                         _010_ (net)
                  0.15    0.00    4.67 v _269_/D (sky130_fd_sc_hd__dfrtp_1)
                                  4.67   data arrival time

                         10.00   10.00   clock CLK100MHZ (rise edge)
                          0.00   10.00   clock source latency
     1    0.02    0.15    0.10   10.10 ^ CLK100MHZ (in)
                                         CLK100MHZ (net)
                  0.15    0.00   10.10 ^ clkbuf_0_CLK100MHZ/A (sky130_fd_sc_hd__clkbuf_16)
     4    0.04    0.10    0.28   10.37 ^ clkbuf_0_CLK100MHZ/X (sky130_fd_sc_hd__clkbuf_16)
                                         clknet_0_CLK100MHZ (net)
                  0.10    0.00   10.38 ^ clkbuf_2_2__f_CLK100MHZ/A (sky130_fd_sc_hd__clkbuf_16)
     8    0.03    0.08    0.24   10.61 ^ clkbuf_2_2__f_CLK100MHZ/X (sky130_fd_sc_hd__clkbuf_16)
                                         clknet_2_2__leaf_CLK100MHZ (net)
                  0.08    0.00   10.62 ^ _269_/CLK (sky130_fd_sc_hd__dfrtp_1)
                         -0.25   10.37   clock uncertainty
                          0.04   10.40   clock reconvergence pessimism
                         -0.31   10.10   library setup time
                                 10.10   data required time
-----------------------------------------------------------------------------
                                 10.10   data required time
                                 -4.67   data arrival time
-----------------------------------------------------------------------------
                                  5.43   slack (MET)


Startpoint: _250_ (rising edge-triggered flip-flop clocked by CLK100MHZ)
Endpoint: _247_ (rising edge-triggered flip-flop clocked by CLK100MHZ)
Path Group: CLK100MHZ
Path Type: max
Corner: Slowest

Fanout     Cap    Slew   Delay    Time   Description
-----------------------------------------------------------------------------
                          0.00    0.00   clock CLK100MHZ (rise edge)
                          0.00    0.00   clock source latency
     1    0.02    0.15    0.11    0.11 ^ CLK100MHZ (in)
                                         CLK100MHZ (net)
                  0.15    0.00    0.11 ^ clkbuf_0_CLK100MHZ/A (sky130_fd_sc_hd__clkbuf_16)
     4    0.04    0.10    0.31    0.41 ^ clkbuf_0_CLK100MHZ/X (sky130_fd_sc_hd__clkbuf_16)
                                         clknet_0_CLK100MHZ (net)
                  0.10    0.00    0.42 ^ clkbuf_2_2__f_CLK100MHZ/A (sky130_fd_sc_hd__clkbuf_16)
     8    0.03    0.08    0.26    0.68 ^ clkbuf_2_2__f_CLK100MHZ/X (sky130_fd_sc_hd__clkbuf_16)
                                         clknet_2_2__leaf_CLK100MHZ (net)
                  0.08    0.00    0.68 ^ _250_/CLK (sky130_fd_sc_hd__dfrtp_2)
     5    0.04    0.35    0.98    1.66 ^ _250_/Q (sky130_fd_sc_hd__dfrtp_2)
                                         decoder.delay[0] (net)
                  0.35    0.00    1.66 ^ _126_/B (sky130_fd_sc_hd__and4_2)
     6    0.04    0.37    0.85    2.51 ^ _126_/X (sky130_fd_sc_hd__and4_2)
                                         _059_ (net)
                  0.37    0.00    2.51 ^ _128_/C (sky130_fd_sc_hd__and4_2)
     7    0.05    0.44    0.92    3.43 ^ _128_/X (sky130_fd_sc_hd__and4_2)
                                         _061_ (net)
                  0.44    0.00    3.43 ^ _139_/D (sky130_fd_sc_hd__and4_1)
     2    0.02    0.31    0.73    4.16 ^ _139_/X (sky130_fd_sc_hd__and4_1)
                                         _070_ (net)
                  0.31    0.00    4.17 ^ _140_/B (sky130_fd_sc_hd__xor2_1)
     1    0.01    0.41    0.53    4.69 ^ _140_/X (sky130_fd_sc_hd__xor2_1)
                                         _055_ (net)
                  0.41    0.00    4.69 ^ _247_/D (sky130_fd_sc_hd__dfrtp_4)
                                  4.69   data arrival time

                         10.00   10.00   clock CLK100MHZ (rise edge)
                          0.00   10.00   clock source latency
     1    0.02    0.15    0.10   10.10 ^ CLK100MHZ (in)
                                         CLK100MHZ (net)
                  0.15    0.00   10.10 ^ clkbuf_0_CLK100MHZ/A (sky130_fd_sc_hd__clkbuf_16)
     4    0.04    0.10    0.28   10.37 ^ clkbuf_0_CLK100MHZ/X (sky130_fd_sc_hd__clkbuf_16)
                                         clknet_0_CLK100MHZ (net)
                  0.10    0.00   10.37 ^ clkbuf_2_3__f_CLK100MHZ/A (sky130_fd_sc_hd__clkbuf_16)
     8    0.03    0.08    0.24   10.61 ^ clkbuf_2_3__f_CLK100MHZ/X (sky130_fd_sc_hd__clkbuf_16)
                                         clknet_2_3__leaf_CLK100MHZ (net)
                  0.08    0.00   10.61 ^ _247_/CLK (sky130_fd_sc_hd__dfrtp_4)
                         -0.25   10.36   clock uncertainty
                          0.04   10.40   clock reconvergence pessimism
                         -0.22   10.18   library setup time
                                 10.18   data required time
-----------------------------------------------------------------------------
                                 10.18   data required time
                                 -4.69   data arrival time
-----------------------------------------------------------------------------
                                  5.49   slack (MET)


Startpoint: _250_ (rising edge-triggered flip-flop clocked by CLK100MHZ)
Endpoint: _259_ (rising edge-triggered flip-flop clocked by CLK100MHZ)
Path Group: CLK100MHZ
Path Type: max
Corner: Slowest

Fanout     Cap    Slew   Delay    Time   Description
-----------------------------------------------------------------------------
                          0.00    0.00   clock CLK100MHZ (rise edge)
                          0.00    0.00   clock source latency
     1    0.02    0.15    0.11    0.11 ^ CLK100MHZ (in)
                                         CLK100MHZ (net)
                  0.15    0.00    0.11 ^ clkbuf_0_CLK100MHZ/A (sky130_fd_sc_hd__clkbuf_16)
     4    0.04    0.10    0.31    0.41 ^ clkbuf_0_CLK100MHZ/X (sky130_fd_sc_hd__clkbuf_16)
                                         clknet_0_CLK100MHZ (net)
                  0.10    0.00    0.42 ^ clkbuf_2_2__f_CLK100MHZ/A (sky130_fd_sc_hd__clkbuf_16)
     8    0.03    0.08    0.26    0.68 ^ clkbuf_2_2__f_CLK100MHZ/X (sky130_fd_sc_hd__clkbuf_16)
                                         clknet_2_2__leaf_CLK100MHZ (net)
                  0.08    0.00    0.68 ^ _250_/CLK (sky130_fd_sc_hd__dfrtp_2)
     5    0.04    0.35    0.98    1.66 ^ _250_/Q (sky130_fd_sc_hd__dfrtp_2)
                                         decoder.delay[0] (net)
                  0.35    0.00    1.66 ^ _126_/B (sky130_fd_sc_hd__and4_2)
     6    0.04    0.37    0.85    2.51 ^ _126_/X (sky130_fd_sc_hd__and4_2)
                                         _059_ (net)
                  0.37    0.00    2.51 ^ _182_/B (sky130_fd_sc_hd__and3_1)
     2    0.01    0.22    0.55    3.05 ^ _182_/X (sky130_fd_sc_hd__and3_1)
                                         _093_ (net)
                  0.22    0.00    3.06 ^ _183_/A (sky130_fd_sc_hd__buf_2)
    10    0.06    0.45    0.57    3.62 ^ _183_/X (sky130_fd_sc_hd__buf_2)
                                         _094_ (net)
                  0.45    0.00    3.63 ^ _188_/B (sky130_fd_sc_hd__nand2_1)
     2    0.02    0.39    0.51    4.14 v _188_/Y (sky130_fd_sc_hd__nand2_1)
                                         _098_ (net)
                  0.39    0.00    4.14 v _191_/B (sky130_fd_sc_hd__xnor2_1)
     1    0.01    0.18    0.43    4.57 v _191_/Y (sky130_fd_sc_hd__xnor2_1)
                                         _024_ (net)
                  0.18    0.00    4.57 v _259_/D (sky130_fd_sc_hd__dfrtp_2)
                                  4.57   data arrival time

                         10.00   10.00   clock CLK100MHZ (rise edge)
                          0.00   10.00   clock source latency
     1    0.02    0.15    0.10   10.10 ^ CLK100MHZ (in)
                                         CLK100MHZ (net)
                  0.15    0.00   10.10 ^ clkbuf_0_CLK100MHZ/A (sky130_fd_sc_hd__clkbuf_16)
     4    0.04    0.10    0.28   10.37 ^ clkbuf_0_CLK100MHZ/X (sky130_fd_sc_hd__clkbuf_16)
                                         clknet_0_CLK100MHZ (net)
                  0.10    0.00   10.37 ^ clkbuf_2_1__f_CLK100MHZ/A (sky130_fd_sc_hd__clkbuf_16)
     8    0.02    0.07    0.23   10.60 ^ clkbuf_2_1__f_CLK100MHZ/X (sky130_fd_sc_hd__clkbuf_16)
                                         clknet_2_1__leaf_CLK100MHZ (net)
                  0.07    0.00   10.60 ^ _259_/CLK (sky130_fd_sc_hd__dfrtp_2)
                         -0.25   10.35   clock uncertainty
                          0.04   10.39   clock reconvergence pessimism
                         -0.32   10.07   library setup time
                                 10.07   data required time
-----------------------------------------------------------------------------
                                 10.07   data required time
                                 -4.57   data arrival time
-----------------------------------------------------------------------------
                                  5.50   slack (MET)


Startpoint: _250_ (rising edge-triggered flip-flop clocked by CLK100MHZ)
Endpoint: _267_ (rising edge-triggered flip-flop clocked by CLK100MHZ)
Path Group: CLK100MHZ
Path Type: max
Corner: Slowest

Fanout     Cap    Slew   Delay    Time   Description
-----------------------------------------------------------------------------
                          0.00    0.00   clock CLK100MHZ (rise edge)
                          0.00    0.00   clock source latency
     1    0.02    0.15    0.11    0.11 ^ CLK100MHZ (in)
                                         CLK100MHZ (net)
                  0.15    0.00    0.11 ^ clkbuf_0_CLK100MHZ/A (sky130_fd_sc_hd__clkbuf_16)
     4    0.04    0.10    0.31    0.41 ^ clkbuf_0_CLK100MHZ/X (sky130_fd_sc_hd__clkbuf_16)
                                         clknet_0_CLK100MHZ (net)
                  0.10    0.00    0.42 ^ clkbuf_2_2__f_CLK100MHZ/A (sky130_fd_sc_hd__clkbuf_16)
     8    0.03    0.08    0.26    0.68 ^ clkbuf_2_2__f_CLK100MHZ/X (sky130_fd_sc_hd__clkbuf_16)
                                         clknet_2_2__leaf_CLK100MHZ (net)
                  0.08    0.00    0.68 ^ _250_/CLK (sky130_fd_sc_hd__dfrtp_2)
     5    0.04    0.35    0.98    1.66 ^ _250_/Q (sky130_fd_sc_hd__dfrtp_2)
                                         decoder.delay[0] (net)
                  0.35    0.00    1.66 ^ _126_/B (sky130_fd_sc_hd__and4_2)
     6    0.04    0.37    0.85    2.51 ^ _126_/X (sky130_fd_sc_hd__and4_2)
                                         _059_ (net)
                  0.37    0.00    2.51 ^ _128_/C (sky130_fd_sc_hd__and4_2)
     7    0.05    0.44    0.92    3.43 ^ _128_/X (sky130_fd_sc_hd__and4_2)
                                         _061_ (net)
                  0.44    0.00    3.43 ^ _134_/A (sky130_fd_sc_hd__clkbuf_4)
    10    0.06    0.31    0.62    4.05 ^ _134_/X (sky130_fd_sc_hd__clkbuf_4)
                                         _066_ (net)
                  0.31    0.01    4.06 ^ _208_/A2 (sky130_fd_sc_hd__a21oi_1)
     1    0.01    0.14    0.26    4.32 v _208_/Y (sky130_fd_sc_hd__a21oi_1)
                                         _109_ (net)
                  0.14    0.00    4.32 v _210_/A (sky130_fd_sc_hd__nor2_1)
     1    0.01    0.30    0.34    4.66 ^ _210_/Y (sky130_fd_sc_hd__nor2_1)
                                         _008_ (net)
                  0.30    0.00    4.66 ^ _267_/D (sky130_fd_sc_hd__dfrtp_1)
                                  4.66   data arrival time

                         10.00   10.00   clock CLK100MHZ (rise edge)
                          0.00   10.00   clock source latency
     1    0.02    0.15    0.10   10.10 ^ CLK100MHZ (in)
                                         CLK100MHZ (net)
                  0.15    0.00   10.10 ^ clkbuf_0_CLK100MHZ/A (sky130_fd_sc_hd__clkbuf_16)
     4    0.04    0.10    0.28   10.37 ^ clkbuf_0_CLK100MHZ/X (sky130_fd_sc_hd__clkbuf_16)
                                         clknet_0_CLK100MHZ (net)
                  0.10    0.00   10.37 ^ clkbuf_2_3__f_CLK100MHZ/A (sky130_fd_sc_hd__clkbuf_16)
     8    0.03    0.08    0.24   10.61 ^ clkbuf_2_3__f_CLK100MHZ/X (sky130_fd_sc_hd__clkbuf_16)
                                         clknet_2_3__leaf_CLK100MHZ (net)
                  0.08    0.00   10.61 ^ _267_/CLK (sky130_fd_sc_hd__dfrtp_1)
                         -0.25   10.36   clock uncertainty
                          0.04   10.40   clock reconvergence pessimism
                         -0.19   10.21   library setup time
                                 10.21   data required time
-----------------------------------------------------------------------------
                                 10.21   data required time
                                 -4.66   data arrival time
-----------------------------------------------------------------------------
                                  5.55   slack (MET)


Startpoint: _250_ (rising edge-triggered flip-flop clocked by CLK100MHZ)
Endpoint: _274_ (rising edge-triggered flip-flop clocked by CLK100MHZ)
Path Group: CLK100MHZ
Path Type: max
Corner: Slowest

Fanout     Cap    Slew   Delay    Time   Description
-----------------------------------------------------------------------------
                          0.00    0.00   clock CLK100MHZ (rise edge)
                          0.00    0.00   clock source latency
     1    0.02    0.15    0.11    0.11 ^ CLK100MHZ (in)
                                         CLK100MHZ (net)
                  0.15    0.00    0.11 ^ clkbuf_0_CLK100MHZ/A (sky130_fd_sc_hd__clkbuf_16)
     4    0.04    0.10    0.31    0.41 ^ clkbuf_0_CLK100MHZ/X (sky130_fd_sc_hd__clkbuf_16)
                                         clknet_0_CLK100MHZ (net)
                  0.10    0.00    0.42 ^ clkbuf_2_2__f_CLK100MHZ/A (sky130_fd_sc_hd__clkbuf_16)
     8    0.03    0.08    0.26    0.68 ^ clkbuf_2_2__f_CLK100MHZ/X (sky130_fd_sc_hd__clkbuf_16)
                                         clknet_2_2__leaf_CLK100MHZ (net)
                  0.08    0.00    0.68 ^ _250_/CLK (sky130_fd_sc_hd__dfrtp_2)
     5    0.04    0.35    0.98    1.66 ^ _250_/Q (sky130_fd_sc_hd__dfrtp_2)
                                         decoder.delay[0] (net)
                  0.35    0.00    1.66 ^ _126_/B (sky130_fd_sc_hd__and4_2)
     6    0.04    0.37    0.85    2.51 ^ _126_/X (sky130_fd_sc_hd__and4_2)
                                         _059_ (net)
                  0.37    0.00    2.51 ^ _128_/C (sky130_fd_sc_hd__and4_2)
     7    0.05    0.44    0.92    3.43 ^ _128_/X (sky130_fd_sc_hd__and4_2)
                                         _061_ (net)
                  0.44    0.01    3.43 ^ _150_/B (sky130_fd_sc_hd__nand2_1)
     2    0.03    0.48    0.58    4.01 v _150_/Y (sky130_fd_sc_hd__nand2_1)
                                         _076_ (net)
                  0.48    0.00    4.02 v _154_/B (sky130_fd_sc_hd__xnor2_1)
     1    0.01    0.42    0.59    4.61 ^ _154_/Y (sky130_fd_sc_hd__xnor2_1)
                                         _016_ (net)
                  0.42    0.00    4.61 ^ _274_/D (sky130_fd_sc_hd__dfrtp_2)
                                  4.61   data arrival time

                         10.00   10.00   clock CLK100MHZ (rise edge)
                          0.00   10.00   clock source latency
     1    0.02    0.15    0.10   10.10 ^ CLK100MHZ (in)
                                         CLK100MHZ (net)
                  0.15    0.00   10.10 ^ clkbuf_0_CLK100MHZ/A (sky130_fd_sc_hd__clkbuf_16)
     4    0.04    0.10    0.28   10.37 ^ clkbuf_0_CLK100MHZ/X (sky130_fd_sc_hd__clkbuf_16)
                                         clknet_0_CLK100MHZ (net)
                  0.10    0.00   10.37 ^ clkbuf_2_3__f_CLK100MHZ/A (sky130_fd_sc_hd__clkbuf_16)
     8    0.03    0.08    0.24   10.61 ^ clkbuf_2_3__f_CLK100MHZ/X (sky130_fd_sc_hd__clkbuf_16)
                                         clknet_2_3__leaf_CLK100MHZ (net)
                  0.08    0.00   10.61 ^ _274_/CLK (sky130_fd_sc_hd__dfrtp_2)
                         -0.25   10.36   clock uncertainty
                          0.04   10.40   clock reconvergence pessimism
                         -0.22   10.18   library setup time
                                 10.18   data required time
-----------------------------------------------------------------------------
                                 10.18   data required time
                                 -4.61   data arrival time
-----------------------------------------------------------------------------
                                  5.57   slack (MET)


Startpoint: _250_ (rising edge-triggered flip-flop clocked by CLK100MHZ)
Endpoint: _265_ (rising edge-triggered flip-flop clocked by CLK100MHZ)
Path Group: CLK100MHZ
Path Type: max
Corner: Slowest

Fanout     Cap    Slew   Delay    Time   Description
-----------------------------------------------------------------------------
                          0.00    0.00   clock CLK100MHZ (rise edge)
                          0.00    0.00   clock source latency
     1    0.02    0.15    0.11    0.11 ^ CLK100MHZ (in)
                                         CLK100MHZ (net)
                  0.15    0.00    0.11 ^ clkbuf_0_CLK100MHZ/A (sky130_fd_sc_hd__clkbuf_16)
     4    0.04    0.10    0.31    0.41 ^ clkbuf_0_CLK100MHZ/X (sky130_fd_sc_hd__clkbuf_16)
                                         clknet_0_CLK100MHZ (net)
                  0.10    0.00    0.42 ^ clkbuf_2_2__f_CLK100MHZ/A (sky130_fd_sc_hd__clkbuf_16)
     8    0.03    0.08    0.26    0.68 ^ clkbuf_2_2__f_CLK100MHZ/X (sky130_fd_sc_hd__clkbuf_16)
                                         clknet_2_2__leaf_CLK100MHZ (net)
                  0.08    0.00    0.68 ^ _250_/CLK (sky130_fd_sc_hd__dfrtp_2)
     5    0.04    0.35    0.98    1.66 ^ _250_/Q (sky130_fd_sc_hd__dfrtp_2)
                                         decoder.delay[0] (net)
                  0.35    0.00    1.66 ^ _126_/B (sky130_fd_sc_hd__and4_2)
     6    0.04    0.37    0.85    2.51 ^ _126_/X (sky130_fd_sc_hd__and4_2)
                                         _059_ (net)
                  0.37    0.00    2.51 ^ _128_/C (sky130_fd_sc_hd__and4_2)
     7    0.05    0.44    0.92    3.43 ^ _128_/X (sky130_fd_sc_hd__and4_2)
                                         _061_ (net)
                  0.44    0.00    3.43 ^ _134_/A (sky130_fd_sc_hd__clkbuf_4)
    10    0.06    0.31    0.62    4.05 ^ _134_/X (sky130_fd_sc_hd__clkbuf_4)
                                         _066_ (net)
                  0.31    0.01    4.06 ^ _206_/A (sky130_fd_sc_hd__nor2_1)
     1    0.01    0.15    0.26    4.32 v _206_/Y (sky130_fd_sc_hd__nor2_1)
                                         _006_ (net)
                  0.15    0.00    4.32 v _265_/D (sky130_fd_sc_hd__dfrtp_1)
                                  4.32   data arrival time

                         10.00   10.00   clock CLK100MHZ (rise edge)
                          0.00   10.00   clock source latency
     1    0.02    0.15    0.10   10.10 ^ CLK100MHZ (in)
                                         CLK100MHZ (net)
                  0.15    0.00   10.10 ^ clkbuf_0_CLK100MHZ/A (sky130_fd_sc_hd__clkbuf_16)
     4    0.04    0.10    0.28   10.37 ^ clkbuf_0_CLK100MHZ/X (sky130_fd_sc_hd__clkbuf_16)
                                         clknet_0_CLK100MHZ (net)
                  0.10    0.00   10.37 ^ clkbuf_2_1__f_CLK100MHZ/A (sky130_fd_sc_hd__clkbuf_16)
     8    0.02    0.07    0.23   10.60 ^ clkbuf_2_1__f_CLK100MHZ/X (sky130_fd_sc_hd__clkbuf_16)
                                         clknet_2_1__leaf_CLK100MHZ (net)
                  0.07    0.00   10.60 ^ _265_/CLK (sky130_fd_sc_hd__dfrtp_1)
                         -0.25   10.35   clock uncertainty
                          0.04   10.39   clock reconvergence pessimism
                         -0.31   10.08   library setup time
                                 10.08   data required time
-----------------------------------------------------------------------------
                                 10.08   data required time
                                 -4.32   data arrival time
-----------------------------------------------------------------------------
                                  5.76   slack (MET)


Startpoint: _250_ (rising edge-triggered flip-flop clocked by CLK100MHZ)
Endpoint: _268_ (rising edge-triggered flip-flop clocked by CLK100MHZ)
Path Group: CLK100MHZ
Path Type: max
Corner: Slowest

Fanout     Cap    Slew   Delay    Time   Description
-----------------------------------------------------------------------------
                          0.00    0.00   clock CLK100MHZ (rise edge)
                          0.00    0.00   clock source latency
     1    0.02    0.15    0.11    0.11 ^ CLK100MHZ (in)
                                         CLK100MHZ (net)
                  0.15    0.00    0.11 ^ clkbuf_0_CLK100MHZ/A (sky130_fd_sc_hd__clkbuf_16)
     4    0.04    0.10    0.31    0.41 ^ clkbuf_0_CLK100MHZ/X (sky130_fd_sc_hd__clkbuf_16)
                                         clknet_0_CLK100MHZ (net)
                  0.10    0.00    0.42 ^ clkbuf_2_2__f_CLK100MHZ/A (sky130_fd_sc_hd__clkbuf_16)
     8    0.03    0.08    0.26    0.68 ^ clkbuf_2_2__f_CLK100MHZ/X (sky130_fd_sc_hd__clkbuf_16)
                                         clknet_2_2__leaf_CLK100MHZ (net)
                  0.08    0.00    0.68 ^ _250_/CLK (sky130_fd_sc_hd__dfrtp_2)
     5    0.04    0.35    0.98    1.66 ^ _250_/Q (sky130_fd_sc_hd__dfrtp_2)
                                         decoder.delay[0] (net)
                  0.35    0.00    1.66 ^ _126_/B (sky130_fd_sc_hd__and4_2)
     6    0.04    0.37    0.85    2.51 ^ _126_/X (sky130_fd_sc_hd__and4_2)
                                         _059_ (net)
                  0.37    0.00    2.51 ^ _128_/C (sky130_fd_sc_hd__and4_2)
     7    0.05    0.44    0.92    3.43 ^ _128_/X (sky130_fd_sc_hd__and4_2)
                                         _061_ (net)
                  0.44    0.00    3.43 ^ _209_/C (sky130_fd_sc_hd__and3_1)
     2    0.02    0.33    0.65    4.08 ^ _209_/X (sky130_fd_sc_hd__and3_1)
                                         _110_ (net)
                  0.33    0.00    4.09 ^ _211_/B (sky130_fd_sc_hd__xor2_1)
     1    0.00    0.13    0.24    4.32 v _211_/X (sky130_fd_sc_hd__xor2_1)
                                         _009_ (net)
                  0.13    0.00    4.32 v _268_/D (sky130_fd_sc_hd__dfrtp_2)
                                  4.32   data arrival time

                         10.00   10.00   clock CLK100MHZ (rise edge)
                          0.00   10.00   clock source latency
     1    0.02    0.15    0.10   10.10 ^ CLK100MHZ (in)
                                         CLK100MHZ (net)
                  0.15    0.00   10.10 ^ clkbuf_0_CLK100MHZ/A (sky130_fd_sc_hd__clkbuf_16)
     4    0.04    0.10    0.28   10.37 ^ clkbuf_0_CLK100MHZ/X (sky130_fd_sc_hd__clkbuf_16)
                                         clknet_0_CLK100MHZ (net)
                  0.10    0.00   10.37 ^ clkbuf_2_1__f_CLK100MHZ/A (sky130_fd_sc_hd__clkbuf_16)
     8    0.02    0.07    0.23   10.60 ^ clkbuf_2_1__f_CLK100MHZ/X (sky130_fd_sc_hd__clkbuf_16)
                                         clknet_2_1__leaf_CLK100MHZ (net)
                  0.07    0.00   10.60 ^ _268_/CLK (sky130_fd_sc_hd__dfrtp_2)
                         -0.25   10.35   clock uncertainty
                          0.04   10.39   clock reconvergence pessimism
                         -0.30   10.09   library setup time
                                 10.09   data required time
-----------------------------------------------------------------------------
                                 10.09   data required time
                                 -4.32   data arrival time
-----------------------------------------------------------------------------
                                  5.77   slack (MET)


Startpoint: _250_ (rising edge-triggered flip-flop clocked by CLK100MHZ)
Endpoint: _260_ (rising edge-triggered flip-flop clocked by CLK100MHZ)
Path Group: CLK100MHZ
Path Type: max
Corner: Slowest

Fanout     Cap    Slew   Delay    Time   Description
-----------------------------------------------------------------------------
                          0.00    0.00   clock CLK100MHZ (rise edge)
                          0.00    0.00   clock source latency
     1    0.02    0.15    0.11    0.11 ^ CLK100MHZ (in)
                                         CLK100MHZ (net)
                  0.15    0.00    0.11 ^ clkbuf_0_CLK100MHZ/A (sky130_fd_sc_hd__clkbuf_16)
     4    0.04    0.10    0.31    0.41 ^ clkbuf_0_CLK100MHZ/X (sky130_fd_sc_hd__clkbuf_16)
                                         clknet_0_CLK100MHZ (net)
                  0.10    0.00    0.42 ^ clkbuf_2_2__f_CLK100MHZ/A (sky130_fd_sc_hd__clkbuf_16)
     8    0.03    0.08    0.26    0.68 ^ clkbuf_2_2__f_CLK100MHZ/X (sky130_fd_sc_hd__clkbuf_16)
                                         clknet_2_2__leaf_CLK100MHZ (net)
                  0.08    0.00    0.68 ^ _250_/CLK (sky130_fd_sc_hd__dfrtp_2)
     5    0.04    0.35    0.98    1.66 ^ _250_/Q (sky130_fd_sc_hd__dfrtp_2)
                                         decoder.delay[0] (net)
                  0.35    0.00    1.66 ^ _126_/B (sky130_fd_sc_hd__and4_2)
     6    0.04    0.37    0.85    2.51 ^ _126_/X (sky130_fd_sc_hd__and4_2)
                                         _059_ (net)
                  0.37    0.00    2.51 ^ _182_/B (sky130_fd_sc_hd__and3_1)
     2    0.01    0.22    0.55    3.05 ^ _182_/X (sky130_fd_sc_hd__and3_1)
                                         _093_ (net)
                  0.22    0.00    3.06 ^ _183_/A (sky130_fd_sc_hd__buf_2)
    10    0.06    0.45    0.57    3.62 ^ _183_/X (sky130_fd_sc_hd__buf_2)
                                         _094_ (net)
                  0.45    0.00    3.63 ^ _193_/A3 (sky130_fd_sc_hd__a31o_1)
     1    0.01    0.16    0.51    4.14 ^ _193_/X (sky130_fd_sc_hd__a31o_1)
                                         _101_ (net)
                  0.16    0.00    4.14 ^ _194_/B1_N (sky130_fd_sc_hd__a21boi_1)
     1    0.00    0.18    0.32    4.46 ^ _194_/Y (sky130_fd_sc_hd__a21boi_1)
                                         _001_ (net)
                  0.18    0.00    4.46 ^ _260_/D (sky130_fd_sc_hd__dfrtp_1)
                                  4.46   data arrival time

                         10.00   10.00   clock CLK100MHZ (rise edge)
                          0.00   10.00   clock source latency
     1    0.02    0.15    0.10   10.10 ^ CLK100MHZ (in)
                                         CLK100MHZ (net)
                  0.15    0.00   10.10 ^ clkbuf_0_CLK100MHZ/A (sky130_fd_sc_hd__clkbuf_16)
     4    0.04    0.10    0.28   10.37 ^ clkbuf_0_CLK100MHZ/X (sky130_fd_sc_hd__clkbuf_16)
                                         clknet_0_CLK100MHZ (net)
                  0.10    0.00   10.37 ^ clkbuf_2_1__f_CLK100MHZ/A (sky130_fd_sc_hd__clkbuf_16)
     8    0.02    0.07    0.23   10.60 ^ clkbuf_2_1__f_CLK100MHZ/X (sky130_fd_sc_hd__clkbuf_16)
                                         clknet_2_1__leaf_CLK100MHZ (net)
                  0.07    0.00   10.60 ^ _260_/CLK (sky130_fd_sc_hd__dfrtp_1)
                         -0.25   10.35   clock uncertainty
                          0.04   10.39   clock reconvergence pessimism
                         -0.16   10.23   library setup time
                                 10.23   data required time
-----------------------------------------------------------------------------
                                 10.23   data required time
                                 -4.46   data arrival time
-----------------------------------------------------------------------------
                                  5.78   slack (MET)


Startpoint: _250_ (rising edge-triggered flip-flop clocked by CLK100MHZ)
Endpoint: _266_ (rising edge-triggered flip-flop clocked by CLK100MHZ)
Path Group: CLK100MHZ
Path Type: max
Corner: Slowest

Fanout     Cap    Slew   Delay    Time   Description
-----------------------------------------------------------------------------
                          0.00    0.00   clock CLK100MHZ (rise edge)
                          0.00    0.00   clock source latency
     1    0.02    0.15    0.11    0.11 ^ CLK100MHZ (in)
                                         CLK100MHZ (net)
                  0.15    0.00    0.11 ^ clkbuf_0_CLK100MHZ/A (sky130_fd_sc_hd__clkbuf_16)
     4    0.04    0.10    0.31    0.41 ^ clkbuf_0_CLK100MHZ/X (sky130_fd_sc_hd__clkbuf_16)
                                         clknet_0_CLK100MHZ (net)
                  0.10    0.00    0.42 ^ clkbuf_2_2__f_CLK100MHZ/A (sky130_fd_sc_hd__clkbuf_16)
     8    0.03    0.08    0.26    0.68 ^ clkbuf_2_2__f_CLK100MHZ/X (sky130_fd_sc_hd__clkbuf_16)
                                         clknet_2_2__leaf_CLK100MHZ (net)
                  0.08    0.00    0.68 ^ _250_/CLK (sky130_fd_sc_hd__dfrtp_2)
     5    0.04    0.35    0.98    1.66 ^ _250_/Q (sky130_fd_sc_hd__dfrtp_2)
                                         decoder.delay[0] (net)
                  0.35    0.00    1.66 ^ _126_/B (sky130_fd_sc_hd__and4_2)
     6    0.04    0.37    0.85    2.51 ^ _126_/X (sky130_fd_sc_hd__and4_2)
                                         _059_ (net)
                  0.37    0.00    2.51 ^ _128_/C (sky130_fd_sc_hd__and4_2)
     7    0.05    0.44    0.92    3.43 ^ _128_/X (sky130_fd_sc_hd__and4_2)
                                         _061_ (net)
                  0.44    0.00    3.43 ^ _134_/A (sky130_fd_sc_hd__clkbuf_4)
    10    0.06    0.31    0.62    4.05 ^ _134_/X (sky130_fd_sc_hd__clkbuf_4)
                                         _066_ (net)
                  0.31    0.00    4.05 ^ _207_/B (sky130_fd_sc_hd__xor2_1)
     1    0.00    0.23    0.38    4.43 ^ _207_/X (sky130_fd_sc_hd__xor2_1)
                                         _007_ (net)
                  0.23    0.00    4.43 ^ _266_/D (sky130_fd_sc_hd__dfrtp_2)
                                  4.43   data arrival time

                         10.00   10.00   clock CLK100MHZ (rise edge)
                          0.00   10.00   clock source latency
     1    0.02    0.15    0.10   10.10 ^ CLK100MHZ (in)
                                         CLK100MHZ (net)
                  0.15    0.00   10.10 ^ clkbuf_0_CLK100MHZ/A (sky130_fd_sc_hd__clkbuf_16)
     4    0.04    0.10    0.28   10.37 ^ clkbuf_0_CLK100MHZ/X (sky130_fd_sc_hd__clkbuf_16)
                                         clknet_0_CLK100MHZ (net)
                  0.10    0.00   10.37 ^ clkbuf_2_0__f_CLK100MHZ/A (sky130_fd_sc_hd__clkbuf_16)
     8    0.03    0.08    0.24   10.61 ^ clkbuf_2_0__f_CLK100MHZ/X (sky130_fd_sc_hd__clkbuf_16)
                                         clknet_2_0__leaf_CLK100MHZ (net)
                  0.08    0.00   10.61 ^ _266_/CLK (sky130_fd_sc_hd__dfrtp_2)
                         -0.25   10.36   clock uncertainty
                          0.04   10.40   clock reconvergence pessimism
                         -0.18   10.22   library setup time
                                 10.22   data required time
-----------------------------------------------------------------------------
                                 10.22   data required time
                                 -4.43   data arrival time
-----------------------------------------------------------------------------
                                  5.79   slack (MET)


Startpoint: _250_ (rising edge-triggered flip-flop clocked by CLK100MHZ)
Endpoint: _262_ (rising edge-triggered flip-flop clocked by CLK100MHZ)
Path Group: CLK100MHZ
Path Type: max
Corner: Slowest

Fanout     Cap    Slew   Delay    Time   Description
-----------------------------------------------------------------------------
                          0.00    0.00   clock CLK100MHZ (rise edge)
                          0.00    0.00   clock source latency
     1    0.02    0.15    0.11    0.11 ^ CLK100MHZ (in)
                                         CLK100MHZ (net)
                  0.15    0.00    0.11 ^ clkbuf_0_CLK100MHZ/A (sky130_fd_sc_hd__clkbuf_16)
     4    0.04    0.10    0.31    0.41 ^ clkbuf_0_CLK100MHZ/X (sky130_fd_sc_hd__clkbuf_16)
                                         clknet_0_CLK100MHZ (net)
                  0.10    0.00    0.42 ^ clkbuf_2_2__f_CLK100MHZ/A (sky130_fd_sc_hd__clkbuf_16)
     8    0.03    0.08    0.26    0.68 ^ clkbuf_2_2__f_CLK100MHZ/X (sky130_fd_sc_hd__clkbuf_16)
                                         clknet_2_2__leaf_CLK100MHZ (net)
                  0.08    0.00    0.68 ^ _250_/CLK (sky130_fd_sc_hd__dfrtp_2)
     5    0.04    0.35    0.98    1.66 ^ _250_/Q (sky130_fd_sc_hd__dfrtp_2)
                                         decoder.delay[0] (net)
                  0.35    0.00    1.66 ^ _126_/B (sky130_fd_sc_hd__and4_2)
     6    0.04    0.37    0.85    2.51 ^ _126_/X (sky130_fd_sc_hd__and4_2)
                                         _059_ (net)
                  0.37    0.00    2.51 ^ _182_/B (sky130_fd_sc_hd__and3_1)
     2    0.01    0.22    0.55    3.05 ^ _182_/X (sky130_fd_sc_hd__and3_1)
                                         _093_ (net)
                  0.22    0.00    3.06 ^ _196_/B (sky130_fd_sc_hd__nand2_1)
     2    0.02    0.40    0.42    3.47 v _196_/Y (sky130_fd_sc_hd__nand2_1)
                                         _103_ (net)
                  0.40    0.00    3.47 v _199_/B (sky130_fd_sc_hd__xnor2_1)
     1    0.01    0.15    0.40    3.87 v _199_/Y (sky130_fd_sc_hd__xnor2_1)
                                         _003_ (net)
                  0.15    0.00    3.88 v _262_/D (sky130_fd_sc_hd__dfrtp_2)
                                  3.88   data arrival time

                         10.00   10.00   clock CLK100MHZ (rise edge)
                          0.00   10.00   clock source latency
     1    0.02    0.15    0.10   10.10 ^ CLK100MHZ (in)
                                         CLK100MHZ (net)
                  0.15    0.00   10.10 ^ clkbuf_0_CLK100MHZ/A (sky130_fd_sc_hd__clkbuf_16)
     4    0.04    0.10    0.28   10.37 ^ clkbuf_0_CLK100MHZ/X (sky130_fd_sc_hd__clkbuf_16)
                                         clknet_0_CLK100MHZ (net)
                  0.10    0.00   10.38 ^ clkbuf_2_2__f_CLK100MHZ/A (sky130_fd_sc_hd__clkbuf_16)
     8    0.03    0.08    0.24   10.61 ^ clkbuf_2_2__f_CLK100MHZ/X (sky130_fd_sc_hd__clkbuf_16)
                                         clknet_2_2__leaf_CLK100MHZ (net)
                  0.08    0.00   10.62 ^ _262_/CLK (sky130_fd_sc_hd__dfrtp_2)
                         -0.25   10.37   clock uncertainty
                          0.06   10.43   clock reconvergence pessimism
                         -0.31   10.13   library setup time
                                 10.13   data required time
-----------------------------------------------------------------------------
                                 10.13   data required time
                                 -3.88   data arrival time
-----------------------------------------------------------------------------
                                  6.25   slack (MET)


Startpoint: _250_ (rising edge-triggered flip-flop clocked by CLK100MHZ)
Endpoint: _256_ (rising edge-triggered flip-flop clocked by CLK100MHZ)
Path Group: CLK100MHZ
Path Type: max
Corner: Slowest

Fanout     Cap    Slew   Delay    Time   Description
-----------------------------------------------------------------------------
                          0.00    0.00   clock CLK100MHZ (rise edge)
                          0.00    0.00   clock source latency
     1    0.02    0.15    0.11    0.11 ^ CLK100MHZ (in)
                                         CLK100MHZ (net)
                  0.15    0.00    0.11 ^ clkbuf_0_CLK100MHZ/A (sky130_fd_sc_hd__clkbuf_16)
     4    0.04    0.10    0.31    0.41 ^ clkbuf_0_CLK100MHZ/X (sky130_fd_sc_hd__clkbuf_16)
                                         clknet_0_CLK100MHZ (net)
                  0.10    0.00    0.42 ^ clkbuf_2_2__f_CLK100MHZ/A (sky130_fd_sc_hd__clkbuf_16)
     8    0.03    0.08    0.26    0.68 ^ clkbuf_2_2__f_CLK100MHZ/X (sky130_fd_sc_hd__clkbuf_16)
                                         clknet_2_2__leaf_CLK100MHZ (net)
                  0.08    0.00    0.68 ^ _250_/CLK (sky130_fd_sc_hd__dfrtp_2)
     5    0.04    0.35    0.98    1.66 ^ _250_/Q (sky130_fd_sc_hd__dfrtp_2)
                                         decoder.delay[0] (net)
                  0.35    0.00    1.66 ^ _126_/B (sky130_fd_sc_hd__and4_2)
     6    0.04    0.37    0.85    2.51 ^ _126_/X (sky130_fd_sc_hd__and4_2)
                                         _059_ (net)
                  0.37    0.00    2.51 ^ _177_/C (sky130_fd_sc_hd__and3_2)
     3    0.03    0.30    0.70    3.21 ^ _177_/X (sky130_fd_sc_hd__and3_2)
                                         _090_ (net)
                  0.30    0.01    3.21 ^ _180_/B (sky130_fd_sc_hd__xor2_1)
     1    0.01    0.28    0.42    3.63 ^ _180_/X (sky130_fd_sc_hd__xor2_1)
                                         _021_ (net)
                  0.28    0.00    3.63 ^ _256_/D (sky130_fd_sc_hd__dfrtp_4)
                                  3.63   data arrival time

                         10.00   10.00   clock CLK100MHZ (rise edge)
                          0.00   10.00   clock source latency
     1    0.02    0.15    0.10   10.10 ^ CLK100MHZ (in)
                                         CLK100MHZ (net)
                  0.15    0.00   10.10 ^ clkbuf_0_CLK100MHZ/A (sky130_fd_sc_hd__clkbuf_16)
     4    0.04    0.10    0.28   10.37 ^ clkbuf_0_CLK100MHZ/X (sky130_fd_sc_hd__clkbuf_16)
                                         clknet_0_CLK100MHZ (net)
                  0.10    0.00   10.37 ^ clkbuf_2_0__f_CLK100MHZ/A (sky130_fd_sc_hd__clkbuf_16)
     8    0.03    0.08    0.24   10.61 ^ clkbuf_2_0__f_CLK100MHZ/X (sky130_fd_sc_hd__clkbuf_16)
                                         clknet_2_0__leaf_CLK100MHZ (net)
                  0.08    0.00   10.61 ^ _256_/CLK (sky130_fd_sc_hd__dfrtp_4)
                         -0.25   10.36   clock uncertainty
                          0.04   10.40   clock reconvergence pessimism
                         -0.19   10.21   library setup time
                                 10.21   data required time
-----------------------------------------------------------------------------
                                 10.21   data required time
                                 -3.63   data arrival time
-----------------------------------------------------------------------------
                                  6.58   slack (MET)


Startpoint: _252_ (rising edge-triggered flip-flop clocked by CLK100MHZ)
Endpoint: _255_ (rising edge-triggered flip-flop clocked by CLK100MHZ)
Path Group: CLK100MHZ
Path Type: max
Corner: Slowest

Fanout     Cap    Slew   Delay    Time   Description
-----------------------------------------------------------------------------
                          0.00    0.00   clock CLK100MHZ (rise edge)
                          0.00    0.00   clock source latency
     1    0.02    0.15    0.11    0.11 ^ CLK100MHZ (in)
                                         CLK100MHZ (net)
                  0.15    0.00    0.11 ^ clkbuf_0_CLK100MHZ/A (sky130_fd_sc_hd__clkbuf_16)
     4    0.04    0.10    0.31    0.41 ^ clkbuf_0_CLK100MHZ/X (sky130_fd_sc_hd__clkbuf_16)
                                         clknet_0_CLK100MHZ (net)
                  0.10    0.00    0.42 ^ clkbuf_2_2__f_CLK100MHZ/A (sky130_fd_sc_hd__clkbuf_16)
     8    0.03    0.08    0.26    0.68 ^ clkbuf_2_2__f_CLK100MHZ/X (sky130_fd_sc_hd__clkbuf_16)
                                         clknet_2_2__leaf_CLK100MHZ (net)
                  0.08    0.00    0.68 ^ _252_/CLK (sky130_fd_sc_hd__dfrtp_2)
     3    0.04    0.22    1.03    1.71 v _252_/Q (sky130_fd_sc_hd__dfrtp_2)
                                         decoder.delay[2] (net)
                  0.22    0.00    1.71 v _126_/C (sky130_fd_sc_hd__and4_2)
     6    0.04    0.22    0.74    2.45 v _126_/X (sky130_fd_sc_hd__and4_2)
                                         _059_ (net)
                  0.22    0.00    2.45 v _174_/B (sky130_fd_sc_hd__and2_1)
     2    0.01    0.15    0.50    2.95 v _174_/X (sky130_fd_sc_hd__and2_1)
                                         _088_ (net)
                  0.15    0.00    2.95 v _178_/B (sky130_fd_sc_hd__nor2_1)
     1    0.01    0.28    0.30    3.25 ^ _178_/Y (sky130_fd_sc_hd__nor2_1)
                                         _091_ (net)
                  0.28    0.00    3.25 ^ _179_/B (sky130_fd_sc_hd__nor2_1)
     1    0.01    0.10    0.18    3.43 v _179_/Y (sky130_fd_sc_hd__nor2_1)
                                         _020_ (net)
                  0.10    0.00    3.43 v _255_/D (sky130_fd_sc_hd__dfrtp_2)
                                  3.43   data arrival time

                         10.00   10.00   clock CLK100MHZ (rise edge)
                          0.00   10.00   clock source latency
     1    0.02    0.15    0.10   10.10 ^ CLK100MHZ (in)
                                         CLK100MHZ (net)
                  0.15    0.00   10.10 ^ clkbuf_0_CLK100MHZ/A (sky130_fd_sc_hd__clkbuf_16)
     4    0.04    0.10    0.28   10.37 ^ clkbuf_0_CLK100MHZ/X (sky130_fd_sc_hd__clkbuf_16)
                                         clknet_0_CLK100MHZ (net)
                  0.10    0.00   10.37 ^ clkbuf_2_0__f_CLK100MHZ/A (sky130_fd_sc_hd__clkbuf_16)
     8    0.03    0.08    0.24   10.61 ^ clkbuf_2_0__f_CLK100MHZ/X (sky130_fd_sc_hd__clkbuf_16)
                                         clknet_2_0__leaf_CLK100MHZ (net)
                  0.08    0.00   10.61 ^ _255_/CLK (sky130_fd_sc_hd__dfrtp_2)
                         -0.25   10.36   clock uncertainty
                          0.04   10.40   clock reconvergence pessimism
                         -0.28   10.12   library setup time
                                 10.12   data required time
-----------------------------------------------------------------------------
                                 10.12   data required time
                                 -3.43   data arrival time
-----------------------------------------------------------------------------
                                  6.69   slack (MET)


Startpoint: _250_ (rising edge-triggered flip-flop clocked by CLK100MHZ)
Endpoint: _253_ (rising edge-triggered flip-flop clocked by CLK100MHZ)
Path Group: CLK100MHZ
Path Type: max
Corner: Slowest

Fanout     Cap    Slew   Delay    Time   Description
-----------------------------------------------------------------------------
                          0.00    0.00   clock CLK100MHZ (rise edge)
                          0.00    0.00   clock source latency
     1    0.02    0.15    0.11    0.11 ^ CLK100MHZ (in)
                                         CLK100MHZ (net)
                  0.15    0.00    0.11 ^ clkbuf_0_CLK100MHZ/A (sky130_fd_sc_hd__clkbuf_16)
     4    0.04    0.10    0.31    0.41 ^ clkbuf_0_CLK100MHZ/X (sky130_fd_sc_hd__clkbuf_16)
                                         clknet_0_CLK100MHZ (net)
                  0.10    0.00    0.42 ^ clkbuf_2_2__f_CLK100MHZ/A (sky130_fd_sc_hd__clkbuf_16)
     8    0.03    0.08    0.26    0.68 ^ clkbuf_2_2__f_CLK100MHZ/X (sky130_fd_sc_hd__clkbuf_16)
                                         clknet_2_2__leaf_CLK100MHZ (net)
                  0.08    0.00    0.68 ^ _250_/CLK (sky130_fd_sc_hd__dfrtp_2)
     5    0.04    0.35    0.98    1.66 ^ _250_/Q (sky130_fd_sc_hd__dfrtp_2)
                                         decoder.delay[0] (net)
                  0.35    0.00    1.66 ^ _126_/B (sky130_fd_sc_hd__and4_2)
     6    0.04    0.37    0.85    2.51 ^ _126_/X (sky130_fd_sc_hd__and4_2)
                                         _059_ (net)
                  0.37    0.01    2.51 ^ _172_/A_N (sky130_fd_sc_hd__and2b_1)
     1    0.02    0.19    0.62    3.13 v _172_/X (sky130_fd_sc_hd__and2b_1)
                                         _087_ (net)
                  0.19    0.00    3.13 v _173_/A (sky130_fd_sc_hd__clkbuf_1)
     1    0.01    0.11    0.28    3.41 v _173_/X (sky130_fd_sc_hd__clkbuf_1)
                                         _018_ (net)
                  0.11    0.00    3.41 v _253_/D (sky130_fd_sc_hd__dfrtp_1)
                                  3.41   data arrival time

                         10.00   10.00   clock CLK100MHZ (rise edge)
                          0.00   10.00   clock source latency
     1    0.02    0.15    0.10   10.10 ^ CLK100MHZ (in)
                                         CLK100MHZ (net)
                  0.15    0.00   10.10 ^ clkbuf_0_CLK100MHZ/A (sky130_fd_sc_hd__clkbuf_16)
     4    0.04    0.10    0.28   10.37 ^ clkbuf_0_CLK100MHZ/X (sky130_fd_sc_hd__clkbuf_16)
                                         clknet_0_CLK100MHZ (net)
                  0.10    0.00   10.38 ^ clkbuf_2_2__f_CLK100MHZ/A (sky130_fd_sc_hd__clkbuf_16)
     8    0.03    0.08    0.24   10.61 ^ clkbuf_2_2__f_CLK100MHZ/X (sky130_fd_sc_hd__clkbuf_16)
                                         clknet_2_2__leaf_CLK100MHZ (net)
                  0.08    0.00   10.62 ^ _253_/CLK (sky130_fd_sc_hd__dfrtp_1)
                         -0.25   10.37   clock uncertainty
                          0.06   10.43   clock reconvergence pessimism
                         -0.29   10.14   library setup time
                                 10.14   data required time
-----------------------------------------------------------------------------
                                 10.14   data required time
                                 -3.41   data arrival time
-----------------------------------------------------------------------------
                                  6.73   slack (MET)


Startpoint: _250_ (rising edge-triggered flip-flop clocked by CLK100MHZ)
Endpoint: _254_ (rising edge-triggered flip-flop clocked by CLK100MHZ)
Path Group: CLK100MHZ
Path Type: max
Corner: Slowest

Fanout     Cap    Slew   Delay    Time   Description
-----------------------------------------------------------------------------
                          0.00    0.00   clock CLK100MHZ (rise edge)
                          0.00    0.00   clock source latency
     1    0.02    0.15    0.11    0.11 ^ CLK100MHZ (in)
                                         CLK100MHZ (net)
                  0.15    0.00    0.11 ^ clkbuf_0_CLK100MHZ/A (sky130_fd_sc_hd__clkbuf_16)
     4    0.04    0.10    0.31    0.41 ^ clkbuf_0_CLK100MHZ/X (sky130_fd_sc_hd__clkbuf_16)
                                         clknet_0_CLK100MHZ (net)
                  0.10    0.00    0.42 ^ clkbuf_2_2__f_CLK100MHZ/A (sky130_fd_sc_hd__clkbuf_16)
     8    0.03    0.08    0.26    0.68 ^ clkbuf_2_2__f_CLK100MHZ/X (sky130_fd_sc_hd__clkbuf_16)
                                         clknet_2_2__leaf_CLK100MHZ (net)
                  0.08    0.00    0.68 ^ _250_/CLK (sky130_fd_sc_hd__dfrtp_2)
     5    0.04    0.35    0.98    1.66 ^ _250_/Q (sky130_fd_sc_hd__dfrtp_2)
                                         decoder.delay[0] (net)
                  0.35    0.00    1.66 ^ _126_/B (sky130_fd_sc_hd__and4_2)
     6    0.04    0.37    0.85    2.51 ^ _126_/X (sky130_fd_sc_hd__and4_2)
                                         _059_ (net)
                  0.37    0.00    2.51 ^ _174_/B (sky130_fd_sc_hd__and2_1)
     2    0.01    0.23    0.48    2.99 ^ _174_/X (sky130_fd_sc_hd__and2_1)
                                         _088_ (net)
                  0.23    0.00    2.99 ^ _176_/A (sky130_fd_sc_hd__nor2_1)
     1    0.00    0.09    0.17    3.16 v _176_/Y (sky130_fd_sc_hd__nor2_1)
                                         _019_ (net)
                  0.09    0.00    3.16 v _254_/D (sky130_fd_sc_hd__dfrtp_2)
                                  3.16   data arrival time

                         10.00   10.00   clock CLK100MHZ (rise edge)
                          0.00   10.00   clock source latency
     1    0.02    0.15    0.10   10.10 ^ CLK100MHZ (in)
                                         CLK100MHZ (net)
                  0.15    0.00   10.10 ^ clkbuf_0_CLK100MHZ/A (sky130_fd_sc_hd__clkbuf_16)
     4    0.04    0.10    0.28   10.37 ^ clkbuf_0_CLK100MHZ/X (sky130_fd_sc_hd__clkbuf_16)
                                         clknet_0_CLK100MHZ (net)
                  0.10    0.00   10.37 ^ clkbuf_2_1__f_CLK100MHZ/A (sky130_fd_sc_hd__clkbuf_16)
     8    0.02    0.07    0.23   10.60 ^ clkbuf_2_1__f_CLK100MHZ/X (sky130_fd_sc_hd__clkbuf_16)
                                         clknet_2_1__leaf_CLK100MHZ (net)
                  0.07    0.00   10.60 ^ _254_/CLK (sky130_fd_sc_hd__dfrtp_2)
                         -0.25   10.35   clock uncertainty
                          0.04   10.39   clock reconvergence pessimism
                         -0.28   10.11   library setup time
                                 10.11   data required time
-----------------------------------------------------------------------------
                                 10.11   data required time
                                 -3.16   data arrival time
-----------------------------------------------------------------------------
                                  6.95   slack (MET)


Startpoint: _250_ (rising edge-triggered flip-flop clocked by CLK100MHZ)
Endpoint: _251_ (rising edge-triggered flip-flop clocked by CLK100MHZ)
Path Group: CLK100MHZ
Path Type: max
Corner: Slowest

Fanout     Cap    Slew   Delay    Time   Description
-----------------------------------------------------------------------------
                          0.00    0.00   clock CLK100MHZ (rise edge)
                          0.00    0.00   clock source latency
     1    0.02    0.15    0.11    0.11 ^ CLK100MHZ (in)
                                         CLK100MHZ (net)
                  0.15    0.00    0.11 ^ clkbuf_0_CLK100MHZ/A (sky130_fd_sc_hd__clkbuf_16)
     4    0.04    0.10    0.31    0.41 ^ clkbuf_0_CLK100MHZ/X (sky130_fd_sc_hd__clkbuf_16)
                                         clknet_0_CLK100MHZ (net)
                  0.10    0.00    0.42 ^ clkbuf_2_2__f_CLK100MHZ/A (sky130_fd_sc_hd__clkbuf_16)
     8    0.03    0.08    0.26    0.68 ^ clkbuf_2_2__f_CLK100MHZ/X (sky130_fd_sc_hd__clkbuf_16)
                                         clknet_2_2__leaf_CLK100MHZ (net)
                  0.08    0.00    0.68 ^ _250_/CLK (sky130_fd_sc_hd__dfrtp_2)
     5    0.04    0.25    1.05    1.73 v _250_/Q (sky130_fd_sc_hd__dfrtp_2)
                                         decoder.delay[0] (net)
                  0.25    0.00    1.73 v _167_/B (sky130_fd_sc_hd__or2_1)
     1    0.01    0.12    0.59    2.33 v _167_/X (sky130_fd_sc_hd__or2_1)
                                         _084_ (net)
                  0.12    0.00    2.33 v _168_/B (sky130_fd_sc_hd__and2_1)
     1    0.01    0.12    0.42    2.74 v _168_/X (sky130_fd_sc_hd__and2_1)
                                         _085_ (net)
                  0.12    0.00    2.75 v _169_/A (sky130_fd_sc_hd__clkbuf_1)
     1    0.01    0.12    0.25    3.00 v _169_/X (sky130_fd_sc_hd__clkbuf_1)
                                         _011_ (net)
                  0.12    0.00    3.00 v _251_/D (sky130_fd_sc_hd__dfrtp_2)
                                  3.00   data arrival time

                         10.00   10.00   clock CLK100MHZ (rise edge)
                          0.00   10.00   clock source latency
     1    0.02    0.15    0.10   10.10 ^ CLK100MHZ (in)
                                         CLK100MHZ (net)
                  0.15    0.00   10.10 ^ clkbuf_0_CLK100MHZ/A (sky130_fd_sc_hd__clkbuf_16)
     4    0.04    0.10    0.28   10.37 ^ clkbuf_0_CLK100MHZ/X (sky130_fd_sc_hd__clkbuf_16)
                                         clknet_0_CLK100MHZ (net)
                  0.10    0.00   10.38 ^ clkbuf_2_2__f_CLK100MHZ/A (sky130_fd_sc_hd__clkbuf_16)
     8    0.03    0.08    0.24   10.61 ^ clkbuf_2_2__f_CLK100MHZ/X (sky130_fd_sc_hd__clkbuf_16)
                                         clknet_2_2__leaf_CLK100MHZ (net)
                  0.08    0.00   10.62 ^ _251_/CLK (sky130_fd_sc_hd__dfrtp_2)
                         -0.25   10.37   clock uncertainty
                          0.06   10.43   clock reconvergence pessimism
                         -0.29   10.14   library setup time
                                 10.14   data required time
-----------------------------------------------------------------------------
                                 10.14   data required time
                                 -3.00   data arrival time
-----------------------------------------------------------------------------
                                  7.14   slack (MET)


Startpoint: _250_ (rising edge-triggered flip-flop clocked by CLK100MHZ)
Endpoint: _252_ (rising edge-triggered flip-flop clocked by CLK100MHZ)
Path Group: CLK100MHZ
Path Type: max
Corner: Slowest

Fanout     Cap    Slew   Delay    Time   Description
-----------------------------------------------------------------------------
                          0.00    0.00   clock CLK100MHZ (rise edge)
                          0.00    0.00   clock source latency
     1    0.02    0.15    0.11    0.11 ^ CLK100MHZ (in)
                                         CLK100MHZ (net)
                  0.15    0.00    0.11 ^ clkbuf_0_CLK100MHZ/A (sky130_fd_sc_hd__clkbuf_16)
     4    0.04    0.10    0.31    0.41 ^ clkbuf_0_CLK100MHZ/X (sky130_fd_sc_hd__clkbuf_16)
                                         clknet_0_CLK100MHZ (net)
                  0.10    0.00    0.42 ^ clkbuf_2_2__f_CLK100MHZ/A (sky130_fd_sc_hd__clkbuf_16)
     8    0.03    0.08    0.26    0.68 ^ clkbuf_2_2__f_CLK100MHZ/X (sky130_fd_sc_hd__clkbuf_16)
                                         clknet_2_2__leaf_CLK100MHZ (net)
                  0.08    0.00    0.68 ^ _250_/CLK (sky130_fd_sc_hd__dfrtp_2)
     5    0.04    0.35    0.98    1.66 ^ _250_/Q (sky130_fd_sc_hd__dfrtp_2)
                                         decoder.delay[0] (net)
                  0.35    0.00    1.66 ^ _166_/B (sky130_fd_sc_hd__nand2_1)
     2    0.02    0.37    0.46    2.12 v _166_/Y (sky130_fd_sc_hd__nand2_1)
                                         _083_ (net)
                  0.37    0.00    2.12 v _170_/B (sky130_fd_sc_hd__xnor2_1)
     1    0.02    0.79    0.83    2.95 ^ _170_/Y (sky130_fd_sc_hd__xnor2_1)
                                         _017_ (net)
                  0.79    0.00    2.96 ^ _252_/D (sky130_fd_sc_hd__dfrtp_2)
                                  2.96   data arrival time

                         10.00   10.00   clock CLK100MHZ (rise edge)
                          0.00   10.00   clock source latency
     1    0.02    0.15    0.10   10.10 ^ CLK100MHZ (in)
                                         CLK100MHZ (net)
                  0.15    0.00   10.10 ^ clkbuf_0_CLK100MHZ/A (sky130_fd_sc_hd__clkbuf_16)
     4    0.04    0.10    0.28   10.37 ^ clkbuf_0_CLK100MHZ/X (sky130_fd_sc_hd__clkbuf_16)
                                         clknet_0_CLK100MHZ (net)
                  0.10    0.00   10.38 ^ clkbuf_2_2__f_CLK100MHZ/A (sky130_fd_sc_hd__clkbuf_16)
     8    0.03    0.08    0.24   10.61 ^ clkbuf_2_2__f_CLK100MHZ/X (sky130_fd_sc_hd__clkbuf_16)
                                         clknet_2_2__leaf_CLK100MHZ (net)
                  0.08    0.00   10.62 ^ _252_/CLK (sky130_fd_sc_hd__dfrtp_2)
                         -0.25   10.37   clock uncertainty
                          0.06   10.43   clock reconvergence pessimism
                         -0.32   10.11   library setup time
                                 10.11   data required time
-----------------------------------------------------------------------------
                                 10.11   data required time
                                 -2.96   data arrival time
-----------------------------------------------------------------------------
                                  7.16   slack (MET)


Startpoint: BTNC (input port clocked by CLK100MHZ)
Endpoint: _248_ (recovery check against rising-edge clock CLK100MHZ)
Path Group: asynchronous
Path Type: max
Corner: Slowest

Fanout     Cap    Slew   Delay    Time   Description
-----------------------------------------------------------------------------
                          0.00    0.00   clock CLK100MHZ (rise edge)
                          0.00    0.00   clock network delay (propagated)
                          2.00    2.00 v input external delay
     2    0.02    0.10    0.07    2.07 v BTNC (in)
                                         BTNC (net)
                  0.10    0.00    2.07 v _214_/A (sky130_fd_sc_hd__buf_4)
    10    0.07    0.18    0.40    2.47 v _214_/X (sky130_fd_sc_hd__buf_4)
                                         _112_ (net)
                  0.18    0.01    2.48 v _215_/A (sky130_fd_sc_hd__buf_4)
    10    0.08    0.19    0.44    2.92 v _215_/X (sky130_fd_sc_hd__buf_4)
                                         _113_ (net)
                  0.19    0.01    2.93 v _218_/A (sky130_fd_sc_hd__inv_2)
     1    0.02    0.15    0.21    3.14 ^ _218_/Y (sky130_fd_sc_hd__inv_2)
                                         _027_ (net)
                  0.15    0.00    3.14 ^ _248_/RESET_B (sky130_fd_sc_hd__dfrtp_4)
                                  3.14   data arrival time

                         10.00   10.00   clock CLK100MHZ (rise edge)
                          0.00   10.00   clock source latency
     1    0.02    0.15    0.10   10.10 ^ CLK100MHZ (in)
                                         CLK100MHZ (net)
                  0.15    0.00   10.10 ^ clkbuf_0_CLK100MHZ/A (sky130_fd_sc_hd__clkbuf_16)
     4    0.04    0.10    0.28   10.37 ^ clkbuf_0_CLK100MHZ/X (sky130_fd_sc_hd__clkbuf_16)
                                         clknet_0_CLK100MHZ (net)
                  0.10    0.00   10.37 ^ clkbuf_2_0__f_CLK100MHZ/A (sky130_fd_sc_hd__clkbuf_16)
     8    0.03    0.08    0.24   10.61 ^ clkbuf_2_0__f_CLK100MHZ/X (sky130_fd_sc_hd__clkbuf_16)
                                         clknet_2_0__leaf_CLK100MHZ (net)
                  0.08    0.00   10.61 ^ _248_/CLK (sky130_fd_sc_hd__dfrtp_4)
                         -0.25   10.36   clock uncertainty
                          0.00   10.36   clock reconvergence pessimism
                          0.41   10.77   library recovery time
                                 10.77   data required time
-----------------------------------------------------------------------------
                                 10.77   data required time
                                 -3.14   data arrival time
-----------------------------------------------------------------------------
                                  7.63   slack (MET)


Startpoint: BTNC (input port clocked by CLK100MHZ)
Endpoint: _252_ (recovery check against rising-edge clock CLK100MHZ)
Path Group: asynchronous
Path Type: max
Corner: Slowest

Fanout     Cap    Slew   Delay    Time   Description
-----------------------------------------------------------------------------
                          0.00    0.00   clock CLK100MHZ (rise edge)
                          0.00    0.00   clock network delay (propagated)
                          2.00    2.00 v input external delay
     2    0.02    0.10    0.07    2.07 v BTNC (in)
                                         BTNC (net)
                  0.10    0.00    2.07 v _214_/A (sky130_fd_sc_hd__buf_4)
    10    0.07    0.18    0.40    2.47 v _214_/X (sky130_fd_sc_hd__buf_4)
                                         _112_ (net)
                  0.18    0.01    2.48 v _215_/A (sky130_fd_sc_hd__buf_4)
    10    0.08    0.19    0.44    2.92 v _215_/X (sky130_fd_sc_hd__buf_4)
                                         _113_ (net)
                  0.19    0.01    2.93 v _222_/A (sky130_fd_sc_hd__inv_2)
     1    0.02    0.15    0.21    3.14 ^ _222_/Y (sky130_fd_sc_hd__inv_2)
                                         _031_ (net)
                  0.15    0.00    3.14 ^ _252_/RESET_B (sky130_fd_sc_hd__dfrtp_2)
                                  3.14   data arrival time

                         10.00   10.00   clock CLK100MHZ (rise edge)
                          0.00   10.00   clock source latency
     1    0.02    0.15    0.10   10.10 ^ CLK100MHZ (in)
                                         CLK100MHZ (net)
                  0.15    0.00   10.10 ^ clkbuf_0_CLK100MHZ/A (sky130_fd_sc_hd__clkbuf_16)
     4    0.04    0.10    0.28   10.37 ^ clkbuf_0_CLK100MHZ/X (sky130_fd_sc_hd__clkbuf_16)
                                         clknet_0_CLK100MHZ (net)
                  0.10    0.00   10.38 ^ clkbuf_2_2__f_CLK100MHZ/A (sky130_fd_sc_hd__clkbuf_16)
     8    0.03    0.08    0.24   10.61 ^ clkbuf_2_2__f_CLK100MHZ/X (sky130_fd_sc_hd__clkbuf_16)
                                         clknet_2_2__leaf_CLK100MHZ (net)
                  0.08    0.00   10.62 ^ _252_/CLK (sky130_fd_sc_hd__dfrtp_2)
                         -0.25   10.37   clock uncertainty
                          0.00   10.37   clock reconvergence pessimism
                          0.41   10.78   library recovery time
                                 10.78   data required time
-----------------------------------------------------------------------------
                                 10.78   data required time
                                 -3.14   data arrival time
-----------------------------------------------------------------------------
                                  7.64   slack (MET)


Startpoint: BTNC (input port clocked by CLK100MHZ)
Endpoint: _250_ (recovery check against rising-edge clock CLK100MHZ)
Path Group: asynchronous
Path Type: max
Corner: Slowest

Fanout     Cap    Slew   Delay    Time   Description
-----------------------------------------------------------------------------
                          0.00    0.00   clock CLK100MHZ (rise edge)
                          0.00    0.00   clock network delay (propagated)
                          2.00    2.00 v input external delay
     2    0.02    0.10    0.07    2.07 v BTNC (in)
                                         BTNC (net)
                  0.10    0.00    2.07 v _214_/A (sky130_fd_sc_hd__buf_4)
    10    0.07    0.18    0.40    2.47 v _214_/X (sky130_fd_sc_hd__buf_4)
                                         _112_ (net)
                  0.18    0.01    2.48 v _215_/A (sky130_fd_sc_hd__buf_4)
    10    0.08    0.19    0.44    2.92 v _215_/X (sky130_fd_sc_hd__buf_4)
                                         _113_ (net)
                  0.19    0.01    2.93 v _220_/A (sky130_fd_sc_hd__inv_2)
     1    0.02    0.14    0.20    3.13 ^ _220_/Y (sky130_fd_sc_hd__inv_2)
                                         _029_ (net)
                  0.14    0.00    3.13 ^ _250_/RESET_B (sky130_fd_sc_hd__dfrtp_2)
                                  3.13   data arrival time

                         10.00   10.00   clock CLK100MHZ (rise edge)
                          0.00   10.00   clock source latency
     1    0.02    0.15    0.10   10.10 ^ CLK100MHZ (in)
                                         CLK100MHZ (net)
                  0.15    0.00   10.10 ^ clkbuf_0_CLK100MHZ/A (sky130_fd_sc_hd__clkbuf_16)
     4    0.04    0.10    0.28   10.37 ^ clkbuf_0_CLK100MHZ/X (sky130_fd_sc_hd__clkbuf_16)
                                         clknet_0_CLK100MHZ (net)
                  0.10    0.00   10.38 ^ clkbuf_2_2__f_CLK100MHZ/A (sky130_fd_sc_hd__clkbuf_16)
     8    0.03    0.08    0.24   10.61 ^ clkbuf_2_2__f_CLK100MHZ/X (sky130_fd_sc_hd__clkbuf_16)
                                         clknet_2_2__leaf_CLK100MHZ (net)
                  0.08    0.00   10.62 ^ _250_/CLK (sky130_fd_sc_hd__dfrtp_2)
                         -0.25   10.37   clock uncertainty
                          0.00   10.37   clock reconvergence pessimism
                          0.42   10.78   library recovery time
                                 10.78   data required time
-----------------------------------------------------------------------------
                                 10.78   data required time
                                 -3.13   data arrival time
-----------------------------------------------------------------------------
                                  7.65   slack (MET)


Startpoint: BTNC (input port clocked by CLK100MHZ)
Endpoint: _254_ (recovery check against rising-edge clock CLK100MHZ)
Path Group: asynchronous
Path Type: max
Corner: Slowest

Fanout     Cap    Slew   Delay    Time   Description
-----------------------------------------------------------------------------
                          0.00    0.00   clock CLK100MHZ (rise edge)
                          0.00    0.00   clock network delay (propagated)
                          2.00    2.00 v input external delay
     2    0.02    0.10    0.07    2.07 v BTNC (in)
                                         BTNC (net)
                  0.10    0.00    2.07 v _214_/A (sky130_fd_sc_hd__buf_4)
    10    0.07    0.18    0.40    2.47 v _214_/X (sky130_fd_sc_hd__buf_4)
                                         _112_ (net)
                  0.18    0.01    2.48 v _215_/A (sky130_fd_sc_hd__buf_4)
    10    0.08    0.19    0.44    2.92 v _215_/X (sky130_fd_sc_hd__buf_4)
                                         _113_ (net)
                  0.19    0.01    2.93 v _224_/A (sky130_fd_sc_hd__inv_2)
     1    0.01    0.12    0.19    3.12 ^ _224_/Y (sky130_fd_sc_hd__inv_2)
                                         _033_ (net)
                  0.12    0.00    3.12 ^ _254_/RESET_B (sky130_fd_sc_hd__dfrtp_2)
                                  3.12   data arrival time

                         10.00   10.00   clock CLK100MHZ (rise edge)
                          0.00   10.00   clock source latency
     1    0.02    0.15    0.10   10.10 ^ CLK100MHZ (in)
                                         CLK100MHZ (net)
                  0.15    0.00   10.10 ^ clkbuf_0_CLK100MHZ/A (sky130_fd_sc_hd__clkbuf_16)
     4    0.04    0.10    0.28   10.37 ^ clkbuf_0_CLK100MHZ/X (sky130_fd_sc_hd__clkbuf_16)
                                         clknet_0_CLK100MHZ (net)
                  0.10    0.00   10.37 ^ clkbuf_2_1__f_CLK100MHZ/A (sky130_fd_sc_hd__clkbuf_16)
     8    0.02    0.07    0.23   10.60 ^ clkbuf_2_1__f_CLK100MHZ/X (sky130_fd_sc_hd__clkbuf_16)
                                         clknet_2_1__leaf_CLK100MHZ (net)
                  0.07    0.00   10.60 ^ _254_/CLK (sky130_fd_sc_hd__dfrtp_2)
                         -0.25   10.35   clock uncertainty
                          0.00   10.35   clock reconvergence pessimism
                          0.42   10.78   library recovery time
                                 10.78   data required time
-----------------------------------------------------------------------------
                                 10.78   data required time
                                 -3.12   data arrival time
-----------------------------------------------------------------------------
                                  7.66   slack (MET)


Startpoint: BTNC (input port clocked by CLK100MHZ)
Endpoint: _255_ (recovery check against rising-edge clock CLK100MHZ)
Path Group: asynchronous
Path Type: max
Corner: Slowest

Fanout     Cap    Slew   Delay    Time   Description
-----------------------------------------------------------------------------
                          0.00    0.00   clock CLK100MHZ (rise edge)
                          0.00    0.00   clock network delay (propagated)
                          2.00    2.00 v input external delay
     2    0.02    0.10    0.07    2.07 v BTNC (in)
                                         BTNC (net)
                  0.10    0.00    2.07 v _214_/A (sky130_fd_sc_hd__buf_4)
    10    0.07    0.18    0.40    2.47 v _214_/X (sky130_fd_sc_hd__buf_4)
                                         _112_ (net)
                  0.18    0.01    2.48 v _215_/A (sky130_fd_sc_hd__buf_4)
    10    0.08    0.19    0.44    2.92 v _215_/X (sky130_fd_sc_hd__buf_4)
                                         _113_ (net)
                  0.19    0.01    2.93 v _225_/A (sky130_fd_sc_hd__inv_2)
     1    0.01    0.12    0.18    3.11 ^ _225_/Y (sky130_fd_sc_hd__inv_2)
                                         _034_ (net)
                  0.12    0.00    3.11 ^ _255_/RESET_B (sky130_fd_sc_hd__dfrtp_2)
                                  3.11   data arrival time

                         10.00   10.00   clock CLK100MHZ (rise edge)
                          0.00   10.00   clock source latency
     1    0.02    0.15    0.10   10.10 ^ CLK100MHZ (in)
                                         CLK100MHZ (net)
                  0.15    0.00   10.10 ^ clkbuf_0_CLK100MHZ/A (sky130_fd_sc_hd__clkbuf_16)
     4    0.04    0.10    0.28   10.37 ^ clkbuf_0_CLK100MHZ/X (sky130_fd_sc_hd__clkbuf_16)
                                         clknet_0_CLK100MHZ (net)
                  0.10    0.00   10.37 ^ clkbuf_2_0__f_CLK100MHZ/A (sky130_fd_sc_hd__clkbuf_16)
     8    0.03    0.08    0.24   10.61 ^ clkbuf_2_0__f_CLK100MHZ/X (sky130_fd_sc_hd__clkbuf_16)
                                         clknet_2_0__leaf_CLK100MHZ (net)
                  0.08    0.00   10.61 ^ _255_/CLK (sky130_fd_sc_hd__dfrtp_2)
                         -0.25   10.36   clock uncertainty
                          0.00   10.36   clock reconvergence pessimism
                          0.43   10.79   library recovery time
                                 10.79   data required time
-----------------------------------------------------------------------------
                                 10.79   data required time
                                 -3.11   data arrival time
-----------------------------------------------------------------------------
                                  7.68   slack (MET)


Startpoint: BTNC (input port clocked by CLK100MHZ)
Endpoint: _247_ (recovery check against rising-edge clock CLK100MHZ)
Path Group: asynchronous
Path Type: max
Corner: Slowest

Fanout     Cap    Slew   Delay    Time   Description
-----------------------------------------------------------------------------
                          0.00    0.00   clock CLK100MHZ (rise edge)
                          0.00    0.00   clock network delay (propagated)
                          2.00    2.00 v input external delay
     2    0.02    0.10    0.07    2.07 v BTNC (in)
                                         BTNC (net)
                  0.10    0.00    2.07 v _214_/A (sky130_fd_sc_hd__buf_4)
    10    0.07    0.18    0.40    2.47 v _214_/X (sky130_fd_sc_hd__buf_4)
                                         _112_ (net)
                  0.18    0.01    2.48 v _215_/A (sky130_fd_sc_hd__buf_4)
    10    0.08    0.19    0.44    2.92 v _215_/X (sky130_fd_sc_hd__buf_4)
                                         _113_ (net)
                  0.19    0.01    2.93 v _217_/A (sky130_fd_sc_hd__inv_2)
     1    0.01    0.09    0.16    3.08 ^ _217_/Y (sky130_fd_sc_hd__inv_2)
                                         _026_ (net)
                  0.09    0.00    3.09 ^ _247_/RESET_B (sky130_fd_sc_hd__dfrtp_4)
                                  3.09   data arrival time

                         10.00   10.00   clock CLK100MHZ (rise edge)
                          0.00   10.00   clock source latency
     1    0.02    0.15    0.10   10.10 ^ CLK100MHZ (in)
                                         CLK100MHZ (net)
                  0.15    0.00   10.10 ^ clkbuf_0_CLK100MHZ/A (sky130_fd_sc_hd__clkbuf_16)
     4    0.04    0.10    0.28   10.37 ^ clkbuf_0_CLK100MHZ/X (sky130_fd_sc_hd__clkbuf_16)
                                         clknet_0_CLK100MHZ (net)
                  0.10    0.00   10.37 ^ clkbuf_2_3__f_CLK100MHZ/A (sky130_fd_sc_hd__clkbuf_16)
     8    0.03    0.08    0.24   10.61 ^ clkbuf_2_3__f_CLK100MHZ/X (sky130_fd_sc_hd__clkbuf_16)
                                         clknet_2_3__leaf_CLK100MHZ (net)
                  0.08    0.00   10.61 ^ _247_/CLK (sky130_fd_sc_hd__dfrtp_4)
                         -0.25   10.36   clock uncertainty
                          0.00   10.36   clock reconvergence pessimism
                          0.44   10.80   library recovery time
                                 10.80   data required time
-----------------------------------------------------------------------------
                                 10.80   data required time
                                 -3.09   data arrival time
-----------------------------------------------------------------------------
                                  7.71   slack (MET)


Startpoint: BTNC (input port clocked by CLK100MHZ)
Endpoint: _249_ (recovery check against rising-edge clock CLK100MHZ)
Path Group: asynchronous
Path Type: max
Corner: Slowest

Fanout     Cap    Slew   Delay    Time   Description
-----------------------------------------------------------------------------
                          0.00    0.00   clock CLK100MHZ (rise edge)
                          0.00    0.00   clock network delay (propagated)
                          2.00    2.00 v input external delay
     2    0.02    0.10    0.07    2.07 v BTNC (in)
                                         BTNC (net)
                  0.10    0.00    2.07 v _214_/A (sky130_fd_sc_hd__buf_4)
    10    0.07    0.18    0.40    2.47 v _214_/X (sky130_fd_sc_hd__buf_4)
                                         _112_ (net)
                  0.18    0.01    2.48 v _215_/A (sky130_fd_sc_hd__buf_4)
    10    0.08    0.19    0.44    2.92 v _215_/X (sky130_fd_sc_hd__buf_4)
                                         _113_ (net)
                  0.19    0.01    2.93 v _219_/A (sky130_fd_sc_hd__inv_2)
     1    0.01    0.09    0.15    3.08 ^ _219_/Y (sky130_fd_sc_hd__inv_2)
                                         _028_ (net)
                  0.09    0.00    3.08 ^ _249_/RESET_B (sky130_fd_sc_hd__dfrtp_4)
                                  3.08   data arrival time

                         10.00   10.00   clock CLK100MHZ (rise edge)
                          0.00   10.00   clock source latency
     1    0.02    0.15    0.10   10.10 ^ CLK100MHZ (in)
                                         CLK100MHZ (net)
                  0.15    0.00   10.10 ^ clkbuf_0_CLK100MHZ/A (sky130_fd_sc_hd__clkbuf_16)
     4    0.04    0.10    0.28   10.37 ^ clkbuf_0_CLK100MHZ/X (sky130_fd_sc_hd__clkbuf_16)
                                         clknet_0_CLK100MHZ (net)
                  0.10    0.00   10.37 ^ clkbuf_2_3__f_CLK100MHZ/A (sky130_fd_sc_hd__clkbuf_16)
     8    0.03    0.08    0.24   10.61 ^ clkbuf_2_3__f_CLK100MHZ/X (sky130_fd_sc_hd__clkbuf_16)
                                         clknet_2_3__leaf_CLK100MHZ (net)
                  0.08    0.00   10.61 ^ _249_/CLK (sky130_fd_sc_hd__dfrtp_4)
                         -0.25   10.36   clock uncertainty
                          0.00   10.36   clock reconvergence pessimism
                          0.44   10.80   library recovery time
                                 10.80   data required time
-----------------------------------------------------------------------------
                                 10.80   data required time
                                 -3.08   data arrival time
-----------------------------------------------------------------------------
                                  7.72   slack (MET)


Startpoint: BTNC (input port clocked by CLK100MHZ)
Endpoint: _251_ (recovery check against rising-edge clock CLK100MHZ)
Path Group: asynchronous
Path Type: max
Corner: Slowest

Fanout     Cap    Slew   Delay    Time   Description
-----------------------------------------------------------------------------
                          0.00    0.00   clock CLK100MHZ (rise edge)
                          0.00    0.00   clock network delay (propagated)
                          2.00    2.00 v input external delay
     2    0.02    0.10    0.07    2.07 v BTNC (in)
                                         BTNC (net)
                  0.10    0.00    2.07 v _214_/A (sky130_fd_sc_hd__buf_4)
    10    0.07    0.18    0.40    2.47 v _214_/X (sky130_fd_sc_hd__buf_4)
                                         _112_ (net)
                  0.18    0.01    2.48 v _215_/A (sky130_fd_sc_hd__buf_4)
    10    0.08    0.19    0.44    2.92 v _215_/X (sky130_fd_sc_hd__buf_4)
                                         _113_ (net)
                  0.19    0.00    2.92 v _221_/A (sky130_fd_sc_hd__inv_2)
     1    0.01    0.09    0.16    3.08 ^ _221_/Y (sky130_fd_sc_hd__inv_2)
                                         _030_ (net)
                  0.09    0.00    3.08 ^ _251_/RESET_B (sky130_fd_sc_hd__dfrtp_2)
                                  3.08   data arrival time

                         10.00   10.00   clock CLK100MHZ (rise edge)
                          0.00   10.00   clock source latency
     1    0.02    0.15    0.10   10.10 ^ CLK100MHZ (in)
                                         CLK100MHZ (net)
                  0.15    0.00   10.10 ^ clkbuf_0_CLK100MHZ/A (sky130_fd_sc_hd__clkbuf_16)
     4    0.04    0.10    0.28   10.37 ^ clkbuf_0_CLK100MHZ/X (sky130_fd_sc_hd__clkbuf_16)
                                         clknet_0_CLK100MHZ (net)
                  0.10    0.00   10.38 ^ clkbuf_2_2__f_CLK100MHZ/A (sky130_fd_sc_hd__clkbuf_16)
     8    0.03    0.08    0.24   10.61 ^ clkbuf_2_2__f_CLK100MHZ/X (sky130_fd_sc_hd__clkbuf_16)
                                         clknet_2_2__leaf_CLK100MHZ (net)
                  0.08    0.00   10.62 ^ _251_/CLK (sky130_fd_sc_hd__dfrtp_2)
                         -0.25   10.37   clock uncertainty
                          0.00   10.37   clock reconvergence pessimism
                          0.44   10.80   library recovery time
                                 10.80   data required time
-----------------------------------------------------------------------------
                                 10.80   data required time
                                 -3.08   data arrival time
-----------------------------------------------------------------------------
                                  7.72   slack (MET)


Startpoint: BTNC (input port clocked by CLK100MHZ)
Endpoint: _246_ (recovery check against rising-edge clock CLK100MHZ)
Path Group: asynchronous
Path Type: max
Corner: Slowest

Fanout     Cap    Slew   Delay    Time   Description
-----------------------------------------------------------------------------
                          0.00    0.00   clock CLK100MHZ (rise edge)
                          0.00    0.00   clock network delay (propagated)
                          2.00    2.00 v input external delay
     2    0.02    0.10    0.07    2.07 v BTNC (in)
                                         BTNC (net)
                  0.10    0.00    2.07 v _214_/A (sky130_fd_sc_hd__buf_4)
    10    0.07    0.18    0.40    2.47 v _214_/X (sky130_fd_sc_hd__buf_4)
                                         _112_ (net)
                  0.18    0.01    2.48 v _215_/A (sky130_fd_sc_hd__buf_4)
    10    0.08    0.19    0.44    2.92 v _215_/X (sky130_fd_sc_hd__buf_4)
                                         _113_ (net)
                  0.19    0.01    2.93 v _216_/A (sky130_fd_sc_hd__inv_2)
     1    0.01    0.08    0.14    3.07 ^ _216_/Y (sky130_fd_sc_hd__inv_2)
                                         _025_ (net)
                  0.08    0.00    3.07 ^ _246_/RESET_B (sky130_fd_sc_hd__dfrtp_4)
                                  3.07   data arrival time

                         10.00   10.00   clock CLK100MHZ (rise edge)
                          0.00   10.00   clock source latency
     1    0.02    0.15    0.10   10.10 ^ CLK100MHZ (in)
                                         CLK100MHZ (net)
                  0.15    0.00   10.10 ^ clkbuf_0_CLK100MHZ/A (sky130_fd_sc_hd__clkbuf_16)
     4    0.04    0.10    0.28   10.37 ^ clkbuf_0_CLK100MHZ/X (sky130_fd_sc_hd__clkbuf_16)
                                         clknet_0_CLK100MHZ (net)
                  0.10    0.00   10.37 ^ clkbuf_2_1__f_CLK100MHZ/A (sky130_fd_sc_hd__clkbuf_16)
     8    0.02    0.07    0.23   10.60 ^ clkbuf_2_1__f_CLK100MHZ/X (sky130_fd_sc_hd__clkbuf_16)
                                         clknet_2_1__leaf_CLK100MHZ (net)
                  0.07    0.00   10.60 ^ _246_/CLK (sky130_fd_sc_hd__dfrtp_4)
                         -0.25   10.35   clock uncertainty
                          0.00   10.35   clock reconvergence pessimism
                          0.44   10.80   library recovery time
                                 10.80   data required time
-----------------------------------------------------------------------------
                                 10.80   data required time
                                 -3.07   data arrival time
-----------------------------------------------------------------------------
                                  7.72   slack (MET)


Startpoint: BTNC (input port clocked by CLK100MHZ)
Endpoint: _253_ (recovery check against rising-edge clock CLK100MHZ)
Path Group: asynchronous
Path Type: max
Corner: Slowest

Fanout     Cap    Slew   Delay    Time   Description
-----------------------------------------------------------------------------
                          0.00    0.00   clock CLK100MHZ (rise edge)
                          0.00    0.00   clock network delay (propagated)
                          2.00    2.00 v input external delay
     2    0.02    0.10    0.07    2.07 v BTNC (in)
                                         BTNC (net)
                  0.10    0.00    2.07 v _214_/A (sky130_fd_sc_hd__buf_4)
    10    0.07    0.18    0.40    2.47 v _214_/X (sky130_fd_sc_hd__buf_4)
                                         _112_ (net)
                  0.18    0.01    2.48 v _215_/A (sky130_fd_sc_hd__buf_4)
    10    0.08    0.19    0.44    2.92 v _215_/X (sky130_fd_sc_hd__buf_4)
                                         _113_ (net)
                  0.19    0.01    2.93 v _223_/A (sky130_fd_sc_hd__inv_2)
     1    0.01    0.09    0.15    3.08 ^ _223_/Y (sky130_fd_sc_hd__inv_2)
                                         _032_ (net)
                  0.09    0.00    3.08 ^ _253_/RESET_B (sky130_fd_sc_hd__dfrtp_1)
                                  3.08   data arrival time

                         10.00   10.00   clock CLK100MHZ (rise edge)
                          0.00   10.00   clock source latency
     1    0.02    0.15    0.10   10.10 ^ CLK100MHZ (in)
                                         CLK100MHZ (net)
                  0.15    0.00   10.10 ^ clkbuf_0_CLK100MHZ/A (sky130_fd_sc_hd__clkbuf_16)
     4    0.04    0.10    0.28   10.37 ^ clkbuf_0_CLK100MHZ/X (sky130_fd_sc_hd__clkbuf_16)
                                         clknet_0_CLK100MHZ (net)
                  0.10    0.00   10.38 ^ clkbuf_2_2__f_CLK100MHZ/A (sky130_fd_sc_hd__clkbuf_16)
     8    0.03    0.08    0.24   10.61 ^ clkbuf_2_2__f_CLK100MHZ/X (sky130_fd_sc_hd__clkbuf_16)
                                         clknet_2_2__leaf_CLK100MHZ (net)
                  0.08    0.00   10.62 ^ _253_/CLK (sky130_fd_sc_hd__dfrtp_1)
                         -0.25   10.37   clock uncertainty
                          0.00   10.37   clock reconvergence pessimism
                          0.46   10.83   library recovery time
                                 10.83   data required time
-----------------------------------------------------------------------------
                                 10.83   data required time
                                 -3.08   data arrival time
-----------------------------------------------------------------------------
                                  7.74   slack (MET)


Startpoint: BTNC (input port clocked by CLK100MHZ)
Endpoint: _265_ (recovery check against rising-edge clock CLK100MHZ)
Path Group: asynchronous
Path Type: max
Corner: Slowest

Fanout     Cap    Slew   Delay    Time   Description
-----------------------------------------------------------------------------
                          0.00    0.00   clock CLK100MHZ (rise edge)
                          0.00    0.00   clock network delay (propagated)
                          2.00    2.00 v input external delay
     2    0.02    0.10    0.07    2.07 v BTNC (in)
                                         BTNC (net)
                  0.10    0.00    2.07 v _226_/A (sky130_fd_sc_hd__buf_4)
    10    0.09    0.21    0.42    2.50 v _226_/X (sky130_fd_sc_hd__buf_4)
                                         _114_ (net)
                  0.21    0.01    2.50 v _236_/A (sky130_fd_sc_hd__inv_2)
     1    0.02    0.15    0.22    2.73 ^ _236_/Y (sky130_fd_sc_hd__inv_2)
                                         _044_ (net)
                  0.15    0.00    2.73 ^ _265_/RESET_B (sky130_fd_sc_hd__dfrtp_1)
                                  2.73   data arrival time

                         10.00   10.00   clock CLK100MHZ (rise edge)
                          0.00   10.00   clock source latency
     1    0.02    0.15    0.10   10.10 ^ CLK100MHZ (in)
                                         CLK100MHZ (net)
                  0.15    0.00   10.10 ^ clkbuf_0_CLK100MHZ/A (sky130_fd_sc_hd__clkbuf_16)
     4    0.04    0.10    0.28   10.37 ^ clkbuf_0_CLK100MHZ/X (sky130_fd_sc_hd__clkbuf_16)
                                         clknet_0_CLK100MHZ (net)
                  0.10    0.00   10.37 ^ clkbuf_2_1__f_CLK100MHZ/A (sky130_fd_sc_hd__clkbuf_16)
     8    0.02    0.07    0.23   10.60 ^ clkbuf_2_1__f_CLK100MHZ/X (sky130_fd_sc_hd__clkbuf_16)
                                         clknet_2_1__leaf_CLK100MHZ (net)
                  0.07    0.00   10.60 ^ _265_/CLK (sky130_fd_sc_hd__dfrtp_1)
                         -0.25   10.35   clock uncertainty
                          0.00   10.35   clock reconvergence pessimism
                          0.43   10.79   library recovery time
                                 10.79   data required time
-----------------------------------------------------------------------------
                                 10.79   data required time
                                 -2.73   data arrival time
-----------------------------------------------------------------------------
                                  8.06   slack (MET)


Startpoint: BTNC (input port clocked by CLK100MHZ)
Endpoint: _260_ (recovery check against rising-edge clock CLK100MHZ)
Path Group: asynchronous
Path Type: max
Corner: Slowest

Fanout     Cap    Slew   Delay    Time   Description
-----------------------------------------------------------------------------
                          0.00    0.00   clock CLK100MHZ (rise edge)
                          0.00    0.00   clock network delay (propagated)
                          2.00    2.00 v input external delay
     2    0.02    0.10    0.07    2.07 v BTNC (in)
                                         BTNC (net)
                  0.10    0.00    2.07 v _226_/A (sky130_fd_sc_hd__buf_4)
    10    0.09    0.21    0.42    2.50 v _226_/X (sky130_fd_sc_hd__buf_4)
                                         _114_ (net)
                  0.21    0.01    2.50 v _231_/A (sky130_fd_sc_hd__inv_2)
     1    0.02    0.15    0.22    2.72 ^ _231_/Y (sky130_fd_sc_hd__inv_2)
                                         _039_ (net)
                  0.15    0.00    2.73 ^ _260_/RESET_B (sky130_fd_sc_hd__dfrtp_1)
                                  2.73   data arrival time

                         10.00   10.00   clock CLK100MHZ (rise edge)
                          0.00   10.00   clock source latency
     1    0.02    0.15    0.10   10.10 ^ CLK100MHZ (in)
                                         CLK100MHZ (net)
                  0.15    0.00   10.10 ^ clkbuf_0_CLK100MHZ/A (sky130_fd_sc_hd__clkbuf_16)
     4    0.04    0.10    0.28   10.37 ^ clkbuf_0_CLK100MHZ/X (sky130_fd_sc_hd__clkbuf_16)
                                         clknet_0_CLK100MHZ (net)
                  0.10    0.00   10.37 ^ clkbuf_2_1__f_CLK100MHZ/A (sky130_fd_sc_hd__clkbuf_16)
     8    0.02    0.07    0.23   10.60 ^ clkbuf_2_1__f_CLK100MHZ/X (sky130_fd_sc_hd__clkbuf_16)
                                         clknet_2_1__leaf_CLK100MHZ (net)
                  0.07    0.00   10.60 ^ _260_/CLK (sky130_fd_sc_hd__dfrtp_1)
                         -0.25   10.35   clock uncertainty
                          0.00   10.35   clock reconvergence pessimism
                          0.43   10.79   library recovery time
                                 10.79   data required time
-----------------------------------------------------------------------------
                                 10.79   data required time
                                 -2.73   data arrival time
-----------------------------------------------------------------------------
                                  8.06   slack (MET)


Startpoint: BTNC (input port clocked by CLK100MHZ)
Endpoint: _262_ (recovery check against rising-edge clock CLK100MHZ)
Path Group: asynchronous
Path Type: max
Corner: Slowest

Fanout     Cap    Slew   Delay    Time   Description
-----------------------------------------------------------------------------
                          0.00    0.00   clock CLK100MHZ (rise edge)
                          0.00    0.00   clock network delay (propagated)
                          2.00    2.00 v input external delay
     2    0.02    0.10    0.07    2.07 v BTNC (in)
                                         BTNC (net)
                  0.10    0.00    2.07 v _226_/A (sky130_fd_sc_hd__buf_4)
    10    0.09    0.21    0.42    2.50 v _226_/X (sky130_fd_sc_hd__buf_4)
                                         _114_ (net)
                  0.21    0.00    2.50 v _233_/A (sky130_fd_sc_hd__inv_2)
     1    0.02    0.13    0.20    2.71 ^ _233_/Y (sky130_fd_sc_hd__inv_2)
                                         _041_ (net)
                  0.13    0.00    2.71 ^ _262_/RESET_B (sky130_fd_sc_hd__dfrtp_2)
                                  2.71   data arrival time

                         10.00   10.00   clock CLK100MHZ (rise edge)
                          0.00   10.00   clock source latency
     1    0.02    0.15    0.10   10.10 ^ CLK100MHZ (in)
                                         CLK100MHZ (net)
                  0.15    0.00   10.10 ^ clkbuf_0_CLK100MHZ/A (sky130_fd_sc_hd__clkbuf_16)
     4    0.04    0.10    0.28   10.37 ^ clkbuf_0_CLK100MHZ/X (sky130_fd_sc_hd__clkbuf_16)
                                         clknet_0_CLK100MHZ (net)
                  0.10    0.00   10.38 ^ clkbuf_2_2__f_CLK100MHZ/A (sky130_fd_sc_hd__clkbuf_16)
     8    0.03    0.08    0.24   10.61 ^ clkbuf_2_2__f_CLK100MHZ/X (sky130_fd_sc_hd__clkbuf_16)
                                         clknet_2_2__leaf_CLK100MHZ (net)
                  0.08    0.00   10.62 ^ _262_/CLK (sky130_fd_sc_hd__dfrtp_2)
                         -0.25   10.37   clock uncertainty
                          0.00   10.37   clock reconvergence pessimism
                          0.42   10.79   library recovery time
                                 10.79   data required time
-----------------------------------------------------------------------------
                                 10.79   data required time
                                 -2.71   data arrival time
-----------------------------------------------------------------------------
                                  8.08   slack (MET)


Startpoint: BTNC (input port clocked by CLK100MHZ)
Endpoint: _258_ (recovery check against rising-edge clock CLK100MHZ)
Path Group: asynchronous
Path Type: max
Corner: Slowest

Fanout     Cap    Slew   Delay    Time   Description
-----------------------------------------------------------------------------
                          0.00    0.00   clock CLK100MHZ (rise edge)
                          0.00    0.00   clock network delay (propagated)
                          2.00    2.00 v input external delay
     2    0.02    0.10    0.07    2.07 v BTNC (in)
                                         BTNC (net)
                  0.10    0.00    2.07 v _226_/A (sky130_fd_sc_hd__buf_4)
    10    0.09    0.21    0.42    2.50 v _226_/X (sky130_fd_sc_hd__buf_4)
                                         _114_ (net)
                  0.21    0.01    2.51 v _229_/A (sky130_fd_sc_hd__inv_2)
     1    0.01    0.12    0.19    2.70 ^ _229_/Y (sky130_fd_sc_hd__inv_2)
                                         _037_ (net)
                  0.12    0.00    2.70 ^ _258_/RESET_B (sky130_fd_sc_hd__dfrtp_4)
                                  2.70   data arrival time

                         10.00   10.00   clock CLK100MHZ (rise edge)
                          0.00   10.00   clock source latency
     1    0.02    0.15    0.10   10.10 ^ CLK100MHZ (in)
                                         CLK100MHZ (net)
                  0.15    0.00   10.10 ^ clkbuf_0_CLK100MHZ/A (sky130_fd_sc_hd__clkbuf_16)
     4    0.04    0.10    0.28   10.37 ^ clkbuf_0_CLK100MHZ/X (sky130_fd_sc_hd__clkbuf_16)
                                         clknet_0_CLK100MHZ (net)
                  0.10    0.00   10.37 ^ clkbuf_2_3__f_CLK100MHZ/A (sky130_fd_sc_hd__clkbuf_16)
     8    0.03    0.08    0.24   10.61 ^ clkbuf_2_3__f_CLK100MHZ/X (sky130_fd_sc_hd__clkbuf_16)
                                         clknet_2_3__leaf_CLK100MHZ (net)
                  0.08    0.00   10.61 ^ _258_/CLK (sky130_fd_sc_hd__dfrtp_4)
                         -0.25   10.36   clock uncertainty
                          0.00   10.36   clock reconvergence pessimism
                          0.42   10.78   library recovery time
                                 10.78   data required time
-----------------------------------------------------------------------------
                                 10.78   data required time
                                 -2.70   data arrival time
-----------------------------------------------------------------------------
                                  8.08   slack (MET)


Startpoint: BTNC (input port clocked by CLK100MHZ)
Endpoint: _266_ (recovery check against rising-edge clock CLK100MHZ)
Path Group: asynchronous
Path Type: max
Corner: Slowest

Fanout     Cap    Slew   Delay    Time   Description
-----------------------------------------------------------------------------
                          0.00    0.00   clock CLK100MHZ (rise edge)
                          0.00    0.00   clock network delay (propagated)
                          2.00    2.00 v input external delay
     2    0.02    0.10    0.07    2.07 v BTNC (in)
                                         BTNC (net)
                  0.10    0.00    2.07 v _214_/A (sky130_fd_sc_hd__buf_4)
    10    0.07    0.18    0.40    2.47 v _214_/X (sky130_fd_sc_hd__buf_4)
                                         _112_ (net)
                  0.18    0.00    2.48 v _237_/A (sky130_fd_sc_hd__inv_2)
     1    0.02    0.15    0.21    2.68 ^ _237_/Y (sky130_fd_sc_hd__inv_2)
                                         _045_ (net)
                  0.15    0.00    2.68 ^ _266_/RESET_B (sky130_fd_sc_hd__dfrtp_2)
                                  2.68   data arrival time

                         10.00   10.00   clock CLK100MHZ (rise edge)
                          0.00   10.00   clock source latency
     1    0.02    0.15    0.10   10.10 ^ CLK100MHZ (in)
                                         CLK100MHZ (net)
                  0.15    0.00   10.10 ^ clkbuf_0_CLK100MHZ/A (sky130_fd_sc_hd__clkbuf_16)
     4    0.04    0.10    0.28   10.37 ^ clkbuf_0_CLK100MHZ/X (sky130_fd_sc_hd__clkbuf_16)
                                         clknet_0_CLK100MHZ (net)
                  0.10    0.00   10.37 ^ clkbuf_2_0__f_CLK100MHZ/A (sky130_fd_sc_hd__clkbuf_16)
     8    0.03    0.08    0.24   10.61 ^ clkbuf_2_0__f_CLK100MHZ/X (sky130_fd_sc_hd__clkbuf_16)
                                         clknet_2_0__leaf_CLK100MHZ (net)
                  0.08    0.00   10.61 ^ _266_/CLK (sky130_fd_sc_hd__dfrtp_2)
                         -0.25   10.36   clock uncertainty
                          0.00   10.36   clock reconvergence pessimism
                          0.42   10.78   library recovery time
                                 10.78   data required time
-----------------------------------------------------------------------------
                                 10.78   data required time
                                 -2.68   data arrival time
-----------------------------------------------------------------------------
                                  8.09   slack (MET)


Startpoint: BTNC (input port clocked by CLK100MHZ)
Endpoint: _269_ (recovery check against rising-edge clock CLK100MHZ)
Path Group: asynchronous
Path Type: max
Corner: Slowest

Fanout     Cap    Slew   Delay    Time   Description
-----------------------------------------------------------------------------
                          0.00    0.00   clock CLK100MHZ (rise edge)
                          0.00    0.00   clock network delay (propagated)
                          2.00    2.00 v input external delay
     2    0.02    0.10    0.07    2.07 v BTNC (in)
                                         BTNC (net)
                  0.10    0.00    2.07 v _214_/A (sky130_fd_sc_hd__buf_4)
    10    0.07    0.18    0.40    2.47 v _214_/X (sky130_fd_sc_hd__buf_4)
                                         _112_ (net)
                  0.18    0.01    2.48 v _240_/A (sky130_fd_sc_hd__inv_2)
     1    0.02    0.16    0.22    2.70 ^ _240_/Y (sky130_fd_sc_hd__inv_2)
                                         _048_ (net)
                  0.16    0.00    2.70 ^ _269_/RESET_B (sky130_fd_sc_hd__dfrtp_1)
                                  2.70   data arrival time

                         10.00   10.00   clock CLK100MHZ (rise edge)
                          0.00   10.00   clock source latency
     1    0.02    0.15    0.10   10.10 ^ CLK100MHZ (in)
                                         CLK100MHZ (net)
                  0.15    0.00   10.10 ^ clkbuf_0_CLK100MHZ/A (sky130_fd_sc_hd__clkbuf_16)
     4    0.04    0.10    0.28   10.37 ^ clkbuf_0_CLK100MHZ/X (sky130_fd_sc_hd__clkbuf_16)
                                         clknet_0_CLK100MHZ (net)
                  0.10    0.00   10.38 ^ clkbuf_2_2__f_CLK100MHZ/A (sky130_fd_sc_hd__clkbuf_16)
     8    0.03    0.08    0.24   10.61 ^ clkbuf_2_2__f_CLK100MHZ/X (sky130_fd_sc_hd__clkbuf_16)
                                         clknet_2_2__leaf_CLK100MHZ (net)
                  0.08    0.00   10.62 ^ _269_/CLK (sky130_fd_sc_hd__dfrtp_1)
                         -0.25   10.37   clock uncertainty
                          0.00   10.37   clock reconvergence pessimism
                          0.43   10.80   library recovery time
                                 10.80   data required time
-----------------------------------------------------------------------------
                                 10.80   data required time
                                 -2.70   data arrival time
-----------------------------------------------------------------------------
                                  8.10   slack (MET)


Startpoint: BTNC (input port clocked by CLK100MHZ)
Endpoint: _263_ (recovery check against rising-edge clock CLK100MHZ)
Path Group: asynchronous
Path Type: max
Corner: Slowest

Fanout     Cap    Slew   Delay    Time   Description
-----------------------------------------------------------------------------
                          0.00    0.00   clock CLK100MHZ (rise edge)
                          0.00    0.00   clock network delay (propagated)
                          2.00    2.00 v input external delay
     2    0.02    0.10    0.07    2.07 v BTNC (in)
                                         BTNC (net)
                  0.10    0.00    2.07 v _226_/A (sky130_fd_sc_hd__buf_4)
    10    0.09    0.21    0.42    2.50 v _226_/X (sky130_fd_sc_hd__buf_4)
                                         _114_ (net)
                  0.21    0.00    2.50 v _234_/A (sky130_fd_sc_hd__inv_2)
     1    0.01    0.12    0.19    2.69 ^ _234_/Y (sky130_fd_sc_hd__inv_2)
                                         _042_ (net)
                  0.12    0.00    2.69 ^ _263_/RESET_B (sky130_fd_sc_hd__dfrtp_1)
                                  2.69   data arrival time

                         10.00   10.00   clock CLK100MHZ (rise edge)
                          0.00   10.00   clock source latency
     1    0.02    0.15    0.10   10.10 ^ CLK100MHZ (in)
                                         CLK100MHZ (net)
                  0.15    0.00   10.10 ^ clkbuf_0_CLK100MHZ/A (sky130_fd_sc_hd__clkbuf_16)
     4    0.04    0.10    0.28   10.37 ^ clkbuf_0_CLK100MHZ/X (sky130_fd_sc_hd__clkbuf_16)
                                         clknet_0_CLK100MHZ (net)
                  0.10    0.00   10.38 ^ clkbuf_2_2__f_CLK100MHZ/A (sky130_fd_sc_hd__clkbuf_16)
     8    0.03    0.08    0.24   10.61 ^ clkbuf_2_2__f_CLK100MHZ/X (sky130_fd_sc_hd__clkbuf_16)
                                         clknet_2_2__leaf_CLK100MHZ (net)
                  0.08    0.00   10.62 ^ _263_/CLK (sky130_fd_sc_hd__dfrtp_1)
                         -0.25   10.37   clock uncertainty
                          0.00   10.37   clock reconvergence pessimism
                          0.45   10.81   library recovery time
                                 10.81   data required time
-----------------------------------------------------------------------------
                                 10.81   data required time
                                 -2.69   data arrival time
-----------------------------------------------------------------------------
                                  8.12   slack (MET)


Startpoint: BTNC (input port clocked by CLK100MHZ)
Endpoint: _257_ (recovery check against rising-edge clock CLK100MHZ)
Path Group: asynchronous
Path Type: max
Corner: Slowest

Fanout     Cap    Slew   Delay    Time   Description
-----------------------------------------------------------------------------
                          0.00    0.00   clock CLK100MHZ (rise edge)
                          0.00    0.00   clock network delay (propagated)
                          2.00    2.00 v input external delay
     2    0.02    0.10    0.07    2.07 v BTNC (in)
                                         BTNC (net)
                  0.10    0.00    2.07 v _226_/A (sky130_fd_sc_hd__buf_4)
    10    0.09    0.21    0.42    2.50 v _226_/X (sky130_fd_sc_hd__buf_4)
                                         _114_ (net)
                  0.21    0.00    2.50 v _228_/A (sky130_fd_sc_hd__inv_2)
     1    0.01    0.11    0.18    2.68 ^ _228_/Y (sky130_fd_sc_hd__inv_2)
                                         _036_ (net)
                  0.11    0.00    2.68 ^ _257_/RESET_B (sky130_fd_sc_hd__dfrtp_1)
                                  2.68   data arrival time

                         10.00   10.00   clock CLK100MHZ (rise edge)
                          0.00   10.00   clock source latency
     1    0.02    0.15    0.10   10.10 ^ CLK100MHZ (in)
                                         CLK100MHZ (net)
                  0.15    0.00   10.10 ^ clkbuf_0_CLK100MHZ/A (sky130_fd_sc_hd__clkbuf_16)
     4    0.04    0.10    0.28   10.37 ^ clkbuf_0_CLK100MHZ/X (sky130_fd_sc_hd__clkbuf_16)
                                         clknet_0_CLK100MHZ (net)
                  0.10    0.00   10.37 ^ clkbuf_2_3__f_CLK100MHZ/A (sky130_fd_sc_hd__clkbuf_16)
     8    0.03    0.08    0.24   10.61 ^ clkbuf_2_3__f_CLK100MHZ/X (sky130_fd_sc_hd__clkbuf_16)
                                         clknet_2_3__leaf_CLK100MHZ (net)
                  0.08    0.00   10.61 ^ _257_/CLK (sky130_fd_sc_hd__dfrtp_1)
                         -0.25   10.36   clock uncertainty
                          0.00   10.36   clock reconvergence pessimism
                          0.45   10.81   library recovery time
                                 10.81   data required time
-----------------------------------------------------------------------------
                                 10.81   data required time
                                 -2.68   data arrival time
-----------------------------------------------------------------------------
                                  8.13   slack (MET)


Startpoint: BTNC (input port clocked by CLK100MHZ)
Endpoint: _264_ (recovery check against rising-edge clock CLK100MHZ)
Path Group: asynchronous
Path Type: max
Corner: Slowest

Fanout     Cap    Slew   Delay    Time   Description
-----------------------------------------------------------------------------
                          0.00    0.00   clock CLK100MHZ (rise edge)
                          0.00    0.00   clock network delay (propagated)
                          2.00    2.00 v input external delay
     2    0.02    0.10    0.07    2.07 v BTNC (in)
                                         BTNC (net)
                  0.10    0.00    2.07 v _226_/A (sky130_fd_sc_hd__buf_4)
    10    0.09    0.21    0.42    2.50 v _226_/X (sky130_fd_sc_hd__buf_4)
                                         _114_ (net)
                  0.21    0.00    2.50 v _235_/A (sky130_fd_sc_hd__inv_2)
     1    0.01    0.11    0.18    2.68 ^ _235_/Y (sky130_fd_sc_hd__inv_2)
                                         _043_ (net)
                  0.11    0.00    2.68 ^ _264_/RESET_B (sky130_fd_sc_hd__dfrtp_1)
                                  2.68   data arrival time

                         10.00   10.00   clock CLK100MHZ (rise edge)
                          0.00   10.00   clock source latency
     1    0.02    0.15    0.10   10.10 ^ CLK100MHZ (in)
                                         CLK100MHZ (net)
                  0.15    0.00   10.10 ^ clkbuf_0_CLK100MHZ/A (sky130_fd_sc_hd__clkbuf_16)
     4    0.04    0.10    0.28   10.37 ^ clkbuf_0_CLK100MHZ/X (sky130_fd_sc_hd__clkbuf_16)
                                         clknet_0_CLK100MHZ (net)
                  0.10    0.00   10.37 ^ clkbuf_2_0__f_CLK100MHZ/A (sky130_fd_sc_hd__clkbuf_16)
     8    0.03    0.08    0.24   10.61 ^ clkbuf_2_0__f_CLK100MHZ/X (sky130_fd_sc_hd__clkbuf_16)
                                         clknet_2_0__leaf_CLK100MHZ (net)
                  0.08    0.00   10.61 ^ _264_/CLK (sky130_fd_sc_hd__dfrtp_1)
                         -0.25   10.36   clock uncertainty
                          0.00   10.36   clock reconvergence pessimism
                          0.45   10.82   library recovery time
                                 10.82   data required time
-----------------------------------------------------------------------------
                                 10.82   data required time
                                 -2.68   data arrival time
-----------------------------------------------------------------------------
                                  8.14   slack (MET)


Startpoint: BTNC (input port clocked by CLK100MHZ)
Endpoint: _259_ (recovery check against rising-edge clock CLK100MHZ)
Path Group: asynchronous
Path Type: max
Corner: Slowest

Fanout     Cap    Slew   Delay    Time   Description
-----------------------------------------------------------------------------
                          0.00    0.00   clock CLK100MHZ (rise edge)
                          0.00    0.00   clock network delay (propagated)
                          2.00    2.00 v input external delay
     2    0.02    0.10    0.07    2.07 v BTNC (in)
                                         BTNC (net)
                  0.10    0.00    2.07 v _226_/A (sky130_fd_sc_hd__buf_4)
    10    0.09    0.21    0.42    2.50 v _226_/X (sky130_fd_sc_hd__buf_4)
                                         _114_ (net)
                  0.21    0.00    2.50 v _230_/A (sky130_fd_sc_hd__inv_2)
     1    0.01    0.08    0.15    2.65 ^ _230_/Y (sky130_fd_sc_hd__inv_2)
                                         _038_ (net)
                  0.08    0.00    2.65 ^ _259_/RESET_B (sky130_fd_sc_hd__dfrtp_2)
                                  2.65   data arrival time

                         10.00   10.00   clock CLK100MHZ (rise edge)
                          0.00   10.00   clock source latency
     1    0.02    0.15    0.10   10.10 ^ CLK100MHZ (in)
                                         CLK100MHZ (net)
                  0.15    0.00   10.10 ^ clkbuf_0_CLK100MHZ/A (sky130_fd_sc_hd__clkbuf_16)
     4    0.04    0.10    0.28   10.37 ^ clkbuf_0_CLK100MHZ/X (sky130_fd_sc_hd__clkbuf_16)
                                         clknet_0_CLK100MHZ (net)
                  0.10    0.00   10.37 ^ clkbuf_2_1__f_CLK100MHZ/A (sky130_fd_sc_hd__clkbuf_16)
     8    0.02    0.07    0.23   10.60 ^ clkbuf_2_1__f_CLK100MHZ/X (sky130_fd_sc_hd__clkbuf_16)
                                         clknet_2_1__leaf_CLK100MHZ (net)
                  0.07    0.00   10.60 ^ _259_/CLK (sky130_fd_sc_hd__dfrtp_2)
                         -0.25   10.35   clock uncertainty
                          0.00   10.35   clock reconvergence pessimism
                          0.44   10.79   library recovery time
                                 10.79   data required time
-----------------------------------------------------------------------------
                                 10.79   data required time
                                 -2.65   data arrival time
-----------------------------------------------------------------------------
                                  8.14   slack (MET)


Startpoint: BTNC (input port clocked by CLK100MHZ)
Endpoint: _256_ (recovery check against rising-edge clock CLK100MHZ)
Path Group: asynchronous
Path Type: max
Corner: Slowest

Fanout     Cap    Slew   Delay    Time   Description
-----------------------------------------------------------------------------
                          0.00    0.00   clock CLK100MHZ (rise edge)
                          0.00    0.00   clock network delay (propagated)
                          2.00    2.00 v input external delay
     2    0.02    0.10    0.07    2.07 v BTNC (in)
                                         BTNC (net)
                  0.10    0.00    2.07 v _226_/A (sky130_fd_sc_hd__buf_4)
    10    0.09    0.21    0.42    2.50 v _226_/X (sky130_fd_sc_hd__buf_4)
                                         _114_ (net)
                  0.21    0.00    2.50 v _227_/A (sky130_fd_sc_hd__inv_2)
     1    0.01    0.09    0.15    2.66 ^ _227_/Y (sky130_fd_sc_hd__inv_2)
                                         _035_ (net)
                  0.09    0.00    2.66 ^ _256_/RESET_B (sky130_fd_sc_hd__dfrtp_4)
                                  2.66   data arrival time

                         10.00   10.00   clock CLK100MHZ (rise edge)
                          0.00   10.00   clock source latency
     1    0.02    0.15    0.10   10.10 ^ CLK100MHZ (in)
                                         CLK100MHZ (net)
                  0.15    0.00   10.10 ^ clkbuf_0_CLK100MHZ/A (sky130_fd_sc_hd__clkbuf_16)
     4    0.04    0.10    0.28   10.37 ^ clkbuf_0_CLK100MHZ/X (sky130_fd_sc_hd__clkbuf_16)
                                         clknet_0_CLK100MHZ (net)
                  0.10    0.00   10.37 ^ clkbuf_2_0__f_CLK100MHZ/A (sky130_fd_sc_hd__clkbuf_16)
     8    0.03    0.08    0.24   10.61 ^ clkbuf_2_0__f_CLK100MHZ/X (sky130_fd_sc_hd__clkbuf_16)
                                         clknet_2_0__leaf_CLK100MHZ (net)
                  0.08    0.00   10.61 ^ _256_/CLK (sky130_fd_sc_hd__dfrtp_4)
                         -0.25   10.36   clock uncertainty
                          0.00   10.36   clock reconvergence pessimism
                          0.44   10.80   library recovery time
                                 10.80   data required time
-----------------------------------------------------------------------------
                                 10.80   data required time
                                 -2.66   data arrival time
-----------------------------------------------------------------------------
                                  8.15   slack (MET)


Startpoint: BTNC (input port clocked by CLK100MHZ)
Endpoint: _273_ (recovery check against rising-edge clock CLK100MHZ)
Path Group: asynchronous
Path Type: max
Corner: Slowest

Fanout     Cap    Slew   Delay    Time   Description
-----------------------------------------------------------------------------
                          0.00    0.00   clock CLK100MHZ (rise edge)
                          0.00    0.00   clock network delay (propagated)
                          2.00    2.00 v input external delay
     2    0.02    0.10    0.07    2.07 v BTNC (in)
                                         BTNC (net)
                  0.10    0.00    2.07 v _214_/A (sky130_fd_sc_hd__buf_4)
    10    0.07    0.18    0.40    2.47 v _214_/X (sky130_fd_sc_hd__buf_4)
                                         _112_ (net)
                  0.18    0.01    2.48 v _244_/A (sky130_fd_sc_hd__inv_2)
     1    0.01    0.12    0.18    2.66 ^ _244_/Y (sky130_fd_sc_hd__inv_2)
                                         _052_ (net)
                  0.12    0.00    2.66 ^ _273_/RESET_B (sky130_fd_sc_hd__dfrtp_1)
                                  2.66   data arrival time

                         10.00   10.00   clock CLK100MHZ (rise edge)
                          0.00   10.00   clock source latency
     1    0.02    0.15    0.10   10.10 ^ CLK100MHZ (in)
                                         CLK100MHZ (net)
                  0.15    0.00   10.10 ^ clkbuf_0_CLK100MHZ/A (sky130_fd_sc_hd__clkbuf_16)
     4    0.04    0.10    0.28   10.37 ^ clkbuf_0_CLK100MHZ/X (sky130_fd_sc_hd__clkbuf_16)
                                         clknet_0_CLK100MHZ (net)
                  0.10    0.00   10.37 ^ clkbuf_2_3__f_CLK100MHZ/A (sky130_fd_sc_hd__clkbuf_16)
     8    0.03    0.08    0.24   10.61 ^ clkbuf_2_3__f_CLK100MHZ/X (sky130_fd_sc_hd__clkbuf_16)
                                         clknet_2_3__leaf_CLK100MHZ (net)
                  0.08    0.00   10.61 ^ _273_/CLK (sky130_fd_sc_hd__dfrtp_1)
                         -0.25   10.36   clock uncertainty
                          0.00   10.36   clock reconvergence pessimism
                          0.45   10.81   library recovery time
                                 10.81   data required time
-----------------------------------------------------------------------------
                                 10.81   data required time
                                 -2.66   data arrival time
-----------------------------------------------------------------------------
                                  8.15   slack (MET)


Startpoint: BTNC (input port clocked by CLK100MHZ)
Endpoint: _274_ (recovery check against rising-edge clock CLK100MHZ)
Path Group: asynchronous
Path Type: max
Corner: Slowest

Fanout     Cap    Slew   Delay    Time   Description
-----------------------------------------------------------------------------
                          0.00    0.00   clock CLK100MHZ (rise edge)
                          0.00    0.00   clock network delay (propagated)
                          2.00    2.00 v input external delay
     2    0.02    0.10    0.07    2.07 v BTNC (in)
                                         BTNC (net)
                  0.10    0.00    2.07 v _214_/A (sky130_fd_sc_hd__buf_4)
    10    0.07    0.18    0.40    2.47 v _214_/X (sky130_fd_sc_hd__buf_4)
                                         _112_ (net)
                  0.18    0.01    2.48 v _245_/A (sky130_fd_sc_hd__inv_2)
     1    0.01    0.10    0.17    2.64 ^ _245_/Y (sky130_fd_sc_hd__inv_2)
                                         _053_ (net)
                  0.10    0.00    2.64 ^ _274_/RESET_B (sky130_fd_sc_hd__dfrtp_2)
                                  2.64   data arrival time

                         10.00   10.00   clock CLK100MHZ (rise edge)
                          0.00   10.00   clock source latency
     1    0.02    0.15    0.10   10.10 ^ CLK100MHZ (in)
                                         CLK100MHZ (net)
                  0.15    0.00   10.10 ^ clkbuf_0_CLK100MHZ/A (sky130_fd_sc_hd__clkbuf_16)
     4    0.04    0.10    0.28   10.37 ^ clkbuf_0_CLK100MHZ/X (sky130_fd_sc_hd__clkbuf_16)
                                         clknet_0_CLK100MHZ (net)
                  0.10    0.00   10.37 ^ clkbuf_2_3__f_CLK100MHZ/A (sky130_fd_sc_hd__clkbuf_16)
     8    0.03    0.08    0.24   10.61 ^ clkbuf_2_3__f_CLK100MHZ/X (sky130_fd_sc_hd__clkbuf_16)
                                         clknet_2_3__leaf_CLK100MHZ (net)
                  0.08    0.00   10.61 ^ _274_/CLK (sky130_fd_sc_hd__dfrtp_2)
                         -0.25   10.36   clock uncertainty
                          0.00   10.36   clock reconvergence pessimism
                          0.43   10.79   library recovery time
                                 10.79   data required time
-----------------------------------------------------------------------------
                                 10.79   data required time
                                 -2.64   data arrival time
-----------------------------------------------------------------------------
                                  8.15   slack (MET)


Startpoint: BTNC (input port clocked by CLK100MHZ)
Endpoint: _271_ (recovery check against rising-edge clock CLK100MHZ)
Path Group: asynchronous
Path Type: max
Corner: Slowest

Fanout     Cap    Slew   Delay    Time   Description
-----------------------------------------------------------------------------
                          0.00    0.00   clock CLK100MHZ (rise edge)
                          0.00    0.00   clock network delay (propagated)
                          2.00    2.00 v input external delay
     2    0.02    0.10    0.07    2.07 v BTNC (in)
                                         BTNC (net)
                  0.10    0.00    2.07 v _214_/A (sky130_fd_sc_hd__buf_4)
    10    0.07    0.18    0.40    2.47 v _214_/X (sky130_fd_sc_hd__buf_4)
                                         _112_ (net)
                  0.18    0.01    2.48 v _242_/A (sky130_fd_sc_hd__inv_2)
     1    0.01    0.11    0.18    2.65 ^ _242_/Y (sky130_fd_sc_hd__inv_2)
                                         _050_ (net)
                  0.11    0.00    2.65 ^ _271_/RESET_B (sky130_fd_sc_hd__dfrtp_1)
                                  2.65   data arrival time

                         10.00   10.00   clock CLK100MHZ (rise edge)
                          0.00   10.00   clock source latency
     1    0.02    0.15    0.10   10.10 ^ CLK100MHZ (in)
                                         CLK100MHZ (net)
                  0.15    0.00   10.10 ^ clkbuf_0_CLK100MHZ/A (sky130_fd_sc_hd__clkbuf_16)
     4    0.04    0.10    0.28   10.37 ^ clkbuf_0_CLK100MHZ/X (sky130_fd_sc_hd__clkbuf_16)
                                         clknet_0_CLK100MHZ (net)
                  0.10    0.00   10.37 ^ clkbuf_2_0__f_CLK100MHZ/A (sky130_fd_sc_hd__clkbuf_16)
     8    0.03    0.08    0.24   10.61 ^ clkbuf_2_0__f_CLK100MHZ/X (sky130_fd_sc_hd__clkbuf_16)
                                         clknet_2_0__leaf_CLK100MHZ (net)
                  0.08    0.00   10.61 ^ _271_/CLK (sky130_fd_sc_hd__dfrtp_1)
                         -0.25   10.36   clock uncertainty
                          0.00   10.36   clock reconvergence pessimism
                          0.45   10.81   library recovery time
                                 10.81   data required time
-----------------------------------------------------------------------------
                                 10.81   data required time
                                 -2.65   data arrival time
-----------------------------------------------------------------------------
                                  8.16   slack (MET)


Startpoint: BTNC (input port clocked by CLK100MHZ)
Endpoint: _261_ (recovery check against rising-edge clock CLK100MHZ)
Path Group: asynchronous
Path Type: max
Corner: Slowest

Fanout     Cap    Slew   Delay    Time   Description
-----------------------------------------------------------------------------
                          0.00    0.00   clock CLK100MHZ (rise edge)
                          0.00    0.00   clock network delay (propagated)
                          2.00    2.00 v input external delay
     2    0.02    0.10    0.07    2.07 v BTNC (in)
                                         BTNC (net)
                  0.10    0.00    2.07 v _226_/A (sky130_fd_sc_hd__buf_4)
    10    0.09    0.21    0.42    2.50 v _226_/X (sky130_fd_sc_hd__buf_4)
                                         _114_ (net)
                  0.21    0.01    2.50 v _232_/A (sky130_fd_sc_hd__inv_2)
     1    0.01    0.09    0.15    2.66 ^ _232_/Y (sky130_fd_sc_hd__inv_2)
                                         _040_ (net)
                  0.09    0.00    2.66 ^ _261_/RESET_B (sky130_fd_sc_hd__dfrtp_1)
                                  2.66   data arrival time

                         10.00   10.00   clock CLK100MHZ (rise edge)
                          0.00   10.00   clock source latency
     1    0.02    0.15    0.10   10.10 ^ CLK100MHZ (in)
                                         CLK100MHZ (net)
                  0.15    0.00   10.10 ^ clkbuf_0_CLK100MHZ/A (sky130_fd_sc_hd__clkbuf_16)
     4    0.04    0.10    0.28   10.37 ^ clkbuf_0_CLK100MHZ/X (sky130_fd_sc_hd__clkbuf_16)
                                         clknet_0_CLK100MHZ (net)
                  0.10    0.00   10.37 ^ clkbuf_2_3__f_CLK100MHZ/A (sky130_fd_sc_hd__clkbuf_16)
     8    0.03    0.08    0.24   10.61 ^ clkbuf_2_3__f_CLK100MHZ/X (sky130_fd_sc_hd__clkbuf_16)
                                         clknet_2_3__leaf_CLK100MHZ (net)
                  0.08    0.00   10.61 ^ _261_/CLK (sky130_fd_sc_hd__dfrtp_1)
                         -0.25   10.36   clock uncertainty
                          0.00   10.36   clock reconvergence pessimism
                          0.46   10.82   library recovery time
                                 10.82   data required time
-----------------------------------------------------------------------------
                                 10.82   data required time
                                 -2.66   data arrival time
-----------------------------------------------------------------------------
                                  8.16   slack (MET)


Startpoint: BTNC (input port clocked by CLK100MHZ)
Endpoint: _268_ (recovery check against rising-edge clock CLK100MHZ)
Path Group: asynchronous
Path Type: max
Corner: Slowest

Fanout     Cap    Slew   Delay    Time   Description
-----------------------------------------------------------------------------
                          0.00    0.00   clock CLK100MHZ (rise edge)
                          0.00    0.00   clock network delay (propagated)
                          2.00    2.00 v input external delay
     2    0.02    0.10    0.07    2.07 v BTNC (in)
                                         BTNC (net)
                  0.10    0.00    2.07 v _214_/A (sky130_fd_sc_hd__buf_4)
    10    0.07    0.18    0.40    2.47 v _214_/X (sky130_fd_sc_hd__buf_4)
                                         _112_ (net)
                  0.18    0.01    2.48 v _239_/A (sky130_fd_sc_hd__inv_2)
     1    0.01    0.08    0.14    2.62 ^ _239_/Y (sky130_fd_sc_hd__inv_2)
                                         _047_ (net)
                  0.08    0.00    2.62 ^ _268_/RESET_B (sky130_fd_sc_hd__dfrtp_2)
                                  2.62   data arrival time

                         10.00   10.00   clock CLK100MHZ (rise edge)
                          0.00   10.00   clock source latency
     1    0.02    0.15    0.10   10.10 ^ CLK100MHZ (in)
                                         CLK100MHZ (net)
                  0.15    0.00   10.10 ^ clkbuf_0_CLK100MHZ/A (sky130_fd_sc_hd__clkbuf_16)
     4    0.04    0.10    0.28   10.37 ^ clkbuf_0_CLK100MHZ/X (sky130_fd_sc_hd__clkbuf_16)
                                         clknet_0_CLK100MHZ (net)
                  0.10    0.00   10.37 ^ clkbuf_2_1__f_CLK100MHZ/A (sky130_fd_sc_hd__clkbuf_16)
     8    0.02    0.07    0.23   10.60 ^ clkbuf_2_1__f_CLK100MHZ/X (sky130_fd_sc_hd__clkbuf_16)
                                         clknet_2_1__leaf_CLK100MHZ (net)
                  0.07    0.00   10.60 ^ _268_/CLK (sky130_fd_sc_hd__dfrtp_2)
                         -0.25   10.35   clock uncertainty
                          0.00   10.35   clock reconvergence pessimism
                          0.44   10.80   library recovery time
                                 10.80   data required time
-----------------------------------------------------------------------------
                                 10.80   data required time
                                 -2.62   data arrival time
-----------------------------------------------------------------------------
                                  8.18   slack (MET)


Startpoint: BTNC (input port clocked by CLK100MHZ)
Endpoint: _270_ (recovery check against rising-edge clock CLK100MHZ)
Path Group: asynchronous
Path Type: max
Corner: Slowest

Fanout     Cap    Slew   Delay    Time   Description
-----------------------------------------------------------------------------
                          0.00    0.00   clock CLK100MHZ (rise edge)
                          0.00    0.00   clock network delay (propagated)
                          2.00    2.00 v input external delay
     2    0.02    0.10    0.07    2.07 v BTNC (in)
                                         BTNC (net)
                  0.10    0.00    2.07 v _214_/A (sky130_fd_sc_hd__buf_4)
    10    0.07    0.18    0.40    2.47 v _214_/X (sky130_fd_sc_hd__buf_4)
                                         _112_ (net)
                  0.18    0.00    2.48 v _241_/A (sky130_fd_sc_hd__inv_2)
     1    0.01    0.10    0.16    2.64 ^ _241_/Y (sky130_fd_sc_hd__inv_2)
                                         _049_ (net)
                  0.10    0.00    2.64 ^ _270_/RESET_B (sky130_fd_sc_hd__dfrtp_1)
                                  2.64   data arrival time

                         10.00   10.00   clock CLK100MHZ (rise edge)
                          0.00   10.00   clock source latency
     1    0.02    0.15    0.10   10.10 ^ CLK100MHZ (in)
                                         CLK100MHZ (net)
                  0.15    0.00   10.10 ^ clkbuf_0_CLK100MHZ/A (sky130_fd_sc_hd__clkbuf_16)
     4    0.04    0.10    0.28   10.37 ^ clkbuf_0_CLK100MHZ/X (sky130_fd_sc_hd__clkbuf_16)
                                         clknet_0_CLK100MHZ (net)
                  0.10    0.00   10.37 ^ clkbuf_2_0__f_CLK100MHZ/A (sky130_fd_sc_hd__clkbuf_16)
     8    0.03    0.08    0.24   10.61 ^ clkbuf_2_0__f_CLK100MHZ/X (sky130_fd_sc_hd__clkbuf_16)
                                         clknet_2_0__leaf_CLK100MHZ (net)
                  0.08    0.00   10.61 ^ _270_/CLK (sky130_fd_sc_hd__dfrtp_1)
                         -0.25   10.36   clock uncertainty
                          0.00   10.36   clock reconvergence pessimism
                          0.46   10.82   library recovery time
                                 10.82   data required time
-----------------------------------------------------------------------------
                                 10.82   data required time
                                 -2.64   data arrival time
-----------------------------------------------------------------------------
                                  8.18   slack (MET)


Startpoint: BTNC (input port clocked by CLK100MHZ)
Endpoint: _272_ (recovery check against rising-edge clock CLK100MHZ)
Path Group: asynchronous
Path Type: max
Corner: Slowest

Fanout     Cap    Slew   Delay    Time   Description
-----------------------------------------------------------------------------
                          0.00    0.00   clock CLK100MHZ (rise edge)
                          0.00    0.00   clock network delay (propagated)
                          2.00    2.00 v input external delay
     2    0.02    0.10    0.07    2.07 v BTNC (in)
                                         BTNC (net)
                  0.10    0.00    2.07 v _214_/A (sky130_fd_sc_hd__buf_4)
    10    0.07    0.18    0.40    2.47 v _214_/X (sky130_fd_sc_hd__buf_4)
                                         _112_ (net)
                  0.18    0.01    2.48 v _243_/A (sky130_fd_sc_hd__inv_2)
     1    0.00    0.07    0.12    2.60 ^ _243_/Y (sky130_fd_sc_hd__inv_2)
                                         _051_ (net)
                  0.07    0.00    2.60 ^ _272_/RESET_B (sky130_fd_sc_hd__dfrtp_1)
                                  2.60   data arrival time

                         10.00   10.00   clock CLK100MHZ (rise edge)
                          0.00   10.00   clock source latency
     1    0.02    0.15    0.10   10.10 ^ CLK100MHZ (in)
                                         CLK100MHZ (net)
                  0.15    0.00   10.10 ^ clkbuf_0_CLK100MHZ/A (sky130_fd_sc_hd__clkbuf_16)
     4    0.04    0.10    0.28   10.37 ^ clkbuf_0_CLK100MHZ/X (sky130_fd_sc_hd__clkbuf_16)
                                         clknet_0_CLK100MHZ (net)
                  0.10    0.00   10.37 ^ clkbuf_2_1__f_CLK100MHZ/A (sky130_fd_sc_hd__clkbuf_16)
     8    0.02    0.07    0.23   10.60 ^ clkbuf_2_1__f_CLK100MHZ/X (sky130_fd_sc_hd__clkbuf_16)
                                         clknet_2_1__leaf_CLK100MHZ (net)
                  0.07    0.00   10.60 ^ _272_/CLK (sky130_fd_sc_hd__dfrtp_1)
                         -0.25   10.35   clock uncertainty
                          0.00   10.35   clock reconvergence pessimism
                          0.47   10.82   library recovery time
                                 10.82   data required time
-----------------------------------------------------------------------------
                                 10.82   data required time
                                 -2.60   data arrival time
-----------------------------------------------------------------------------
                                  8.22   slack (MET)


Startpoint: BTNC (input port clocked by CLK100MHZ)
Endpoint: _267_ (recovery check against rising-edge clock CLK100MHZ)
Path Group: asynchronous
Path Type: max
Corner: Slowest

Fanout     Cap    Slew   Delay    Time   Description
-----------------------------------------------------------------------------
                          0.00    0.00   clock CLK100MHZ (rise edge)
                          0.00    0.00   clock network delay (propagated)
                          2.00    2.00 v input external delay
     2    0.02    0.10    0.07    2.07 v BTNC (in)
                                         BTNC (net)
                  0.10    0.00    2.07 v _214_/A (sky130_fd_sc_hd__buf_4)
    10    0.07    0.18    0.40    2.47 v _214_/X (sky130_fd_sc_hd__buf_4)
                                         _112_ (net)
                  0.18    0.01    2.48 v _238_/A (sky130_fd_sc_hd__inv_2)
     1    0.00    0.06    0.12    2.60 ^ _238_/Y (sky130_fd_sc_hd__inv_2)
                                         _046_ (net)
                  0.06    0.00    2.60 ^ _267_/RESET_B (sky130_fd_sc_hd__dfrtp_1)
                                  2.60   data arrival time

                         10.00   10.00   clock CLK100MHZ (rise edge)
                          0.00   10.00   clock source latency
     1    0.02    0.15    0.10   10.10 ^ CLK100MHZ (in)
                                         CLK100MHZ (net)
                  0.15    0.00   10.10 ^ clkbuf_0_CLK100MHZ/A (sky130_fd_sc_hd__clkbuf_16)
     4    0.04    0.10    0.28   10.37 ^ clkbuf_0_CLK100MHZ/X (sky130_fd_sc_hd__clkbuf_16)
                                         clknet_0_CLK100MHZ (net)
                  0.10    0.00   10.37 ^ clkbuf_2_3__f_CLK100MHZ/A (sky130_fd_sc_hd__clkbuf_16)
     8    0.03    0.08    0.24   10.61 ^ clkbuf_2_3__f_CLK100MHZ/X (sky130_fd_sc_hd__clkbuf_16)
                                         clknet_2_3__leaf_CLK100MHZ (net)
                  0.08    0.00   10.61 ^ _267_/CLK (sky130_fd_sc_hd__dfrtp_1)
                         -0.25   10.36   clock uncertainty
                          0.00   10.36   clock reconvergence pessimism
                          0.47   10.83   library recovery time
                                 10.83   data required time
-----------------------------------------------------------------------------
                                 10.83   data required time
                                 -2.60   data arrival time
-----------------------------------------------------------------------------
                                  8.23   slack (MET)


Startpoint: _250_ (rising edge-triggered flip-flop clocked by CLK100MHZ)
Endpoint: _250_ (rising edge-triggered flip-flop clocked by CLK100MHZ)
Path Group: CLK100MHZ
Path Type: max
Corner: Slowest

Fanout     Cap    Slew   Delay    Time   Description
-----------------------------------------------------------------------------
                          0.00    0.00   clock CLK100MHZ (rise edge)
                          0.00    0.00   clock source latency
     1    0.02    0.15    0.11    0.11 ^ CLK100MHZ (in)
                                         CLK100MHZ (net)
                  0.15    0.00    0.11 ^ clkbuf_0_CLK100MHZ/A (sky130_fd_sc_hd__clkbuf_16)
     4    0.04    0.10    0.31    0.41 ^ clkbuf_0_CLK100MHZ/X (sky130_fd_sc_hd__clkbuf_16)
                                         clknet_0_CLK100MHZ (net)
                  0.10    0.00    0.42 ^ clkbuf_2_2__f_CLK100MHZ/A (sky130_fd_sc_hd__clkbuf_16)
     8    0.03    0.08    0.26    0.68 ^ clkbuf_2_2__f_CLK100MHZ/X (sky130_fd_sc_hd__clkbuf_16)
                                         clknet_2_2__leaf_CLK100MHZ (net)
                  0.08    0.00    0.68 ^ _250_/CLK (sky130_fd_sc_hd__dfrtp_2)
     5    0.04    0.35    0.98    1.66 ^ _250_/Q (sky130_fd_sc_hd__dfrtp_2)
                                         decoder.delay[0] (net)
                  0.35    0.00    1.66 ^ _165_/A (sky130_fd_sc_hd__inv_2)
     1    0.00    0.07    0.14    1.79 v _165_/Y (sky130_fd_sc_hd__inv_2)
                                         _000_ (net)
                  0.07    0.00    1.79 v _250_/D (sky130_fd_sc_hd__dfrtp_2)
                                  1.79   data arrival time

                         10.00   10.00   clock CLK100MHZ (rise edge)
                          0.00   10.00   clock source latency
     1    0.02    0.15    0.10   10.10 ^ CLK100MHZ (in)
                                         CLK100MHZ (net)
                  0.15    0.00   10.10 ^ clkbuf_0_CLK100MHZ/A (sky130_fd_sc_hd__clkbuf_16)
     4    0.04    0.10    0.28   10.37 ^ clkbuf_0_CLK100MHZ/X (sky130_fd_sc_hd__clkbuf_16)
                                         clknet_0_CLK100MHZ (net)
                  0.10    0.00   10.38 ^ clkbuf_2_2__f_CLK100MHZ/A (sky130_fd_sc_hd__clkbuf_16)
     8    0.03    0.08    0.24   10.61 ^ clkbuf_2_2__f_CLK100MHZ/X (sky130_fd_sc_hd__clkbuf_16)
                                         clknet_2_2__leaf_CLK100MHZ (net)
                  0.08    0.00   10.62 ^ _250_/CLK (sky130_fd_sc_hd__dfrtp_2)
                         -0.25   10.37   clock uncertainty
                          0.06   10.43   clock reconvergence pessimism
                         -0.27   10.16   library setup time
                                 10.16   data required time
-----------------------------------------------------------------------------
                                 10.16   data required time
                                 -1.79   data arrival time
-----------------------------------------------------------------------------
                                  8.36   slack (MET)



worst slack corner Slowest: 2.2579
======================= Typical Corner ===================================

Startpoint: _249_ (rising edge-triggered flip-flop clocked by CLK100MHZ)
Endpoint: seg[0] (output port clocked by CLK100MHZ)
Path Group: CLK100MHZ
Path Type: max
Corner: Typical

Fanout     Cap    Slew   Delay    Time   Description
-----------------------------------------------------------------------------
                          0.00    0.00   clock CLK100MHZ (rise edge)
                          0.00    0.00   clock source latency
     1    0.02    0.09    0.07    0.07 ^ CLK100MHZ (in)
                                         CLK100MHZ (net)
                  0.09    0.00    0.07 ^ clkbuf_0_CLK100MHZ/A (sky130_fd_sc_hd__clkbuf_16)
     4    0.04    0.06    0.17    0.24 ^ clkbuf_0_CLK100MHZ/X (sky130_fd_sc_hd__clkbuf_16)
                                         clknet_0_CLK100MHZ (net)
                  0.06    0.00    0.24 ^ clkbuf_2_3__f_CLK100MHZ/A (sky130_fd_sc_hd__clkbuf_16)
     8    0.03    0.05    0.15    0.39 ^ clkbuf_2_3__f_CLK100MHZ/X (sky130_fd_sc_hd__clkbuf_16)
                                         clknet_2_3__leaf_CLK100MHZ (net)
                  0.05    0.00    0.39 ^ _249_/CLK (sky130_fd_sc_hd__dfrtp_4)
     6    0.05    0.12    0.57    0.96 v _249_/Q (sky130_fd_sc_hd__dfrtp_4)
                                         decoder.count[3] (net)
                  0.12    0.00    0.97 v _155_/A (sky130_fd_sc_hd__nor2_2)
     4    0.04    0.42    0.40    1.37 ^ _155_/Y (sky130_fd_sc_hd__nor2_2)
                                         _079_ (net)
                  0.42    0.00    1.37 ^ _156_/B (sky130_fd_sc_hd__nand2_1)
     2    0.02    0.20    0.28    1.65 v _156_/Y (sky130_fd_sc_hd__nand2_1)
                                         _080_ (net)
                  0.20    0.00    1.65 v _157_/B (sky130_fd_sc_hd__nor2_1)
     2    0.02    0.32    0.34    1.99 ^ _157_/Y (sky130_fd_sc_hd__nor2_1)
                                         _081_ (net)
                  0.32    0.00    1.99 ^ _158_/C1 (sky130_fd_sc_hd__a2111o_1)
     2    0.02    0.18    0.26    2.25 ^ _158_/X (sky130_fd_sc_hd__a2111o_1)
                                         net4 (net)
                  0.18    0.00    2.26 ^ _279_/A (sky130_fd_sc_hd__buf_1)
     1    0.01    0.15    0.19    2.45 ^ _279_/X (sky130_fd_sc_hd__buf_1)
                                         net1 (net)
                  0.15    0.00    2.45 ^ output1/A (sky130_fd_sc_hd__buf_1)
     1    0.03    0.40    0.37    2.82 ^ output1/X (sky130_fd_sc_hd__buf_1)
                                         seg[0] (net)
                  0.40    0.00    2.82 ^ seg[0] (out)
                                  2.82   data arrival time

                         10.00   10.00   clock CLK100MHZ (rise edge)
                          0.00   10.00   clock network delay (propagated)
                         -0.25    9.75   clock uncertainty
                          0.00    9.75   clock reconvergence pessimism
                         -2.00    7.75   output external delay
                                  7.75   data required time
-----------------------------------------------------------------------------
                                  7.75   data required time
                                 -2.82   data arrival time
-----------------------------------------------------------------------------
                                  4.93   slack (MET)


Startpoint: _249_ (rising edge-triggered flip-flop clocked by CLK100MHZ)
Endpoint: seg[5] (output port clocked by CLK100MHZ)
Path Group: CLK100MHZ
Path Type: max
Corner: Typical

Fanout     Cap    Slew   Delay    Time   Description
-----------------------------------------------------------------------------
                          0.00    0.00   clock CLK100MHZ (rise edge)
                          0.00    0.00   clock source latency
     1    0.02    0.09    0.07    0.07 ^ CLK100MHZ (in)
                                         CLK100MHZ (net)
                  0.09    0.00    0.07 ^ clkbuf_0_CLK100MHZ/A (sky130_fd_sc_hd__clkbuf_16)
     4    0.04    0.06    0.17    0.24 ^ clkbuf_0_CLK100MHZ/X (sky130_fd_sc_hd__clkbuf_16)
                                         clknet_0_CLK100MHZ (net)
                  0.06    0.00    0.24 ^ clkbuf_2_3__f_CLK100MHZ/A (sky130_fd_sc_hd__clkbuf_16)
     8    0.03    0.05    0.15    0.39 ^ clkbuf_2_3__f_CLK100MHZ/X (sky130_fd_sc_hd__clkbuf_16)
                                         clknet_2_3__leaf_CLK100MHZ (net)
                  0.05    0.00    0.39 ^ _249_/CLK (sky130_fd_sc_hd__dfrtp_4)
     6    0.05    0.12    0.57    0.96 v _249_/Q (sky130_fd_sc_hd__dfrtp_4)
                                         decoder.count[3] (net)
                  0.12    0.00    0.97 v _155_/A (sky130_fd_sc_hd__nor2_2)
     4    0.04    0.42    0.40    1.37 ^ _155_/Y (sky130_fd_sc_hd__nor2_2)
                                         _079_ (net)
                  0.42    0.00    1.37 ^ _156_/B (sky130_fd_sc_hd__nand2_1)
     2    0.02    0.20    0.28    1.65 v _156_/Y (sky130_fd_sc_hd__nand2_1)
                                         _080_ (net)
                  0.20    0.00    1.65 v _157_/B (sky130_fd_sc_hd__nor2_1)
     2    0.02    0.32    0.34    1.99 ^ _157_/Y (sky130_fd_sc_hd__nor2_1)
                                         _081_ (net)
                  0.32    0.00    1.99 ^ _162_/C (sky130_fd_sc_hd__or3_1)
     1    0.01    0.12    0.22    2.22 ^ _162_/X (sky130_fd_sc_hd__or3_1)
                                         _082_ (net)
                  0.12    0.00    2.22 ^ _163_/A (sky130_fd_sc_hd__clkbuf_1)
     1    0.02    0.19    0.21    2.43 ^ _163_/X (sky130_fd_sc_hd__clkbuf_1)
                                         net6 (net)
                  0.19    0.00    2.43 ^ output6/A (sky130_fd_sc_hd__buf_1)
     1    0.03    0.40    0.38    2.81 ^ output6/X (sky130_fd_sc_hd__buf_1)
                                         seg[5] (net)
                  0.40    0.00    2.81 ^ seg[5] (out)
                                  2.81   data arrival time

                         10.00   10.00   clock CLK100MHZ (rise edge)
                          0.00   10.00   clock network delay (propagated)
                         -0.25    9.75   clock uncertainty
                          0.00    9.75   clock reconvergence pessimism
                         -2.00    7.75   output external delay
                                  7.75   data required time
-----------------------------------------------------------------------------
                                  7.75   data required time
                                 -2.81   data arrival time
-----------------------------------------------------------------------------
                                  4.94   slack (MET)


Startpoint: _249_ (rising edge-triggered flip-flop clocked by CLK100MHZ)
Endpoint: seg[3] (output port clocked by CLK100MHZ)
Path Group: CLK100MHZ
Path Type: max
Corner: Typical

Fanout     Cap    Slew   Delay    Time   Description
-----------------------------------------------------------------------------
                          0.00    0.00   clock CLK100MHZ (rise edge)
                          0.00    0.00   clock source latency
     1    0.02    0.09    0.07    0.07 ^ CLK100MHZ (in)
                                         CLK100MHZ (net)
                  0.09    0.00    0.07 ^ clkbuf_0_CLK100MHZ/A (sky130_fd_sc_hd__clkbuf_16)
     4    0.04    0.06    0.17    0.24 ^ clkbuf_0_CLK100MHZ/X (sky130_fd_sc_hd__clkbuf_16)
                                         clknet_0_CLK100MHZ (net)
                  0.06    0.00    0.24 ^ clkbuf_2_3__f_CLK100MHZ/A (sky130_fd_sc_hd__clkbuf_16)
     8    0.03    0.05    0.15    0.39 ^ clkbuf_2_3__f_CLK100MHZ/X (sky130_fd_sc_hd__clkbuf_16)
                                         clknet_2_3__leaf_CLK100MHZ (net)
                  0.05    0.00    0.39 ^ _249_/CLK (sky130_fd_sc_hd__dfrtp_4)
     6    0.05    0.12    0.57    0.96 v _249_/Q (sky130_fd_sc_hd__dfrtp_4)
                                         decoder.count[3] (net)
                  0.12    0.00    0.97 v _155_/A (sky130_fd_sc_hd__nor2_2)
     4    0.04    0.42    0.40    1.37 ^ _155_/Y (sky130_fd_sc_hd__nor2_2)
                                         _079_ (net)
                  0.42    0.00    1.37 ^ _156_/B (sky130_fd_sc_hd__nand2_1)
     2    0.02    0.20    0.28    1.65 v _156_/Y (sky130_fd_sc_hd__nand2_1)
                                         _080_ (net)
                  0.20    0.00    1.65 v _157_/B (sky130_fd_sc_hd__nor2_1)
     2    0.02    0.32    0.34    1.99 ^ _157_/Y (sky130_fd_sc_hd__nor2_1)
                                         _081_ (net)
                  0.32    0.00    1.99 ^ _158_/C1 (sky130_fd_sc_hd__a2111o_1)
     2    0.02    0.18    0.26    2.25 ^ _158_/X (sky130_fd_sc_hd__a2111o_1)
                                         net4 (net)
                  0.18    0.00    2.26 ^ output4/A (sky130_fd_sc_hd__buf_1)
     1    0.03    0.40    0.38    2.63 ^ output4/X (sky130_fd_sc_hd__buf_1)
                                         seg[3] (net)
                  0.40    0.00    2.63 ^ seg[3] (out)
                                  2.63   data arrival time

                         10.00   10.00   clock CLK100MHZ (rise edge)
                          0.00   10.00   clock network delay (propagated)
                         -0.25    9.75   clock uncertainty
                          0.00    9.75   clock reconvergence pessimism
                         -2.00    7.75   output external delay
                                  7.75   data required time
-----------------------------------------------------------------------------
                                  7.75   data required time
                                 -2.63   data arrival time
-----------------------------------------------------------------------------
                                  5.12   slack (MET)


Startpoint: _249_ (rising edge-triggered flip-flop clocked by CLK100MHZ)
Endpoint: seg[1] (output port clocked by CLK100MHZ)
Path Group: CLK100MHZ
Path Type: max
Corner: Typical

Fanout     Cap    Slew   Delay    Time   Description
-----------------------------------------------------------------------------
                          0.00    0.00   clock CLK100MHZ (rise edge)
                          0.00    0.00   clock source latency
     1    0.02    0.09    0.07    0.07 ^ CLK100MHZ (in)
                                         CLK100MHZ (net)
                  0.09    0.00    0.07 ^ clkbuf_0_CLK100MHZ/A (sky130_fd_sc_hd__clkbuf_16)
     4    0.04    0.06    0.17    0.24 ^ clkbuf_0_CLK100MHZ/X (sky130_fd_sc_hd__clkbuf_16)
                                         clknet_0_CLK100MHZ (net)
                  0.06    0.00    0.24 ^ clkbuf_2_3__f_CLK100MHZ/A (sky130_fd_sc_hd__clkbuf_16)
     8    0.03    0.05    0.15    0.39 ^ clkbuf_2_3__f_CLK100MHZ/X (sky130_fd_sc_hd__clkbuf_16)
                                         clknet_2_3__leaf_CLK100MHZ (net)
                  0.05    0.00    0.39 ^ _249_/CLK (sky130_fd_sc_hd__dfrtp_4)
     6    0.05    0.12    0.57    0.96 v _249_/Q (sky130_fd_sc_hd__dfrtp_4)
                                         decoder.count[3] (net)
                  0.12    0.00    0.97 v _132_/A (sky130_fd_sc_hd__or3b_2)
     2    0.02    0.14    0.61    1.58 v _132_/X (sky130_fd_sc_hd__or3b_2)
                                         _064_ (net)
                  0.14    0.00    1.58 v _133_/B (sky130_fd_sc_hd__nor2_1)
     3    0.02    0.38    0.36    1.94 ^ _133_/Y (sky130_fd_sc_hd__nor2_1)
                                         _065_ (net)
                  0.38    0.00    1.94 ^ _159_/A (sky130_fd_sc_hd__nor2_1)
     1    0.01    0.09    0.12    2.06 v _159_/Y (sky130_fd_sc_hd__nor2_1)
                                         net2 (net)
                  0.09    0.00    2.06 v output2/A (sky130_fd_sc_hd__buf_1)
     1    0.03    0.20    0.25    2.31 v output2/X (sky130_fd_sc_hd__buf_1)
                                         seg[1] (net)
                  0.20    0.00    2.31 v seg[1] (out)
                                  2.31   data arrival time

                         10.00   10.00   clock CLK100MHZ (rise edge)
                          0.00   10.00   clock network delay (propagated)
                         -0.25    9.75   clock uncertainty
                          0.00    9.75   clock reconvergence pessimism
                         -2.00    7.75   output external delay
                                  7.75   data required time
-----------------------------------------------------------------------------
                                  7.75   data required time
                                 -2.31   data arrival time
-----------------------------------------------------------------------------
                                  5.44   slack (MET)


Startpoint: _249_ (rising edge-triggered flip-flop clocked by CLK100MHZ)
Endpoint: seg[2] (output port clocked by CLK100MHZ)
Path Group: CLK100MHZ
Path Type: max
Corner: Typical

Fanout     Cap    Slew   Delay    Time   Description
-----------------------------------------------------------------------------
                          0.00    0.00   clock CLK100MHZ (rise edge)
                          0.00    0.00   clock source latency
     1    0.02    0.09    0.07    0.07 ^ CLK100MHZ (in)
                                         CLK100MHZ (net)
                  0.09    0.00    0.07 ^ clkbuf_0_CLK100MHZ/A (sky130_fd_sc_hd__clkbuf_16)
     4    0.04    0.06    0.17    0.24 ^ clkbuf_0_CLK100MHZ/X (sky130_fd_sc_hd__clkbuf_16)
                                         clknet_0_CLK100MHZ (net)
                  0.06    0.00    0.24 ^ clkbuf_2_3__f_CLK100MHZ/A (sky130_fd_sc_hd__clkbuf_16)
     8    0.03    0.05    0.15    0.39 ^ clkbuf_2_3__f_CLK100MHZ/X (sky130_fd_sc_hd__clkbuf_16)
                                         clknet_2_3__leaf_CLK100MHZ (net)
                  0.05    0.00    0.39 ^ _249_/CLK (sky130_fd_sc_hd__dfrtp_4)
     6    0.05    0.12    0.57    0.96 v _249_/Q (sky130_fd_sc_hd__dfrtp_4)
                                         decoder.count[3] (net)
                  0.12    0.00    0.97 v _155_/A (sky130_fd_sc_hd__nor2_2)
     4    0.04    0.42    0.40    1.37 ^ _155_/Y (sky130_fd_sc_hd__nor2_2)
                                         _079_ (net)
                  0.42    0.00    1.37 ^ _156_/B (sky130_fd_sc_hd__nand2_1)
     2    0.02    0.20    0.28    1.65 v _156_/Y (sky130_fd_sc_hd__nand2_1)
                                         _080_ (net)
                  0.20    0.00    1.65 v _160_/B1 (sky130_fd_sc_hd__o21a_1)
     1    0.02    0.10    0.24    1.89 v _160_/X (sky130_fd_sc_hd__o21a_1)
                                         net3 (net)
                  0.10    0.00    1.89 v output3/A (sky130_fd_sc_hd__buf_1)
     1    0.03    0.20    0.26    2.14 v output3/X (sky130_fd_sc_hd__buf_1)
                                         seg[2] (net)
                  0.20    0.00    2.15 v seg[2] (out)
                                  2.15   data arrival time

                         10.00   10.00   clock CLK100MHZ (rise edge)
                          0.00   10.00   clock network delay (propagated)
                         -0.25    9.75   clock uncertainty
                          0.00    9.75   clock reconvergence pessimism
                         -2.00    7.75   output external delay
                                  7.75   data required time
-----------------------------------------------------------------------------
                                  7.75   data required time
                                 -2.15   data arrival time
-----------------------------------------------------------------------------
                                  5.60   slack (MET)


Startpoint: _249_ (rising edge-triggered flip-flop clocked by CLK100MHZ)
Endpoint: seg[6] (output port clocked by CLK100MHZ)
Path Group: CLK100MHZ
Path Type: max
Corner: Typical

Fanout     Cap    Slew   Delay    Time   Description
-----------------------------------------------------------------------------
                          0.00    0.00   clock CLK100MHZ (rise edge)
                          0.00    0.00   clock source latency
     1    0.02    0.09    0.07    0.07 ^ CLK100MHZ (in)
                                         CLK100MHZ (net)
                  0.09    0.00    0.07 ^ clkbuf_0_CLK100MHZ/A (sky130_fd_sc_hd__clkbuf_16)
     4    0.04    0.06    0.17    0.24 ^ clkbuf_0_CLK100MHZ/X (sky130_fd_sc_hd__clkbuf_16)
                                         clknet_0_CLK100MHZ (net)
                  0.06    0.00    0.24 ^ clkbuf_2_3__f_CLK100MHZ/A (sky130_fd_sc_hd__clkbuf_16)
     8    0.03    0.05    0.15    0.39 ^ clkbuf_2_3__f_CLK100MHZ/X (sky130_fd_sc_hd__clkbuf_16)
                                         clknet_2_3__leaf_CLK100MHZ (net)
                  0.05    0.00    0.39 ^ _249_/CLK (sky130_fd_sc_hd__dfrtp_4)
     6    0.05    0.12    0.57    0.96 v _249_/Q (sky130_fd_sc_hd__dfrtp_4)
                                         decoder.count[3] (net)
                  0.12    0.00    0.97 v _132_/A (sky130_fd_sc_hd__or3b_2)
     2    0.02    0.14    0.61    1.58 v _132_/X (sky130_fd_sc_hd__or3b_2)
                                         _064_ (net)
                  0.14    0.00    1.58 v _164_/B1_N (sky130_fd_sc_hd__a21boi_1)
     1    0.01    0.13    0.21    1.79 v _164_/Y (sky130_fd_sc_hd__a21boi_1)
                                         net7 (net)
                  0.13    0.00    1.79 v output7/A (sky130_fd_sc_hd__buf_1)
     1    0.03    0.20    0.27    2.06 v output7/X (sky130_fd_sc_hd__buf_1)
                                         seg[6] (net)
                  0.20    0.00    2.06 v seg[6] (out)
                                  2.06   data arrival time

                         10.00   10.00   clock CLK100MHZ (rise edge)
                          0.00   10.00   clock network delay (propagated)
                         -0.25    9.75   clock uncertainty
                          0.00    9.75   clock reconvergence pessimism
                         -2.00    7.75   output external delay
                                  7.75   data required time
-----------------------------------------------------------------------------
                                  7.75   data required time
                                 -2.06   data arrival time
-----------------------------------------------------------------------------
                                  5.69   slack (MET)


Startpoint: _249_ (rising edge-triggered flip-flop clocked by CLK100MHZ)
Endpoint: seg[4] (output port clocked by CLK100MHZ)
Path Group: CLK100MHZ
Path Type: max
Corner: Typical

Fanout     Cap    Slew   Delay    Time   Description
-----------------------------------------------------------------------------
                          0.00    0.00   clock CLK100MHZ (rise edge)
                          0.00    0.00   clock source latency
     1    0.02    0.09    0.07    0.07 ^ CLK100MHZ (in)
                                         CLK100MHZ (net)
                  0.09    0.00    0.07 ^ clkbuf_0_CLK100MHZ/A (sky130_fd_sc_hd__clkbuf_16)
     4    0.04    0.06    0.17    0.24 ^ clkbuf_0_CLK100MHZ/X (sky130_fd_sc_hd__clkbuf_16)
                                         clknet_0_CLK100MHZ (net)
                  0.06    0.00    0.24 ^ clkbuf_2_3__f_CLK100MHZ/A (sky130_fd_sc_hd__clkbuf_16)
     8    0.03    0.05    0.15    0.39 ^ clkbuf_2_3__f_CLK100MHZ/X (sky130_fd_sc_hd__clkbuf_16)
                                         clknet_2_3__leaf_CLK100MHZ (net)
                  0.05    0.00    0.39 ^ _249_/CLK (sky130_fd_sc_hd__dfrtp_4)
     6    0.05    0.12    0.57    0.96 v _249_/Q (sky130_fd_sc_hd__dfrtp_4)
                                         decoder.count[3] (net)
                  0.12    0.00    0.97 v _155_/A (sky130_fd_sc_hd__nor2_2)
     4    0.04    0.42    0.40    1.37 ^ _155_/Y (sky130_fd_sc_hd__nor2_2)
                                         _079_ (net)
                  0.42    0.00    1.37 ^ _161_/B (sky130_fd_sc_hd__nand2_1)
     1    0.01    0.13    0.19    1.56 v _161_/Y (sky130_fd_sc_hd__nand2_1)
                                         net5 (net)
                  0.13    0.00    1.56 v output5/A (sky130_fd_sc_hd__buf_1)
     1    0.03    0.20    0.27    1.83 v output5/X (sky130_fd_sc_hd__buf_1)
                                         seg[4] (net)
                  0.20    0.00    1.83 v seg[4] (out)
                                  1.83   data arrival time

                         10.00   10.00   clock CLK100MHZ (rise edge)
                          0.00   10.00   clock network delay (propagated)
                         -0.25    9.75   clock uncertainty
                          0.00    9.75   clock reconvergence pessimism
                         -2.00    7.75   output external delay
                                  7.75   data required time
-----------------------------------------------------------------------------
                                  7.75   data required time
                                 -1.83   data arrival time
-----------------------------------------------------------------------------
                                  5.92   slack (MET)


Startpoint: _260_ (rising edge-triggered flip-flop clocked by CLK100MHZ)
Endpoint: _271_ (rising edge-triggered flip-flop clocked by CLK100MHZ)
Path Group: CLK100MHZ
Path Type: max
Corner: Typical

Fanout     Cap    Slew   Delay    Time   Description
-----------------------------------------------------------------------------
                          0.00    0.00   clock CLK100MHZ (rise edge)
                          0.00    0.00   clock source latency
     1    0.02    0.09    0.07    0.07 ^ CLK100MHZ (in)
                                         CLK100MHZ (net)
                  0.09    0.00    0.07 ^ clkbuf_0_CLK100MHZ/A (sky130_fd_sc_hd__clkbuf_16)
     4    0.04    0.06    0.17    0.24 ^ clkbuf_0_CLK100MHZ/X (sky130_fd_sc_hd__clkbuf_16)
                                         clknet_0_CLK100MHZ (net)
                  0.06    0.00    0.24 ^ clkbuf_2_1__f_CLK100MHZ/A (sky130_fd_sc_hd__clkbuf_16)
     8    0.02    0.05    0.14    0.39 ^ clkbuf_2_1__f_CLK100MHZ/X (sky130_fd_sc_hd__clkbuf_16)
                                         clknet_2_1__leaf_CLK100MHZ (net)
                  0.05    0.00    0.39 ^ _260_/CLK (sky130_fd_sc_hd__dfrtp_1)
     3    0.03    0.27    0.51    0.90 ^ _260_/Q (sky130_fd_sc_hd__dfrtp_1)
                                         decoder.delay[10] (net)
                  0.27    0.00    0.90 ^ _124_/D (sky130_fd_sc_hd__and4_1)
     4    0.03    0.30    0.44    1.34 ^ _124_/X (sky130_fd_sc_hd__and4_1)
                                         _119_ (net)
                  0.30    0.00    1.34 ^ _128_/A (sky130_fd_sc_hd__and4_2)
     7    0.05    0.26    0.48    1.82 ^ _128_/X (sky130_fd_sc_hd__and4_2)
                                         _061_ (net)
                  0.26    0.00    1.82 ^ _134_/A (sky130_fd_sc_hd__clkbuf_4)
    10    0.06    0.20    0.33    2.16 ^ _134_/X (sky130_fd_sc_hd__clkbuf_4)
                                         _066_ (net)
                  0.20    0.01    2.16 ^ _146_/C (sky130_fd_sc_hd__and3_1)
     2    0.02    0.19    0.30    2.47 ^ _146_/X (sky130_fd_sc_hd__and3_1)
                                         _074_ (net)
                  0.19    0.00    2.47 ^ _147_/B1_N (sky130_fd_sc_hd__o21ba_1)
     1    0.02    0.11    0.25    2.72 v _147_/X (sky130_fd_sc_hd__o21ba_1)
                                         _013_ (net)
                  0.11    0.00    2.72 v _271_/D (sky130_fd_sc_hd__dfrtp_1)
                                  2.72   data arrival time

                         10.00   10.00   clock CLK100MHZ (rise edge)
                          0.00   10.00   clock source latency
     1    0.02    0.09    0.06   10.06 ^ CLK100MHZ (in)
                                         CLK100MHZ (net)
                  0.09    0.00   10.06 ^ clkbuf_0_CLK100MHZ/A (sky130_fd_sc_hd__clkbuf_16)
     4    0.04    0.06    0.15   10.22 ^ clkbuf_0_CLK100MHZ/X (sky130_fd_sc_hd__clkbuf_16)
                                         clknet_0_CLK100MHZ (net)
                  0.06    0.00   10.22 ^ clkbuf_2_0__f_CLK100MHZ/A (sky130_fd_sc_hd__clkbuf_16)
     8    0.03    0.05    0.13   10.35 ^ clkbuf_2_0__f_CLK100MHZ/X (sky130_fd_sc_hd__clkbuf_16)
                                         clknet_2_0__leaf_CLK100MHZ (net)
                  0.05    0.00   10.35 ^ _271_/CLK (sky130_fd_sc_hd__dfrtp_1)
                         -0.25   10.10   clock uncertainty
                          0.02   10.13   clock reconvergence pessimism
                         -0.14    9.99   library setup time
                                  9.99   data required time
-----------------------------------------------------------------------------
                                  9.99   data required time
                                 -2.72   data arrival time
-----------------------------------------------------------------------------
                                  7.27   slack (MET)


Startpoint: _260_ (rising edge-triggered flip-flop clocked by CLK100MHZ)
Endpoint: _246_ (rising edge-triggered flip-flop clocked by CLK100MHZ)
Path Group: CLK100MHZ
Path Type: max
Corner: Typical

Fanout     Cap    Slew   Delay    Time   Description
-----------------------------------------------------------------------------
                          0.00    0.00   clock CLK100MHZ (rise edge)
                          0.00    0.00   clock source latency
     1    0.02    0.09    0.07    0.07 ^ CLK100MHZ (in)
                                         CLK100MHZ (net)
                  0.09    0.00    0.07 ^ clkbuf_0_CLK100MHZ/A (sky130_fd_sc_hd__clkbuf_16)
     4    0.04    0.06    0.17    0.24 ^ clkbuf_0_CLK100MHZ/X (sky130_fd_sc_hd__clkbuf_16)
                                         clknet_0_CLK100MHZ (net)
                  0.06    0.00    0.24 ^ clkbuf_2_1__f_CLK100MHZ/A (sky130_fd_sc_hd__clkbuf_16)
     8    0.02    0.05    0.14    0.39 ^ clkbuf_2_1__f_CLK100MHZ/X (sky130_fd_sc_hd__clkbuf_16)
                                         clknet_2_1__leaf_CLK100MHZ (net)
                  0.05    0.00    0.39 ^ _260_/CLK (sky130_fd_sc_hd__dfrtp_1)
     3    0.03    0.27    0.51    0.90 ^ _260_/Q (sky130_fd_sc_hd__dfrtp_1)
                                         decoder.delay[10] (net)
                  0.27    0.00    0.90 ^ _124_/D (sky130_fd_sc_hd__and4_1)
     4    0.03    0.30    0.44    1.34 ^ _124_/X (sky130_fd_sc_hd__and4_1)
                                         _119_ (net)
                  0.30    0.00    1.34 ^ _128_/A (sky130_fd_sc_hd__and4_2)
     7    0.05    0.26    0.48    1.82 ^ _128_/X (sky130_fd_sc_hd__and4_2)
                                         _061_ (net)
                  0.26    0.00    1.82 ^ _134_/A (sky130_fd_sc_hd__clkbuf_4)
    10    0.06    0.20    0.33    2.16 ^ _134_/X (sky130_fd_sc_hd__clkbuf_4)
                                         _066_ (net)
                  0.20    0.01    2.16 ^ _135_/B (sky130_fd_sc_hd__nand4b_2)
     2    0.03    0.23    0.26    2.42 v _135_/Y (sky130_fd_sc_hd__nand4b_2)
                                         _067_ (net)
                  0.23    0.00    2.42 v _142_/A2 (sky130_fd_sc_hd__a21oi_1)
     1    0.01    0.25    0.32    2.75 ^ _142_/Y (sky130_fd_sc_hd__a21oi_1)
                                         _054_ (net)
                  0.25    0.00    2.75 ^ _246_/D (sky130_fd_sc_hd__dfrtp_4)
                                  2.75   data arrival time

                         10.00   10.00   clock CLK100MHZ (rise edge)
                          0.00   10.00   clock source latency
     1    0.02    0.09    0.06   10.06 ^ CLK100MHZ (in)
                                         CLK100MHZ (net)
                  0.09    0.00   10.06 ^ clkbuf_0_CLK100MHZ/A (sky130_fd_sc_hd__clkbuf_16)
     4    0.04    0.06    0.15   10.22 ^ clkbuf_0_CLK100MHZ/X (sky130_fd_sc_hd__clkbuf_16)
                                         clknet_0_CLK100MHZ (net)
                  0.06    0.00   10.22 ^ clkbuf_2_1__f_CLK100MHZ/A (sky130_fd_sc_hd__clkbuf_16)
     8    0.02    0.05    0.13   10.35 ^ clkbuf_2_1__f_CLK100MHZ/X (sky130_fd_sc_hd__clkbuf_16)
                                         clknet_2_1__leaf_CLK100MHZ (net)
                  0.05    0.00   10.35 ^ _246_/CLK (sky130_fd_sc_hd__dfrtp_4)
                         -0.25   10.10   clock uncertainty
                          0.04   10.14   clock reconvergence pessimism
                         -0.11   10.03   library setup time
                                 10.03   data required time
-----------------------------------------------------------------------------
                                 10.03   data required time
                                 -2.75   data arrival time
-----------------------------------------------------------------------------
                                  7.28   slack (MET)


Startpoint: _260_ (rising edge-triggered flip-flop clocked by CLK100MHZ)
Endpoint: _248_ (rising edge-triggered flip-flop clocked by CLK100MHZ)
Path Group: CLK100MHZ
Path Type: max
Corner: Typical

Fanout     Cap    Slew   Delay    Time   Description
-----------------------------------------------------------------------------
                          0.00    0.00   clock CLK100MHZ (rise edge)
                          0.00    0.00   clock source latency
     1    0.02    0.09    0.07    0.07 ^ CLK100MHZ (in)
                                         CLK100MHZ (net)
                  0.09    0.00    0.07 ^ clkbuf_0_CLK100MHZ/A (sky130_fd_sc_hd__clkbuf_16)
     4    0.04    0.06    0.17    0.24 ^ clkbuf_0_CLK100MHZ/X (sky130_fd_sc_hd__clkbuf_16)
                                         clknet_0_CLK100MHZ (net)
                  0.06    0.00    0.24 ^ clkbuf_2_1__f_CLK100MHZ/A (sky130_fd_sc_hd__clkbuf_16)
     8    0.02    0.05    0.14    0.39 ^ clkbuf_2_1__f_CLK100MHZ/X (sky130_fd_sc_hd__clkbuf_16)
                                         clknet_2_1__leaf_CLK100MHZ (net)
                  0.05    0.00    0.39 ^ _260_/CLK (sky130_fd_sc_hd__dfrtp_1)
     3    0.03    0.27    0.51    0.90 ^ _260_/Q (sky130_fd_sc_hd__dfrtp_1)
                                         decoder.delay[10] (net)
                  0.27    0.00    0.90 ^ _124_/D (sky130_fd_sc_hd__and4_1)
     4    0.03    0.30    0.44    1.34 ^ _124_/X (sky130_fd_sc_hd__and4_1)
                                         _119_ (net)
                  0.30    0.00    1.34 ^ _128_/A (sky130_fd_sc_hd__and4_2)
     7    0.05    0.26    0.48    1.82 ^ _128_/X (sky130_fd_sc_hd__and4_2)
                                         _061_ (net)
                  0.26    0.00    1.82 ^ _134_/A (sky130_fd_sc_hd__clkbuf_4)
    10    0.06    0.20    0.33    2.16 ^ _134_/X (sky130_fd_sc_hd__clkbuf_4)
                                         _066_ (net)
                  0.20    0.01    2.16 ^ _135_/B (sky130_fd_sc_hd__nand4b_2)
     2    0.03    0.23    0.26    2.42 v _135_/Y (sky130_fd_sc_hd__nand4b_2)
                                         _067_ (net)
                  0.23    0.00    2.42 v _138_/A3 (sky130_fd_sc_hd__o31ai_1)
     1    0.00    0.21    0.29    2.71 ^ _138_/Y (sky130_fd_sc_hd__o31ai_1)
                                         _056_ (net)
                  0.21    0.00    2.71 ^ _248_/D (sky130_fd_sc_hd__dfrtp_4)
                                  2.71   data arrival time

                         10.00   10.00   clock CLK100MHZ (rise edge)
                          0.00   10.00   clock source latency
     1    0.02    0.09    0.06   10.06 ^ CLK100MHZ (in)
                                         CLK100MHZ (net)
                  0.09    0.00   10.06 ^ clkbuf_0_CLK100MHZ/A (sky130_fd_sc_hd__clkbuf_16)
     4    0.04    0.06    0.15   10.22 ^ clkbuf_0_CLK100MHZ/X (sky130_fd_sc_hd__clkbuf_16)
                                         clknet_0_CLK100MHZ (net)
                  0.06    0.00   10.22 ^ clkbuf_2_0__f_CLK100MHZ/A (sky130_fd_sc_hd__clkbuf_16)
     8    0.03    0.05    0.13   10.35 ^ clkbuf_2_0__f_CLK100MHZ/X (sky130_fd_sc_hd__clkbuf_16)
                                         clknet_2_0__leaf_CLK100MHZ (net)
                  0.05    0.00   10.35 ^ _248_/CLK (sky130_fd_sc_hd__dfrtp_4)
                         -0.25   10.10   clock uncertainty
                          0.02   10.13   clock reconvergence pessimism
                         -0.10   10.03   library setup time
                                 10.03   data required time
-----------------------------------------------------------------------------
                                 10.03   data required time
                                 -2.71   data arrival time
-----------------------------------------------------------------------------
                                  7.31   slack (MET)


Startpoint: _250_ (rising edge-triggered flip-flop clocked by CLK100MHZ)
Endpoint: _261_ (rising edge-triggered flip-flop clocked by CLK100MHZ)
Path Group: CLK100MHZ
Path Type: max
Corner: Typical

Fanout     Cap    Slew   Delay    Time   Description
-----------------------------------------------------------------------------
                          0.00    0.00   clock CLK100MHZ (rise edge)
                          0.00    0.00   clock source latency
     1    0.02    0.09    0.07    0.07 ^ CLK100MHZ (in)
                                         CLK100MHZ (net)
                  0.09    0.00    0.07 ^ clkbuf_0_CLK100MHZ/A (sky130_fd_sc_hd__clkbuf_16)
     4    0.04    0.06    0.17    0.24 ^ clkbuf_0_CLK100MHZ/X (sky130_fd_sc_hd__clkbuf_16)
                                         clknet_0_CLK100MHZ (net)
                  0.06    0.00    0.24 ^ clkbuf_2_2__f_CLK100MHZ/A (sky130_fd_sc_hd__clkbuf_16)
     8    0.03    0.05    0.15    0.39 ^ clkbuf_2_2__f_CLK100MHZ/X (sky130_fd_sc_hd__clkbuf_16)
                                         clknet_2_2__leaf_CLK100MHZ (net)
                  0.05    0.00    0.39 ^ _250_/CLK (sky130_fd_sc_hd__dfrtp_2)
     5    0.04    0.22    0.51    0.90 ^ _250_/Q (sky130_fd_sc_hd__dfrtp_2)
                                         decoder.delay[0] (net)
                  0.22    0.00    0.90 ^ _126_/B (sky130_fd_sc_hd__and4_2)
     6    0.04    0.22    0.43    1.33 ^ _126_/X (sky130_fd_sc_hd__and4_2)
                                         _059_ (net)
                  0.22    0.00    1.33 ^ _182_/B (sky130_fd_sc_hd__and3_1)
     2    0.01    0.14    0.27    1.60 ^ _182_/X (sky130_fd_sc_hd__and3_1)
                                         _093_ (net)
                  0.14    0.00    1.61 ^ _183_/A (sky130_fd_sc_hd__buf_2)
    10    0.06    0.29    0.32    1.93 ^ _183_/X (sky130_fd_sc_hd__buf_2)
                                         _094_ (net)
                  0.29    0.00    1.93 ^ _195_/A2 (sky130_fd_sc_hd__a21oi_1)
     1    0.02    0.16    0.22    2.16 v _195_/Y (sky130_fd_sc_hd__a21oi_1)
                                         _102_ (net)
                  0.16    0.00    2.16 v _197_/A_N (sky130_fd_sc_hd__and2b_1)
     1    0.01    0.12    0.30    2.46 ^ _197_/X (sky130_fd_sc_hd__and2b_1)
                                         _104_ (net)
                  0.12    0.00    2.46 ^ _198_/A (sky130_fd_sc_hd__buf_1)
     2    0.02    0.23    0.24    2.71 ^ _198_/X (sky130_fd_sc_hd__buf_1)
                                         _002_ (net)
                  0.23    0.00    2.71 ^ _261_/D (sky130_fd_sc_hd__dfrtp_1)
                                  2.71   data arrival time

                         10.00   10.00   clock CLK100MHZ (rise edge)
                          0.00   10.00   clock source latency
     1    0.02    0.09    0.06   10.06 ^ CLK100MHZ (in)
                                         CLK100MHZ (net)
                  0.09    0.00   10.06 ^ clkbuf_0_CLK100MHZ/A (sky130_fd_sc_hd__clkbuf_16)
     4    0.04    0.06    0.15   10.22 ^ clkbuf_0_CLK100MHZ/X (sky130_fd_sc_hd__clkbuf_16)
                                         clknet_0_CLK100MHZ (net)
                  0.06    0.00   10.22 ^ clkbuf_2_3__f_CLK100MHZ/A (sky130_fd_sc_hd__clkbuf_16)
     8    0.03    0.05    0.13   10.35 ^ clkbuf_2_3__f_CLK100MHZ/X (sky130_fd_sc_hd__clkbuf_16)
                                         clknet_2_3__leaf_CLK100MHZ (net)
                  0.05    0.00   10.35 ^ _261_/CLK (sky130_fd_sc_hd__dfrtp_1)
                         -0.25   10.10   clock uncertainty
                          0.02   10.13   clock reconvergence pessimism
                         -0.10   10.02   library setup time
                                 10.02   data required time
-----------------------------------------------------------------------------
                                 10.02   data required time
                                 -2.71   data arrival time
-----------------------------------------------------------------------------
                                  7.32   slack (MET)


Startpoint: _260_ (rising edge-triggered flip-flop clocked by CLK100MHZ)
Endpoint: _270_ (rising edge-triggered flip-flop clocked by CLK100MHZ)
Path Group: CLK100MHZ
Path Type: max
Corner: Typical

Fanout     Cap    Slew   Delay    Time   Description
-----------------------------------------------------------------------------
                          0.00    0.00   clock CLK100MHZ (rise edge)
                          0.00    0.00   clock source latency
     1    0.02    0.09    0.07    0.07 ^ CLK100MHZ (in)
                                         CLK100MHZ (net)
                  0.09    0.00    0.07 ^ clkbuf_0_CLK100MHZ/A (sky130_fd_sc_hd__clkbuf_16)
     4    0.04    0.06    0.17    0.24 ^ clkbuf_0_CLK100MHZ/X (sky130_fd_sc_hd__clkbuf_16)
                                         clknet_0_CLK100MHZ (net)
                  0.06    0.00    0.24 ^ clkbuf_2_1__f_CLK100MHZ/A (sky130_fd_sc_hd__clkbuf_16)
     8    0.02    0.05    0.14    0.39 ^ clkbuf_2_1__f_CLK100MHZ/X (sky130_fd_sc_hd__clkbuf_16)
                                         clknet_2_1__leaf_CLK100MHZ (net)
                  0.05    0.00    0.39 ^ _260_/CLK (sky130_fd_sc_hd__dfrtp_1)
     3    0.03    0.27    0.51    0.90 ^ _260_/Q (sky130_fd_sc_hd__dfrtp_1)
                                         decoder.delay[10] (net)
                  0.27    0.00    0.90 ^ _124_/D (sky130_fd_sc_hd__and4_1)
     4    0.03    0.30    0.44    1.34 ^ _124_/X (sky130_fd_sc_hd__and4_1)
                                         _119_ (net)
                  0.30    0.00    1.34 ^ _128_/A (sky130_fd_sc_hd__and4_2)
     7    0.05    0.26    0.48    1.82 ^ _128_/X (sky130_fd_sc_hd__and4_2)
                                         _061_ (net)
                  0.26    0.00    1.82 ^ _134_/A (sky130_fd_sc_hd__clkbuf_4)
    10    0.06    0.20    0.33    2.16 ^ _134_/X (sky130_fd_sc_hd__clkbuf_4)
                                         _066_ (net)
                  0.20    0.00    2.16 ^ _144_/C (sky130_fd_sc_hd__and3_1)
     2    0.02    0.23    0.33    2.49 ^ _144_/X (sky130_fd_sc_hd__and3_1)
                                         _073_ (net)
                  0.23    0.00    2.49 ^ _145_/B (sky130_fd_sc_hd__nor2_1)
     1    0.01    0.09    0.12    2.61 v _145_/Y (sky130_fd_sc_hd__nor2_1)
                                         _012_ (net)
                  0.09    0.00    2.61 v _270_/D (sky130_fd_sc_hd__dfrtp_1)
                                  2.61   data arrival time

                         10.00   10.00   clock CLK100MHZ (rise edge)
                          0.00   10.00   clock source latency
     1    0.02    0.09    0.06   10.06 ^ CLK100MHZ (in)
                                         CLK100MHZ (net)
                  0.09    0.00   10.06 ^ clkbuf_0_CLK100MHZ/A (sky130_fd_sc_hd__clkbuf_16)
     4    0.04    0.06    0.15   10.22 ^ clkbuf_0_CLK100MHZ/X (sky130_fd_sc_hd__clkbuf_16)
                                         clknet_0_CLK100MHZ (net)
                  0.06    0.00   10.22 ^ clkbuf_2_0__f_CLK100MHZ/A (sky130_fd_sc_hd__clkbuf_16)
     8    0.03    0.05    0.13   10.35 ^ clkbuf_2_0__f_CLK100MHZ/X (sky130_fd_sc_hd__clkbuf_16)
                                         clknet_2_0__leaf_CLK100MHZ (net)
                  0.05    0.00   10.35 ^ _270_/CLK (sky130_fd_sc_hd__dfrtp_1)
                         -0.25   10.10   clock uncertainty
                          0.02   10.13   clock reconvergence pessimism
                         -0.13   10.00   library setup time
                                 10.00   data required time
-----------------------------------------------------------------------------
                                 10.00   data required time
                                 -2.61   data arrival time
-----------------------------------------------------------------------------
                                  7.38   slack (MET)


Startpoint: _260_ (rising edge-triggered flip-flop clocked by CLK100MHZ)
Endpoint: _249_ (rising edge-triggered flip-flop clocked by CLK100MHZ)
Path Group: CLK100MHZ
Path Type: max
Corner: Typical

Fanout     Cap    Slew   Delay    Time   Description
-----------------------------------------------------------------------------
                          0.00    0.00   clock CLK100MHZ (rise edge)
                          0.00    0.00   clock source latency
     1    0.02    0.09    0.07    0.07 ^ CLK100MHZ (in)
                                         CLK100MHZ (net)
                  0.09    0.00    0.07 ^ clkbuf_0_CLK100MHZ/A (sky130_fd_sc_hd__clkbuf_16)
     4    0.04    0.06    0.17    0.24 ^ clkbuf_0_CLK100MHZ/X (sky130_fd_sc_hd__clkbuf_16)
                                         clknet_0_CLK100MHZ (net)
                  0.06    0.00    0.24 ^ clkbuf_2_1__f_CLK100MHZ/A (sky130_fd_sc_hd__clkbuf_16)
     8    0.02    0.05    0.14    0.39 ^ clkbuf_2_1__f_CLK100MHZ/X (sky130_fd_sc_hd__clkbuf_16)
                                         clknet_2_1__leaf_CLK100MHZ (net)
                  0.05    0.00    0.39 ^ _260_/CLK (sky130_fd_sc_hd__dfrtp_1)
     3    0.03    0.27    0.51    0.90 ^ _260_/Q (sky130_fd_sc_hd__dfrtp_1)
                                         decoder.delay[10] (net)
                  0.27    0.00    0.90 ^ _124_/D (sky130_fd_sc_hd__and4_1)
     4    0.03    0.30    0.44    1.34 ^ _124_/X (sky130_fd_sc_hd__and4_1)
                                         _119_ (net)
                  0.30    0.00    1.34 ^ _128_/A (sky130_fd_sc_hd__and4_2)
     7    0.05    0.26    0.48    1.82 ^ _128_/X (sky130_fd_sc_hd__and4_2)
                                         _061_ (net)
                  0.26    0.00    1.82 ^ _129_/D (sky130_fd_sc_hd__and4_1)
     1    0.02    0.23    0.39    2.21 ^ _129_/X (sky130_fd_sc_hd__and4_1)
                                         _062_ (net)
                  0.23    0.00    2.21 ^ _130_/B (sky130_fd_sc_hd__xor2_1)
     1    0.02    0.36    0.37    2.58 ^ _130_/X (sky130_fd_sc_hd__xor2_1)
                                         _057_ (net)
                  0.36    0.00    2.58 ^ _249_/D (sky130_fd_sc_hd__dfrtp_4)
                                  2.58   data arrival time

                         10.00   10.00   clock CLK100MHZ (rise edge)
                          0.00   10.00   clock source latency
     1    0.02    0.09    0.06   10.06 ^ CLK100MHZ (in)
                                         CLK100MHZ (net)
                  0.09    0.00   10.06 ^ clkbuf_0_CLK100MHZ/A (sky130_fd_sc_hd__clkbuf_16)
     4    0.04    0.06    0.15   10.22 ^ clkbuf_0_CLK100MHZ/X (sky130_fd_sc_hd__clkbuf_16)
                                         clknet_0_CLK100MHZ (net)
                  0.06    0.00   10.22 ^ clkbuf_2_3__f_CLK100MHZ/A (sky130_fd_sc_hd__clkbuf_16)
     8    0.03    0.05    0.13   10.35 ^ clkbuf_2_3__f_CLK100MHZ/X (sky130_fd_sc_hd__clkbuf_16)
                                         clknet_2_3__leaf_CLK100MHZ (net)
                  0.05    0.00   10.35 ^ _249_/CLK (sky130_fd_sc_hd__dfrtp_4)
                         -0.25   10.10   clock uncertainty
                          0.02   10.13   clock reconvergence pessimism
                         -0.14    9.99   library setup time
                                  9.99   data required time
-----------------------------------------------------------------------------
                                  9.99   data required time
                                 -2.58   data arrival time
-----------------------------------------------------------------------------
                                  7.41   slack (MET)


Startpoint: _260_ (rising edge-triggered flip-flop clocked by CLK100MHZ)
Endpoint: _272_ (rising edge-triggered flip-flop clocked by CLK100MHZ)
Path Group: CLK100MHZ
Path Type: max
Corner: Typical

Fanout     Cap    Slew   Delay    Time   Description
-----------------------------------------------------------------------------
                          0.00    0.00   clock CLK100MHZ (rise edge)
                          0.00    0.00   clock source latency
     1    0.02    0.09    0.07    0.07 ^ CLK100MHZ (in)
                                         CLK100MHZ (net)
                  0.09    0.00    0.07 ^ clkbuf_0_CLK100MHZ/A (sky130_fd_sc_hd__clkbuf_16)
     4    0.04    0.06    0.17    0.24 ^ clkbuf_0_CLK100MHZ/X (sky130_fd_sc_hd__clkbuf_16)
                                         clknet_0_CLK100MHZ (net)
                  0.06    0.00    0.24 ^ clkbuf_2_1__f_CLK100MHZ/A (sky130_fd_sc_hd__clkbuf_16)
     8    0.02    0.05    0.14    0.39 ^ clkbuf_2_1__f_CLK100MHZ/X (sky130_fd_sc_hd__clkbuf_16)
                                         clknet_2_1__leaf_CLK100MHZ (net)
                  0.05    0.00    0.39 ^ _260_/CLK (sky130_fd_sc_hd__dfrtp_1)
     3    0.03    0.27    0.51    0.90 ^ _260_/Q (sky130_fd_sc_hd__dfrtp_1)
                                         decoder.delay[10] (net)
                  0.27    0.00    0.90 ^ _124_/D (sky130_fd_sc_hd__and4_1)
     4    0.03    0.30    0.44    1.34 ^ _124_/X (sky130_fd_sc_hd__and4_1)
                                         _119_ (net)
                  0.30    0.00    1.34 ^ _128_/A (sky130_fd_sc_hd__and4_2)
     7    0.05    0.26    0.48    1.82 ^ _128_/X (sky130_fd_sc_hd__and4_2)
                                         _061_ (net)
                  0.26    0.00    1.82 ^ _134_/A (sky130_fd_sc_hd__clkbuf_4)
    10    0.06    0.20    0.33    2.16 ^ _134_/X (sky130_fd_sc_hd__clkbuf_4)
                                         _066_ (net)
                  0.20    0.01    2.16 ^ _146_/C (sky130_fd_sc_hd__and3_1)
     2    0.02    0.19    0.30    2.47 ^ _146_/X (sky130_fd_sc_hd__and3_1)
                                         _074_ (net)
                  0.19    0.00    2.47 ^ _149_/B1 (sky130_fd_sc_hd__o2bb2a_1)
     1    0.00    0.06    0.19    2.66 ^ _149_/X (sky130_fd_sc_hd__o2bb2a_1)
                                         _014_ (net)
                  0.06    0.00    2.66 ^ _272_/D (sky130_fd_sc_hd__dfrtp_1)
                                  2.66   data arrival time

                         10.00   10.00   clock CLK100MHZ (rise edge)
                          0.00   10.00   clock source latency
     1    0.02    0.09    0.06   10.06 ^ CLK100MHZ (in)
                                         CLK100MHZ (net)
                  0.09    0.00   10.06 ^ clkbuf_0_CLK100MHZ/A (sky130_fd_sc_hd__clkbuf_16)
     4    0.04    0.06    0.15   10.22 ^ clkbuf_0_CLK100MHZ/X (sky130_fd_sc_hd__clkbuf_16)
                                         clknet_0_CLK100MHZ (net)
                  0.06    0.00   10.22 ^ clkbuf_2_1__f_CLK100MHZ/A (sky130_fd_sc_hd__clkbuf_16)
     8    0.02    0.05    0.13   10.35 ^ clkbuf_2_1__f_CLK100MHZ/X (sky130_fd_sc_hd__clkbuf_16)
                                         clknet_2_1__leaf_CLK100MHZ (net)
                  0.05    0.00   10.35 ^ _272_/CLK (sky130_fd_sc_hd__dfrtp_1)
                         -0.25   10.10   clock uncertainty
                          0.04   10.14   clock reconvergence pessimism
                         -0.06   10.07   library setup time
                                 10.07   data required time
-----------------------------------------------------------------------------
                                 10.07   data required time
                                 -2.66   data arrival time
-----------------------------------------------------------------------------
                                  7.42   slack (MET)


Startpoint: _250_ (rising edge-triggered flip-flop clocked by CLK100MHZ)
Endpoint: _258_ (rising edge-triggered flip-flop clocked by CLK100MHZ)
Path Group: CLK100MHZ
Path Type: max
Corner: Typical

Fanout     Cap    Slew   Delay    Time   Description
-----------------------------------------------------------------------------
                          0.00    0.00   clock CLK100MHZ (rise edge)
                          0.00    0.00   clock source latency
     1    0.02    0.09    0.07    0.07 ^ CLK100MHZ (in)
                                         CLK100MHZ (net)
                  0.09    0.00    0.07 ^ clkbuf_0_CLK100MHZ/A (sky130_fd_sc_hd__clkbuf_16)
     4    0.04    0.06    0.17    0.24 ^ clkbuf_0_CLK100MHZ/X (sky130_fd_sc_hd__clkbuf_16)
                                         clknet_0_CLK100MHZ (net)
                  0.06    0.00    0.24 ^ clkbuf_2_2__f_CLK100MHZ/A (sky130_fd_sc_hd__clkbuf_16)
     8    0.03    0.05    0.15    0.39 ^ clkbuf_2_2__f_CLK100MHZ/X (sky130_fd_sc_hd__clkbuf_16)
                                         clknet_2_2__leaf_CLK100MHZ (net)
                  0.05    0.00    0.39 ^ _250_/CLK (sky130_fd_sc_hd__dfrtp_2)
     5    0.04    0.22    0.51    0.90 ^ _250_/Q (sky130_fd_sc_hd__dfrtp_2)
                                         decoder.delay[0] (net)
                  0.22    0.00    0.90 ^ _126_/B (sky130_fd_sc_hd__and4_2)
     6    0.04    0.22    0.43    1.33 ^ _126_/X (sky130_fd_sc_hd__and4_2)
                                         _059_ (net)
                  0.22    0.00    1.33 ^ _182_/B (sky130_fd_sc_hd__and3_1)
     2    0.01    0.14    0.27    1.60 ^ _182_/X (sky130_fd_sc_hd__and3_1)
                                         _093_ (net)
                  0.14    0.00    1.61 ^ _183_/A (sky130_fd_sc_hd__buf_2)
    10    0.06    0.29    0.32    1.93 ^ _183_/X (sky130_fd_sc_hd__buf_2)
                                         _094_ (net)
                  0.29    0.00    1.93 ^ _188_/B (sky130_fd_sc_hd__nand2_1)
     2    0.02    0.18    0.24    2.17 v _188_/Y (sky130_fd_sc_hd__nand2_1)
                                         _098_ (net)
                  0.18    0.00    2.17 v _189_/B (sky130_fd_sc_hd__and2b_1)
     1    0.01    0.05    0.24    2.41 v _189_/X (sky130_fd_sc_hd__and2b_1)
                                         _099_ (net)
                  0.05    0.00    2.42 v _190_/A (sky130_fd_sc_hd__buf_1)
     1    0.02    0.10    0.15    2.57 v _190_/X (sky130_fd_sc_hd__buf_1)
                                         _023_ (net)
                  0.10    0.00    2.57 v _258_/D (sky130_fd_sc_hd__dfrtp_4)
                                  2.57   data arrival time

                         10.00   10.00   clock CLK100MHZ (rise edge)
                          0.00   10.00   clock source latency
     1    0.02    0.09    0.06   10.06 ^ CLK100MHZ (in)
                                         CLK100MHZ (net)
                  0.09    0.00   10.06 ^ clkbuf_0_CLK100MHZ/A (sky130_fd_sc_hd__clkbuf_16)
     4    0.04    0.06    0.15   10.22 ^ clkbuf_0_CLK100MHZ/X (sky130_fd_sc_hd__clkbuf_16)
                                         clknet_0_CLK100MHZ (net)
                  0.06    0.00   10.22 ^ clkbuf_2_3__f_CLK100MHZ/A (sky130_fd_sc_hd__clkbuf_16)
     8    0.03    0.05    0.13   10.35 ^ clkbuf_2_3__f_CLK100MHZ/X (sky130_fd_sc_hd__clkbuf_16)
                                         clknet_2_3__leaf_CLK100MHZ (net)
                  0.05    0.00   10.35 ^ _258_/CLK (sky130_fd_sc_hd__dfrtp_4)
                         -0.25   10.10   clock uncertainty
                          0.02   10.13   clock reconvergence pessimism
                         -0.14    9.99   library setup time
                                  9.99   data required time
-----------------------------------------------------------------------------
                                  9.99   data required time
                                 -2.57   data arrival time
-----------------------------------------------------------------------------
                                  7.42   slack (MET)


Startpoint: _260_ (rising edge-triggered flip-flop clocked by CLK100MHZ)
Endpoint: _273_ (rising edge-triggered flip-flop clocked by CLK100MHZ)
Path Group: CLK100MHZ
Path Type: max
Corner: Typical

Fanout     Cap    Slew   Delay    Time   Description
-----------------------------------------------------------------------------
                          0.00    0.00   clock CLK100MHZ (rise edge)
                          0.00    0.00   clock source latency
     1    0.02    0.09    0.07    0.07 ^ CLK100MHZ (in)
                                         CLK100MHZ (net)
                  0.09    0.00    0.07 ^ clkbuf_0_CLK100MHZ/A (sky130_fd_sc_hd__clkbuf_16)
     4    0.04    0.06    0.17    0.24 ^ clkbuf_0_CLK100MHZ/X (sky130_fd_sc_hd__clkbuf_16)
                                         clknet_0_CLK100MHZ (net)
                  0.06    0.00    0.24 ^ clkbuf_2_1__f_CLK100MHZ/A (sky130_fd_sc_hd__clkbuf_16)
     8    0.02    0.05    0.14    0.39 ^ clkbuf_2_1__f_CLK100MHZ/X (sky130_fd_sc_hd__clkbuf_16)
                                         clknet_2_1__leaf_CLK100MHZ (net)
                  0.05    0.00    0.39 ^ _260_/CLK (sky130_fd_sc_hd__dfrtp_1)
     3    0.03    0.27    0.51    0.90 ^ _260_/Q (sky130_fd_sc_hd__dfrtp_1)
                                         decoder.delay[10] (net)
                  0.27    0.00    0.90 ^ _124_/D (sky130_fd_sc_hd__and4_1)
     4    0.03    0.30    0.44    1.34 ^ _124_/X (sky130_fd_sc_hd__and4_1)
                                         _119_ (net)
                  0.30    0.00    1.34 ^ _128_/A (sky130_fd_sc_hd__and4_2)
     7    0.05    0.26    0.48    1.82 ^ _128_/X (sky130_fd_sc_hd__and4_2)
                                         _061_ (net)
                  0.26    0.01    1.82 ^ _150_/B (sky130_fd_sc_hd__nand2_1)
     2    0.03    0.21    0.26    2.08 v _150_/Y (sky130_fd_sc_hd__nand2_1)
                                         _076_ (net)
                  0.21    0.00    2.09 v _152_/A (sky130_fd_sc_hd__and2_1)
     1    0.01    0.07    0.25    2.34 v _152_/X (sky130_fd_sc_hd__and2_1)
                                         _078_ (net)
                  0.07    0.00    2.34 v _153_/A (sky130_fd_sc_hd__buf_1)
     1    0.02    0.09    0.16    2.50 v _153_/X (sky130_fd_sc_hd__buf_1)
                                         _015_ (net)
                  0.09    0.00    2.50 v _273_/D (sky130_fd_sc_hd__dfrtp_1)
                                  2.50   data arrival time

                         10.00   10.00   clock CLK100MHZ (rise edge)
                          0.00   10.00   clock source latency
     1    0.02    0.09    0.06   10.06 ^ CLK100MHZ (in)
                                         CLK100MHZ (net)
                  0.09    0.00   10.06 ^ clkbuf_0_CLK100MHZ/A (sky130_fd_sc_hd__clkbuf_16)
     4    0.04    0.06    0.15   10.22 ^ clkbuf_0_CLK100MHZ/X (sky130_fd_sc_hd__clkbuf_16)
                                         clknet_0_CLK100MHZ (net)
                  0.06    0.00   10.22 ^ clkbuf_2_3__f_CLK100MHZ/A (sky130_fd_sc_hd__clkbuf_16)
     8    0.03    0.05    0.13   10.35 ^ clkbuf_2_3__f_CLK100MHZ/X (sky130_fd_sc_hd__clkbuf_16)
                                         clknet_2_3__leaf_CLK100MHZ (net)
                  0.05    0.00   10.35 ^ _273_/CLK (sky130_fd_sc_hd__dfrtp_1)
                         -0.25   10.10   clock uncertainty
                          0.02   10.13   clock reconvergence pessimism
                         -0.13    9.99   library setup time
                                  9.99   data required time
-----------------------------------------------------------------------------
                                  9.99   data required time
                                 -2.50   data arrival time
-----------------------------------------------------------------------------
                                  7.49   slack (MET)


Startpoint: _250_ (rising edge-triggered flip-flop clocked by CLK100MHZ)
Endpoint: _263_ (rising edge-triggered flip-flop clocked by CLK100MHZ)
Path Group: CLK100MHZ
Path Type: max
Corner: Typical

Fanout     Cap    Slew   Delay    Time   Description
-----------------------------------------------------------------------------
                          0.00    0.00   clock CLK100MHZ (rise edge)
                          0.00    0.00   clock source latency
     1    0.02    0.09    0.07    0.07 ^ CLK100MHZ (in)
                                         CLK100MHZ (net)
                  0.09    0.00    0.07 ^ clkbuf_0_CLK100MHZ/A (sky130_fd_sc_hd__clkbuf_16)
     4    0.04    0.06    0.17    0.24 ^ clkbuf_0_CLK100MHZ/X (sky130_fd_sc_hd__clkbuf_16)
                                         clknet_0_CLK100MHZ (net)
                  0.06    0.00    0.24 ^ clkbuf_2_2__f_CLK100MHZ/A (sky130_fd_sc_hd__clkbuf_16)
     8    0.03    0.05    0.15    0.39 ^ clkbuf_2_2__f_CLK100MHZ/X (sky130_fd_sc_hd__clkbuf_16)
                                         clknet_2_2__leaf_CLK100MHZ (net)
                  0.05    0.00    0.39 ^ _250_/CLK (sky130_fd_sc_hd__dfrtp_2)
     5    0.04    0.22    0.51    0.90 ^ _250_/Q (sky130_fd_sc_hd__dfrtp_2)
                                         decoder.delay[0] (net)
                  0.22    0.00    0.90 ^ _126_/B (sky130_fd_sc_hd__and4_2)
     6    0.04    0.22    0.43    1.33 ^ _126_/X (sky130_fd_sc_hd__and4_2)
                                         _059_ (net)
                  0.22    0.00    1.33 ^ _182_/B (sky130_fd_sc_hd__and3_1)
     2    0.01    0.14    0.27    1.60 ^ _182_/X (sky130_fd_sc_hd__and3_1)
                                         _093_ (net)
                  0.14    0.00    1.61 ^ _183_/A (sky130_fd_sc_hd__buf_2)
    10    0.06    0.29    0.32    1.93 ^ _183_/X (sky130_fd_sc_hd__buf_2)
                                         _094_ (net)
                  0.29    0.00    1.93 ^ _201_/D (sky130_fd_sc_hd__and4_1)
     2    0.01    0.14    0.32    2.25 ^ _201_/X (sky130_fd_sc_hd__and4_1)
                                         _106_ (net)
                  0.14    0.00    2.25 ^ _202_/B1_N (sky130_fd_sc_hd__o21ba_1)
     1    0.01    0.08    0.22    2.47 v _202_/X (sky130_fd_sc_hd__o21ba_1)
                                         _004_ (net)
                  0.08    0.00    2.47 v _263_/D (sky130_fd_sc_hd__dfrtp_1)
                                  2.47   data arrival time

                         10.00   10.00   clock CLK100MHZ (rise edge)
                          0.00   10.00   clock source latency
     1    0.02    0.09    0.06   10.06 ^ CLK100MHZ (in)
                                         CLK100MHZ (net)
                  0.09    0.00   10.06 ^ clkbuf_0_CLK100MHZ/A (sky130_fd_sc_hd__clkbuf_16)
     4    0.04    0.06    0.15   10.22 ^ clkbuf_0_CLK100MHZ/X (sky130_fd_sc_hd__clkbuf_16)
                                         clknet_0_CLK100MHZ (net)
                  0.06    0.00   10.22 ^ clkbuf_2_2__f_CLK100MHZ/A (sky130_fd_sc_hd__clkbuf_16)
     8    0.03    0.05    0.14   10.36 ^ clkbuf_2_2__f_CLK100MHZ/X (sky130_fd_sc_hd__clkbuf_16)
                                         clknet_2_2__leaf_CLK100MHZ (net)
                  0.05    0.00   10.36 ^ _263_/CLK (sky130_fd_sc_hd__dfrtp_1)
                         -0.25   10.11   clock uncertainty
                          0.04   10.14   clock reconvergence pessimism
                         -0.13   10.02   library setup time
                                 10.02   data required time
-----------------------------------------------------------------------------
                                 10.02   data required time
                                 -2.47   data arrival time
-----------------------------------------------------------------------------
                                  7.54   slack (MET)


Startpoint: _250_ (rising edge-triggered flip-flop clocked by CLK100MHZ)
Endpoint: _257_ (rising edge-triggered flip-flop clocked by CLK100MHZ)
Path Group: CLK100MHZ
Path Type: max
Corner: Typical

Fanout     Cap    Slew   Delay    Time   Description
-----------------------------------------------------------------------------
                          0.00    0.00   clock CLK100MHZ (rise edge)
                          0.00    0.00   clock source latency
     1    0.02    0.09    0.07    0.07 ^ CLK100MHZ (in)
                                         CLK100MHZ (net)
                  0.09    0.00    0.07 ^ clkbuf_0_CLK100MHZ/A (sky130_fd_sc_hd__clkbuf_16)
     4    0.04    0.06    0.17    0.24 ^ clkbuf_0_CLK100MHZ/X (sky130_fd_sc_hd__clkbuf_16)
                                         clknet_0_CLK100MHZ (net)
                  0.06    0.00    0.24 ^ clkbuf_2_2__f_CLK100MHZ/A (sky130_fd_sc_hd__clkbuf_16)
     8    0.03    0.05    0.15    0.39 ^ clkbuf_2_2__f_CLK100MHZ/X (sky130_fd_sc_hd__clkbuf_16)
                                         clknet_2_2__leaf_CLK100MHZ (net)
                  0.05    0.00    0.39 ^ _250_/CLK (sky130_fd_sc_hd__dfrtp_2)
     5    0.04    0.22    0.51    0.90 ^ _250_/Q (sky130_fd_sc_hd__dfrtp_2)
                                         decoder.delay[0] (net)
                  0.22    0.00    0.90 ^ _126_/B (sky130_fd_sc_hd__and4_2)
     6    0.04    0.22    0.43    1.33 ^ _126_/X (sky130_fd_sc_hd__and4_2)
                                         _059_ (net)
                  0.22    0.00    1.33 ^ _182_/B (sky130_fd_sc_hd__and3_1)
     2    0.01    0.14    0.27    1.60 ^ _182_/X (sky130_fd_sc_hd__and3_1)
                                         _093_ (net)
                  0.14    0.00    1.61 ^ _183_/A (sky130_fd_sc_hd__buf_2)
    10    0.06    0.29    0.32    1.93 ^ _183_/X (sky130_fd_sc_hd__buf_2)
                                         _094_ (net)
                  0.29    0.00    1.94 ^ _185_/A_N (sky130_fd_sc_hd__and2b_1)
     1    0.02    0.12    0.32    2.25 v _185_/X (sky130_fd_sc_hd__and2b_1)
                                         _096_ (net)
                  0.12    0.00    2.26 v _186_/A (sky130_fd_sc_hd__buf_1)
     1    0.02    0.09    0.19    2.44 v _186_/X (sky130_fd_sc_hd__buf_1)
                                         _022_ (net)
                  0.09    0.00    2.44 v _257_/D (sky130_fd_sc_hd__dfrtp_1)
                                  2.44   data arrival time

                         10.00   10.00   clock CLK100MHZ (rise edge)
                          0.00   10.00   clock source latency
     1    0.02    0.09    0.06   10.06 ^ CLK100MHZ (in)
                                         CLK100MHZ (net)
                  0.09    0.00   10.06 ^ clkbuf_0_CLK100MHZ/A (sky130_fd_sc_hd__clkbuf_16)
     4    0.04    0.06    0.15   10.22 ^ clkbuf_0_CLK100MHZ/X (sky130_fd_sc_hd__clkbuf_16)
                                         clknet_0_CLK100MHZ (net)
                  0.06    0.00   10.22 ^ clkbuf_2_3__f_CLK100MHZ/A (sky130_fd_sc_hd__clkbuf_16)
     8    0.03    0.05    0.13   10.35 ^ clkbuf_2_3__f_CLK100MHZ/X (sky130_fd_sc_hd__clkbuf_16)
                                         clknet_2_3__leaf_CLK100MHZ (net)
                  0.05    0.00   10.35 ^ _257_/CLK (sky130_fd_sc_hd__dfrtp_1)
                         -0.25   10.10   clock uncertainty
                          0.02   10.13   clock reconvergence pessimism
                         -0.13    9.99   library setup time
                                  9.99   data required time
-----------------------------------------------------------------------------
                                  9.99   data required time
                                 -2.44   data arrival time
-----------------------------------------------------------------------------
                                  7.55   slack (MET)


Startpoint: _250_ (rising edge-triggered flip-flop clocked by CLK100MHZ)
Endpoint: _259_ (rising edge-triggered flip-flop clocked by CLK100MHZ)
Path Group: CLK100MHZ
Path Type: max
Corner: Typical

Fanout     Cap    Slew   Delay    Time   Description
-----------------------------------------------------------------------------
                          0.00    0.00   clock CLK100MHZ (rise edge)
                          0.00    0.00   clock source latency
     1    0.02    0.09    0.07    0.07 ^ CLK100MHZ (in)
                                         CLK100MHZ (net)
                  0.09    0.00    0.07 ^ clkbuf_0_CLK100MHZ/A (sky130_fd_sc_hd__clkbuf_16)
     4    0.04    0.06    0.17    0.24 ^ clkbuf_0_CLK100MHZ/X (sky130_fd_sc_hd__clkbuf_16)
                                         clknet_0_CLK100MHZ (net)
                  0.06    0.00    0.24 ^ clkbuf_2_2__f_CLK100MHZ/A (sky130_fd_sc_hd__clkbuf_16)
     8    0.03    0.05    0.15    0.39 ^ clkbuf_2_2__f_CLK100MHZ/X (sky130_fd_sc_hd__clkbuf_16)
                                         clknet_2_2__leaf_CLK100MHZ (net)
                  0.05    0.00    0.39 ^ _250_/CLK (sky130_fd_sc_hd__dfrtp_2)
     5    0.04    0.22    0.51    0.90 ^ _250_/Q (sky130_fd_sc_hd__dfrtp_2)
                                         decoder.delay[0] (net)
                  0.22    0.00    0.90 ^ _126_/B (sky130_fd_sc_hd__and4_2)
     6    0.04    0.22    0.43    1.33 ^ _126_/X (sky130_fd_sc_hd__and4_2)
                                         _059_ (net)
                  0.22    0.00    1.33 ^ _182_/B (sky130_fd_sc_hd__and3_1)
     2    0.01    0.14    0.27    1.60 ^ _182_/X (sky130_fd_sc_hd__and3_1)
                                         _093_ (net)
                  0.14    0.00    1.61 ^ _183_/A (sky130_fd_sc_hd__buf_2)
    10    0.06    0.29    0.32    1.93 ^ _183_/X (sky130_fd_sc_hd__buf_2)
                                         _094_ (net)
                  0.29    0.00    1.93 ^ _188_/B (sky130_fd_sc_hd__nand2_1)
     2    0.02    0.18    0.24    2.17 v _188_/Y (sky130_fd_sc_hd__nand2_1)
                                         _098_ (net)
                  0.18    0.00    2.17 v _191_/B (sky130_fd_sc_hd__xnor2_1)
     1    0.01    0.24    0.29    2.46 ^ _191_/Y (sky130_fd_sc_hd__xnor2_1)
                                         _024_ (net)
                  0.24    0.00    2.46 ^ _259_/D (sky130_fd_sc_hd__dfrtp_2)
                                  2.46   data arrival time

                         10.00   10.00   clock CLK100MHZ (rise edge)
                          0.00   10.00   clock source latency
     1    0.02    0.09    0.06   10.06 ^ CLK100MHZ (in)
                                         CLK100MHZ (net)
                  0.09    0.00   10.06 ^ clkbuf_0_CLK100MHZ/A (sky130_fd_sc_hd__clkbuf_16)
     4    0.04    0.06    0.15   10.22 ^ clkbuf_0_CLK100MHZ/X (sky130_fd_sc_hd__clkbuf_16)
                                         clknet_0_CLK100MHZ (net)
                  0.06    0.00   10.22 ^ clkbuf_2_1__f_CLK100MHZ/A (sky130_fd_sc_hd__clkbuf_16)
     8    0.02    0.05    0.13   10.35 ^ clkbuf_2_1__f_CLK100MHZ/X (sky130_fd_sc_hd__clkbuf_16)
                                         clknet_2_1__leaf_CLK100MHZ (net)
                  0.05    0.00   10.35 ^ _259_/CLK (sky130_fd_sc_hd__dfrtp_2)
                         -0.25   10.10   clock uncertainty
                          0.02   10.12   clock reconvergence pessimism
                         -0.11   10.01   library setup time
                                 10.01   data required time
-----------------------------------------------------------------------------
                                 10.01   data required time
                                 -2.46   data arrival time
-----------------------------------------------------------------------------
                                  7.55   slack (MET)


Startpoint: _260_ (rising edge-triggered flip-flop clocked by CLK100MHZ)
Endpoint: _247_ (rising edge-triggered flip-flop clocked by CLK100MHZ)
Path Group: CLK100MHZ
Path Type: max
Corner: Typical

Fanout     Cap    Slew   Delay    Time   Description
-----------------------------------------------------------------------------
                          0.00    0.00   clock CLK100MHZ (rise edge)
                          0.00    0.00   clock source latency
     1    0.02    0.09    0.07    0.07 ^ CLK100MHZ (in)
                                         CLK100MHZ (net)
                  0.09    0.00    0.07 ^ clkbuf_0_CLK100MHZ/A (sky130_fd_sc_hd__clkbuf_16)
     4    0.04    0.06    0.17    0.24 ^ clkbuf_0_CLK100MHZ/X (sky130_fd_sc_hd__clkbuf_16)
                                         clknet_0_CLK100MHZ (net)
                  0.06    0.00    0.24 ^ clkbuf_2_1__f_CLK100MHZ/A (sky130_fd_sc_hd__clkbuf_16)
     8    0.02    0.05    0.14    0.39 ^ clkbuf_2_1__f_CLK100MHZ/X (sky130_fd_sc_hd__clkbuf_16)
                                         clknet_2_1__leaf_CLK100MHZ (net)
                  0.05    0.00    0.39 ^ _260_/CLK (sky130_fd_sc_hd__dfrtp_1)
     3    0.03    0.27    0.51    0.90 ^ _260_/Q (sky130_fd_sc_hd__dfrtp_1)
                                         decoder.delay[10] (net)
                  0.27    0.00    0.90 ^ _124_/D (sky130_fd_sc_hd__and4_1)
     4    0.03    0.30    0.44    1.34 ^ _124_/X (sky130_fd_sc_hd__and4_1)
                                         _119_ (net)
                  0.30    0.00    1.34 ^ _128_/A (sky130_fd_sc_hd__and4_2)
     7    0.05    0.26    0.48    1.82 ^ _128_/X (sky130_fd_sc_hd__and4_2)
                                         _061_ (net)
                  0.26    0.00    1.82 ^ _139_/D (sky130_fd_sc_hd__and4_1)
     2    0.02    0.19    0.35    2.18 ^ _139_/X (sky130_fd_sc_hd__and4_1)
                                         _070_ (net)
                  0.19    0.00    2.18 ^ _140_/B (sky130_fd_sc_hd__xor2_1)
     1    0.01    0.25    0.28    2.46 ^ _140_/X (sky130_fd_sc_hd__xor2_1)
                                         _055_ (net)
                  0.25    0.00    2.46 ^ _247_/D (sky130_fd_sc_hd__dfrtp_4)
                                  2.46   data arrival time

                         10.00   10.00   clock CLK100MHZ (rise edge)
                          0.00   10.00   clock source latency
     1    0.02    0.09    0.06   10.06 ^ CLK100MHZ (in)
                                         CLK100MHZ (net)
                  0.09    0.00   10.06 ^ clkbuf_0_CLK100MHZ/A (sky130_fd_sc_hd__clkbuf_16)
     4    0.04    0.06    0.15   10.22 ^ clkbuf_0_CLK100MHZ/X (sky130_fd_sc_hd__clkbuf_16)
                                         clknet_0_CLK100MHZ (net)
                  0.06    0.00   10.22 ^ clkbuf_2_3__f_CLK100MHZ/A (sky130_fd_sc_hd__clkbuf_16)
     8    0.03    0.05    0.13   10.35 ^ clkbuf_2_3__f_CLK100MHZ/X (sky130_fd_sc_hd__clkbuf_16)
                                         clknet_2_3__leaf_CLK100MHZ (net)
                  0.05    0.00   10.35 ^ _247_/CLK (sky130_fd_sc_hd__dfrtp_4)
                         -0.25   10.10   clock uncertainty
                          0.02   10.13   clock reconvergence pessimism
                         -0.11   10.02   library setup time
                                 10.02   data required time
-----------------------------------------------------------------------------
                                 10.02   data required time
                                 -2.46   data arrival time
-----------------------------------------------------------------------------
                                  7.55   slack (MET)


Startpoint: _260_ (rising edge-triggered flip-flop clocked by CLK100MHZ)
Endpoint: _269_ (rising edge-triggered flip-flop clocked by CLK100MHZ)
Path Group: CLK100MHZ
Path Type: max
Corner: Typical

Fanout     Cap    Slew   Delay    Time   Description
-----------------------------------------------------------------------------
                          0.00    0.00   clock CLK100MHZ (rise edge)
                          0.00    0.00   clock source latency
     1    0.02    0.09    0.07    0.07 ^ CLK100MHZ (in)
                                         CLK100MHZ (net)
                  0.09    0.00    0.07 ^ clkbuf_0_CLK100MHZ/A (sky130_fd_sc_hd__clkbuf_16)
     4    0.04    0.06    0.17    0.24 ^ clkbuf_0_CLK100MHZ/X (sky130_fd_sc_hd__clkbuf_16)
                                         clknet_0_CLK100MHZ (net)
                  0.06    0.00    0.24 ^ clkbuf_2_1__f_CLK100MHZ/A (sky130_fd_sc_hd__clkbuf_16)
     8    0.02    0.05    0.14    0.39 ^ clkbuf_2_1__f_CLK100MHZ/X (sky130_fd_sc_hd__clkbuf_16)
                                         clknet_2_1__leaf_CLK100MHZ (net)
                  0.05    0.00    0.39 ^ _260_/CLK (sky130_fd_sc_hd__dfrtp_1)
     3    0.03    0.27    0.51    0.90 ^ _260_/Q (sky130_fd_sc_hd__dfrtp_1)
                                         decoder.delay[10] (net)
                  0.27    0.00    0.90 ^ _124_/D (sky130_fd_sc_hd__and4_1)
     4    0.03    0.30    0.44    1.34 ^ _124_/X (sky130_fd_sc_hd__and4_1)
                                         _119_ (net)
                  0.30    0.00    1.34 ^ _128_/A (sky130_fd_sc_hd__and4_2)
     7    0.05    0.26    0.48    1.82 ^ _128_/X (sky130_fd_sc_hd__and4_2)
                                         _061_ (net)
                  0.26    0.00    1.82 ^ _134_/A (sky130_fd_sc_hd__clkbuf_4)
    10    0.06    0.20    0.33    2.16 ^ _134_/X (sky130_fd_sc_hd__clkbuf_4)
                                         _066_ (net)
                  0.20    0.01    2.16 ^ _213_/A2_N (sky130_fd_sc_hd__o2bb2a_1)
     1    0.01    0.08    0.29    2.45 v _213_/X (sky130_fd_sc_hd__o2bb2a_1)
                                         _010_ (net)
                  0.08    0.00    2.45 v _269_/D (sky130_fd_sc_hd__dfrtp_1)
                                  2.45   data arrival time

                         10.00   10.00   clock CLK100MHZ (rise edge)
                          0.00   10.00   clock source latency
     1    0.02    0.09    0.06   10.06 ^ CLK100MHZ (in)
                                         CLK100MHZ (net)
                  0.09    0.00   10.06 ^ clkbuf_0_CLK100MHZ/A (sky130_fd_sc_hd__clkbuf_16)
     4    0.04    0.06    0.15   10.22 ^ clkbuf_0_CLK100MHZ/X (sky130_fd_sc_hd__clkbuf_16)
                                         clknet_0_CLK100MHZ (net)
                  0.06    0.00   10.22 ^ clkbuf_2_2__f_CLK100MHZ/A (sky130_fd_sc_hd__clkbuf_16)
     8    0.03    0.05    0.14   10.36 ^ clkbuf_2_2__f_CLK100MHZ/X (sky130_fd_sc_hd__clkbuf_16)
                                         clknet_2_2__leaf_CLK100MHZ (net)
                  0.05    0.00   10.36 ^ _269_/CLK (sky130_fd_sc_hd__dfrtp_1)
                         -0.25   10.11   clock uncertainty
                          0.02   10.13   clock reconvergence pessimism
                         -0.13   10.00   library setup time
                                 10.00   data required time
-----------------------------------------------------------------------------
                                 10.00   data required time
                                 -2.45   data arrival time
-----------------------------------------------------------------------------
                                  7.55   slack (MET)


Startpoint: _260_ (rising edge-triggered flip-flop clocked by CLK100MHZ)
Endpoint: _267_ (rising edge-triggered flip-flop clocked by CLK100MHZ)
Path Group: CLK100MHZ
Path Type: max
Corner: Typical

Fanout     Cap    Slew   Delay    Time   Description
-----------------------------------------------------------------------------
                          0.00    0.00   clock CLK100MHZ (rise edge)
                          0.00    0.00   clock source latency
     1    0.02    0.09    0.07    0.07 ^ CLK100MHZ (in)
                                         CLK100MHZ (net)
                  0.09    0.00    0.07 ^ clkbuf_0_CLK100MHZ/A (sky130_fd_sc_hd__clkbuf_16)
     4    0.04    0.06    0.17    0.24 ^ clkbuf_0_CLK100MHZ/X (sky130_fd_sc_hd__clkbuf_16)
                                         clknet_0_CLK100MHZ (net)
                  0.06    0.00    0.24 ^ clkbuf_2_1__f_CLK100MHZ/A (sky130_fd_sc_hd__clkbuf_16)
     8    0.02    0.05    0.14    0.39 ^ clkbuf_2_1__f_CLK100MHZ/X (sky130_fd_sc_hd__clkbuf_16)
                                         clknet_2_1__leaf_CLK100MHZ (net)
                  0.05    0.00    0.39 ^ _260_/CLK (sky130_fd_sc_hd__dfrtp_1)
     3    0.03    0.27    0.51    0.90 ^ _260_/Q (sky130_fd_sc_hd__dfrtp_1)
                                         decoder.delay[10] (net)
                  0.27    0.00    0.90 ^ _124_/D (sky130_fd_sc_hd__and4_1)
     4    0.03    0.30    0.44    1.34 ^ _124_/X (sky130_fd_sc_hd__and4_1)
                                         _119_ (net)
                  0.30    0.00    1.34 ^ _128_/A (sky130_fd_sc_hd__and4_2)
     7    0.05    0.26    0.48    1.82 ^ _128_/X (sky130_fd_sc_hd__and4_2)
                                         _061_ (net)
                  0.26    0.00    1.82 ^ _134_/A (sky130_fd_sc_hd__clkbuf_4)
    10    0.06    0.20    0.33    2.16 ^ _134_/X (sky130_fd_sc_hd__clkbuf_4)
                                         _066_ (net)
                  0.20    0.01    2.16 ^ _208_/A2 (sky130_fd_sc_hd__a21oi_1)
     1    0.01    0.08    0.12    2.28 v _208_/Y (sky130_fd_sc_hd__a21oi_1)
                                         _109_ (net)
                  0.08    0.00    2.28 v _210_/A (sky130_fd_sc_hd__nor2_1)
     1    0.01    0.18    0.19    2.48 ^ _210_/Y (sky130_fd_sc_hd__nor2_1)
                                         _008_ (net)
                  0.18    0.00    2.48 ^ _267_/D (sky130_fd_sc_hd__dfrtp_1)
                                  2.48   data arrival time

                         10.00   10.00   clock CLK100MHZ (rise edge)
                          0.00   10.00   clock source latency
     1    0.02    0.09    0.06   10.06 ^ CLK100MHZ (in)
                                         CLK100MHZ (net)
                  0.09    0.00   10.06 ^ clkbuf_0_CLK100MHZ/A (sky130_fd_sc_hd__clkbuf_16)
     4    0.04    0.06    0.15   10.22 ^ clkbuf_0_CLK100MHZ/X (sky130_fd_sc_hd__clkbuf_16)
                                         clknet_0_CLK100MHZ (net)
                  0.06    0.00   10.22 ^ clkbuf_2_3__f_CLK100MHZ/A (sky130_fd_sc_hd__clkbuf_16)
     8    0.03    0.05    0.13   10.35 ^ clkbuf_2_3__f_CLK100MHZ/X (sky130_fd_sc_hd__clkbuf_16)
                                         clknet_2_3__leaf_CLK100MHZ (net)
                  0.05    0.00   10.35 ^ _267_/CLK (sky130_fd_sc_hd__dfrtp_1)
                         -0.25   10.10   clock uncertainty
                          0.02   10.13   clock reconvergence pessimism
                         -0.09   10.04   library setup time
                                 10.04   data required time
-----------------------------------------------------------------------------
                                 10.04   data required time
                                 -2.48   data arrival time
-----------------------------------------------------------------------------
                                  7.56   slack (MET)


Startpoint: _250_ (rising edge-triggered flip-flop clocked by CLK100MHZ)
Endpoint: _264_ (rising edge-triggered flip-flop clocked by CLK100MHZ)
Path Group: CLK100MHZ
Path Type: max
Corner: Typical

Fanout     Cap    Slew   Delay    Time   Description
-----------------------------------------------------------------------------
                          0.00    0.00   clock CLK100MHZ (rise edge)
                          0.00    0.00   clock source latency
     1    0.02    0.09    0.07    0.07 ^ CLK100MHZ (in)
                                         CLK100MHZ (net)
                  0.09    0.00    0.07 ^ clkbuf_0_CLK100MHZ/A (sky130_fd_sc_hd__clkbuf_16)
     4    0.04    0.06    0.17    0.24 ^ clkbuf_0_CLK100MHZ/X (sky130_fd_sc_hd__clkbuf_16)
                                         clknet_0_CLK100MHZ (net)
                  0.06    0.00    0.24 ^ clkbuf_2_2__f_CLK100MHZ/A (sky130_fd_sc_hd__clkbuf_16)
     8    0.03    0.05    0.15    0.39 ^ clkbuf_2_2__f_CLK100MHZ/X (sky130_fd_sc_hd__clkbuf_16)
                                         clknet_2_2__leaf_CLK100MHZ (net)
                  0.05    0.00    0.39 ^ _250_/CLK (sky130_fd_sc_hd__dfrtp_2)
     5    0.04    0.22    0.51    0.90 ^ _250_/Q (sky130_fd_sc_hd__dfrtp_2)
                                         decoder.delay[0] (net)
                  0.22    0.00    0.90 ^ _126_/B (sky130_fd_sc_hd__and4_2)
     6    0.04    0.22    0.43    1.33 ^ _126_/X (sky130_fd_sc_hd__and4_2)
                                         _059_ (net)
                  0.22    0.00    1.33 ^ _182_/B (sky130_fd_sc_hd__and3_1)
     2    0.01    0.14    0.27    1.60 ^ _182_/X (sky130_fd_sc_hd__and3_1)
                                         _093_ (net)
                  0.14    0.00    1.61 ^ _183_/A (sky130_fd_sc_hd__buf_2)
    10    0.06    0.29    0.32    1.93 ^ _183_/X (sky130_fd_sc_hd__buf_2)
                                         _094_ (net)
                  0.29    0.00    1.93 ^ _201_/D (sky130_fd_sc_hd__and4_1)
     2    0.01    0.14    0.32    2.25 ^ _201_/X (sky130_fd_sc_hd__and4_1)
                                         _106_ (net)
                  0.14    0.00    2.25 ^ _204_/B1 (sky130_fd_sc_hd__o2bb2a_1)
     1    0.01    0.10    0.21    2.47 ^ _204_/X (sky130_fd_sc_hd__o2bb2a_1)
                                         _005_ (net)
                  0.10    0.00    2.47 ^ _264_/D (sky130_fd_sc_hd__dfrtp_1)
                                  2.47   data arrival time

                         10.00   10.00   clock CLK100MHZ (rise edge)
                          0.00   10.00   clock source latency
     1    0.02    0.09    0.06   10.06 ^ CLK100MHZ (in)
                                         CLK100MHZ (net)
                  0.09    0.00   10.06 ^ clkbuf_0_CLK100MHZ/A (sky130_fd_sc_hd__clkbuf_16)
     4    0.04    0.06    0.15   10.22 ^ clkbuf_0_CLK100MHZ/X (sky130_fd_sc_hd__clkbuf_16)
                                         clknet_0_CLK100MHZ (net)
                  0.06    0.00   10.22 ^ clkbuf_2_0__f_CLK100MHZ/A (sky130_fd_sc_hd__clkbuf_16)
     8    0.03    0.05    0.13   10.35 ^ clkbuf_2_0__f_CLK100MHZ/X (sky130_fd_sc_hd__clkbuf_16)
                                         clknet_2_0__leaf_CLK100MHZ (net)
                  0.05    0.00   10.35 ^ _264_/CLK (sky130_fd_sc_hd__dfrtp_1)
                         -0.25   10.10   clock uncertainty
                          0.02   10.13   clock reconvergence pessimism
                         -0.07   10.06   library setup time
                                 10.06   data required time
-----------------------------------------------------------------------------
                                 10.06   data required time
                                 -2.47   data arrival time
-----------------------------------------------------------------------------
                                  7.59   slack (MET)


Startpoint: _260_ (rising edge-triggered flip-flop clocked by CLK100MHZ)
Endpoint: _274_ (rising edge-triggered flip-flop clocked by CLK100MHZ)
Path Group: CLK100MHZ
Path Type: max
Corner: Typical

Fanout     Cap    Slew   Delay    Time   Description
-----------------------------------------------------------------------------
                          0.00    0.00   clock CLK100MHZ (rise edge)
                          0.00    0.00   clock source latency
     1    0.02    0.09    0.07    0.07 ^ CLK100MHZ (in)
                                         CLK100MHZ (net)
                  0.09    0.00    0.07 ^ clkbuf_0_CLK100MHZ/A (sky130_fd_sc_hd__clkbuf_16)
     4    0.04    0.06    0.17    0.24 ^ clkbuf_0_CLK100MHZ/X (sky130_fd_sc_hd__clkbuf_16)
                                         clknet_0_CLK100MHZ (net)
                  0.06    0.00    0.24 ^ clkbuf_2_1__f_CLK100MHZ/A (sky130_fd_sc_hd__clkbuf_16)
     8    0.02    0.05    0.14    0.39 ^ clkbuf_2_1__f_CLK100MHZ/X (sky130_fd_sc_hd__clkbuf_16)
                                         clknet_2_1__leaf_CLK100MHZ (net)
                  0.05    0.00    0.39 ^ _260_/CLK (sky130_fd_sc_hd__dfrtp_1)
     3    0.03    0.27    0.51    0.90 ^ _260_/Q (sky130_fd_sc_hd__dfrtp_1)
                                         decoder.delay[10] (net)
                  0.27    0.00    0.90 ^ _124_/D (sky130_fd_sc_hd__and4_1)
     4    0.03    0.30    0.44    1.34 ^ _124_/X (sky130_fd_sc_hd__and4_1)
                                         _119_ (net)
                  0.30    0.00    1.34 ^ _128_/A (sky130_fd_sc_hd__and4_2)
     7    0.05    0.26    0.48    1.82 ^ _128_/X (sky130_fd_sc_hd__and4_2)
                                         _061_ (net)
                  0.26    0.01    1.82 ^ _150_/B (sky130_fd_sc_hd__nand2_1)
     2    0.03    0.21    0.26    2.08 v _150_/Y (sky130_fd_sc_hd__nand2_1)
                                         _076_ (net)
                  0.21    0.00    2.09 v _154_/B (sky130_fd_sc_hd__xnor2_1)
     1    0.01    0.25    0.32    2.40 ^ _154_/Y (sky130_fd_sc_hd__xnor2_1)
                                         _016_ (net)
                  0.25    0.00    2.40 ^ _274_/D (sky130_fd_sc_hd__dfrtp_2)
                                  2.40   data arrival time

                         10.00   10.00   clock CLK100MHZ (rise edge)
                          0.00   10.00   clock source latency
     1    0.02    0.09    0.06   10.06 ^ CLK100MHZ (in)
                                         CLK100MHZ (net)
                  0.09    0.00   10.06 ^ clkbuf_0_CLK100MHZ/A (sky130_fd_sc_hd__clkbuf_16)
     4    0.04    0.06    0.15   10.22 ^ clkbuf_0_CLK100MHZ/X (sky130_fd_sc_hd__clkbuf_16)
                                         clknet_0_CLK100MHZ (net)
                  0.06    0.00   10.22 ^ clkbuf_2_3__f_CLK100MHZ/A (sky130_fd_sc_hd__clkbuf_16)
     8    0.03    0.05    0.13   10.35 ^ clkbuf_2_3__f_CLK100MHZ/X (sky130_fd_sc_hd__clkbuf_16)
                                         clknet_2_3__leaf_CLK100MHZ (net)
                  0.05    0.00   10.35 ^ _274_/CLK (sky130_fd_sc_hd__dfrtp_2)
                         -0.25   10.10   clock uncertainty
                          0.02   10.13   clock reconvergence pessimism
                         -0.11   10.02   library setup time
                                 10.02   data required time
-----------------------------------------------------------------------------
                                 10.02   data required time
                                 -2.40   data arrival time
-----------------------------------------------------------------------------
                                  7.61   slack (MET)


Startpoint: BTNC (input port clocked by CLK100MHZ)
Endpoint: _248_ (recovery check against rising-edge clock CLK100MHZ)
Path Group: asynchronous
Path Type: max
Corner: Typical

Fanout     Cap    Slew   Delay    Time   Description
-----------------------------------------------------------------------------
                          0.00    0.00   clock CLK100MHZ (rise edge)
                          0.00    0.00   clock network delay (propagated)
                          2.00    2.00 v input external delay
     2    0.02    0.05    0.04    2.04 v BTNC (in)
                                         BTNC (net)
                  0.05    0.00    2.04 v _214_/A (sky130_fd_sc_hd__buf_4)
    10    0.07    0.10    0.21    2.25 v _214_/X (sky130_fd_sc_hd__buf_4)
                                         _112_ (net)
                  0.10    0.01    2.26 v _215_/A (sky130_fd_sc_hd__buf_4)
    10    0.08    0.10    0.24    2.50 v _215_/X (sky130_fd_sc_hd__buf_4)
                                         _113_ (net)
                  0.10    0.01    2.51 v _218_/A (sky130_fd_sc_hd__inv_2)
     1    0.02    0.09    0.12    2.63 ^ _218_/Y (sky130_fd_sc_hd__inv_2)
                                         _027_ (net)
                  0.09    0.00    2.63 ^ _248_/RESET_B (sky130_fd_sc_hd__dfrtp_4)
                                  2.63   data arrival time

                         10.00   10.00   clock CLK100MHZ (rise edge)
                          0.00   10.00   clock source latency
     1    0.02    0.09    0.06   10.06 ^ CLK100MHZ (in)
                                         CLK100MHZ (net)
                  0.09    0.00   10.06 ^ clkbuf_0_CLK100MHZ/A (sky130_fd_sc_hd__clkbuf_16)
     4    0.04    0.06    0.15   10.22 ^ clkbuf_0_CLK100MHZ/X (sky130_fd_sc_hd__clkbuf_16)
                                         clknet_0_CLK100MHZ (net)
                  0.06    0.00   10.22 ^ clkbuf_2_0__f_CLK100MHZ/A (sky130_fd_sc_hd__clkbuf_16)
     8    0.03    0.05    0.13   10.35 ^ clkbuf_2_0__f_CLK100MHZ/X (sky130_fd_sc_hd__clkbuf_16)
                                         clknet_2_0__leaf_CLK100MHZ (net)
                  0.05    0.00   10.35 ^ _248_/CLK (sky130_fd_sc_hd__dfrtp_4)
                         -0.25   10.10   clock uncertainty
                          0.00   10.10   clock reconvergence pessimism
                          0.20   10.31   library recovery time
                                 10.31   data required time
-----------------------------------------------------------------------------
                                 10.31   data required time
                                 -2.63   data arrival time
-----------------------------------------------------------------------------
                                  7.68   slack (MET)


Startpoint: BTNC (input port clocked by CLK100MHZ)
Endpoint: _252_ (recovery check against rising-edge clock CLK100MHZ)
Path Group: asynchronous
Path Type: max
Corner: Typical

Fanout     Cap    Slew   Delay    Time   Description
-----------------------------------------------------------------------------
                          0.00    0.00   clock CLK100MHZ (rise edge)
                          0.00    0.00   clock network delay (propagated)
                          2.00    2.00 v input external delay
     2    0.02    0.05    0.04    2.04 v BTNC (in)
                                         BTNC (net)
                  0.05    0.00    2.04 v _214_/A (sky130_fd_sc_hd__buf_4)
    10    0.07    0.10    0.21    2.25 v _214_/X (sky130_fd_sc_hd__buf_4)
                                         _112_ (net)
                  0.10    0.01    2.26 v _215_/A (sky130_fd_sc_hd__buf_4)
    10    0.08    0.10    0.24    2.50 v _215_/X (sky130_fd_sc_hd__buf_4)
                                         _113_ (net)
                  0.10    0.01    2.50 v _222_/A (sky130_fd_sc_hd__inv_2)
     1    0.02    0.10    0.12    2.63 ^ _222_/Y (sky130_fd_sc_hd__inv_2)
                                         _031_ (net)
                  0.10    0.00    2.63 ^ _252_/RESET_B (sky130_fd_sc_hd__dfrtp_2)
                                  2.63   data arrival time

                         10.00   10.00   clock CLK100MHZ (rise edge)
                          0.00   10.00   clock source latency
     1    0.02    0.09    0.06   10.06 ^ CLK100MHZ (in)
                                         CLK100MHZ (net)
                  0.09    0.00   10.06 ^ clkbuf_0_CLK100MHZ/A (sky130_fd_sc_hd__clkbuf_16)
     4    0.04    0.06    0.15   10.22 ^ clkbuf_0_CLK100MHZ/X (sky130_fd_sc_hd__clkbuf_16)
                                         clknet_0_CLK100MHZ (net)
                  0.06    0.00   10.22 ^ clkbuf_2_2__f_CLK100MHZ/A (sky130_fd_sc_hd__clkbuf_16)
     8    0.03    0.05    0.14   10.36 ^ clkbuf_2_2__f_CLK100MHZ/X (sky130_fd_sc_hd__clkbuf_16)
                                         clknet_2_2__leaf_CLK100MHZ (net)
                  0.05    0.00   10.36 ^ _252_/CLK (sky130_fd_sc_hd__dfrtp_2)
                         -0.25   10.11   clock uncertainty
                          0.00   10.11   clock reconvergence pessimism
                          0.21   10.31   library recovery time
                                 10.31   data required time
-----------------------------------------------------------------------------
                                 10.31   data required time
                                 -2.63   data arrival time
-----------------------------------------------------------------------------
                                  7.68   slack (MET)


Startpoint: _260_ (rising edge-triggered flip-flop clocked by CLK100MHZ)
Endpoint: _266_ (rising edge-triggered flip-flop clocked by CLK100MHZ)
Path Group: CLK100MHZ
Path Type: max
Corner: Typical

Fanout     Cap    Slew   Delay    Time   Description
-----------------------------------------------------------------------------
                          0.00    0.00   clock CLK100MHZ (rise edge)
                          0.00    0.00   clock source latency
     1    0.02    0.09    0.07    0.07 ^ CLK100MHZ (in)
                                         CLK100MHZ (net)
                  0.09    0.00    0.07 ^ clkbuf_0_CLK100MHZ/A (sky130_fd_sc_hd__clkbuf_16)
     4    0.04    0.06    0.17    0.24 ^ clkbuf_0_CLK100MHZ/X (sky130_fd_sc_hd__clkbuf_16)
                                         clknet_0_CLK100MHZ (net)
                  0.06    0.00    0.24 ^ clkbuf_2_1__f_CLK100MHZ/A (sky130_fd_sc_hd__clkbuf_16)
     8    0.02    0.05    0.14    0.39 ^ clkbuf_2_1__f_CLK100MHZ/X (sky130_fd_sc_hd__clkbuf_16)
                                         clknet_2_1__leaf_CLK100MHZ (net)
                  0.05    0.00    0.39 ^ _260_/CLK (sky130_fd_sc_hd__dfrtp_1)
     3    0.03    0.27    0.51    0.90 ^ _260_/Q (sky130_fd_sc_hd__dfrtp_1)
                                         decoder.delay[10] (net)
                  0.27    0.00    0.90 ^ _124_/D (sky130_fd_sc_hd__and4_1)
     4    0.03    0.30    0.44    1.34 ^ _124_/X (sky130_fd_sc_hd__and4_1)
                                         _119_ (net)
                  0.30    0.00    1.34 ^ _128_/A (sky130_fd_sc_hd__and4_2)
     7    0.05    0.26    0.48    1.82 ^ _128_/X (sky130_fd_sc_hd__and4_2)
                                         _061_ (net)
                  0.26    0.00    1.82 ^ _134_/A (sky130_fd_sc_hd__clkbuf_4)
    10    0.06    0.20    0.33    2.16 ^ _134_/X (sky130_fd_sc_hd__clkbuf_4)
                                         _066_ (net)
                  0.20    0.00    2.16 ^ _207_/B (sky130_fd_sc_hd__xor2_1)
     1    0.00    0.14    0.19    2.35 ^ _207_/X (sky130_fd_sc_hd__xor2_1)
                                         _007_ (net)
                  0.14    0.00    2.35 ^ _266_/D (sky130_fd_sc_hd__dfrtp_2)
                                  2.35   data arrival time

                         10.00   10.00   clock CLK100MHZ (rise edge)
                          0.00   10.00   clock source latency
     1    0.02    0.09    0.06   10.06 ^ CLK100MHZ (in)
                                         CLK100MHZ (net)
                  0.09    0.00   10.06 ^ clkbuf_0_CLK100MHZ/A (sky130_fd_sc_hd__clkbuf_16)
     4    0.04    0.06    0.15   10.22 ^ clkbuf_0_CLK100MHZ/X (sky130_fd_sc_hd__clkbuf_16)
                                         clknet_0_CLK100MHZ (net)
                  0.06    0.00   10.22 ^ clkbuf_2_0__f_CLK100MHZ/A (sky130_fd_sc_hd__clkbuf_16)
     8    0.03    0.05    0.13   10.35 ^ clkbuf_2_0__f_CLK100MHZ/X (sky130_fd_sc_hd__clkbuf_16)
                                         clknet_2_0__leaf_CLK100MHZ (net)
                  0.05    0.00   10.35 ^ _266_/CLK (sky130_fd_sc_hd__dfrtp_2)
                         -0.25   10.10   clock uncertainty
                          0.02   10.13   clock reconvergence pessimism
                         -0.09   10.04   library setup time
                                 10.04   data required time
-----------------------------------------------------------------------------
                                 10.04   data required time
                                 -2.35   data arrival time
-----------------------------------------------------------------------------
                                  7.69   slack (MET)


Startpoint: BTNC (input port clocked by CLK100MHZ)
Endpoint: _254_ (recovery check against rising-edge clock CLK100MHZ)
Path Group: asynchronous
Path Type: max
Corner: Typical

Fanout     Cap    Slew   Delay    Time   Description
-----------------------------------------------------------------------------
                          0.00    0.00   clock CLK100MHZ (rise edge)
                          0.00    0.00   clock network delay (propagated)
                          2.00    2.00 v input external delay
     2    0.02    0.05    0.04    2.04 v BTNC (in)
                                         BTNC (net)
                  0.05    0.00    2.04 v _214_/A (sky130_fd_sc_hd__buf_4)
    10    0.07    0.10    0.21    2.25 v _214_/X (sky130_fd_sc_hd__buf_4)
                                         _112_ (net)
                  0.10    0.01    2.26 v _215_/A (sky130_fd_sc_hd__buf_4)
    10    0.08    0.10    0.24    2.50 v _215_/X (sky130_fd_sc_hd__buf_4)
                                         _113_ (net)
                  0.10    0.01    2.51 v _224_/A (sky130_fd_sc_hd__inv_2)
     1    0.01    0.08    0.11    2.62 ^ _224_/Y (sky130_fd_sc_hd__inv_2)
                                         _033_ (net)
                  0.08    0.00    2.62 ^ _254_/RESET_B (sky130_fd_sc_hd__dfrtp_2)
                                  2.62   data arrival time

                         10.00   10.00   clock CLK100MHZ (rise edge)
                          0.00   10.00   clock source latency
     1    0.02    0.09    0.06   10.06 ^ CLK100MHZ (in)
                                         CLK100MHZ (net)
                  0.09    0.00   10.06 ^ clkbuf_0_CLK100MHZ/A (sky130_fd_sc_hd__clkbuf_16)
     4    0.04    0.06    0.15   10.22 ^ clkbuf_0_CLK100MHZ/X (sky130_fd_sc_hd__clkbuf_16)
                                         clknet_0_CLK100MHZ (net)
                  0.06    0.00   10.22 ^ clkbuf_2_1__f_CLK100MHZ/A (sky130_fd_sc_hd__clkbuf_16)
     8    0.02    0.05    0.13   10.35 ^ clkbuf_2_1__f_CLK100MHZ/X (sky130_fd_sc_hd__clkbuf_16)
                                         clknet_2_1__leaf_CLK100MHZ (net)
                  0.05    0.00   10.35 ^ _254_/CLK (sky130_fd_sc_hd__dfrtp_2)
                         -0.25   10.10   clock uncertainty
                          0.00   10.10   clock reconvergence pessimism
                          0.21   10.31   library recovery time
                                 10.31   data required time
-----------------------------------------------------------------------------
                                 10.31   data required time
                                 -2.62   data arrival time
-----------------------------------------------------------------------------
                                  7.69   slack (MET)


Startpoint: BTNC (input port clocked by CLK100MHZ)
Endpoint: _250_ (recovery check against rising-edge clock CLK100MHZ)
Path Group: asynchronous
Path Type: max
Corner: Typical

Fanout     Cap    Slew   Delay    Time   Description
-----------------------------------------------------------------------------
                          0.00    0.00   clock CLK100MHZ (rise edge)
                          0.00    0.00   clock network delay (propagated)
                          2.00    2.00 v input external delay
     2    0.02    0.05    0.04    2.04 v BTNC (in)
                                         BTNC (net)
                  0.05    0.00    2.04 v _214_/A (sky130_fd_sc_hd__buf_4)
    10    0.07    0.10    0.21    2.25 v _214_/X (sky130_fd_sc_hd__buf_4)
                                         _112_ (net)
                  0.10    0.01    2.26 v _215_/A (sky130_fd_sc_hd__buf_4)
    10    0.08    0.10    0.24    2.50 v _215_/X (sky130_fd_sc_hd__buf_4)
                                         _113_ (net)
                  0.10    0.01    2.50 v _220_/A (sky130_fd_sc_hd__inv_2)
     1    0.02    0.09    0.12    2.62 ^ _220_/Y (sky130_fd_sc_hd__inv_2)
                                         _029_ (net)
                  0.09    0.00    2.62 ^ _250_/RESET_B (sky130_fd_sc_hd__dfrtp_2)
                                  2.62   data arrival time

                         10.00   10.00   clock CLK100MHZ (rise edge)
                          0.00   10.00   clock source latency
     1    0.02    0.09    0.06   10.06 ^ CLK100MHZ (in)
                                         CLK100MHZ (net)
                  0.09    0.00   10.06 ^ clkbuf_0_CLK100MHZ/A (sky130_fd_sc_hd__clkbuf_16)
     4    0.04    0.06    0.15   10.22 ^ clkbuf_0_CLK100MHZ/X (sky130_fd_sc_hd__clkbuf_16)
                                         clknet_0_CLK100MHZ (net)
                  0.06    0.00   10.22 ^ clkbuf_2_2__f_CLK100MHZ/A (sky130_fd_sc_hd__clkbuf_16)
     8    0.03    0.05    0.14   10.36 ^ clkbuf_2_2__f_CLK100MHZ/X (sky130_fd_sc_hd__clkbuf_16)
                                         clknet_2_2__leaf_CLK100MHZ (net)
                  0.05    0.00   10.36 ^ _250_/CLK (sky130_fd_sc_hd__dfrtp_2)
                         -0.25   10.11   clock uncertainty
                          0.00   10.11   clock reconvergence pessimism
                          0.21   10.32   library recovery time
                                 10.32   data required time
-----------------------------------------------------------------------------
                                 10.32   data required time
                                 -2.62   data arrival time
-----------------------------------------------------------------------------
                                  7.69   slack (MET)


Startpoint: _250_ (rising edge-triggered flip-flop clocked by CLK100MHZ)
Endpoint: _260_ (rising edge-triggered flip-flop clocked by CLK100MHZ)
Path Group: CLK100MHZ
Path Type: max
Corner: Typical

Fanout     Cap    Slew   Delay    Time   Description
-----------------------------------------------------------------------------
                          0.00    0.00   clock CLK100MHZ (rise edge)
                          0.00    0.00   clock source latency
     1    0.02    0.09    0.07    0.07 ^ CLK100MHZ (in)
                                         CLK100MHZ (net)
                  0.09    0.00    0.07 ^ clkbuf_0_CLK100MHZ/A (sky130_fd_sc_hd__clkbuf_16)
     4    0.04    0.06    0.17    0.24 ^ clkbuf_0_CLK100MHZ/X (sky130_fd_sc_hd__clkbuf_16)
                                         clknet_0_CLK100MHZ (net)
                  0.06    0.00    0.24 ^ clkbuf_2_2__f_CLK100MHZ/A (sky130_fd_sc_hd__clkbuf_16)
     8    0.03    0.05    0.15    0.39 ^ clkbuf_2_2__f_CLK100MHZ/X (sky130_fd_sc_hd__clkbuf_16)
                                         clknet_2_2__leaf_CLK100MHZ (net)
                  0.05    0.00    0.39 ^ _250_/CLK (sky130_fd_sc_hd__dfrtp_2)
     5    0.04    0.22    0.51    0.90 ^ _250_/Q (sky130_fd_sc_hd__dfrtp_2)
                                         decoder.delay[0] (net)
                  0.22    0.00    0.90 ^ _126_/B (sky130_fd_sc_hd__and4_2)
     6    0.04    0.22    0.43    1.33 ^ _126_/X (sky130_fd_sc_hd__and4_2)
                                         _059_ (net)
                  0.22    0.00    1.33 ^ _182_/B (sky130_fd_sc_hd__and3_1)
     2    0.01    0.14    0.27    1.60 ^ _182_/X (sky130_fd_sc_hd__and3_1)
                                         _093_ (net)
                  0.14    0.00    1.61 ^ _183_/A (sky130_fd_sc_hd__buf_2)
    10    0.06    0.29    0.32    1.93 ^ _183_/X (sky130_fd_sc_hd__buf_2)
                                         _094_ (net)
                  0.29    0.00    1.93 ^ _193_/A3 (sky130_fd_sc_hd__a31o_1)
     1    0.01    0.10    0.24    2.17 ^ _193_/X (sky130_fd_sc_hd__a31o_1)
                                         _101_ (net)
                  0.10    0.00    2.17 ^ _194_/B1_N (sky130_fd_sc_hd__a21boi_1)
     1    0.00    0.11    0.17    2.35 ^ _194_/Y (sky130_fd_sc_hd__a21boi_1)
                                         _001_ (net)
                  0.11    0.00    2.35 ^ _260_/D (sky130_fd_sc_hd__dfrtp_1)
                                  2.35   data arrival time

                         10.00   10.00   clock CLK100MHZ (rise edge)
                          0.00   10.00   clock source latency
     1    0.02    0.09    0.06   10.06 ^ CLK100MHZ (in)
                                         CLK100MHZ (net)
                  0.09    0.00   10.06 ^ clkbuf_0_CLK100MHZ/A (sky130_fd_sc_hd__clkbuf_16)
     4    0.04    0.06    0.15   10.22 ^ clkbuf_0_CLK100MHZ/X (sky130_fd_sc_hd__clkbuf_16)
                                         clknet_0_CLK100MHZ (net)
                  0.06    0.00   10.22 ^ clkbuf_2_1__f_CLK100MHZ/A (sky130_fd_sc_hd__clkbuf_16)
     8    0.02    0.05    0.13   10.35 ^ clkbuf_2_1__f_CLK100MHZ/X (sky130_fd_sc_hd__clkbuf_16)
                                         clknet_2_1__leaf_CLK100MHZ (net)
                  0.05    0.00   10.35 ^ _260_/CLK (sky130_fd_sc_hd__dfrtp_1)
                         -0.25   10.10   clock uncertainty
                          0.02   10.12   clock reconvergence pessimism
                         -0.08   10.05   library setup time
                                 10.05   data required time
-----------------------------------------------------------------------------
                                 10.05   data required time
                                 -2.35   data arrival time
-----------------------------------------------------------------------------
                                  7.70   slack (MET)


Startpoint: BTNC (input port clocked by CLK100MHZ)
Endpoint: _255_ (recovery check against rising-edge clock CLK100MHZ)
Path Group: asynchronous
Path Type: max
Corner: Typical

Fanout     Cap    Slew   Delay    Time   Description
-----------------------------------------------------------------------------
                          0.00    0.00   clock CLK100MHZ (rise edge)
                          0.00    0.00   clock network delay (propagated)
                          2.00    2.00 v input external delay
     2    0.02    0.05    0.04    2.04 v BTNC (in)
                                         BTNC (net)
                  0.05    0.00    2.04 v _214_/A (sky130_fd_sc_hd__buf_4)
    10    0.07    0.10    0.21    2.25 v _214_/X (sky130_fd_sc_hd__buf_4)
                                         _112_ (net)
                  0.10    0.01    2.26 v _215_/A (sky130_fd_sc_hd__buf_4)
    10    0.08    0.10    0.24    2.50 v _215_/X (sky130_fd_sc_hd__buf_4)
                                         _113_ (net)
                  0.10    0.01    2.51 v _225_/A (sky130_fd_sc_hd__inv_2)
     1    0.01    0.07    0.11    2.61 ^ _225_/Y (sky130_fd_sc_hd__inv_2)
                                         _034_ (net)
                  0.07    0.00    2.61 ^ _255_/RESET_B (sky130_fd_sc_hd__dfrtp_2)
                                  2.61   data arrival time

                         10.00   10.00   clock CLK100MHZ (rise edge)
                          0.00   10.00   clock source latency
     1    0.02    0.09    0.06   10.06 ^ CLK100MHZ (in)
                                         CLK100MHZ (net)
                  0.09    0.00   10.06 ^ clkbuf_0_CLK100MHZ/A (sky130_fd_sc_hd__clkbuf_16)
     4    0.04    0.06    0.15   10.22 ^ clkbuf_0_CLK100MHZ/X (sky130_fd_sc_hd__clkbuf_16)
                                         clknet_0_CLK100MHZ (net)
                  0.06    0.00   10.22 ^ clkbuf_2_0__f_CLK100MHZ/A (sky130_fd_sc_hd__clkbuf_16)
     8    0.03    0.05    0.13   10.35 ^ clkbuf_2_0__f_CLK100MHZ/X (sky130_fd_sc_hd__clkbuf_16)
                                         clknet_2_0__leaf_CLK100MHZ (net)
                  0.05    0.00   10.35 ^ _255_/CLK (sky130_fd_sc_hd__dfrtp_2)
                         -0.25   10.10   clock uncertainty
                          0.00   10.10   clock reconvergence pessimism
                          0.21   10.32   library recovery time
                                 10.32   data required time
-----------------------------------------------------------------------------
                                 10.32   data required time
                                 -2.61   data arrival time
-----------------------------------------------------------------------------
                                  7.70   slack (MET)


Startpoint: _250_ (rising edge-triggered flip-flop clocked by CLK100MHZ)
Endpoint: _265_ (rising edge-triggered flip-flop clocked by CLK100MHZ)
Path Group: CLK100MHZ
Path Type: max
Corner: Typical

Fanout     Cap    Slew   Delay    Time   Description
-----------------------------------------------------------------------------
                          0.00    0.00   clock CLK100MHZ (rise edge)
                          0.00    0.00   clock source latency
     1    0.02    0.09    0.07    0.07 ^ CLK100MHZ (in)
                                         CLK100MHZ (net)
                  0.09    0.00    0.07 ^ clkbuf_0_CLK100MHZ/A (sky130_fd_sc_hd__clkbuf_16)
     4    0.04    0.06    0.17    0.24 ^ clkbuf_0_CLK100MHZ/X (sky130_fd_sc_hd__clkbuf_16)
                                         clknet_0_CLK100MHZ (net)
                  0.06    0.00    0.24 ^ clkbuf_2_2__f_CLK100MHZ/A (sky130_fd_sc_hd__clkbuf_16)
     8    0.03    0.05    0.15    0.39 ^ clkbuf_2_2__f_CLK100MHZ/X (sky130_fd_sc_hd__clkbuf_16)
                                         clknet_2_2__leaf_CLK100MHZ (net)
                  0.05    0.00    0.39 ^ _250_/CLK (sky130_fd_sc_hd__dfrtp_2)
     5    0.04    0.22    0.51    0.90 ^ _250_/Q (sky130_fd_sc_hd__dfrtp_2)
                                         decoder.delay[0] (net)
                  0.22    0.00    0.90 ^ _126_/B (sky130_fd_sc_hd__and4_2)
     6    0.04    0.22    0.43    1.33 ^ _126_/X (sky130_fd_sc_hd__and4_2)
                                         _059_ (net)
                  0.22    0.00    1.33 ^ _182_/B (sky130_fd_sc_hd__and3_1)
     2    0.01    0.14    0.27    1.60 ^ _182_/X (sky130_fd_sc_hd__and3_1)
                                         _093_ (net)
                  0.14    0.00    1.61 ^ _183_/A (sky130_fd_sc_hd__buf_2)
    10    0.06    0.29    0.32    1.93 ^ _183_/X (sky130_fd_sc_hd__buf_2)
                                         _094_ (net)
                  0.29    0.00    1.94 ^ _205_/A2 (sky130_fd_sc_hd__a21oi_1)
     1    0.00    0.09    0.14    2.07 v _205_/Y (sky130_fd_sc_hd__a21oi_1)
                                         _108_ (net)
                  0.09    0.00    2.07 v _206_/B (sky130_fd_sc_hd__nor2_1)
     1    0.01    0.25    0.24    2.31 ^ _206_/Y (sky130_fd_sc_hd__nor2_1)
                                         _006_ (net)
                  0.25    0.00    2.31 ^ _265_/D (sky130_fd_sc_hd__dfrtp_1)
                                  2.31   data arrival time

                         10.00   10.00   clock CLK100MHZ (rise edge)
                          0.00   10.00   clock source latency
     1    0.02    0.09    0.06   10.06 ^ CLK100MHZ (in)
                                         CLK100MHZ (net)
                  0.09    0.00   10.06 ^ clkbuf_0_CLK100MHZ/A (sky130_fd_sc_hd__clkbuf_16)
     4    0.04    0.06    0.15   10.22 ^ clkbuf_0_CLK100MHZ/X (sky130_fd_sc_hd__clkbuf_16)
                                         clknet_0_CLK100MHZ (net)
                  0.06    0.00   10.22 ^ clkbuf_2_1__f_CLK100MHZ/A (sky130_fd_sc_hd__clkbuf_16)
     8    0.02    0.05    0.13   10.35 ^ clkbuf_2_1__f_CLK100MHZ/X (sky130_fd_sc_hd__clkbuf_16)
                                         clknet_2_1__leaf_CLK100MHZ (net)
                  0.05    0.00   10.35 ^ _265_/CLK (sky130_fd_sc_hd__dfrtp_1)
                         -0.25   10.10   clock uncertainty
                          0.02   10.12   clock reconvergence pessimism
                         -0.11   10.02   library setup time
                                 10.02   data required time
-----------------------------------------------------------------------------
                                 10.02   data required time
                                 -2.31   data arrival time
-----------------------------------------------------------------------------
                                  7.70   slack (MET)


Startpoint: _260_ (rising edge-triggered flip-flop clocked by CLK100MHZ)
Endpoint: _268_ (rising edge-triggered flip-flop clocked by CLK100MHZ)
Path Group: CLK100MHZ
Path Type: max
Corner: Typical

Fanout     Cap    Slew   Delay    Time   Description
-----------------------------------------------------------------------------
                          0.00    0.00   clock CLK100MHZ (rise edge)
                          0.00    0.00   clock source latency
     1    0.02    0.09    0.07    0.07 ^ CLK100MHZ (in)
                                         CLK100MHZ (net)
                  0.09    0.00    0.07 ^ clkbuf_0_CLK100MHZ/A (sky130_fd_sc_hd__clkbuf_16)
     4    0.04    0.06    0.17    0.24 ^ clkbuf_0_CLK100MHZ/X (sky130_fd_sc_hd__clkbuf_16)
                                         clknet_0_CLK100MHZ (net)
                  0.06    0.00    0.24 ^ clkbuf_2_1__f_CLK100MHZ/A (sky130_fd_sc_hd__clkbuf_16)
     8    0.02    0.05    0.14    0.39 ^ clkbuf_2_1__f_CLK100MHZ/X (sky130_fd_sc_hd__clkbuf_16)
                                         clknet_2_1__leaf_CLK100MHZ (net)
                  0.05    0.00    0.39 ^ _260_/CLK (sky130_fd_sc_hd__dfrtp_1)
     3    0.03    0.27    0.51    0.90 ^ _260_/Q (sky130_fd_sc_hd__dfrtp_1)
                                         decoder.delay[10] (net)
                  0.27    0.00    0.90 ^ _124_/D (sky130_fd_sc_hd__and4_1)
     4    0.03    0.30    0.44    1.34 ^ _124_/X (sky130_fd_sc_hd__and4_1)
                                         _119_ (net)
                  0.30    0.00    1.34 ^ _128_/A (sky130_fd_sc_hd__and4_2)
     7    0.05    0.26    0.48    1.82 ^ _128_/X (sky130_fd_sc_hd__and4_2)
                                         _061_ (net)
                  0.26    0.00    1.82 ^ _209_/C (sky130_fd_sc_hd__and3_1)
     2    0.02    0.21    0.33    2.15 ^ _209_/X (sky130_fd_sc_hd__and3_1)
                                         _110_ (net)
                  0.21    0.00    2.16 ^ _211_/B (sky130_fd_sc_hd__xor2_1)
     1    0.00    0.13    0.18    2.34 ^ _211_/X (sky130_fd_sc_hd__xor2_1)
                                         _009_ (net)
                  0.13    0.00    2.34 ^ _268_/D (sky130_fd_sc_hd__dfrtp_2)
                                  2.34   data arrival time

                         10.00   10.00   clock CLK100MHZ (rise edge)
                          0.00   10.00   clock source latency
     1    0.02    0.09    0.06   10.06 ^ CLK100MHZ (in)
                                         CLK100MHZ (net)
                  0.09    0.00   10.06 ^ clkbuf_0_CLK100MHZ/A (sky130_fd_sc_hd__clkbuf_16)
     4    0.04    0.06    0.15   10.22 ^ clkbuf_0_CLK100MHZ/X (sky130_fd_sc_hd__clkbuf_16)
                                         clknet_0_CLK100MHZ (net)
                  0.06    0.00   10.22 ^ clkbuf_2_1__f_CLK100MHZ/A (sky130_fd_sc_hd__clkbuf_16)
     8    0.02    0.05    0.13   10.35 ^ clkbuf_2_1__f_CLK100MHZ/X (sky130_fd_sc_hd__clkbuf_16)
                                         clknet_2_1__leaf_CLK100MHZ (net)
                  0.05    0.00   10.35 ^ _268_/CLK (sky130_fd_sc_hd__dfrtp_2)
                         -0.25   10.10   clock uncertainty
                          0.04   10.14   clock reconvergence pessimism
                         -0.08   10.05   library setup time
                                 10.05   data required time
-----------------------------------------------------------------------------
                                 10.05   data required time
                                 -2.34   data arrival time
-----------------------------------------------------------------------------
                                  7.71   slack (MET)


Startpoint: BTNC (input port clocked by CLK100MHZ)
Endpoint: _247_ (recovery check against rising-edge clock CLK100MHZ)
Path Group: asynchronous
Path Type: max
Corner: Typical

Fanout     Cap    Slew   Delay    Time   Description
-----------------------------------------------------------------------------
                          0.00    0.00   clock CLK100MHZ (rise edge)
                          0.00    0.00   clock network delay (propagated)
                          2.00    2.00 v input external delay
     2    0.02    0.05    0.04    2.04 v BTNC (in)
                                         BTNC (net)
                  0.05    0.00    2.04 v _214_/A (sky130_fd_sc_hd__buf_4)
    10    0.07    0.10    0.21    2.25 v _214_/X (sky130_fd_sc_hd__buf_4)
                                         _112_ (net)
                  0.10    0.01    2.26 v _215_/A (sky130_fd_sc_hd__buf_4)
    10    0.08    0.10    0.24    2.50 v _215_/X (sky130_fd_sc_hd__buf_4)
                                         _113_ (net)
                  0.10    0.01    2.51 v _217_/A (sky130_fd_sc_hd__inv_2)
     1    0.01    0.06    0.09    2.60 ^ _217_/Y (sky130_fd_sc_hd__inv_2)
                                         _026_ (net)
                  0.06    0.00    2.60 ^ _247_/RESET_B (sky130_fd_sc_hd__dfrtp_4)
                                  2.60   data arrival time

                         10.00   10.00   clock CLK100MHZ (rise edge)
                          0.00   10.00   clock source latency
     1    0.02    0.09    0.06   10.06 ^ CLK100MHZ (in)
                                         CLK100MHZ (net)
                  0.09    0.00   10.06 ^ clkbuf_0_CLK100MHZ/A (sky130_fd_sc_hd__clkbuf_16)
     4    0.04    0.06    0.15   10.22 ^ clkbuf_0_CLK100MHZ/X (sky130_fd_sc_hd__clkbuf_16)
                                         clknet_0_CLK100MHZ (net)
                  0.06    0.00   10.22 ^ clkbuf_2_3__f_CLK100MHZ/A (sky130_fd_sc_hd__clkbuf_16)
     8    0.03    0.05    0.13   10.35 ^ clkbuf_2_3__f_CLK100MHZ/X (sky130_fd_sc_hd__clkbuf_16)
                                         clknet_2_3__leaf_CLK100MHZ (net)
                  0.05    0.00   10.35 ^ _247_/CLK (sky130_fd_sc_hd__dfrtp_4)
                         -0.25   10.10   clock uncertainty
                          0.00   10.10   clock reconvergence pessimism
                          0.22   10.32   library recovery time
                                 10.32   data required time
-----------------------------------------------------------------------------
                                 10.32   data required time
                                 -2.60   data arrival time
-----------------------------------------------------------------------------
                                  7.72   slack (MET)


Startpoint: BTNC (input port clocked by CLK100MHZ)
Endpoint: _249_ (recovery check against rising-edge clock CLK100MHZ)
Path Group: asynchronous
Path Type: max
Corner: Typical

Fanout     Cap    Slew   Delay    Time   Description
-----------------------------------------------------------------------------
                          0.00    0.00   clock CLK100MHZ (rise edge)
                          0.00    0.00   clock network delay (propagated)
                          2.00    2.00 v input external delay
     2    0.02    0.05    0.04    2.04 v BTNC (in)
                                         BTNC (net)
                  0.05    0.00    2.04 v _214_/A (sky130_fd_sc_hd__buf_4)
    10    0.07    0.10    0.21    2.25 v _214_/X (sky130_fd_sc_hd__buf_4)
                                         _112_ (net)
                  0.10    0.01    2.26 v _215_/A (sky130_fd_sc_hd__buf_4)
    10    0.08    0.10    0.24    2.50 v _215_/X (sky130_fd_sc_hd__buf_4)
                                         _113_ (net)
                  0.10    0.01    2.51 v _219_/A (sky130_fd_sc_hd__inv_2)
     1    0.01    0.05    0.09    2.59 ^ _219_/Y (sky130_fd_sc_hd__inv_2)
                                         _028_ (net)
                  0.05    0.00    2.59 ^ _249_/RESET_B (sky130_fd_sc_hd__dfrtp_4)
                                  2.59   data arrival time

                         10.00   10.00   clock CLK100MHZ (rise edge)
                          0.00   10.00   clock source latency
     1    0.02    0.09    0.06   10.06 ^ CLK100MHZ (in)
                                         CLK100MHZ (net)
                  0.09    0.00   10.06 ^ clkbuf_0_CLK100MHZ/A (sky130_fd_sc_hd__clkbuf_16)
     4    0.04    0.06    0.15   10.22 ^ clkbuf_0_CLK100MHZ/X (sky130_fd_sc_hd__clkbuf_16)
                                         clknet_0_CLK100MHZ (net)
                  0.06    0.00   10.22 ^ clkbuf_2_3__f_CLK100MHZ/A (sky130_fd_sc_hd__clkbuf_16)
     8    0.03    0.05    0.13   10.35 ^ clkbuf_2_3__f_CLK100MHZ/X (sky130_fd_sc_hd__clkbuf_16)
                                         clknet_2_3__leaf_CLK100MHZ (net)
                  0.05    0.00   10.35 ^ _249_/CLK (sky130_fd_sc_hd__dfrtp_4)
                         -0.25   10.10   clock uncertainty
                          0.00   10.10   clock reconvergence pessimism
                          0.22   10.32   library recovery time
                                 10.32   data required time
-----------------------------------------------------------------------------
                                 10.32   data required time
                                 -2.59   data arrival time
-----------------------------------------------------------------------------
                                  7.73   slack (MET)


Startpoint: BTNC (input port clocked by CLK100MHZ)
Endpoint: _246_ (recovery check against rising-edge clock CLK100MHZ)
Path Group: asynchronous
Path Type: max
Corner: Typical

Fanout     Cap    Slew   Delay    Time   Description
-----------------------------------------------------------------------------
                          0.00    0.00   clock CLK100MHZ (rise edge)
                          0.00    0.00   clock network delay (propagated)
                          2.00    2.00 v input external delay
     2    0.02    0.05    0.04    2.04 v BTNC (in)
                                         BTNC (net)
                  0.05    0.00    2.04 v _214_/A (sky130_fd_sc_hd__buf_4)
    10    0.07    0.10    0.21    2.25 v _214_/X (sky130_fd_sc_hd__buf_4)
                                         _112_ (net)
                  0.10    0.01    2.26 v _215_/A (sky130_fd_sc_hd__buf_4)
    10    0.08    0.10    0.24    2.50 v _215_/X (sky130_fd_sc_hd__buf_4)
                                         _113_ (net)
                  0.10    0.01    2.51 v _216_/A (sky130_fd_sc_hd__inv_2)
     1    0.01    0.05    0.08    2.59 ^ _216_/Y (sky130_fd_sc_hd__inv_2)
                                         _025_ (net)
                  0.05    0.00    2.59 ^ _246_/RESET_B (sky130_fd_sc_hd__dfrtp_4)
                                  2.59   data arrival time

                         10.00   10.00   clock CLK100MHZ (rise edge)
                          0.00   10.00   clock source latency
     1    0.02    0.09    0.06   10.06 ^ CLK100MHZ (in)
                                         CLK100MHZ (net)
                  0.09    0.00   10.06 ^ clkbuf_0_CLK100MHZ/A (sky130_fd_sc_hd__clkbuf_16)
     4    0.04    0.06    0.15   10.22 ^ clkbuf_0_CLK100MHZ/X (sky130_fd_sc_hd__clkbuf_16)
                                         clknet_0_CLK100MHZ (net)
                  0.06    0.00   10.22 ^ clkbuf_2_1__f_CLK100MHZ/A (sky130_fd_sc_hd__clkbuf_16)
     8    0.02    0.05    0.13   10.35 ^ clkbuf_2_1__f_CLK100MHZ/X (sky130_fd_sc_hd__clkbuf_16)
                                         clknet_2_1__leaf_CLK100MHZ (net)
                  0.05    0.00   10.35 ^ _246_/CLK (sky130_fd_sc_hd__dfrtp_4)
                         -0.25   10.10   clock uncertainty
                          0.00   10.10   clock reconvergence pessimism
                          0.22   10.32   library recovery time
                                 10.32   data required time
-----------------------------------------------------------------------------
                                 10.32   data required time
                                 -2.59   data arrival time
-----------------------------------------------------------------------------
                                  7.73   slack (MET)


Startpoint: BTNC (input port clocked by CLK100MHZ)
Endpoint: _251_ (recovery check against rising-edge clock CLK100MHZ)
Path Group: asynchronous
Path Type: max
Corner: Typical

Fanout     Cap    Slew   Delay    Time   Description
-----------------------------------------------------------------------------
                          0.00    0.00   clock CLK100MHZ (rise edge)
                          0.00    0.00   clock network delay (propagated)
                          2.00    2.00 v input external delay
     2    0.02    0.05    0.04    2.04 v BTNC (in)
                                         BTNC (net)
                  0.05    0.00    2.04 v _214_/A (sky130_fd_sc_hd__buf_4)
    10    0.07    0.10    0.21    2.25 v _214_/X (sky130_fd_sc_hd__buf_4)
                                         _112_ (net)
                  0.10    0.01    2.26 v _215_/A (sky130_fd_sc_hd__buf_4)
    10    0.08    0.10    0.24    2.50 v _215_/X (sky130_fd_sc_hd__buf_4)
                                         _113_ (net)
                  0.10    0.00    2.50 v _221_/A (sky130_fd_sc_hd__inv_2)
     1    0.01    0.06    0.09    2.59 ^ _221_/Y (sky130_fd_sc_hd__inv_2)
                                         _030_ (net)
                  0.06    0.00    2.59 ^ _251_/RESET_B (sky130_fd_sc_hd__dfrtp_2)
                                  2.59   data arrival time

                         10.00   10.00   clock CLK100MHZ (rise edge)
                          0.00   10.00   clock source latency
     1    0.02    0.09    0.06   10.06 ^ CLK100MHZ (in)
                                         CLK100MHZ (net)
                  0.09    0.00   10.06 ^ clkbuf_0_CLK100MHZ/A (sky130_fd_sc_hd__clkbuf_16)
     4    0.04    0.06    0.15   10.22 ^ clkbuf_0_CLK100MHZ/X (sky130_fd_sc_hd__clkbuf_16)
                                         clknet_0_CLK100MHZ (net)
                  0.06    0.00   10.22 ^ clkbuf_2_2__f_CLK100MHZ/A (sky130_fd_sc_hd__clkbuf_16)
     8    0.03    0.05    0.14   10.36 ^ clkbuf_2_2__f_CLK100MHZ/X (sky130_fd_sc_hd__clkbuf_16)
                                         clknet_2_2__leaf_CLK100MHZ (net)
                  0.05    0.00   10.36 ^ _251_/CLK (sky130_fd_sc_hd__dfrtp_2)
                         -0.25   10.11   clock uncertainty
                          0.00   10.11   clock reconvergence pessimism
                          0.22   10.32   library recovery time
                                 10.32   data required time
-----------------------------------------------------------------------------
                                 10.32   data required time
                                 -2.59   data arrival time
-----------------------------------------------------------------------------
                                  7.73   slack (MET)


Startpoint: BTNC (input port clocked by CLK100MHZ)
Endpoint: _253_ (recovery check against rising-edge clock CLK100MHZ)
Path Group: asynchronous
Path Type: max
Corner: Typical

Fanout     Cap    Slew   Delay    Time   Description
-----------------------------------------------------------------------------
                          0.00    0.00   clock CLK100MHZ (rise edge)
                          0.00    0.00   clock network delay (propagated)
                          2.00    2.00 v input external delay
     2    0.02    0.05    0.04    2.04 v BTNC (in)
                                         BTNC (net)
                  0.05    0.00    2.04 v _214_/A (sky130_fd_sc_hd__buf_4)
    10    0.07    0.10    0.21    2.25 v _214_/X (sky130_fd_sc_hd__buf_4)
                                         _112_ (net)
                  0.10    0.01    2.26 v _215_/A (sky130_fd_sc_hd__buf_4)
    10    0.08    0.10    0.24    2.50 v _215_/X (sky130_fd_sc_hd__buf_4)
                                         _113_ (net)
                  0.10    0.01    2.51 v _223_/A (sky130_fd_sc_hd__inv_2)
     1    0.01    0.05    0.09    2.59 ^ _223_/Y (sky130_fd_sc_hd__inv_2)
                                         _032_ (net)
                  0.05    0.00    2.59 ^ _253_/RESET_B (sky130_fd_sc_hd__dfrtp_1)
                                  2.59   data arrival time

                         10.00   10.00   clock CLK100MHZ (rise edge)
                          0.00   10.00   clock source latency
     1    0.02    0.09    0.06   10.06 ^ CLK100MHZ (in)
                                         CLK100MHZ (net)
                  0.09    0.00   10.06 ^ clkbuf_0_CLK100MHZ/A (sky130_fd_sc_hd__clkbuf_16)
     4    0.04    0.06    0.15   10.22 ^ clkbuf_0_CLK100MHZ/X (sky130_fd_sc_hd__clkbuf_16)
                                         clknet_0_CLK100MHZ (net)
                  0.06    0.00   10.22 ^ clkbuf_2_2__f_CLK100MHZ/A (sky130_fd_sc_hd__clkbuf_16)
     8    0.03    0.05    0.14   10.36 ^ clkbuf_2_2__f_CLK100MHZ/X (sky130_fd_sc_hd__clkbuf_16)
                                         clknet_2_2__leaf_CLK100MHZ (net)
                  0.05    0.00   10.36 ^ _253_/CLK (sky130_fd_sc_hd__dfrtp_1)
                         -0.25   10.11   clock uncertainty
                          0.00   10.11   clock reconvergence pessimism
                          0.23   10.34   library recovery time
                                 10.34   data required time
-----------------------------------------------------------------------------
                                 10.34   data required time
                                 -2.59   data arrival time
-----------------------------------------------------------------------------
                                  7.74   slack (MET)


Startpoint: BTNC (input port clocked by CLK100MHZ)
Endpoint: _265_ (recovery check against rising-edge clock CLK100MHZ)
Path Group: asynchronous
Path Type: max
Corner: Typical

Fanout     Cap    Slew   Delay    Time   Description
-----------------------------------------------------------------------------
                          0.00    0.00   clock CLK100MHZ (rise edge)
                          0.00    0.00   clock network delay (propagated)
                          2.00    2.00 v input external delay
     2    0.02    0.05    0.04    2.04 v BTNC (in)
                                         BTNC (net)
                  0.05    0.00    2.04 v _226_/A (sky130_fd_sc_hd__buf_4)
    10    0.09    0.11    0.23    2.27 v _226_/X (sky130_fd_sc_hd__buf_4)
                                         _114_ (net)
                  0.11    0.01    2.27 v _236_/A (sky130_fd_sc_hd__inv_2)
     1    0.02    0.09    0.13    2.40 ^ _236_/Y (sky130_fd_sc_hd__inv_2)
                                         _044_ (net)
                  0.09    0.00    2.40 ^ _265_/RESET_B (sky130_fd_sc_hd__dfrtp_1)
                                  2.40   data arrival time

                         10.00   10.00   clock CLK100MHZ (rise edge)
                          0.00   10.00   clock source latency
     1    0.02    0.09    0.06   10.06 ^ CLK100MHZ (in)
                                         CLK100MHZ (net)
                  0.09    0.00   10.06 ^ clkbuf_0_CLK100MHZ/A (sky130_fd_sc_hd__clkbuf_16)
     4    0.04    0.06    0.15   10.22 ^ clkbuf_0_CLK100MHZ/X (sky130_fd_sc_hd__clkbuf_16)
                                         clknet_0_CLK100MHZ (net)
                  0.06    0.00   10.22 ^ clkbuf_2_1__f_CLK100MHZ/A (sky130_fd_sc_hd__clkbuf_16)
     8    0.02    0.05    0.13   10.35 ^ clkbuf_2_1__f_CLK100MHZ/X (sky130_fd_sc_hd__clkbuf_16)
                                         clknet_2_1__leaf_CLK100MHZ (net)
                  0.05    0.00   10.35 ^ _265_/CLK (sky130_fd_sc_hd__dfrtp_1)
                         -0.25   10.10   clock uncertainty
                          0.00   10.10   clock reconvergence pessimism
                          0.22   10.32   library recovery time
                                 10.32   data required time
-----------------------------------------------------------------------------
                                 10.32   data required time
                                 -2.40   data arrival time
-----------------------------------------------------------------------------
                                  7.91   slack (MET)


Startpoint: BTNC (input port clocked by CLK100MHZ)
Endpoint: _260_ (recovery check against rising-edge clock CLK100MHZ)
Path Group: asynchronous
Path Type: max
Corner: Typical

Fanout     Cap    Slew   Delay    Time   Description
-----------------------------------------------------------------------------
                          0.00    0.00   clock CLK100MHZ (rise edge)
                          0.00    0.00   clock network delay (propagated)
                          2.00    2.00 v input external delay
     2    0.02    0.05    0.04    2.04 v BTNC (in)
                                         BTNC (net)
                  0.05    0.00    2.04 v _226_/A (sky130_fd_sc_hd__buf_4)
    10    0.09    0.11    0.23    2.27 v _226_/X (sky130_fd_sc_hd__buf_4)
                                         _114_ (net)
                  0.11    0.01    2.27 v _231_/A (sky130_fd_sc_hd__inv_2)
     1    0.02    0.09    0.13    2.40 ^ _231_/Y (sky130_fd_sc_hd__inv_2)
                                         _039_ (net)
                  0.09    0.00    2.40 ^ _260_/RESET_B (sky130_fd_sc_hd__dfrtp_1)
                                  2.40   data arrival time

                         10.00   10.00   clock CLK100MHZ (rise edge)
                          0.00   10.00   clock source latency
     1    0.02    0.09    0.06   10.06 ^ CLK100MHZ (in)
                                         CLK100MHZ (net)
                  0.09    0.00   10.06 ^ clkbuf_0_CLK100MHZ/A (sky130_fd_sc_hd__clkbuf_16)
     4    0.04    0.06    0.15   10.22 ^ clkbuf_0_CLK100MHZ/X (sky130_fd_sc_hd__clkbuf_16)
                                         clknet_0_CLK100MHZ (net)
                  0.06    0.00   10.22 ^ clkbuf_2_1__f_CLK100MHZ/A (sky130_fd_sc_hd__clkbuf_16)
     8    0.02    0.05    0.13   10.35 ^ clkbuf_2_1__f_CLK100MHZ/X (sky130_fd_sc_hd__clkbuf_16)
                                         clknet_2_1__leaf_CLK100MHZ (net)
                  0.05    0.00   10.35 ^ _260_/CLK (sky130_fd_sc_hd__dfrtp_1)
                         -0.25   10.10   clock uncertainty
                          0.00   10.10   clock reconvergence pessimism
                          0.22   10.32   library recovery time
                                 10.32   data required time
-----------------------------------------------------------------------------
                                 10.32   data required time
                                 -2.40   data arrival time
-----------------------------------------------------------------------------
                                  7.92   slack (MET)


Startpoint: BTNC (input port clocked by CLK100MHZ)
Endpoint: _258_ (recovery check against rising-edge clock CLK100MHZ)
Path Group: asynchronous
Path Type: max
Corner: Typical

Fanout     Cap    Slew   Delay    Time   Description
-----------------------------------------------------------------------------
                          0.00    0.00   clock CLK100MHZ (rise edge)
                          0.00    0.00   clock network delay (propagated)
                          2.00    2.00 v input external delay
     2    0.02    0.05    0.04    2.04 v BTNC (in)
                                         BTNC (net)
                  0.05    0.00    2.04 v _226_/A (sky130_fd_sc_hd__buf_4)
    10    0.09    0.11    0.23    2.27 v _226_/X (sky130_fd_sc_hd__buf_4)
                                         _114_ (net)
                  0.11    0.01    2.27 v _229_/A (sky130_fd_sc_hd__inv_2)
     1    0.01    0.08    0.11    2.39 ^ _229_/Y (sky130_fd_sc_hd__inv_2)
                                         _037_ (net)
                  0.08    0.00    2.39 ^ _258_/RESET_B (sky130_fd_sc_hd__dfrtp_4)
                                  2.39   data arrival time

                         10.00   10.00   clock CLK100MHZ (rise edge)
                          0.00   10.00   clock source latency
     1    0.02    0.09    0.06   10.06 ^ CLK100MHZ (in)
                                         CLK100MHZ (net)
                  0.09    0.00   10.06 ^ clkbuf_0_CLK100MHZ/A (sky130_fd_sc_hd__clkbuf_16)
     4    0.04    0.06    0.15   10.22 ^ clkbuf_0_CLK100MHZ/X (sky130_fd_sc_hd__clkbuf_16)
                                         clknet_0_CLK100MHZ (net)
                  0.06    0.00   10.22 ^ clkbuf_2_3__f_CLK100MHZ/A (sky130_fd_sc_hd__clkbuf_16)
     8    0.03    0.05    0.13   10.35 ^ clkbuf_2_3__f_CLK100MHZ/X (sky130_fd_sc_hd__clkbuf_16)
                                         clknet_2_3__leaf_CLK100MHZ (net)
                  0.05    0.00   10.35 ^ _258_/CLK (sky130_fd_sc_hd__dfrtp_4)
                         -0.25   10.10   clock uncertainty
                          0.00   10.10   clock reconvergence pessimism
                          0.21   10.31   library recovery time
                                 10.31   data required time
-----------------------------------------------------------------------------
                                 10.31   data required time
                                 -2.39   data arrival time
-----------------------------------------------------------------------------
                                  7.93   slack (MET)


Startpoint: BTNC (input port clocked by CLK100MHZ)
Endpoint: _262_ (recovery check against rising-edge clock CLK100MHZ)
Path Group: asynchronous
Path Type: max
Corner: Typical

Fanout     Cap    Slew   Delay    Time   Description
-----------------------------------------------------------------------------
                          0.00    0.00   clock CLK100MHZ (rise edge)
                          0.00    0.00   clock network delay (propagated)
                          2.00    2.00 v input external delay
     2    0.02    0.05    0.04    2.04 v BTNC (in)
                                         BTNC (net)
                  0.05    0.00    2.04 v _226_/A (sky130_fd_sc_hd__buf_4)
    10    0.09    0.11    0.23    2.27 v _226_/X (sky130_fd_sc_hd__buf_4)
                                         _114_ (net)
                  0.11    0.00    2.27 v _233_/A (sky130_fd_sc_hd__inv_2)
     1    0.02    0.08    0.12    2.39 ^ _233_/Y (sky130_fd_sc_hd__inv_2)
                                         _041_ (net)
                  0.08    0.00    2.39 ^ _262_/RESET_B (sky130_fd_sc_hd__dfrtp_2)
                                  2.39   data arrival time

                         10.00   10.00   clock CLK100MHZ (rise edge)
                          0.00   10.00   clock source latency
     1    0.02    0.09    0.06   10.06 ^ CLK100MHZ (in)
                                         CLK100MHZ (net)
                  0.09    0.00   10.06 ^ clkbuf_0_CLK100MHZ/A (sky130_fd_sc_hd__clkbuf_16)
     4    0.04    0.06    0.15   10.22 ^ clkbuf_0_CLK100MHZ/X (sky130_fd_sc_hd__clkbuf_16)
                                         clknet_0_CLK100MHZ (net)
                  0.06    0.00   10.22 ^ clkbuf_2_2__f_CLK100MHZ/A (sky130_fd_sc_hd__clkbuf_16)
     8    0.03    0.05    0.14   10.36 ^ clkbuf_2_2__f_CLK100MHZ/X (sky130_fd_sc_hd__clkbuf_16)
                                         clknet_2_2__leaf_CLK100MHZ (net)
                  0.05    0.00   10.36 ^ _262_/CLK (sky130_fd_sc_hd__dfrtp_2)
                         -0.25   10.11   clock uncertainty
                          0.00   10.11   clock reconvergence pessimism
                          0.21   10.32   library recovery time
                                 10.32   data required time
-----------------------------------------------------------------------------
                                 10.32   data required time
                                 -2.39   data arrival time
-----------------------------------------------------------------------------
                                  7.93   slack (MET)


Startpoint: BTNC (input port clocked by CLK100MHZ)
Endpoint: _266_ (recovery check against rising-edge clock CLK100MHZ)
Path Group: asynchronous
Path Type: max
Corner: Typical

Fanout     Cap    Slew   Delay    Time   Description
-----------------------------------------------------------------------------
                          0.00    0.00   clock CLK100MHZ (rise edge)
                          0.00    0.00   clock network delay (propagated)
                          2.00    2.00 v input external delay
     2    0.02    0.05    0.04    2.04 v BTNC (in)
                                         BTNC (net)
                  0.05    0.00    2.04 v _214_/A (sky130_fd_sc_hd__buf_4)
    10    0.07    0.10    0.21    2.25 v _214_/X (sky130_fd_sc_hd__buf_4)
                                         _112_ (net)
                  0.10    0.00    2.26 v _237_/A (sky130_fd_sc_hd__inv_2)
     1    0.02    0.09    0.12    2.38 ^ _237_/Y (sky130_fd_sc_hd__inv_2)
                                         _045_ (net)
                  0.09    0.00    2.38 ^ _266_/RESET_B (sky130_fd_sc_hd__dfrtp_2)
                                  2.38   data arrival time

                         10.00   10.00   clock CLK100MHZ (rise edge)
                          0.00   10.00   clock source latency
     1    0.02    0.09    0.06   10.06 ^ CLK100MHZ (in)
                                         CLK100MHZ (net)
                  0.09    0.00   10.06 ^ clkbuf_0_CLK100MHZ/A (sky130_fd_sc_hd__clkbuf_16)
     4    0.04    0.06    0.15   10.22 ^ clkbuf_0_CLK100MHZ/X (sky130_fd_sc_hd__clkbuf_16)
                                         clknet_0_CLK100MHZ (net)
                  0.06    0.00   10.22 ^ clkbuf_2_0__f_CLK100MHZ/A (sky130_fd_sc_hd__clkbuf_16)
     8    0.03    0.05    0.13   10.35 ^ clkbuf_2_0__f_CLK100MHZ/X (sky130_fd_sc_hd__clkbuf_16)
                                         clknet_2_0__leaf_CLK100MHZ (net)
                  0.05    0.00   10.35 ^ _266_/CLK (sky130_fd_sc_hd__dfrtp_2)
                         -0.25   10.10   clock uncertainty
                          0.00   10.10   clock reconvergence pessimism
                          0.21   10.31   library recovery time
                                 10.31   data required time
-----------------------------------------------------------------------------
                                 10.31   data required time
                                 -2.38   data arrival time
-----------------------------------------------------------------------------
                                  7.93   slack (MET)


Startpoint: BTNC (input port clocked by CLK100MHZ)
Endpoint: _269_ (recovery check against rising-edge clock CLK100MHZ)
Path Group: asynchronous
Path Type: max
Corner: Typical

Fanout     Cap    Slew   Delay    Time   Description
-----------------------------------------------------------------------------
                          0.00    0.00   clock CLK100MHZ (rise edge)
                          0.00    0.00   clock network delay (propagated)
                          2.00    2.00 v input external delay
     2    0.02    0.05    0.04    2.04 v BTNC (in)
                                         BTNC (net)
                  0.05    0.00    2.04 v _214_/A (sky130_fd_sc_hd__buf_4)
    10    0.07    0.10    0.21    2.25 v _214_/X (sky130_fd_sc_hd__buf_4)
                                         _112_ (net)
                  0.10    0.01    2.26 v _240_/A (sky130_fd_sc_hd__inv_2)
     1    0.02    0.10    0.13    2.39 ^ _240_/Y (sky130_fd_sc_hd__inv_2)
                                         _048_ (net)
                  0.10    0.00    2.39 ^ _269_/RESET_B (sky130_fd_sc_hd__dfrtp_1)
                                  2.39   data arrival time

                         10.00   10.00   clock CLK100MHZ (rise edge)
                          0.00   10.00   clock source latency
     1    0.02    0.09    0.06   10.06 ^ CLK100MHZ (in)
                                         CLK100MHZ (net)
                  0.09    0.00   10.06 ^ clkbuf_0_CLK100MHZ/A (sky130_fd_sc_hd__clkbuf_16)
     4    0.04    0.06    0.15   10.22 ^ clkbuf_0_CLK100MHZ/X (sky130_fd_sc_hd__clkbuf_16)
                                         clknet_0_CLK100MHZ (net)
                  0.06    0.00   10.22 ^ clkbuf_2_2__f_CLK100MHZ/A (sky130_fd_sc_hd__clkbuf_16)
     8    0.03    0.05    0.14   10.36 ^ clkbuf_2_2__f_CLK100MHZ/X (sky130_fd_sc_hd__clkbuf_16)
                                         clknet_2_2__leaf_CLK100MHZ (net)
                  0.05    0.00   10.36 ^ _269_/CLK (sky130_fd_sc_hd__dfrtp_1)
                         -0.25   10.11   clock uncertainty
                          0.00   10.11   clock reconvergence pessimism
                          0.22   10.32   library recovery time
                                 10.32   data required time
-----------------------------------------------------------------------------
                                 10.32   data required time
                                 -2.39   data arrival time
-----------------------------------------------------------------------------
                                  7.94   slack (MET)


Startpoint: BTNC (input port clocked by CLK100MHZ)
Endpoint: _263_ (recovery check against rising-edge clock CLK100MHZ)
Path Group: asynchronous
Path Type: max
Corner: Typical

Fanout     Cap    Slew   Delay    Time   Description
-----------------------------------------------------------------------------
                          0.00    0.00   clock CLK100MHZ (rise edge)
                          0.00    0.00   clock network delay (propagated)
                          2.00    2.00 v input external delay
     2    0.02    0.05    0.04    2.04 v BTNC (in)
                                         BTNC (net)
                  0.05    0.00    2.04 v _226_/A (sky130_fd_sc_hd__buf_4)
    10    0.09    0.11    0.23    2.27 v _226_/X (sky130_fd_sc_hd__buf_4)
                                         _114_ (net)
                  0.11    0.00    2.27 v _234_/A (sky130_fd_sc_hd__inv_2)
     1    0.01    0.07    0.11    2.38 ^ _234_/Y (sky130_fd_sc_hd__inv_2)
                                         _042_ (net)
                  0.07    0.00    2.38 ^ _263_/RESET_B (sky130_fd_sc_hd__dfrtp_1)
                                  2.38   data arrival time

                         10.00   10.00   clock CLK100MHZ (rise edge)
                          0.00   10.00   clock source latency
     1    0.02    0.09    0.06   10.06 ^ CLK100MHZ (in)
                                         CLK100MHZ (net)
                  0.09    0.00   10.06 ^ clkbuf_0_CLK100MHZ/A (sky130_fd_sc_hd__clkbuf_16)
     4    0.04    0.06    0.15   10.22 ^ clkbuf_0_CLK100MHZ/X (sky130_fd_sc_hd__clkbuf_16)
                                         clknet_0_CLK100MHZ (net)
                  0.06    0.00   10.22 ^ clkbuf_2_2__f_CLK100MHZ/A (sky130_fd_sc_hd__clkbuf_16)
     8    0.03    0.05    0.14   10.36 ^ clkbuf_2_2__f_CLK100MHZ/X (sky130_fd_sc_hd__clkbuf_16)
                                         clknet_2_2__leaf_CLK100MHZ (net)
                  0.05    0.00   10.36 ^ _263_/CLK (sky130_fd_sc_hd__dfrtp_1)
                         -0.25   10.11   clock uncertainty
                          0.00   10.11   clock reconvergence pessimism
                          0.23   10.33   library recovery time
                                 10.33   data required time
-----------------------------------------------------------------------------
                                 10.33   data required time
                                 -2.38   data arrival time
-----------------------------------------------------------------------------
                                  7.95   slack (MET)


Startpoint: BTNC (input port clocked by CLK100MHZ)
Endpoint: _257_ (recovery check against rising-edge clock CLK100MHZ)
Path Group: asynchronous
Path Type: max
Corner: Typical

Fanout     Cap    Slew   Delay    Time   Description
-----------------------------------------------------------------------------
                          0.00    0.00   clock CLK100MHZ (rise edge)
                          0.00    0.00   clock network delay (propagated)
                          2.00    2.00 v input external delay
     2    0.02    0.05    0.04    2.04 v BTNC (in)
                                         BTNC (net)
                  0.05    0.00    2.04 v _226_/A (sky130_fd_sc_hd__buf_4)
    10    0.09    0.11    0.23    2.27 v _226_/X (sky130_fd_sc_hd__buf_4)
                                         _114_ (net)
                  0.11    0.00    2.27 v _228_/A (sky130_fd_sc_hd__inv_2)
     1    0.01    0.07    0.10    2.38 ^ _228_/Y (sky130_fd_sc_hd__inv_2)
                                         _036_ (net)
                  0.07    0.00    2.38 ^ _257_/RESET_B (sky130_fd_sc_hd__dfrtp_1)
                                  2.38   data arrival time

                         10.00   10.00   clock CLK100MHZ (rise edge)
                          0.00   10.00   clock source latency
     1    0.02    0.09    0.06   10.06 ^ CLK100MHZ (in)
                                         CLK100MHZ (net)
                  0.09    0.00   10.06 ^ clkbuf_0_CLK100MHZ/A (sky130_fd_sc_hd__clkbuf_16)
     4    0.04    0.06    0.15   10.22 ^ clkbuf_0_CLK100MHZ/X (sky130_fd_sc_hd__clkbuf_16)
                                         clknet_0_CLK100MHZ (net)
                  0.06    0.00   10.22 ^ clkbuf_2_3__f_CLK100MHZ/A (sky130_fd_sc_hd__clkbuf_16)
     8    0.03    0.05    0.13   10.35 ^ clkbuf_2_3__f_CLK100MHZ/X (sky130_fd_sc_hd__clkbuf_16)
                                         clknet_2_3__leaf_CLK100MHZ (net)
                  0.05    0.00   10.35 ^ _257_/CLK (sky130_fd_sc_hd__dfrtp_1)
                         -0.25   10.10   clock uncertainty
                          0.00   10.10   clock reconvergence pessimism
                          0.23   10.33   library recovery time
                                 10.33   data required time
-----------------------------------------------------------------------------
                                 10.33   data required time
                                 -2.38   data arrival time
-----------------------------------------------------------------------------
                                  7.95   slack (MET)


Startpoint: BTNC (input port clocked by CLK100MHZ)
Endpoint: _264_ (recovery check against rising-edge clock CLK100MHZ)
Path Group: asynchronous
Path Type: max
Corner: Typical

Fanout     Cap    Slew   Delay    Time   Description
-----------------------------------------------------------------------------
                          0.00    0.00   clock CLK100MHZ (rise edge)
                          0.00    0.00   clock network delay (propagated)
                          2.00    2.00 v input external delay
     2    0.02    0.05    0.04    2.04 v BTNC (in)
                                         BTNC (net)
                  0.05    0.00    2.04 v _226_/A (sky130_fd_sc_hd__buf_4)
    10    0.09    0.11    0.23    2.27 v _226_/X (sky130_fd_sc_hd__buf_4)
                                         _114_ (net)
                  0.11    0.00    2.27 v _235_/A (sky130_fd_sc_hd__inv_2)
     1    0.01    0.06    0.10    2.37 ^ _235_/Y (sky130_fd_sc_hd__inv_2)
                                         _043_ (net)
                  0.06    0.00    2.37 ^ _264_/RESET_B (sky130_fd_sc_hd__dfrtp_1)
                                  2.37   data arrival time

                         10.00   10.00   clock CLK100MHZ (rise edge)
                          0.00   10.00   clock source latency
     1    0.02    0.09    0.06   10.06 ^ CLK100MHZ (in)
                                         CLK100MHZ (net)
                  0.09    0.00   10.06 ^ clkbuf_0_CLK100MHZ/A (sky130_fd_sc_hd__clkbuf_16)
     4    0.04    0.06    0.15   10.22 ^ clkbuf_0_CLK100MHZ/X (sky130_fd_sc_hd__clkbuf_16)
                                         clknet_0_CLK100MHZ (net)
                  0.06    0.00   10.22 ^ clkbuf_2_0__f_CLK100MHZ/A (sky130_fd_sc_hd__clkbuf_16)
     8    0.03    0.05    0.13   10.35 ^ clkbuf_2_0__f_CLK100MHZ/X (sky130_fd_sc_hd__clkbuf_16)
                                         clknet_2_0__leaf_CLK100MHZ (net)
                  0.05    0.00   10.35 ^ _264_/CLK (sky130_fd_sc_hd__dfrtp_1)
                         -0.25   10.10   clock uncertainty
                          0.00   10.10   clock reconvergence pessimism
                          0.23   10.33   library recovery time
                                 10.33   data required time
-----------------------------------------------------------------------------
                                 10.33   data required time
                                 -2.37   data arrival time
-----------------------------------------------------------------------------
                                  7.96   slack (MET)


Startpoint: BTNC (input port clocked by CLK100MHZ)
Endpoint: _273_ (recovery check against rising-edge clock CLK100MHZ)
Path Group: asynchronous
Path Type: max
Corner: Typical

Fanout     Cap    Slew   Delay    Time   Description
-----------------------------------------------------------------------------
                          0.00    0.00   clock CLK100MHZ (rise edge)
                          0.00    0.00   clock network delay (propagated)
                          2.00    2.00 v input external delay
     2    0.02    0.05    0.04    2.04 v BTNC (in)
                                         BTNC (net)
                  0.05    0.00    2.04 v _214_/A (sky130_fd_sc_hd__buf_4)
    10    0.07    0.10    0.21    2.25 v _214_/X (sky130_fd_sc_hd__buf_4)
                                         _112_ (net)
                  0.10    0.01    2.26 v _244_/A (sky130_fd_sc_hd__inv_2)
     1    0.01    0.07    0.11    2.37 ^ _244_/Y (sky130_fd_sc_hd__inv_2)
                                         _052_ (net)
                  0.07    0.00    2.37 ^ _273_/RESET_B (sky130_fd_sc_hd__dfrtp_1)
                                  2.37   data arrival time

                         10.00   10.00   clock CLK100MHZ (rise edge)
                          0.00   10.00   clock source latency
     1    0.02    0.09    0.06   10.06 ^ CLK100MHZ (in)
                                         CLK100MHZ (net)
                  0.09    0.00   10.06 ^ clkbuf_0_CLK100MHZ/A (sky130_fd_sc_hd__clkbuf_16)
     4    0.04    0.06    0.15   10.22 ^ clkbuf_0_CLK100MHZ/X (sky130_fd_sc_hd__clkbuf_16)
                                         clknet_0_CLK100MHZ (net)
                  0.06    0.00   10.22 ^ clkbuf_2_3__f_CLK100MHZ/A (sky130_fd_sc_hd__clkbuf_16)
     8    0.03    0.05    0.13   10.35 ^ clkbuf_2_3__f_CLK100MHZ/X (sky130_fd_sc_hd__clkbuf_16)
                                         clknet_2_3__leaf_CLK100MHZ (net)
                  0.05    0.00   10.35 ^ _273_/CLK (sky130_fd_sc_hd__dfrtp_1)
                         -0.25   10.10   clock uncertainty
                          0.00   10.10   clock reconvergence pessimism
                          0.22   10.33   library recovery time
                                 10.33   data required time
-----------------------------------------------------------------------------
                                 10.33   data required time
                                 -2.37   data arrival time
-----------------------------------------------------------------------------
                                  7.96   slack (MET)


Startpoint: BTNC (input port clocked by CLK100MHZ)
Endpoint: _259_ (recovery check against rising-edge clock CLK100MHZ)
Path Group: asynchronous
Path Type: max
Corner: Typical

Fanout     Cap    Slew   Delay    Time   Description
-----------------------------------------------------------------------------
                          0.00    0.00   clock CLK100MHZ (rise edge)
                          0.00    0.00   clock network delay (propagated)
                          2.00    2.00 v input external delay
     2    0.02    0.05    0.04    2.04 v BTNC (in)
                                         BTNC (net)
                  0.05    0.00    2.04 v _226_/A (sky130_fd_sc_hd__buf_4)
    10    0.09    0.11    0.23    2.27 v _226_/X (sky130_fd_sc_hd__buf_4)
                                         _114_ (net)
                  0.11    0.00    2.27 v _230_/A (sky130_fd_sc_hd__inv_2)
     1    0.01    0.05    0.08    2.35 ^ _230_/Y (sky130_fd_sc_hd__inv_2)
                                         _038_ (net)
                  0.05    0.00    2.35 ^ _259_/RESET_B (sky130_fd_sc_hd__dfrtp_2)
                                  2.35   data arrival time

                         10.00   10.00   clock CLK100MHZ (rise edge)
                          0.00   10.00   clock source latency
     1    0.02    0.09    0.06   10.06 ^ CLK100MHZ (in)
                                         CLK100MHZ (net)
                  0.09    0.00   10.06 ^ clkbuf_0_CLK100MHZ/A (sky130_fd_sc_hd__clkbuf_16)
     4    0.04    0.06    0.15   10.22 ^ clkbuf_0_CLK100MHZ/X (sky130_fd_sc_hd__clkbuf_16)
                                         clknet_0_CLK100MHZ (net)
                  0.06    0.00   10.22 ^ clkbuf_2_1__f_CLK100MHZ/A (sky130_fd_sc_hd__clkbuf_16)
     8    0.02    0.05    0.13   10.35 ^ clkbuf_2_1__f_CLK100MHZ/X (sky130_fd_sc_hd__clkbuf_16)
                                         clknet_2_1__leaf_CLK100MHZ (net)
                  0.05    0.00   10.35 ^ _259_/CLK (sky130_fd_sc_hd__dfrtp_2)
                         -0.25   10.10   clock uncertainty
                          0.00   10.10   clock reconvergence pessimism
                          0.22   10.32   library recovery time
                                 10.32   data required time
-----------------------------------------------------------------------------
                                 10.32   data required time
                                 -2.35   data arrival time
-----------------------------------------------------------------------------
                                  7.96   slack (MET)


Startpoint: BTNC (input port clocked by CLK100MHZ)
Endpoint: _274_ (recovery check against rising-edge clock CLK100MHZ)
Path Group: asynchronous
Path Type: max
Corner: Typical

Fanout     Cap    Slew   Delay    Time   Description
-----------------------------------------------------------------------------
                          0.00    0.00   clock CLK100MHZ (rise edge)
                          0.00    0.00   clock network delay (propagated)
                          2.00    2.00 v input external delay
     2    0.02    0.05    0.04    2.04 v BTNC (in)
                                         BTNC (net)
                  0.05    0.00    2.04 v _214_/A (sky130_fd_sc_hd__buf_4)
    10    0.07    0.10    0.21    2.25 v _214_/X (sky130_fd_sc_hd__buf_4)
                                         _112_ (net)
                  0.10    0.01    2.26 v _245_/A (sky130_fd_sc_hd__inv_2)
     1    0.01    0.06    0.10    2.35 ^ _245_/Y (sky130_fd_sc_hd__inv_2)
                                         _053_ (net)
                  0.06    0.00    2.36 ^ _274_/RESET_B (sky130_fd_sc_hd__dfrtp_2)
                                  2.36   data arrival time

                         10.00   10.00   clock CLK100MHZ (rise edge)
                          0.00   10.00   clock source latency
     1    0.02    0.09    0.06   10.06 ^ CLK100MHZ (in)
                                         CLK100MHZ (net)
                  0.09    0.00   10.06 ^ clkbuf_0_CLK100MHZ/A (sky130_fd_sc_hd__clkbuf_16)
     4    0.04    0.06    0.15   10.22 ^ clkbuf_0_CLK100MHZ/X (sky130_fd_sc_hd__clkbuf_16)
                                         clknet_0_CLK100MHZ (net)
                  0.06    0.00   10.22 ^ clkbuf_2_3__f_CLK100MHZ/A (sky130_fd_sc_hd__clkbuf_16)
     8    0.03    0.05    0.13   10.35 ^ clkbuf_2_3__f_CLK100MHZ/X (sky130_fd_sc_hd__clkbuf_16)
                                         clknet_2_3__leaf_CLK100MHZ (net)
                  0.05    0.00   10.35 ^ _274_/CLK (sky130_fd_sc_hd__dfrtp_2)
                         -0.25   10.10   clock uncertainty
                          0.00   10.10   clock reconvergence pessimism
                          0.22   10.32   library recovery time
                                 10.32   data required time
-----------------------------------------------------------------------------
                                 10.32   data required time
                                 -2.36   data arrival time
-----------------------------------------------------------------------------
                                  7.96   slack (MET)


Startpoint: BTNC (input port clocked by CLK100MHZ)
Endpoint: _256_ (recovery check against rising-edge clock CLK100MHZ)
Path Group: asynchronous
Path Type: max
Corner: Typical

Fanout     Cap    Slew   Delay    Time   Description
-----------------------------------------------------------------------------
                          0.00    0.00   clock CLK100MHZ (rise edge)
                          0.00    0.00   clock network delay (propagated)
                          2.00    2.00 v input external delay
     2    0.02    0.05    0.04    2.04 v BTNC (in)
                                         BTNC (net)
                  0.05    0.00    2.04 v _226_/A (sky130_fd_sc_hd__buf_4)
    10    0.09    0.11    0.23    2.27 v _226_/X (sky130_fd_sc_hd__buf_4)
                                         _114_ (net)
                  0.11    0.00    2.27 v _227_/A (sky130_fd_sc_hd__inv_2)
     1    0.01    0.05    0.09    2.36 ^ _227_/Y (sky130_fd_sc_hd__inv_2)
                                         _035_ (net)
                  0.05    0.00    2.36 ^ _256_/RESET_B (sky130_fd_sc_hd__dfrtp_4)
                                  2.36   data arrival time

                         10.00   10.00   clock CLK100MHZ (rise edge)
                          0.00   10.00   clock source latency
     1    0.02    0.09    0.06   10.06 ^ CLK100MHZ (in)
                                         CLK100MHZ (net)
                  0.09    0.00   10.06 ^ clkbuf_0_CLK100MHZ/A (sky130_fd_sc_hd__clkbuf_16)
     4    0.04    0.06    0.15   10.22 ^ clkbuf_0_CLK100MHZ/X (sky130_fd_sc_hd__clkbuf_16)
                                         clknet_0_CLK100MHZ (net)
                  0.06    0.00   10.22 ^ clkbuf_2_0__f_CLK100MHZ/A (sky130_fd_sc_hd__clkbuf_16)
     8    0.03    0.05    0.13   10.35 ^ clkbuf_2_0__f_CLK100MHZ/X (sky130_fd_sc_hd__clkbuf_16)
                                         clknet_2_0__leaf_CLK100MHZ (net)
                  0.05    0.00   10.35 ^ _256_/CLK (sky130_fd_sc_hd__dfrtp_4)
                         -0.25   10.10   clock uncertainty
                          0.00   10.10   clock reconvergence pessimism
                          0.22   10.32   library recovery time
                                 10.32   data required time
-----------------------------------------------------------------------------
                                 10.32   data required time
                                 -2.36   data arrival time
-----------------------------------------------------------------------------
                                  7.96   slack (MET)


Startpoint: BTNC (input port clocked by CLK100MHZ)
Endpoint: _271_ (recovery check against rising-edge clock CLK100MHZ)
Path Group: asynchronous
Path Type: max
Corner: Typical

Fanout     Cap    Slew   Delay    Time   Description
-----------------------------------------------------------------------------
                          0.00    0.00   clock CLK100MHZ (rise edge)
                          0.00    0.00   clock network delay (propagated)
                          2.00    2.00 v input external delay
     2    0.02    0.05    0.04    2.04 v BTNC (in)
                                         BTNC (net)
                  0.05    0.00    2.04 v _214_/A (sky130_fd_sc_hd__buf_4)
    10    0.07    0.10    0.21    2.25 v _214_/X (sky130_fd_sc_hd__buf_4)
                                         _112_ (net)
                  0.10    0.01    2.26 v _242_/A (sky130_fd_sc_hd__inv_2)
     1    0.01    0.07    0.10    2.36 ^ _242_/Y (sky130_fd_sc_hd__inv_2)
                                         _050_ (net)
                  0.07    0.00    2.36 ^ _271_/RESET_B (sky130_fd_sc_hd__dfrtp_1)
                                  2.36   data arrival time

                         10.00   10.00   clock CLK100MHZ (rise edge)
                          0.00   10.00   clock source latency
     1    0.02    0.09    0.06   10.06 ^ CLK100MHZ (in)
                                         CLK100MHZ (net)
                  0.09    0.00   10.06 ^ clkbuf_0_CLK100MHZ/A (sky130_fd_sc_hd__clkbuf_16)
     4    0.04    0.06    0.15   10.22 ^ clkbuf_0_CLK100MHZ/X (sky130_fd_sc_hd__clkbuf_16)
                                         clknet_0_CLK100MHZ (net)
                  0.06    0.00   10.22 ^ clkbuf_2_0__f_CLK100MHZ/A (sky130_fd_sc_hd__clkbuf_16)
     8    0.03    0.05    0.13   10.35 ^ clkbuf_2_0__f_CLK100MHZ/X (sky130_fd_sc_hd__clkbuf_16)
                                         clknet_2_0__leaf_CLK100MHZ (net)
                  0.05    0.00   10.35 ^ _271_/CLK (sky130_fd_sc_hd__dfrtp_1)
                         -0.25   10.10   clock uncertainty
                          0.00   10.10   clock reconvergence pessimism
                          0.23   10.33   library recovery time
                                 10.33   data required time
-----------------------------------------------------------------------------
                                 10.33   data required time
                                 -2.36   data arrival time
-----------------------------------------------------------------------------
                                  7.97   slack (MET)


Startpoint: BTNC (input port clocked by CLK100MHZ)
Endpoint: _261_ (recovery check against rising-edge clock CLK100MHZ)
Path Group: asynchronous
Path Type: max
Corner: Typical

Fanout     Cap    Slew   Delay    Time   Description
-----------------------------------------------------------------------------
                          0.00    0.00   clock CLK100MHZ (rise edge)
                          0.00    0.00   clock network delay (propagated)
                          2.00    2.00 v input external delay
     2    0.02    0.05    0.04    2.04 v BTNC (in)
                                         BTNC (net)
                  0.05    0.00    2.04 v _226_/A (sky130_fd_sc_hd__buf_4)
    10    0.09    0.11    0.23    2.27 v _226_/X (sky130_fd_sc_hd__buf_4)
                                         _114_ (net)
                  0.11    0.01    2.27 v _232_/A (sky130_fd_sc_hd__inv_2)
     1    0.01    0.05    0.09    2.36 ^ _232_/Y (sky130_fd_sc_hd__inv_2)
                                         _040_ (net)
                  0.05    0.00    2.36 ^ _261_/RESET_B (sky130_fd_sc_hd__dfrtp_1)
                                  2.36   data arrival time

                         10.00   10.00   clock CLK100MHZ (rise edge)
                          0.00   10.00   clock source latency
     1    0.02    0.09    0.06   10.06 ^ CLK100MHZ (in)
                                         CLK100MHZ (net)
                  0.09    0.00   10.06 ^ clkbuf_0_CLK100MHZ/A (sky130_fd_sc_hd__clkbuf_16)
     4    0.04    0.06    0.15   10.22 ^ clkbuf_0_CLK100MHZ/X (sky130_fd_sc_hd__clkbuf_16)
                                         clknet_0_CLK100MHZ (net)
                  0.06    0.00   10.22 ^ clkbuf_2_3__f_CLK100MHZ/A (sky130_fd_sc_hd__clkbuf_16)
     8    0.03    0.05    0.13   10.35 ^ clkbuf_2_3__f_CLK100MHZ/X (sky130_fd_sc_hd__clkbuf_16)
                                         clknet_2_3__leaf_CLK100MHZ (net)
                  0.05    0.00   10.35 ^ _261_/CLK (sky130_fd_sc_hd__dfrtp_1)
                         -0.25   10.10   clock uncertainty
                          0.00   10.10   clock reconvergence pessimism
                          0.23   10.33   library recovery time
                                 10.33   data required time
-----------------------------------------------------------------------------
                                 10.33   data required time
                                 -2.36   data arrival time
-----------------------------------------------------------------------------
                                  7.97   slack (MET)


Startpoint: BTNC (input port clocked by CLK100MHZ)
Endpoint: _268_ (recovery check against rising-edge clock CLK100MHZ)
Path Group: asynchronous
Path Type: max
Corner: Typical

Fanout     Cap    Slew   Delay    Time   Description
-----------------------------------------------------------------------------
                          0.00    0.00   clock CLK100MHZ (rise edge)
                          0.00    0.00   clock network delay (propagated)
                          2.00    2.00 v input external delay
     2    0.02    0.05    0.04    2.04 v BTNC (in)
                                         BTNC (net)
                  0.05    0.00    2.04 v _214_/A (sky130_fd_sc_hd__buf_4)
    10    0.07    0.10    0.21    2.25 v _214_/X (sky130_fd_sc_hd__buf_4)
                                         _112_ (net)
                  0.10    0.01    2.26 v _239_/A (sky130_fd_sc_hd__inv_2)
     1    0.01    0.05    0.08    2.34 ^ _239_/Y (sky130_fd_sc_hd__inv_2)
                                         _047_ (net)
                  0.05    0.00    2.34 ^ _268_/RESET_B (sky130_fd_sc_hd__dfrtp_2)
                                  2.34   data arrival time

                         10.00   10.00   clock CLK100MHZ (rise edge)
                          0.00   10.00   clock source latency
     1    0.02    0.09    0.06   10.06 ^ CLK100MHZ (in)
                                         CLK100MHZ (net)
                  0.09    0.00   10.06 ^ clkbuf_0_CLK100MHZ/A (sky130_fd_sc_hd__clkbuf_16)
     4    0.04    0.06    0.15   10.22 ^ clkbuf_0_CLK100MHZ/X (sky130_fd_sc_hd__clkbuf_16)
                                         clknet_0_CLK100MHZ (net)
                  0.06    0.00   10.22 ^ clkbuf_2_1__f_CLK100MHZ/A (sky130_fd_sc_hd__clkbuf_16)
     8    0.02    0.05    0.13   10.35 ^ clkbuf_2_1__f_CLK100MHZ/X (sky130_fd_sc_hd__clkbuf_16)
                                         clknet_2_1__leaf_CLK100MHZ (net)
                  0.05    0.00   10.35 ^ _268_/CLK (sky130_fd_sc_hd__dfrtp_2)
                         -0.25   10.10   clock uncertainty
                          0.00   10.10   clock reconvergence pessimism
                          0.22   10.32   library recovery time
                                 10.32   data required time
-----------------------------------------------------------------------------
                                 10.32   data required time
                                 -2.34   data arrival time
-----------------------------------------------------------------------------
                                  7.98   slack (MET)


Startpoint: BTNC (input port clocked by CLK100MHZ)
Endpoint: _270_ (recovery check against rising-edge clock CLK100MHZ)
Path Group: asynchronous
Path Type: max
Corner: Typical

Fanout     Cap    Slew   Delay    Time   Description
-----------------------------------------------------------------------------
                          0.00    0.00   clock CLK100MHZ (rise edge)
                          0.00    0.00   clock network delay (propagated)
                          2.00    2.00 v input external delay
     2    0.02    0.05    0.04    2.04 v BTNC (in)
                                         BTNC (net)
                  0.05    0.00    2.04 v _214_/A (sky130_fd_sc_hd__buf_4)
    10    0.07    0.10    0.21    2.25 v _214_/X (sky130_fd_sc_hd__buf_4)
                                         _112_ (net)
                  0.10    0.00    2.26 v _241_/A (sky130_fd_sc_hd__inv_2)
     1    0.01    0.06    0.09    2.35 ^ _241_/Y (sky130_fd_sc_hd__inv_2)
                                         _049_ (net)
                  0.06    0.00    2.35 ^ _270_/RESET_B (sky130_fd_sc_hd__dfrtp_1)
                                  2.35   data arrival time

                         10.00   10.00   clock CLK100MHZ (rise edge)
                          0.00   10.00   clock source latency
     1    0.02    0.09    0.06   10.06 ^ CLK100MHZ (in)
                                         CLK100MHZ (net)
                  0.09    0.00   10.06 ^ clkbuf_0_CLK100MHZ/A (sky130_fd_sc_hd__clkbuf_16)
     4    0.04    0.06    0.15   10.22 ^ clkbuf_0_CLK100MHZ/X (sky130_fd_sc_hd__clkbuf_16)
                                         clknet_0_CLK100MHZ (net)
                  0.06    0.00   10.22 ^ clkbuf_2_0__f_CLK100MHZ/A (sky130_fd_sc_hd__clkbuf_16)
     8    0.03    0.05    0.13   10.35 ^ clkbuf_2_0__f_CLK100MHZ/X (sky130_fd_sc_hd__clkbuf_16)
                                         clknet_2_0__leaf_CLK100MHZ (net)
                  0.05    0.00   10.35 ^ _270_/CLK (sky130_fd_sc_hd__dfrtp_1)
                         -0.25   10.10   clock uncertainty
                          0.00   10.10   clock reconvergence pessimism
                          0.23   10.33   library recovery time
                                 10.33   data required time
-----------------------------------------------------------------------------
                                 10.33   data required time
                                 -2.35   data arrival time
-----------------------------------------------------------------------------
                                  7.98   slack (MET)


Startpoint: _250_ (rising edge-triggered flip-flop clocked by CLK100MHZ)
Endpoint: _262_ (rising edge-triggered flip-flop clocked by CLK100MHZ)
Path Group: CLK100MHZ
Path Type: max
Corner: Typical

Fanout     Cap    Slew   Delay    Time   Description
-----------------------------------------------------------------------------
                          0.00    0.00   clock CLK100MHZ (rise edge)
                          0.00    0.00   clock source latency
     1    0.02    0.09    0.07    0.07 ^ CLK100MHZ (in)
                                         CLK100MHZ (net)
                  0.09    0.00    0.07 ^ clkbuf_0_CLK100MHZ/A (sky130_fd_sc_hd__clkbuf_16)
     4    0.04    0.06    0.17    0.24 ^ clkbuf_0_CLK100MHZ/X (sky130_fd_sc_hd__clkbuf_16)
                                         clknet_0_CLK100MHZ (net)
                  0.06    0.00    0.24 ^ clkbuf_2_2__f_CLK100MHZ/A (sky130_fd_sc_hd__clkbuf_16)
     8    0.03    0.05    0.15    0.39 ^ clkbuf_2_2__f_CLK100MHZ/X (sky130_fd_sc_hd__clkbuf_16)
                                         clknet_2_2__leaf_CLK100MHZ (net)
                  0.05    0.00    0.39 ^ _250_/CLK (sky130_fd_sc_hd__dfrtp_2)
     5    0.04    0.22    0.51    0.90 ^ _250_/Q (sky130_fd_sc_hd__dfrtp_2)
                                         decoder.delay[0] (net)
                  0.22    0.00    0.90 ^ _126_/B (sky130_fd_sc_hd__and4_2)
     6    0.04    0.22    0.43    1.33 ^ _126_/X (sky130_fd_sc_hd__and4_2)
                                         _059_ (net)
                  0.22    0.00    1.33 ^ _182_/B (sky130_fd_sc_hd__and3_1)
     2    0.01    0.14    0.27    1.60 ^ _182_/X (sky130_fd_sc_hd__and3_1)
                                         _093_ (net)
                  0.14    0.00    1.61 ^ _196_/B (sky130_fd_sc_hd__nand2_1)
     2    0.02    0.19    0.19    1.79 v _196_/Y (sky130_fd_sc_hd__nand2_1)
                                         _103_ (net)
                  0.19    0.00    1.80 v _199_/B (sky130_fd_sc_hd__xnor2_1)
     1    0.01    0.19    0.25    2.05 ^ _199_/Y (sky130_fd_sc_hd__xnor2_1)
                                         _003_ (net)
                  0.19    0.00    2.05 ^ _262_/D (sky130_fd_sc_hd__dfrtp_2)
                                  2.05   data arrival time

                         10.00   10.00   clock CLK100MHZ (rise edge)
                          0.00   10.00   clock source latency
     1    0.02    0.09    0.06   10.06 ^ CLK100MHZ (in)
                                         CLK100MHZ (net)
                  0.09    0.00   10.06 ^ clkbuf_0_CLK100MHZ/A (sky130_fd_sc_hd__clkbuf_16)
     4    0.04    0.06    0.15   10.22 ^ clkbuf_0_CLK100MHZ/X (sky130_fd_sc_hd__clkbuf_16)
                                         clknet_0_CLK100MHZ (net)
                  0.06    0.00   10.22 ^ clkbuf_2_2__f_CLK100MHZ/A (sky130_fd_sc_hd__clkbuf_16)
     8    0.03    0.05    0.14   10.36 ^ clkbuf_2_2__f_CLK100MHZ/X (sky130_fd_sc_hd__clkbuf_16)
                                         clknet_2_2__leaf_CLK100MHZ (net)
                  0.05    0.00   10.36 ^ _262_/CLK (sky130_fd_sc_hd__dfrtp_2)
                         -0.25   10.11   clock uncertainty
                          0.04   10.14   clock reconvergence pessimism
                         -0.10   10.05   library setup time
                                 10.05   data required time
-----------------------------------------------------------------------------
                                 10.05   data required time
                                 -2.05   data arrival time
-----------------------------------------------------------------------------
                                  8.00   slack (MET)


Startpoint: BTNC (input port clocked by CLK100MHZ)
Endpoint: _272_ (recovery check against rising-edge clock CLK100MHZ)
Path Group: asynchronous
Path Type: max
Corner: Typical

Fanout     Cap    Slew   Delay    Time   Description
-----------------------------------------------------------------------------
                          0.00    0.00   clock CLK100MHZ (rise edge)
                          0.00    0.00   clock network delay (propagated)
                          2.00    2.00 v input external delay
     2    0.02    0.05    0.04    2.04 v BTNC (in)
                                         BTNC (net)
                  0.05    0.00    2.04 v _214_/A (sky130_fd_sc_hd__buf_4)
    10    0.07    0.10    0.21    2.25 v _214_/X (sky130_fd_sc_hd__buf_4)
                                         _112_ (net)
                  0.10    0.01    2.26 v _243_/A (sky130_fd_sc_hd__inv_2)
     1    0.00    0.04    0.07    2.33 ^ _243_/Y (sky130_fd_sc_hd__inv_2)
                                         _051_ (net)
                  0.04    0.00    2.33 ^ _272_/RESET_B (sky130_fd_sc_hd__dfrtp_1)
                                  2.33   data arrival time

                         10.00   10.00   clock CLK100MHZ (rise edge)
                          0.00   10.00   clock source latency
     1    0.02    0.09    0.06   10.06 ^ CLK100MHZ (in)
                                         CLK100MHZ (net)
                  0.09    0.00   10.06 ^ clkbuf_0_CLK100MHZ/A (sky130_fd_sc_hd__clkbuf_16)
     4    0.04    0.06    0.15   10.22 ^ clkbuf_0_CLK100MHZ/X (sky130_fd_sc_hd__clkbuf_16)
                                         clknet_0_CLK100MHZ (net)
                  0.06    0.00   10.22 ^ clkbuf_2_1__f_CLK100MHZ/A (sky130_fd_sc_hd__clkbuf_16)
     8    0.02    0.05    0.13   10.35 ^ clkbuf_2_1__f_CLK100MHZ/X (sky130_fd_sc_hd__clkbuf_16)
                                         clknet_2_1__leaf_CLK100MHZ (net)
                  0.05    0.00   10.35 ^ _272_/CLK (sky130_fd_sc_hd__dfrtp_1)
                         -0.25   10.10   clock uncertainty
                          0.00   10.10   clock reconvergence pessimism
                          0.23   10.33   library recovery time
                                 10.33   data required time
-----------------------------------------------------------------------------
                                 10.33   data required time
                                 -2.33   data arrival time
-----------------------------------------------------------------------------
                                  8.00   slack (MET)


Startpoint: BTNC (input port clocked by CLK100MHZ)
Endpoint: _267_ (recovery check against rising-edge clock CLK100MHZ)
Path Group: asynchronous
Path Type: max
Corner: Typical

Fanout     Cap    Slew   Delay    Time   Description
-----------------------------------------------------------------------------
                          0.00    0.00   clock CLK100MHZ (rise edge)
                          0.00    0.00   clock network delay (propagated)
                          2.00    2.00 v input external delay
     2    0.02    0.05    0.04    2.04 v BTNC (in)
                                         BTNC (net)
                  0.05    0.00    2.04 v _214_/A (sky130_fd_sc_hd__buf_4)
    10    0.07    0.10    0.21    2.25 v _214_/X (sky130_fd_sc_hd__buf_4)
                                         _112_ (net)
                  0.10    0.01    2.26 v _238_/A (sky130_fd_sc_hd__inv_2)
     1    0.00    0.04    0.07    2.33 ^ _238_/Y (sky130_fd_sc_hd__inv_2)
                                         _046_ (net)
                  0.04    0.00    2.33 ^ _267_/RESET_B (sky130_fd_sc_hd__dfrtp_1)
                                  2.33   data arrival time

                         10.00   10.00   clock CLK100MHZ (rise edge)
                          0.00   10.00   clock source latency
     1    0.02    0.09    0.06   10.06 ^ CLK100MHZ (in)
                                         CLK100MHZ (net)
                  0.09    0.00   10.06 ^ clkbuf_0_CLK100MHZ/A (sky130_fd_sc_hd__clkbuf_16)
     4    0.04    0.06    0.15   10.22 ^ clkbuf_0_CLK100MHZ/X (sky130_fd_sc_hd__clkbuf_16)
                                         clknet_0_CLK100MHZ (net)
                  0.06    0.00   10.22 ^ clkbuf_2_3__f_CLK100MHZ/A (sky130_fd_sc_hd__clkbuf_16)
     8    0.03    0.05    0.13   10.35 ^ clkbuf_2_3__f_CLK100MHZ/X (sky130_fd_sc_hd__clkbuf_16)
                                         clknet_2_3__leaf_CLK100MHZ (net)
                  0.05    0.00   10.35 ^ _267_/CLK (sky130_fd_sc_hd__dfrtp_1)
                         -0.25   10.10   clock uncertainty
                          0.00   10.10   clock reconvergence pessimism
                          0.23   10.34   library recovery time
                                 10.34   data required time
-----------------------------------------------------------------------------
                                 10.34   data required time
                                 -2.33   data arrival time
-----------------------------------------------------------------------------
                                  8.01   slack (MET)


Startpoint: _250_ (rising edge-triggered flip-flop clocked by CLK100MHZ)
Endpoint: _256_ (rising edge-triggered flip-flop clocked by CLK100MHZ)
Path Group: CLK100MHZ
Path Type: max
Corner: Typical

Fanout     Cap    Slew   Delay    Time   Description
-----------------------------------------------------------------------------
                          0.00    0.00   clock CLK100MHZ (rise edge)
                          0.00    0.00   clock source latency
     1    0.02    0.09    0.07    0.07 ^ CLK100MHZ (in)
                                         CLK100MHZ (net)
                  0.09    0.00    0.07 ^ clkbuf_0_CLK100MHZ/A (sky130_fd_sc_hd__clkbuf_16)
     4    0.04    0.06    0.17    0.24 ^ clkbuf_0_CLK100MHZ/X (sky130_fd_sc_hd__clkbuf_16)
                                         clknet_0_CLK100MHZ (net)
                  0.06    0.00    0.24 ^ clkbuf_2_2__f_CLK100MHZ/A (sky130_fd_sc_hd__clkbuf_16)
     8    0.03    0.05    0.15    0.39 ^ clkbuf_2_2__f_CLK100MHZ/X (sky130_fd_sc_hd__clkbuf_16)
                                         clknet_2_2__leaf_CLK100MHZ (net)
                  0.05    0.00    0.39 ^ _250_/CLK (sky130_fd_sc_hd__dfrtp_2)
     5    0.04    0.22    0.51    0.90 ^ _250_/Q (sky130_fd_sc_hd__dfrtp_2)
                                         decoder.delay[0] (net)
                  0.22    0.00    0.90 ^ _126_/B (sky130_fd_sc_hd__and4_2)
     6    0.04    0.22    0.43    1.33 ^ _126_/X (sky130_fd_sc_hd__and4_2)
                                         _059_ (net)
                  0.22    0.00    1.33 ^ _177_/C (sky130_fd_sc_hd__and3_2)
     3    0.03    0.19    0.35    1.68 ^ _177_/X (sky130_fd_sc_hd__and3_2)
                                         _090_ (net)
                  0.19    0.01    1.68 ^ _180_/B (sky130_fd_sc_hd__xor2_1)
     1    0.01    0.17    0.22    1.90 ^ _180_/X (sky130_fd_sc_hd__xor2_1)
                                         _021_ (net)
                  0.17    0.00    1.90 ^ _256_/D (sky130_fd_sc_hd__dfrtp_4)
                                  1.90   data arrival time

                         10.00   10.00   clock CLK100MHZ (rise edge)
                          0.00   10.00   clock source latency
     1    0.02    0.09    0.06   10.06 ^ CLK100MHZ (in)
                                         CLK100MHZ (net)
                  0.09    0.00   10.06 ^ clkbuf_0_CLK100MHZ/A (sky130_fd_sc_hd__clkbuf_16)
     4    0.04    0.06    0.15   10.22 ^ clkbuf_0_CLK100MHZ/X (sky130_fd_sc_hd__clkbuf_16)
                                         clknet_0_CLK100MHZ (net)
                  0.06    0.00   10.22 ^ clkbuf_2_0__f_CLK100MHZ/A (sky130_fd_sc_hd__clkbuf_16)
     8    0.03    0.05    0.13   10.35 ^ clkbuf_2_0__f_CLK100MHZ/X (sky130_fd_sc_hd__clkbuf_16)
                                         clknet_2_0__leaf_CLK100MHZ (net)
                  0.05    0.00   10.35 ^ _256_/CLK (sky130_fd_sc_hd__dfrtp_4)
                         -0.25   10.10   clock uncertainty
                          0.02   10.13   clock reconvergence pessimism
                         -0.09   10.03   library setup time
                                 10.03   data required time
-----------------------------------------------------------------------------
                                 10.03   data required time
                                 -1.90   data arrival time
-----------------------------------------------------------------------------
                                  8.13   slack (MET)


Startpoint: _250_ (rising edge-triggered flip-flop clocked by CLK100MHZ)
Endpoint: _255_ (rising edge-triggered flip-flop clocked by CLK100MHZ)
Path Group: CLK100MHZ
Path Type: max
Corner: Typical

Fanout     Cap    Slew   Delay    Time   Description
-----------------------------------------------------------------------------
                          0.00    0.00   clock CLK100MHZ (rise edge)
                          0.00    0.00   clock source latency
     1    0.02    0.09    0.07    0.07 ^ CLK100MHZ (in)
                                         CLK100MHZ (net)
                  0.09    0.00    0.07 ^ clkbuf_0_CLK100MHZ/A (sky130_fd_sc_hd__clkbuf_16)
     4    0.04    0.06    0.17    0.24 ^ clkbuf_0_CLK100MHZ/X (sky130_fd_sc_hd__clkbuf_16)
                                         clknet_0_CLK100MHZ (net)
                  0.06    0.00    0.24 ^ clkbuf_2_2__f_CLK100MHZ/A (sky130_fd_sc_hd__clkbuf_16)
     8    0.03    0.05    0.15    0.39 ^ clkbuf_2_2__f_CLK100MHZ/X (sky130_fd_sc_hd__clkbuf_16)
                                         clknet_2_2__leaf_CLK100MHZ (net)
                  0.05    0.00    0.39 ^ _250_/CLK (sky130_fd_sc_hd__dfrtp_2)
     5    0.04    0.22    0.51    0.90 ^ _250_/Q (sky130_fd_sc_hd__dfrtp_2)
                                         decoder.delay[0] (net)
                  0.22    0.00    0.90 ^ _126_/B (sky130_fd_sc_hd__and4_2)
     6    0.04    0.22    0.43    1.33 ^ _126_/X (sky130_fd_sc_hd__and4_2)
                                         _059_ (net)
                  0.22    0.00    1.33 ^ _177_/C (sky130_fd_sc_hd__and3_2)
     3    0.03    0.19    0.35    1.68 ^ _177_/X (sky130_fd_sc_hd__and3_2)
                                         _090_ (net)
                  0.19    0.01    1.68 ^ _179_/A (sky130_fd_sc_hd__nor2_1)
     1    0.01    0.06    0.09    1.77 v _179_/Y (sky130_fd_sc_hd__nor2_1)
                                         _020_ (net)
                  0.06    0.00    1.77 v _255_/D (sky130_fd_sc_hd__dfrtp_2)
                                  1.77   data arrival time

                         10.00   10.00   clock CLK100MHZ (rise edge)
                          0.00   10.00   clock source latency
     1    0.02    0.09    0.06   10.06 ^ CLK100MHZ (in)
                                         CLK100MHZ (net)
                  0.09    0.00   10.06 ^ clkbuf_0_CLK100MHZ/A (sky130_fd_sc_hd__clkbuf_16)
     4    0.04    0.06    0.15   10.22 ^ clkbuf_0_CLK100MHZ/X (sky130_fd_sc_hd__clkbuf_16)
                                         clknet_0_CLK100MHZ (net)
                  0.06    0.00   10.22 ^ clkbuf_2_0__f_CLK100MHZ/A (sky130_fd_sc_hd__clkbuf_16)
     8    0.03    0.05    0.13   10.35 ^ clkbuf_2_0__f_CLK100MHZ/X (sky130_fd_sc_hd__clkbuf_16)
                                         clknet_2_0__leaf_CLK100MHZ (net)
                  0.05    0.00   10.35 ^ _255_/CLK (sky130_fd_sc_hd__dfrtp_2)
                         -0.25   10.10   clock uncertainty
                          0.02   10.13   clock reconvergence pessimism
                         -0.12   10.01   library setup time
                                 10.01   data required time
-----------------------------------------------------------------------------
                                 10.01   data required time
                                 -1.77   data arrival time
-----------------------------------------------------------------------------
                                  8.23   slack (MET)


Startpoint: _250_ (rising edge-triggered flip-flop clocked by CLK100MHZ)
Endpoint: _253_ (rising edge-triggered flip-flop clocked by CLK100MHZ)
Path Group: CLK100MHZ
Path Type: max
Corner: Typical

Fanout     Cap    Slew   Delay    Time   Description
-----------------------------------------------------------------------------
                          0.00    0.00   clock CLK100MHZ (rise edge)
                          0.00    0.00   clock source latency
     1    0.02    0.09    0.07    0.07 ^ CLK100MHZ (in)
                                         CLK100MHZ (net)
                  0.09    0.00    0.07 ^ clkbuf_0_CLK100MHZ/A (sky130_fd_sc_hd__clkbuf_16)
     4    0.04    0.06    0.17    0.24 ^ clkbuf_0_CLK100MHZ/X (sky130_fd_sc_hd__clkbuf_16)
                                         clknet_0_CLK100MHZ (net)
                  0.06    0.00    0.24 ^ clkbuf_2_2__f_CLK100MHZ/A (sky130_fd_sc_hd__clkbuf_16)
     8    0.03    0.05    0.15    0.39 ^ clkbuf_2_2__f_CLK100MHZ/X (sky130_fd_sc_hd__clkbuf_16)
                                         clknet_2_2__leaf_CLK100MHZ (net)
                  0.05    0.00    0.39 ^ _250_/CLK (sky130_fd_sc_hd__dfrtp_2)
     5    0.04    0.22    0.51    0.90 ^ _250_/Q (sky130_fd_sc_hd__dfrtp_2)
                                         decoder.delay[0] (net)
                  0.22    0.00    0.90 ^ _126_/B (sky130_fd_sc_hd__and4_2)
     6    0.04    0.22    0.43    1.33 ^ _126_/X (sky130_fd_sc_hd__and4_2)
                                         _059_ (net)
                  0.22    0.01    1.33 ^ _172_/A_N (sky130_fd_sc_hd__and2b_1)
     1    0.02    0.10    0.29    1.62 v _172_/X (sky130_fd_sc_hd__and2b_1)
                                         _087_ (net)
                  0.10    0.00    1.62 v _173_/A (sky130_fd_sc_hd__clkbuf_1)
     1    0.01    0.06    0.15    1.77 v _173_/X (sky130_fd_sc_hd__clkbuf_1)
                                         _018_ (net)
                  0.06    0.00    1.77 v _253_/D (sky130_fd_sc_hd__dfrtp_1)
                                  1.77   data arrival time

                         10.00   10.00   clock CLK100MHZ (rise edge)
                          0.00   10.00   clock source latency
     1    0.02    0.09    0.06   10.06 ^ CLK100MHZ (in)
                                         CLK100MHZ (net)
                  0.09    0.00   10.06 ^ clkbuf_0_CLK100MHZ/A (sky130_fd_sc_hd__clkbuf_16)
     4    0.04    0.06    0.15   10.22 ^ clkbuf_0_CLK100MHZ/X (sky130_fd_sc_hd__clkbuf_16)
                                         clknet_0_CLK100MHZ (net)
                  0.06    0.00   10.22 ^ clkbuf_2_2__f_CLK100MHZ/A (sky130_fd_sc_hd__clkbuf_16)
     8    0.03    0.05    0.14   10.36 ^ clkbuf_2_2__f_CLK100MHZ/X (sky130_fd_sc_hd__clkbuf_16)
                                         clknet_2_2__leaf_CLK100MHZ (net)
                  0.05    0.00   10.36 ^ _253_/CLK (sky130_fd_sc_hd__dfrtp_1)
                         -0.25   10.11   clock uncertainty
                          0.04   10.14   clock reconvergence pessimism
                         -0.12   10.03   library setup time
                                 10.03   data required time
-----------------------------------------------------------------------------
                                 10.03   data required time
                                 -1.77   data arrival time
-----------------------------------------------------------------------------
                                  8.26   slack (MET)


Startpoint: _250_ (rising edge-triggered flip-flop clocked by CLK100MHZ)
Endpoint: _254_ (rising edge-triggered flip-flop clocked by CLK100MHZ)
Path Group: CLK100MHZ
Path Type: max
Corner: Typical

Fanout     Cap    Slew   Delay    Time   Description
-----------------------------------------------------------------------------
                          0.00    0.00   clock CLK100MHZ (rise edge)
                          0.00    0.00   clock source latency
     1    0.02    0.09    0.07    0.07 ^ CLK100MHZ (in)
                                         CLK100MHZ (net)
                  0.09    0.00    0.07 ^ clkbuf_0_CLK100MHZ/A (sky130_fd_sc_hd__clkbuf_16)
     4    0.04    0.06    0.17    0.24 ^ clkbuf_0_CLK100MHZ/X (sky130_fd_sc_hd__clkbuf_16)
                                         clknet_0_CLK100MHZ (net)
                  0.06    0.00    0.24 ^ clkbuf_2_2__f_CLK100MHZ/A (sky130_fd_sc_hd__clkbuf_16)
     8    0.03    0.05    0.15    0.39 ^ clkbuf_2_2__f_CLK100MHZ/X (sky130_fd_sc_hd__clkbuf_16)
                                         clknet_2_2__leaf_CLK100MHZ (net)
                  0.05    0.00    0.39 ^ _250_/CLK (sky130_fd_sc_hd__dfrtp_2)
     5    0.04    0.22    0.51    0.90 ^ _250_/Q (sky130_fd_sc_hd__dfrtp_2)
                                         decoder.delay[0] (net)
                  0.22    0.00    0.90 ^ _126_/B (sky130_fd_sc_hd__and4_2)
     6    0.04    0.22    0.43    1.33 ^ _126_/X (sky130_fd_sc_hd__and4_2)
                                         _059_ (net)
                  0.22    0.01    1.33 ^ _174_/B (sky130_fd_sc_hd__and2_1)
     2    0.01    0.15    0.25    1.58 ^ _174_/X (sky130_fd_sc_hd__and2_1)
                                         _088_ (net)
                  0.15    0.00    1.58 ^ _176_/A (sky130_fd_sc_hd__nor2_1)
     1    0.00    0.05    0.08    1.66 v _176_/Y (sky130_fd_sc_hd__nor2_1)
                                         _019_ (net)
                  0.05    0.00    1.66 v _254_/D (sky130_fd_sc_hd__dfrtp_2)
                                  1.66   data arrival time

                         10.00   10.00   clock CLK100MHZ (rise edge)
                          0.00   10.00   clock source latency
     1    0.02    0.09    0.06   10.06 ^ CLK100MHZ (in)
                                         CLK100MHZ (net)
                  0.09    0.00   10.06 ^ clkbuf_0_CLK100MHZ/A (sky130_fd_sc_hd__clkbuf_16)
     4    0.04    0.06    0.15   10.22 ^ clkbuf_0_CLK100MHZ/X (sky130_fd_sc_hd__clkbuf_16)
                                         clknet_0_CLK100MHZ (net)
                  0.06    0.00   10.22 ^ clkbuf_2_1__f_CLK100MHZ/A (sky130_fd_sc_hd__clkbuf_16)
     8    0.02    0.05    0.13   10.35 ^ clkbuf_2_1__f_CLK100MHZ/X (sky130_fd_sc_hd__clkbuf_16)
                                         clknet_2_1__leaf_CLK100MHZ (net)
                  0.05    0.00   10.35 ^ _254_/CLK (sky130_fd_sc_hd__dfrtp_2)
                         -0.25   10.10   clock uncertainty
                          0.02   10.12   clock reconvergence pessimism
                         -0.12   10.00   library setup time
                                 10.00   data required time
-----------------------------------------------------------------------------
                                 10.00   data required time
                                 -1.66   data arrival time
-----------------------------------------------------------------------------
                                  8.35   slack (MET)


Startpoint: _250_ (rising edge-triggered flip-flop clocked by CLK100MHZ)
Endpoint: _252_ (rising edge-triggered flip-flop clocked by CLK100MHZ)
Path Group: CLK100MHZ
Path Type: max
Corner: Typical

Fanout     Cap    Slew   Delay    Time   Description
-----------------------------------------------------------------------------
                          0.00    0.00   clock CLK100MHZ (rise edge)
                          0.00    0.00   clock source latency
     1    0.02    0.09    0.07    0.07 ^ CLK100MHZ (in)
                                         CLK100MHZ (net)
                  0.09    0.00    0.07 ^ clkbuf_0_CLK100MHZ/A (sky130_fd_sc_hd__clkbuf_16)
     4    0.04    0.06    0.17    0.24 ^ clkbuf_0_CLK100MHZ/X (sky130_fd_sc_hd__clkbuf_16)
                                         clknet_0_CLK100MHZ (net)
                  0.06    0.00    0.24 ^ clkbuf_2_2__f_CLK100MHZ/A (sky130_fd_sc_hd__clkbuf_16)
     8    0.03    0.05    0.15    0.39 ^ clkbuf_2_2__f_CLK100MHZ/X (sky130_fd_sc_hd__clkbuf_16)
                                         clknet_2_2__leaf_CLK100MHZ (net)
                  0.05    0.00    0.39 ^ _250_/CLK (sky130_fd_sc_hd__dfrtp_2)
     5    0.04    0.22    0.51    0.90 ^ _250_/Q (sky130_fd_sc_hd__dfrtp_2)
                                         decoder.delay[0] (net)
                  0.22    0.00    0.91 ^ _166_/B (sky130_fd_sc_hd__nand2_1)
     2    0.02    0.17    0.21    1.11 v _166_/Y (sky130_fd_sc_hd__nand2_1)
                                         _083_ (net)
                  0.17    0.00    1.12 v _170_/B (sky130_fd_sc_hd__xnor2_1)
     1    0.02    0.48    0.47    1.59 ^ _170_/Y (sky130_fd_sc_hd__xnor2_1)
                                         _017_ (net)
                  0.48    0.00    1.59 ^ _252_/D (sky130_fd_sc_hd__dfrtp_2)
                                  1.59   data arrival time

                         10.00   10.00   clock CLK100MHZ (rise edge)
                          0.00   10.00   clock source latency
     1    0.02    0.09    0.06   10.06 ^ CLK100MHZ (in)
                                         CLK100MHZ (net)
                  0.09    0.00   10.06 ^ clkbuf_0_CLK100MHZ/A (sky130_fd_sc_hd__clkbuf_16)
     4    0.04    0.06    0.15   10.22 ^ clkbuf_0_CLK100MHZ/X (sky130_fd_sc_hd__clkbuf_16)
                                         clknet_0_CLK100MHZ (net)
                  0.06    0.00   10.22 ^ clkbuf_2_2__f_CLK100MHZ/A (sky130_fd_sc_hd__clkbuf_16)
     8    0.03    0.05    0.14   10.36 ^ clkbuf_2_2__f_CLK100MHZ/X (sky130_fd_sc_hd__clkbuf_16)
                                         clknet_2_2__leaf_CLK100MHZ (net)
                  0.05    0.00   10.36 ^ _252_/CLK (sky130_fd_sc_hd__dfrtp_2)
                         -0.25   10.11   clock uncertainty
                          0.04   10.14   clock reconvergence pessimism
                         -0.16    9.98   library setup time
                                  9.98   data required time
-----------------------------------------------------------------------------
                                  9.98   data required time
                                 -1.59   data arrival time
-----------------------------------------------------------------------------
                                  8.39   slack (MET)


Startpoint: _250_ (rising edge-triggered flip-flop clocked by CLK100MHZ)
Endpoint: _251_ (rising edge-triggered flip-flop clocked by CLK100MHZ)
Path Group: CLK100MHZ
Path Type: max
Corner: Typical

Fanout     Cap    Slew   Delay    Time   Description
-----------------------------------------------------------------------------
                          0.00    0.00   clock CLK100MHZ (rise edge)
                          0.00    0.00   clock source latency
     1    0.02    0.09    0.07    0.07 ^ CLK100MHZ (in)
                                         CLK100MHZ (net)
                  0.09    0.00    0.07 ^ clkbuf_0_CLK100MHZ/A (sky130_fd_sc_hd__clkbuf_16)
     4    0.04    0.06    0.17    0.24 ^ clkbuf_0_CLK100MHZ/X (sky130_fd_sc_hd__clkbuf_16)
                                         clknet_0_CLK100MHZ (net)
                  0.06    0.00    0.24 ^ clkbuf_2_2__f_CLK100MHZ/A (sky130_fd_sc_hd__clkbuf_16)
     8    0.03    0.05    0.15    0.39 ^ clkbuf_2_2__f_CLK100MHZ/X (sky130_fd_sc_hd__clkbuf_16)
                                         clknet_2_2__leaf_CLK100MHZ (net)
                  0.05    0.00    0.39 ^ _250_/CLK (sky130_fd_sc_hd__dfrtp_2)
     5    0.04    0.13    0.51    0.91 v _250_/Q (sky130_fd_sc_hd__dfrtp_2)
                                         decoder.delay[0] (net)
                  0.13    0.00    0.91 v _167_/B (sky130_fd_sc_hd__or2_1)
     1    0.01    0.06    0.27    1.18 v _167_/X (sky130_fd_sc_hd__or2_1)
                                         _084_ (net)
                  0.06    0.00    1.18 v _168_/B (sky130_fd_sc_hd__and2_1)
     1    0.01    0.06    0.20    1.38 v _168_/X (sky130_fd_sc_hd__and2_1)
                                         _085_ (net)
                  0.06    0.00    1.38 v _169_/A (sky130_fd_sc_hd__clkbuf_1)
     1    0.01    0.06    0.13    1.51 v _169_/X (sky130_fd_sc_hd__clkbuf_1)
                                         _011_ (net)
                  0.06    0.00    1.51 v _251_/D (sky130_fd_sc_hd__dfrtp_2)
                                  1.51   data arrival time

                         10.00   10.00   clock CLK100MHZ (rise edge)
                          0.00   10.00   clock source latency
     1    0.02    0.09    0.06   10.06 ^ CLK100MHZ (in)
                                         CLK100MHZ (net)
                  0.09    0.00   10.06 ^ clkbuf_0_CLK100MHZ/A (sky130_fd_sc_hd__clkbuf_16)
     4    0.04    0.06    0.15   10.22 ^ clkbuf_0_CLK100MHZ/X (sky130_fd_sc_hd__clkbuf_16)
                                         clknet_0_CLK100MHZ (net)
                  0.06    0.00   10.22 ^ clkbuf_2_2__f_CLK100MHZ/A (sky130_fd_sc_hd__clkbuf_16)
     8    0.03    0.05    0.14   10.36 ^ clkbuf_2_2__f_CLK100MHZ/X (sky130_fd_sc_hd__clkbuf_16)
                                         clknet_2_2__leaf_CLK100MHZ (net)
                  0.05    0.00   10.36 ^ _251_/CLK (sky130_fd_sc_hd__dfrtp_2)
                         -0.25   10.11   clock uncertainty
                          0.04   10.14   clock reconvergence pessimism
                         -0.12   10.02   library setup time
                                 10.02   data required time
-----------------------------------------------------------------------------
                                 10.02   data required time
                                 -1.51   data arrival time
-----------------------------------------------------------------------------
                                  8.51   slack (MET)


Startpoint: _250_ (rising edge-triggered flip-flop clocked by CLK100MHZ)
Endpoint: _250_ (rising edge-triggered flip-flop clocked by CLK100MHZ)
Path Group: CLK100MHZ
Path Type: max
Corner: Typical

Fanout     Cap    Slew   Delay    Time   Description
-----------------------------------------------------------------------------
                          0.00    0.00   clock CLK100MHZ (rise edge)
                          0.00    0.00   clock source latency
     1    0.02    0.09    0.07    0.07 ^ CLK100MHZ (in)
                                         CLK100MHZ (net)
                  0.09    0.00    0.07 ^ clkbuf_0_CLK100MHZ/A (sky130_fd_sc_hd__clkbuf_16)
     4    0.04    0.06    0.17    0.24 ^ clkbuf_0_CLK100MHZ/X (sky130_fd_sc_hd__clkbuf_16)
                                         clknet_0_CLK100MHZ (net)
                  0.06    0.00    0.24 ^ clkbuf_2_2__f_CLK100MHZ/A (sky130_fd_sc_hd__clkbuf_16)
     8    0.03    0.05    0.15    0.39 ^ clkbuf_2_2__f_CLK100MHZ/X (sky130_fd_sc_hd__clkbuf_16)
                                         clknet_2_2__leaf_CLK100MHZ (net)
                  0.05    0.00    0.39 ^ _250_/CLK (sky130_fd_sc_hd__dfrtp_2)
     5    0.04    0.22    0.51    0.90 ^ _250_/Q (sky130_fd_sc_hd__dfrtp_2)
                                         decoder.delay[0] (net)
                  0.22    0.00    0.90 ^ _165_/A (sky130_fd_sc_hd__inv_2)
     1    0.00    0.04    0.05    0.95 v _165_/Y (sky130_fd_sc_hd__inv_2)
                                         _000_ (net)
                  0.04    0.00    0.95 v _250_/D (sky130_fd_sc_hd__dfrtp_2)
                                  0.95   data arrival time

                         10.00   10.00   clock CLK100MHZ (rise edge)
                          0.00   10.00   clock source latency
     1    0.02    0.09    0.06   10.06 ^ CLK100MHZ (in)
                                         CLK100MHZ (net)
                  0.09    0.00   10.06 ^ clkbuf_0_CLK100MHZ/A (sky130_fd_sc_hd__clkbuf_16)
     4    0.04    0.06    0.15   10.22 ^ clkbuf_0_CLK100MHZ/X (sky130_fd_sc_hd__clkbuf_16)
                                         clknet_0_CLK100MHZ (net)
                  0.06    0.00   10.22 ^ clkbuf_2_2__f_CLK100MHZ/A (sky130_fd_sc_hd__clkbuf_16)
     8    0.03    0.05    0.14   10.36 ^ clkbuf_2_2__f_CLK100MHZ/X (sky130_fd_sc_hd__clkbuf_16)
                                         clknet_2_2__leaf_CLK100MHZ (net)
                  0.05    0.00   10.36 ^ _250_/CLK (sky130_fd_sc_hd__dfrtp_2)
                         -0.25   10.11   clock uncertainty
                          0.04   10.14   clock reconvergence pessimism
                         -0.11   10.03   library setup time
                                 10.03   data required time
-----------------------------------------------------------------------------
                                 10.03   data required time
                                 -0.95   data arrival time
-----------------------------------------------------------------------------
                                  9.08   slack (MET)



worst slack corner Typical: 4.9277
