
===========================================================================
report_checks -path_delay min (Hold)
============================================================================
======================= Fastest Corner ===================================

Startpoint: _250_ (rising edge-triggered flip-flop clocked by CLK100MHZ)
Endpoint: _250_ (rising edge-triggered flip-flop clocked by CLK100MHZ)
Path Group: CLK100MHZ
Path Type: min
Corner: Fastest

Fanout     Cap    Slew   Delay    Time   Description
-----------------------------------------------------------------------------
                          0.00    0.00   clock CLK100MHZ (rise edge)
                          0.00    0.00   clock source latency
     1    0.02    0.07    0.04    0.04 ^ CLK100MHZ (in)
                                         CLK100MHZ (net)
                  0.07    0.00    0.04 ^ clkbuf_0_CLK100MHZ/A (sky130_fd_sc_hd__clkbuf_16)
     4    0.04    0.05    0.10    0.15 ^ clkbuf_0_CLK100MHZ/X (sky130_fd_sc_hd__clkbuf_16)
                                         clknet_0_CLK100MHZ (net)
                  0.05    0.00    0.15 ^ clkbuf_2_2__f_CLK100MHZ/A (sky130_fd_sc_hd__clkbuf_16)
     8    0.03    0.04    0.09    0.24 ^ clkbuf_2_2__f_CLK100MHZ/X (sky130_fd_sc_hd__clkbuf_16)
                                         clknet_2_2__leaf_CLK100MHZ (net)
                  0.04    0.00    0.24 ^ _250_/CLK (sky130_fd_sc_hd__dfrtp_2)
     5    0.04    0.15    0.29    0.53 ^ _250_/Q (sky130_fd_sc_hd__dfrtp_2)
                                         decoder.delay[0] (net)
                  0.15    0.00    0.54 ^ _165_/A (sky130_fd_sc_hd__inv_2)
     1    0.00    0.03    0.01    0.55 v _165_/Y (sky130_fd_sc_hd__inv_2)
                                         _000_ (net)
                  0.03    0.00    0.55 v _250_/D (sky130_fd_sc_hd__dfrtp_2)
                                  0.55   data arrival time

                          0.00    0.00   clock CLK100MHZ (rise edge)
                          0.00    0.00   clock source latency
     1    0.02    0.07    0.05    0.05 ^ CLK100MHZ (in)
                                         CLK100MHZ (net)
                  0.07    0.00    0.05 ^ clkbuf_0_CLK100MHZ/A (sky130_fd_sc_hd__clkbuf_16)
     4    0.04    0.05    0.11    0.16 ^ clkbuf_0_CLK100MHZ/X (sky130_fd_sc_hd__clkbuf_16)
                                         clknet_0_CLK100MHZ (net)
                  0.05    0.00    0.16 ^ clkbuf_2_2__f_CLK100MHZ/A (sky130_fd_sc_hd__clkbuf_16)
     8    0.03    0.04    0.10    0.27 ^ clkbuf_2_2__f_CLK100MHZ/X (sky130_fd_sc_hd__clkbuf_16)
                                         clknet_2_2__leaf_CLK100MHZ (net)
                  0.04    0.00    0.27 ^ _250_/CLK (sky130_fd_sc_hd__dfrtp_2)
                          0.25    0.52   clock uncertainty
                         -0.03    0.49   clock reconvergence pessimism
                         -0.03    0.46   library hold time
                                  0.46   data required time
-----------------------------------------------------------------------------
                                  0.46   data required time
                                 -0.55   data arrival time
-----------------------------------------------------------------------------
                                  0.09   slack (MET)


Startpoint: _268_ (rising edge-triggered flip-flop clocked by CLK100MHZ)
Endpoint: _268_ (rising edge-triggered flip-flop clocked by CLK100MHZ)
Path Group: CLK100MHZ
Path Type: min
Corner: Fastest

Fanout     Cap    Slew   Delay    Time   Description
-----------------------------------------------------------------------------
                          0.00    0.00   clock CLK100MHZ (rise edge)
                          0.00    0.00   clock source latency
     1    0.02    0.07    0.04    0.04 ^ CLK100MHZ (in)
                                         CLK100MHZ (net)
                  0.07    0.00    0.04 ^ clkbuf_0_CLK100MHZ/A (sky130_fd_sc_hd__clkbuf_16)
     4    0.04    0.05    0.10    0.15 ^ clkbuf_0_CLK100MHZ/X (sky130_fd_sc_hd__clkbuf_16)
                                         clknet_0_CLK100MHZ (net)
                  0.05    0.00    0.15 ^ clkbuf_2_1__f_CLK100MHZ/A (sky130_fd_sc_hd__clkbuf_16)
     8    0.02    0.03    0.09    0.24 ^ clkbuf_2_1__f_CLK100MHZ/X (sky130_fd_sc_hd__clkbuf_16)
                                         clknet_2_1__leaf_CLK100MHZ (net)
                  0.03    0.00    0.24 ^ _268_/CLK (sky130_fd_sc_hd__dfrtp_2)
     3    0.03    0.11    0.26    0.50 ^ _268_/Q (sky130_fd_sc_hd__dfrtp_2)
                                         decoder.delay[18] (net)
                  0.11    0.00    0.50 ^ _211_/A (sky130_fd_sc_hd__xor2_1)
     1    0.00    0.03    0.05    0.54 v _211_/X (sky130_fd_sc_hd__xor2_1)
                                         _009_ (net)
                  0.03    0.00    0.54 v _268_/D (sky130_fd_sc_hd__dfrtp_2)
                                  0.54   data arrival time

                          0.00    0.00   clock CLK100MHZ (rise edge)
                          0.00    0.00   clock source latency
     1    0.02    0.07    0.05    0.05 ^ CLK100MHZ (in)
                                         CLK100MHZ (net)
                  0.07    0.00    0.05 ^ clkbuf_0_CLK100MHZ/A (sky130_fd_sc_hd__clkbuf_16)
     4    0.04    0.05    0.11    0.16 ^ clkbuf_0_CLK100MHZ/X (sky130_fd_sc_hd__clkbuf_16)
                                         clknet_0_CLK100MHZ (net)
                  0.05    0.00    0.16 ^ clkbuf_2_1__f_CLK100MHZ/A (sky130_fd_sc_hd__clkbuf_16)
     8    0.02    0.03    0.10    0.26 ^ clkbuf_2_1__f_CLK100MHZ/X (sky130_fd_sc_hd__clkbuf_16)
                                         clknet_2_1__leaf_CLK100MHZ (net)
                  0.03    0.00    0.26 ^ _268_/CLK (sky130_fd_sc_hd__dfrtp_2)
                          0.25    0.51   clock uncertainty
                         -0.02    0.49   clock reconvergence pessimism
                         -0.03    0.46   library hold time
                                  0.46   data required time
-----------------------------------------------------------------------------
                                  0.46   data required time
                                 -0.54   data arrival time
-----------------------------------------------------------------------------
                                  0.09   slack (MET)


Startpoint: _266_ (rising edge-triggered flip-flop clocked by CLK100MHZ)
Endpoint: _266_ (rising edge-triggered flip-flop clocked by CLK100MHZ)
Path Group: CLK100MHZ
Path Type: min
Corner: Fastest

Fanout     Cap    Slew   Delay    Time   Description
-----------------------------------------------------------------------------
                          0.00    0.00   clock CLK100MHZ (rise edge)
                          0.00    0.00   clock source latency
     1    0.02    0.07    0.04    0.04 ^ CLK100MHZ (in)
                                         CLK100MHZ (net)
                  0.07    0.00    0.04 ^ clkbuf_0_CLK100MHZ/A (sky130_fd_sc_hd__clkbuf_16)
     4    0.04    0.05    0.10    0.15 ^ clkbuf_0_CLK100MHZ/X (sky130_fd_sc_hd__clkbuf_16)
                                         clknet_0_CLK100MHZ (net)
                  0.05    0.00    0.15 ^ clkbuf_2_0__f_CLK100MHZ/A (sky130_fd_sc_hd__clkbuf_16)
     8    0.03    0.04    0.09    0.24 ^ clkbuf_2_0__f_CLK100MHZ/X (sky130_fd_sc_hd__clkbuf_16)
                                         clknet_2_0__leaf_CLK100MHZ (net)
                  0.04    0.00    0.24 ^ _266_/CLK (sky130_fd_sc_hd__dfrtp_2)
     5    0.04    0.13    0.28    0.52 ^ _266_/Q (sky130_fd_sc_hd__dfrtp_2)
                                         decoder.delay[16] (net)
                  0.13    0.00    0.52 ^ _207_/A (sky130_fd_sc_hd__xor2_1)
     1    0.00    0.03    0.05    0.57 v _207_/X (sky130_fd_sc_hd__xor2_1)
                                         _007_ (net)
                  0.03    0.00    0.57 v _266_/D (sky130_fd_sc_hd__dfrtp_2)
                                  0.57   data arrival time

                          0.00    0.00   clock CLK100MHZ (rise edge)
                          0.00    0.00   clock source latency
     1    0.02    0.07    0.05    0.05 ^ CLK100MHZ (in)
                                         CLK100MHZ (net)
                  0.07    0.00    0.05 ^ clkbuf_0_CLK100MHZ/A (sky130_fd_sc_hd__clkbuf_16)
     4    0.04    0.05    0.11    0.16 ^ clkbuf_0_CLK100MHZ/X (sky130_fd_sc_hd__clkbuf_16)
                                         clknet_0_CLK100MHZ (net)
                  0.05    0.00    0.16 ^ clkbuf_2_0__f_CLK100MHZ/A (sky130_fd_sc_hd__clkbuf_16)
     8    0.03    0.04    0.10    0.26 ^ clkbuf_2_0__f_CLK100MHZ/X (sky130_fd_sc_hd__clkbuf_16)
                                         clknet_2_0__leaf_CLK100MHZ (net)
                  0.04    0.00    0.26 ^ _266_/CLK (sky130_fd_sc_hd__dfrtp_2)
                          0.25    0.51   clock uncertainty
                         -0.03    0.49   clock reconvergence pessimism
                         -0.03    0.46   library hold time
                                  0.46   data required time
-----------------------------------------------------------------------------
                                  0.46   data required time
                                 -0.57   data arrival time
-----------------------------------------------------------------------------
                                  0.11   slack (MET)


Startpoint: _262_ (rising edge-triggered flip-flop clocked by CLK100MHZ)
Endpoint: _262_ (rising edge-triggered flip-flop clocked by CLK100MHZ)
Path Group: CLK100MHZ
Path Type: min
Corner: Fastest

Fanout     Cap    Slew   Delay    Time   Description
-----------------------------------------------------------------------------
                          0.00    0.00   clock CLK100MHZ (rise edge)
                          0.00    0.00   clock source latency
     1    0.02    0.07    0.04    0.04 ^ CLK100MHZ (in)
                                         CLK100MHZ (net)
                  0.07    0.00    0.04 ^ clkbuf_0_CLK100MHZ/A (sky130_fd_sc_hd__clkbuf_16)
     4    0.04    0.05    0.10    0.15 ^ clkbuf_0_CLK100MHZ/X (sky130_fd_sc_hd__clkbuf_16)
                                         clknet_0_CLK100MHZ (net)
                  0.05    0.00    0.15 ^ clkbuf_2_2__f_CLK100MHZ/A (sky130_fd_sc_hd__clkbuf_16)
     8    0.03    0.04    0.09    0.24 ^ clkbuf_2_2__f_CLK100MHZ/X (sky130_fd_sc_hd__clkbuf_16)
                                         clknet_2_2__leaf_CLK100MHZ (net)
                  0.04    0.00    0.24 ^ _262_/CLK (sky130_fd_sc_hd__dfrtp_2)
     5    0.03    0.12    0.27    0.51 ^ _262_/Q (sky130_fd_sc_hd__dfrtp_2)
                                         decoder.delay[12] (net)
                  0.12    0.00    0.51 ^ _199_/A (sky130_fd_sc_hd__xnor2_1)
     1    0.01    0.04    0.06    0.57 v _199_/Y (sky130_fd_sc_hd__xnor2_1)
                                         _003_ (net)
                  0.04    0.00    0.57 v _262_/D (sky130_fd_sc_hd__dfrtp_2)
                                  0.57   data arrival time

                          0.00    0.00   clock CLK100MHZ (rise edge)
                          0.00    0.00   clock source latency
     1    0.02    0.07    0.05    0.05 ^ CLK100MHZ (in)
                                         CLK100MHZ (net)
                  0.07    0.00    0.05 ^ clkbuf_0_CLK100MHZ/A (sky130_fd_sc_hd__clkbuf_16)
     4    0.04    0.05    0.11    0.16 ^ clkbuf_0_CLK100MHZ/X (sky130_fd_sc_hd__clkbuf_16)
                                         clknet_0_CLK100MHZ (net)
                  0.05    0.00    0.16 ^ clkbuf_2_2__f_CLK100MHZ/A (sky130_fd_sc_hd__clkbuf_16)
     8    0.03    0.04    0.10    0.27 ^ clkbuf_2_2__f_CLK100MHZ/X (sky130_fd_sc_hd__clkbuf_16)
                                         clknet_2_2__leaf_CLK100MHZ (net)
                  0.04    0.00    0.27 ^ _262_/CLK (sky130_fd_sc_hd__dfrtp_2)
                          0.25    0.52   clock uncertainty
                         -0.03    0.49   clock reconvergence pessimism
                         -0.03    0.46   library hold time
                                  0.46   data required time
-----------------------------------------------------------------------------
                                  0.46   data required time
                                 -0.57   data arrival time
-----------------------------------------------------------------------------
                                  0.11   slack (MET)


Startpoint: _269_ (rising edge-triggered flip-flop clocked by CLK100MHZ)
Endpoint: _269_ (rising edge-triggered flip-flop clocked by CLK100MHZ)
Path Group: CLK100MHZ
Path Type: min
Corner: Fastest

Fanout     Cap    Slew   Delay    Time   Description
-----------------------------------------------------------------------------
                          0.00    0.00   clock CLK100MHZ (rise edge)
                          0.00    0.00   clock source latency
     1    0.02    0.07    0.04    0.04 ^ CLK100MHZ (in)
                                         CLK100MHZ (net)
                  0.07    0.00    0.04 ^ clkbuf_0_CLK100MHZ/A (sky130_fd_sc_hd__clkbuf_16)
     4    0.04    0.05    0.10    0.15 ^ clkbuf_0_CLK100MHZ/X (sky130_fd_sc_hd__clkbuf_16)
                                         clknet_0_CLK100MHZ (net)
                  0.05    0.00    0.15 ^ clkbuf_2_2__f_CLK100MHZ/A (sky130_fd_sc_hd__clkbuf_16)
     8    0.03    0.04    0.09    0.24 ^ clkbuf_2_2__f_CLK100MHZ/X (sky130_fd_sc_hd__clkbuf_16)
                                         clknet_2_2__leaf_CLK100MHZ (net)
                  0.04    0.00    0.24 ^ _269_/CLK (sky130_fd_sc_hd__dfrtp_1)
     2    0.01    0.10    0.24    0.48 ^ _269_/Q (sky130_fd_sc_hd__dfrtp_1)
                                         decoder.delay[19] (net)
                  0.10    0.00    0.48 ^ _213_/B2 (sky130_fd_sc_hd__o2bb2a_1)
     1    0.01    0.07    0.11    0.59 ^ _213_/X (sky130_fd_sc_hd__o2bb2a_1)
                                         _010_ (net)
                  0.07    0.00    0.59 ^ _269_/D (sky130_fd_sc_hd__dfrtp_1)
                                  0.59   data arrival time

                          0.00    0.00   clock CLK100MHZ (rise edge)
                          0.00    0.00   clock source latency
     1    0.02    0.07    0.05    0.05 ^ CLK100MHZ (in)
                                         CLK100MHZ (net)
                  0.07    0.00    0.05 ^ clkbuf_0_CLK100MHZ/A (sky130_fd_sc_hd__clkbuf_16)
     4    0.04    0.05    0.11    0.16 ^ clkbuf_0_CLK100MHZ/X (sky130_fd_sc_hd__clkbuf_16)
                                         clknet_0_CLK100MHZ (net)
                  0.05    0.00    0.16 ^ clkbuf_2_2__f_CLK100MHZ/A (sky130_fd_sc_hd__clkbuf_16)
     8    0.03    0.04    0.10    0.27 ^ clkbuf_2_2__f_CLK100MHZ/X (sky130_fd_sc_hd__clkbuf_16)
                                         clknet_2_2__leaf_CLK100MHZ (net)
                  0.04    0.00    0.27 ^ _269_/CLK (sky130_fd_sc_hd__dfrtp_1)
                          0.25    0.52   clock uncertainty
                         -0.03    0.49   clock reconvergence pessimism
                         -0.02    0.47   library hold time
                                  0.47   data required time
-----------------------------------------------------------------------------
                                  0.47   data required time
                                 -0.59   data arrival time
-----------------------------------------------------------------------------
                                  0.13   slack (MET)


Startpoint: _274_ (rising edge-triggered flip-flop clocked by CLK100MHZ)
Endpoint: _274_ (rising edge-triggered flip-flop clocked by CLK100MHZ)
Path Group: CLK100MHZ
Path Type: min
Corner: Fastest

Fanout     Cap    Slew   Delay    Time   Description
-----------------------------------------------------------------------------
                          0.00    0.00   clock CLK100MHZ (rise edge)
                          0.00    0.00   clock source latency
     1    0.02    0.07    0.04    0.04 ^ CLK100MHZ (in)
                                         CLK100MHZ (net)
                  0.07    0.00    0.04 ^ clkbuf_0_CLK100MHZ/A (sky130_fd_sc_hd__clkbuf_16)
     4    0.04    0.05    0.10    0.15 ^ clkbuf_0_CLK100MHZ/X (sky130_fd_sc_hd__clkbuf_16)
                                         clknet_0_CLK100MHZ (net)
                  0.05    0.00    0.15 ^ clkbuf_2_3__f_CLK100MHZ/A (sky130_fd_sc_hd__clkbuf_16)
     8    0.03    0.04    0.09    0.24 ^ clkbuf_2_3__f_CLK100MHZ/X (sky130_fd_sc_hd__clkbuf_16)
                                         clknet_2_3__leaf_CLK100MHZ (net)
                  0.04    0.00    0.24 ^ _274_/CLK (sky130_fd_sc_hd__dfrtp_2)
     5    0.03    0.12    0.27    0.51 ^ _274_/Q (sky130_fd_sc_hd__dfrtp_2)
                                         decoder.delay[24] (net)
                  0.12    0.00    0.51 ^ _154_/A (sky130_fd_sc_hd__xnor2_1)
     1    0.01    0.05    0.07    0.58 v _154_/Y (sky130_fd_sc_hd__xnor2_1)
                                         _016_ (net)
                  0.05    0.00    0.58 v _274_/D (sky130_fd_sc_hd__dfrtp_2)
                                  0.58   data arrival time

                          0.00    0.00   clock CLK100MHZ (rise edge)
                          0.00    0.00   clock source latency
     1    0.02    0.07    0.05    0.05 ^ CLK100MHZ (in)
                                         CLK100MHZ (net)
                  0.07    0.00    0.05 ^ clkbuf_0_CLK100MHZ/A (sky130_fd_sc_hd__clkbuf_16)
     4    0.04    0.05    0.11    0.16 ^ clkbuf_0_CLK100MHZ/X (sky130_fd_sc_hd__clkbuf_16)
                                         clknet_0_CLK100MHZ (net)
                  0.05    0.00    0.16 ^ clkbuf_2_3__f_CLK100MHZ/A (sky130_fd_sc_hd__clkbuf_16)
     8    0.03    0.04    0.10    0.26 ^ clkbuf_2_3__f_CLK100MHZ/X (sky130_fd_sc_hd__clkbuf_16)
                                         clknet_2_3__leaf_CLK100MHZ (net)
                  0.04    0.00    0.26 ^ _274_/CLK (sky130_fd_sc_hd__dfrtp_2)
                          0.25    0.51   clock uncertainty
                         -0.03    0.49   clock reconvergence pessimism
                         -0.03    0.45   library hold time
                                  0.45   data required time
-----------------------------------------------------------------------------
                                  0.45   data required time
                                 -0.58   data arrival time
-----------------------------------------------------------------------------
                                  0.13   slack (MET)


Startpoint: _256_ (rising edge-triggered flip-flop clocked by CLK100MHZ)
Endpoint: _256_ (rising edge-triggered flip-flop clocked by CLK100MHZ)
Path Group: CLK100MHZ
Path Type: min
Corner: Fastest

Fanout     Cap    Slew   Delay    Time   Description
-----------------------------------------------------------------------------
                          0.00    0.00   clock CLK100MHZ (rise edge)
                          0.00    0.00   clock source latency
     1    0.02    0.07    0.04    0.04 ^ CLK100MHZ (in)
                                         CLK100MHZ (net)
                  0.07    0.00    0.04 ^ clkbuf_0_CLK100MHZ/A (sky130_fd_sc_hd__clkbuf_16)
     4    0.04    0.05    0.10    0.15 ^ clkbuf_0_CLK100MHZ/X (sky130_fd_sc_hd__clkbuf_16)
                                         clknet_0_CLK100MHZ (net)
                  0.05    0.00    0.15 ^ clkbuf_2_0__f_CLK100MHZ/A (sky130_fd_sc_hd__clkbuf_16)
     8    0.03    0.04    0.09    0.24 ^ clkbuf_2_0__f_CLK100MHZ/X (sky130_fd_sc_hd__clkbuf_16)
                                         clknet_2_0__leaf_CLK100MHZ (net)
                  0.04    0.00    0.24 ^ _256_/CLK (sky130_fd_sc_hd__dfrtp_4)
     4    0.04    0.10    0.29    0.53 ^ _256_/Q (sky130_fd_sc_hd__dfrtp_4)
                                         decoder.delay[6] (net)
                  0.10    0.00    0.53 ^ _180_/A (sky130_fd_sc_hd__xor2_1)
     1    0.01    0.03    0.06    0.59 v _180_/X (sky130_fd_sc_hd__xor2_1)
                                         _021_ (net)
                  0.03    0.00    0.59 v _256_/D (sky130_fd_sc_hd__dfrtp_4)
                                  0.59   data arrival time

                          0.00    0.00   clock CLK100MHZ (rise edge)
                          0.00    0.00   clock source latency
     1    0.02    0.07    0.05    0.05 ^ CLK100MHZ (in)
                                         CLK100MHZ (net)
                  0.07    0.00    0.05 ^ clkbuf_0_CLK100MHZ/A (sky130_fd_sc_hd__clkbuf_16)
     4    0.04    0.05    0.11    0.16 ^ clkbuf_0_CLK100MHZ/X (sky130_fd_sc_hd__clkbuf_16)
                                         clknet_0_CLK100MHZ (net)
                  0.05    0.00    0.16 ^ clkbuf_2_0__f_CLK100MHZ/A (sky130_fd_sc_hd__clkbuf_16)
     8    0.03    0.04    0.10    0.26 ^ clkbuf_2_0__f_CLK100MHZ/X (sky130_fd_sc_hd__clkbuf_16)
                                         clknet_2_0__leaf_CLK100MHZ (net)
                  0.04    0.00    0.26 ^ _256_/CLK (sky130_fd_sc_hd__dfrtp_4)
                          0.25    0.51   clock uncertainty
                         -0.03    0.49   clock reconvergence pessimism
                         -0.03    0.46   library hold time
                                  0.46   data required time
-----------------------------------------------------------------------------
                                  0.46   data required time
                                 -0.59   data arrival time
-----------------------------------------------------------------------------
                                  0.13   slack (MET)


Startpoint: _259_ (rising edge-triggered flip-flop clocked by CLK100MHZ)
Endpoint: _259_ (rising edge-triggered flip-flop clocked by CLK100MHZ)
Path Group: CLK100MHZ
Path Type: min
Corner: Fastest

Fanout     Cap    Slew   Delay    Time   Description
-----------------------------------------------------------------------------
                          0.00    0.00   clock CLK100MHZ (rise edge)
                          0.00    0.00   clock source latency
     1    0.02    0.07    0.04    0.04 ^ CLK100MHZ (in)
                                         CLK100MHZ (net)
                  0.07    0.00    0.04 ^ clkbuf_0_CLK100MHZ/A (sky130_fd_sc_hd__clkbuf_16)
     4    0.04    0.05    0.10    0.15 ^ clkbuf_0_CLK100MHZ/X (sky130_fd_sc_hd__clkbuf_16)
                                         clknet_0_CLK100MHZ (net)
                  0.05    0.00    0.15 ^ clkbuf_2_1__f_CLK100MHZ/A (sky130_fd_sc_hd__clkbuf_16)
     8    0.02    0.03    0.09    0.24 ^ clkbuf_2_1__f_CLK100MHZ/X (sky130_fd_sc_hd__clkbuf_16)
                                         clknet_2_1__leaf_CLK100MHZ (net)
                  0.03    0.00    0.24 ^ _259_/CLK (sky130_fd_sc_hd__dfrtp_2)
     4    0.03    0.13    0.28    0.51 ^ _259_/Q (sky130_fd_sc_hd__dfrtp_2)
                                         decoder.delay[9] (net)
                  0.13    0.00    0.51 ^ _191_/A (sky130_fd_sc_hd__xnor2_1)
     1    0.01    0.04    0.07    0.59 v _191_/Y (sky130_fd_sc_hd__xnor2_1)
                                         _024_ (net)
                  0.04    0.00    0.59 v _259_/D (sky130_fd_sc_hd__dfrtp_2)
                                  0.59   data arrival time

                          0.00    0.00   clock CLK100MHZ (rise edge)
                          0.00    0.00   clock source latency
     1    0.02    0.07    0.05    0.05 ^ CLK100MHZ (in)
                                         CLK100MHZ (net)
                  0.07    0.00    0.05 ^ clkbuf_0_CLK100MHZ/A (sky130_fd_sc_hd__clkbuf_16)
     4    0.04    0.05    0.11    0.16 ^ clkbuf_0_CLK100MHZ/X (sky130_fd_sc_hd__clkbuf_16)
                                         clknet_0_CLK100MHZ (net)
                  0.05    0.00    0.16 ^ clkbuf_2_1__f_CLK100MHZ/A (sky130_fd_sc_hd__clkbuf_16)
     8    0.02    0.03    0.10    0.26 ^ clkbuf_2_1__f_CLK100MHZ/X (sky130_fd_sc_hd__clkbuf_16)
                                         clknet_2_1__leaf_CLK100MHZ (net)
                  0.03    0.00    0.26 ^ _259_/CLK (sky130_fd_sc_hd__dfrtp_2)
                          0.25    0.51   clock uncertainty
                         -0.02    0.49   clock reconvergence pessimism
                         -0.03    0.45   library hold time
                                  0.45   data required time
-----------------------------------------------------------------------------
                                  0.45   data required time
                                 -0.59   data arrival time
-----------------------------------------------------------------------------
                                  0.13   slack (MET)


Startpoint: _264_ (rising edge-triggered flip-flop clocked by CLK100MHZ)
Endpoint: _264_ (rising edge-triggered flip-flop clocked by CLK100MHZ)
Path Group: CLK100MHZ
Path Type: min
Corner: Fastest

Fanout     Cap    Slew   Delay    Time   Description
-----------------------------------------------------------------------------
                          0.00    0.00   clock CLK100MHZ (rise edge)
                          0.00    0.00   clock source latency
     1    0.02    0.07    0.04    0.04 ^ CLK100MHZ (in)
                                         CLK100MHZ (net)
                  0.07    0.00    0.04 ^ clkbuf_0_CLK100MHZ/A (sky130_fd_sc_hd__clkbuf_16)
     4    0.04    0.05    0.10    0.15 ^ clkbuf_0_CLK100MHZ/X (sky130_fd_sc_hd__clkbuf_16)
                                         clknet_0_CLK100MHZ (net)
                  0.05    0.00    0.15 ^ clkbuf_2_0__f_CLK100MHZ/A (sky130_fd_sc_hd__clkbuf_16)
     8    0.03    0.04    0.09    0.24 ^ clkbuf_2_0__f_CLK100MHZ/X (sky130_fd_sc_hd__clkbuf_16)
                                         clknet_2_0__leaf_CLK100MHZ (net)
                  0.04    0.00    0.24 ^ _264_/CLK (sky130_fd_sc_hd__dfrtp_1)
     3    0.02    0.15    0.27    0.51 ^ _264_/Q (sky130_fd_sc_hd__dfrtp_1)
                                         decoder.delay[14] (net)
                  0.15    0.00    0.51 ^ _204_/B2 (sky130_fd_sc_hd__o2bb2a_1)
     1    0.01    0.06    0.12    0.63 ^ _204_/X (sky130_fd_sc_hd__o2bb2a_1)
                                         _005_ (net)
                  0.06    0.00    0.63 ^ _264_/D (sky130_fd_sc_hd__dfrtp_1)
                                  0.63   data arrival time

                          0.00    0.00   clock CLK100MHZ (rise edge)
                          0.00    0.00   clock source latency
     1    0.02    0.07    0.05    0.05 ^ CLK100MHZ (in)
                                         CLK100MHZ (net)
                  0.07    0.00    0.05 ^ clkbuf_0_CLK100MHZ/A (sky130_fd_sc_hd__clkbuf_16)
     4    0.04    0.05    0.11    0.16 ^ clkbuf_0_CLK100MHZ/X (sky130_fd_sc_hd__clkbuf_16)
                                         clknet_0_CLK100MHZ (net)
                  0.05    0.00    0.16 ^ clkbuf_2_0__f_CLK100MHZ/A (sky130_fd_sc_hd__clkbuf_16)
     8    0.03    0.04    0.10    0.26 ^ clkbuf_2_0__f_CLK100MHZ/X (sky130_fd_sc_hd__clkbuf_16)
                                         clknet_2_0__leaf_CLK100MHZ (net)
                  0.04    0.00    0.26 ^ _264_/CLK (sky130_fd_sc_hd__dfrtp_1)
                          0.25    0.51   clock uncertainty
                         -0.03    0.49   clock reconvergence pessimism
                         -0.02    0.47   library hold time
                                  0.47   data required time
-----------------------------------------------------------------------------
                                  0.47   data required time
                                 -0.63   data arrival time
-----------------------------------------------------------------------------
                                  0.16   slack (MET)


Startpoint: _270_ (rising edge-triggered flip-flop clocked by CLK100MHZ)
Endpoint: _270_ (rising edge-triggered flip-flop clocked by CLK100MHZ)
Path Group: CLK100MHZ
Path Type: min
Corner: Fastest

Fanout     Cap    Slew   Delay    Time   Description
-----------------------------------------------------------------------------
                          0.00    0.00   clock CLK100MHZ (rise edge)
                          0.00    0.00   clock source latency
     1    0.02    0.07    0.04    0.04 ^ CLK100MHZ (in)
                                         CLK100MHZ (net)
                  0.07    0.00    0.04 ^ clkbuf_0_CLK100MHZ/A (sky130_fd_sc_hd__clkbuf_16)
     4    0.04    0.05    0.10    0.15 ^ clkbuf_0_CLK100MHZ/X (sky130_fd_sc_hd__clkbuf_16)
                                         clknet_0_CLK100MHZ (net)
                  0.05    0.00    0.15 ^ clkbuf_2_0__f_CLK100MHZ/A (sky130_fd_sc_hd__clkbuf_16)
     8    0.03    0.04    0.09    0.24 ^ clkbuf_2_0__f_CLK100MHZ/X (sky130_fd_sc_hd__clkbuf_16)
                                         clknet_2_0__leaf_CLK100MHZ (net)
                  0.04    0.00    0.24 ^ _270_/CLK (sky130_fd_sc_hd__dfrtp_1)
     3    0.02    0.07    0.26    0.49 v _270_/Q (sky130_fd_sc_hd__dfrtp_1)
                                         decoder.delay[20] (net)
                  0.07    0.00    0.50 v _143_/B1 (sky130_fd_sc_hd__a21oi_1)
     1    0.00    0.07    0.08    0.57 ^ _143_/Y (sky130_fd_sc_hd__a21oi_1)
                                         _072_ (net)
                  0.07    0.00    0.57 ^ _145_/A (sky130_fd_sc_hd__nor2_1)
     1    0.01    0.04    0.05    0.62 v _145_/Y (sky130_fd_sc_hd__nor2_1)
                                         _012_ (net)
                  0.04    0.00    0.62 v _270_/D (sky130_fd_sc_hd__dfrtp_1)
                                  0.62   data arrival time

                          0.00    0.00   clock CLK100MHZ (rise edge)
                          0.00    0.00   clock source latency
     1    0.02    0.07    0.05    0.05 ^ CLK100MHZ (in)
                                         CLK100MHZ (net)
                  0.07    0.00    0.05 ^ clkbuf_0_CLK100MHZ/A (sky130_fd_sc_hd__clkbuf_16)
     4    0.04    0.05    0.11    0.16 ^ clkbuf_0_CLK100MHZ/X (sky130_fd_sc_hd__clkbuf_16)
                                         clknet_0_CLK100MHZ (net)
                  0.05    0.00    0.16 ^ clkbuf_2_0__f_CLK100MHZ/A (sky130_fd_sc_hd__clkbuf_16)
     8    0.03    0.04    0.10    0.26 ^ clkbuf_2_0__f_CLK100MHZ/X (sky130_fd_sc_hd__clkbuf_16)
                                         clknet_2_0__leaf_CLK100MHZ (net)
                  0.04    0.00    0.26 ^ _270_/CLK (sky130_fd_sc_hd__dfrtp_1)
                          0.25    0.51   clock uncertainty
                         -0.03    0.49   clock reconvergence pessimism
                         -0.04    0.45   library hold time
                                  0.45   data required time
-----------------------------------------------------------------------------
                                  0.45   data required time
                                 -0.62   data arrival time
-----------------------------------------------------------------------------
                                  0.17   slack (MET)


Startpoint: _272_ (rising edge-triggered flip-flop clocked by CLK100MHZ)
Endpoint: _272_ (rising edge-triggered flip-flop clocked by CLK100MHZ)
Path Group: CLK100MHZ
Path Type: min
Corner: Fastest

Fanout     Cap    Slew   Delay    Time   Description
-----------------------------------------------------------------------------
                          0.00    0.00   clock CLK100MHZ (rise edge)
                          0.00    0.00   clock source latency
     1    0.02    0.07    0.04    0.04 ^ CLK100MHZ (in)
                                         CLK100MHZ (net)
                  0.07    0.00    0.04 ^ clkbuf_0_CLK100MHZ/A (sky130_fd_sc_hd__clkbuf_16)
     4    0.04    0.05    0.10    0.15 ^ clkbuf_0_CLK100MHZ/X (sky130_fd_sc_hd__clkbuf_16)
                                         clknet_0_CLK100MHZ (net)
                  0.05    0.00    0.15 ^ clkbuf_2_1__f_CLK100MHZ/A (sky130_fd_sc_hd__clkbuf_16)
     8    0.02    0.03    0.09    0.24 ^ clkbuf_2_1__f_CLK100MHZ/X (sky130_fd_sc_hd__clkbuf_16)
                                         clknet_2_1__leaf_CLK100MHZ (net)
                  0.03    0.00    0.24 ^ _272_/CLK (sky130_fd_sc_hd__dfrtp_1)
     3    0.03    0.18    0.30    0.53 ^ _272_/Q (sky130_fd_sc_hd__dfrtp_1)
                                         decoder.delay[22] (net)
                  0.18    0.00    0.53 ^ _149_/B2 (sky130_fd_sc_hd__o2bb2a_1)
     1    0.00    0.04    0.10    0.63 ^ _149_/X (sky130_fd_sc_hd__o2bb2a_1)
                                         _014_ (net)
                  0.04    0.00    0.63 ^ _272_/D (sky130_fd_sc_hd__dfrtp_1)
                                  0.63   data arrival time

                          0.00    0.00   clock CLK100MHZ (rise edge)
                          0.00    0.00   clock source latency
     1    0.02    0.07    0.05    0.05 ^ CLK100MHZ (in)
                                         CLK100MHZ (net)
                  0.07    0.00    0.05 ^ clkbuf_0_CLK100MHZ/A (sky130_fd_sc_hd__clkbuf_16)
     4    0.04    0.05    0.11    0.16 ^ clkbuf_0_CLK100MHZ/X (sky130_fd_sc_hd__clkbuf_16)
                                         clknet_0_CLK100MHZ (net)
                  0.05    0.00    0.16 ^ clkbuf_2_1__f_CLK100MHZ/A (sky130_fd_sc_hd__clkbuf_16)
     8    0.02    0.03    0.10    0.26 ^ clkbuf_2_1__f_CLK100MHZ/X (sky130_fd_sc_hd__clkbuf_16)
                                         clknet_2_1__leaf_CLK100MHZ (net)
                  0.03    0.00    0.26 ^ _272_/CLK (sky130_fd_sc_hd__dfrtp_1)
                          0.25    0.51   clock uncertainty
                         -0.02    0.49   clock reconvergence pessimism
                         -0.02    0.47   library hold time
                                  0.47   data required time
-----------------------------------------------------------------------------
                                  0.47   data required time
                                 -0.63   data arrival time
-----------------------------------------------------------------------------
                                  0.17   slack (MET)


Startpoint: _247_ (rising edge-triggered flip-flop clocked by CLK100MHZ)
Endpoint: _247_ (rising edge-triggered flip-flop clocked by CLK100MHZ)
Path Group: CLK100MHZ
Path Type: min
Corner: Fastest

Fanout     Cap    Slew   Delay    Time   Description
-----------------------------------------------------------------------------
                          0.00    0.00   clock CLK100MHZ (rise edge)
                          0.00    0.00   clock source latency
     1    0.02    0.07    0.04    0.04 ^ CLK100MHZ (in)
                                         CLK100MHZ (net)
                  0.07    0.00    0.04 ^ clkbuf_0_CLK100MHZ/A (sky130_fd_sc_hd__clkbuf_16)
     4    0.04    0.05    0.10    0.15 ^ clkbuf_0_CLK100MHZ/X (sky130_fd_sc_hd__clkbuf_16)
                                         clknet_0_CLK100MHZ (net)
                  0.05    0.00    0.15 ^ clkbuf_2_3__f_CLK100MHZ/A (sky130_fd_sc_hd__clkbuf_16)
     8    0.03    0.04    0.09    0.24 ^ clkbuf_2_3__f_CLK100MHZ/X (sky130_fd_sc_hd__clkbuf_16)
                                         clknet_2_3__leaf_CLK100MHZ (net)
                  0.04    0.00    0.24 ^ _247_/CLK (sky130_fd_sc_hd__dfrtp_4)
     9    0.05    0.13    0.31    0.55 ^ _247_/Q (sky130_fd_sc_hd__dfrtp_4)
                                         decoder.count[1] (net)
                  0.13    0.00    0.55 ^ _140_/A (sky130_fd_sc_hd__xor2_1)
     1    0.01    0.04    0.07    0.62 v _140_/X (sky130_fd_sc_hd__xor2_1)
                                         _055_ (net)
                  0.04    0.00    0.62 v _247_/D (sky130_fd_sc_hd__dfrtp_4)
                                  0.62   data arrival time

                          0.00    0.00   clock CLK100MHZ (rise edge)
                          0.00    0.00   clock source latency
     1    0.02    0.07    0.05    0.05 ^ CLK100MHZ (in)
                                         CLK100MHZ (net)
                  0.07    0.00    0.05 ^ clkbuf_0_CLK100MHZ/A (sky130_fd_sc_hd__clkbuf_16)
     4    0.04    0.05    0.11    0.16 ^ clkbuf_0_CLK100MHZ/X (sky130_fd_sc_hd__clkbuf_16)
                                         clknet_0_CLK100MHZ (net)
                  0.05    0.00    0.16 ^ clkbuf_2_3__f_CLK100MHZ/A (sky130_fd_sc_hd__clkbuf_16)
     8    0.03    0.04    0.10    0.26 ^ clkbuf_2_3__f_CLK100MHZ/X (sky130_fd_sc_hd__clkbuf_16)
                                         clknet_2_3__leaf_CLK100MHZ (net)
                  0.04    0.00    0.26 ^ _247_/CLK (sky130_fd_sc_hd__dfrtp_4)
                          0.25    0.51   clock uncertainty
                         -0.03    0.49   clock reconvergence pessimism
                         -0.03    0.46   library hold time
                                  0.46   data required time
-----------------------------------------------------------------------------
                                  0.46   data required time
                                 -0.62   data arrival time
-----------------------------------------------------------------------------
                                  0.17   slack (MET)


Startpoint: _255_ (rising edge-triggered flip-flop clocked by CLK100MHZ)
Endpoint: _255_ (rising edge-triggered flip-flop clocked by CLK100MHZ)
Path Group: CLK100MHZ
Path Type: min
Corner: Fastest

Fanout     Cap    Slew   Delay    Time   Description
-----------------------------------------------------------------------------
                          0.00    0.00   clock CLK100MHZ (rise edge)
                          0.00    0.00   clock source latency
     1    0.02    0.07    0.04    0.04 ^ CLK100MHZ (in)
                                         CLK100MHZ (net)
                  0.07    0.00    0.04 ^ clkbuf_0_CLK100MHZ/A (sky130_fd_sc_hd__clkbuf_16)
     4    0.04    0.05    0.10    0.15 ^ clkbuf_0_CLK100MHZ/X (sky130_fd_sc_hd__clkbuf_16)
                                         clknet_0_CLK100MHZ (net)
                  0.05    0.00    0.15 ^ clkbuf_2_0__f_CLK100MHZ/A (sky130_fd_sc_hd__clkbuf_16)
     8    0.03    0.04    0.09    0.24 ^ clkbuf_2_0__f_CLK100MHZ/X (sky130_fd_sc_hd__clkbuf_16)
                                         clknet_2_0__leaf_CLK100MHZ (net)
                  0.04    0.00    0.24 ^ _255_/CLK (sky130_fd_sc_hd__dfrtp_2)
     4    0.03    0.12    0.27    0.51 ^ _255_/Q (sky130_fd_sc_hd__dfrtp_2)
                                         decoder.delay[5] (net)
                  0.12    0.00    0.51 ^ _178_/A (sky130_fd_sc_hd__nor2_1)
     1    0.01    0.04    0.05    0.56 v _178_/Y (sky130_fd_sc_hd__nor2_1)
                                         _091_ (net)
                  0.04    0.00    0.56 v _179_/B (sky130_fd_sc_hd__nor2_1)
     1    0.01    0.08    0.08    0.64 ^ _179_/Y (sky130_fd_sc_hd__nor2_1)
                                         _020_ (net)
                  0.08    0.00    0.64 ^ _255_/D (sky130_fd_sc_hd__dfrtp_2)
                                  0.64   data arrival time

                          0.00    0.00   clock CLK100MHZ (rise edge)
                          0.00    0.00   clock source latency
     1    0.02    0.07    0.05    0.05 ^ CLK100MHZ (in)
                                         CLK100MHZ (net)
                  0.07    0.00    0.05 ^ clkbuf_0_CLK100MHZ/A (sky130_fd_sc_hd__clkbuf_16)
     4    0.04    0.05    0.11    0.16 ^ clkbuf_0_CLK100MHZ/X (sky130_fd_sc_hd__clkbuf_16)
                                         clknet_0_CLK100MHZ (net)
                  0.05    0.00    0.16 ^ clkbuf_2_0__f_CLK100MHZ/A (sky130_fd_sc_hd__clkbuf_16)
     8    0.03    0.04    0.10    0.26 ^ clkbuf_2_0__f_CLK100MHZ/X (sky130_fd_sc_hd__clkbuf_16)
                                         clknet_2_0__leaf_CLK100MHZ (net)
                  0.04    0.00    0.26 ^ _255_/CLK (sky130_fd_sc_hd__dfrtp_2)
                          0.25    0.51   clock uncertainty
                         -0.03    0.49   clock reconvergence pessimism
                         -0.02    0.47   library hold time
                                  0.47   data required time
-----------------------------------------------------------------------------
                                  0.47   data required time
                                 -0.64   data arrival time
-----------------------------------------------------------------------------
                                  0.17   slack (MET)


Startpoint: _249_ (rising edge-triggered flip-flop clocked by CLK100MHZ)
Endpoint: _249_ (rising edge-triggered flip-flop clocked by CLK100MHZ)
Path Group: CLK100MHZ
Path Type: min
Corner: Fastest

Fanout     Cap    Slew   Delay    Time   Description
-----------------------------------------------------------------------------
                          0.00    0.00   clock CLK100MHZ (rise edge)
                          0.00    0.00   clock source latency
     1    0.02    0.07    0.04    0.04 ^ CLK100MHZ (in)
                                         CLK100MHZ (net)
                  0.07    0.00    0.04 ^ clkbuf_0_CLK100MHZ/A (sky130_fd_sc_hd__clkbuf_16)
     4    0.04    0.05    0.10    0.15 ^ clkbuf_0_CLK100MHZ/X (sky130_fd_sc_hd__clkbuf_16)
                                         clknet_0_CLK100MHZ (net)
                  0.05    0.00    0.15 ^ clkbuf_2_3__f_CLK100MHZ/A (sky130_fd_sc_hd__clkbuf_16)
     8    0.03    0.04    0.09    0.24 ^ clkbuf_2_3__f_CLK100MHZ/X (sky130_fd_sc_hd__clkbuf_16)
                                         clknet_2_3__leaf_CLK100MHZ (net)
                  0.04    0.00    0.24 ^ _249_/CLK (sky130_fd_sc_hd__dfrtp_4)
     6    0.05    0.11    0.30    0.54 ^ _249_/Q (sky130_fd_sc_hd__dfrtp_4)
                                         decoder.count[3] (net)
                  0.11    0.00    0.54 ^ _130_/A (sky130_fd_sc_hd__xor2_1)
     1    0.01    0.06    0.09    0.63 v _130_/X (sky130_fd_sc_hd__xor2_1)
                                         _057_ (net)
                  0.06    0.00    0.63 v _249_/D (sky130_fd_sc_hd__dfrtp_4)
                                  0.63   data arrival time

                          0.00    0.00   clock CLK100MHZ (rise edge)
                          0.00    0.00   clock source latency
     1    0.02    0.07    0.05    0.05 ^ CLK100MHZ (in)
                                         CLK100MHZ (net)
                  0.07    0.00    0.05 ^ clkbuf_0_CLK100MHZ/A (sky130_fd_sc_hd__clkbuf_16)
     4    0.04    0.05    0.11    0.16 ^ clkbuf_0_CLK100MHZ/X (sky130_fd_sc_hd__clkbuf_16)
                                         clknet_0_CLK100MHZ (net)
                  0.05    0.00    0.16 ^ clkbuf_2_3__f_CLK100MHZ/A (sky130_fd_sc_hd__clkbuf_16)
     8    0.03    0.04    0.10    0.26 ^ clkbuf_2_3__f_CLK100MHZ/X (sky130_fd_sc_hd__clkbuf_16)
                                         clknet_2_3__leaf_CLK100MHZ (net)
                  0.04    0.00    0.26 ^ _249_/CLK (sky130_fd_sc_hd__dfrtp_4)
                          0.25    0.51   clock uncertainty
                         -0.03    0.49   clock reconvergence pessimism
                         -0.04    0.45   library hold time
                                  0.45   data required time
-----------------------------------------------------------------------------
                                  0.45   data required time
                                 -0.63   data arrival time
-----------------------------------------------------------------------------
                                  0.17   slack (MET)


Startpoint: _254_ (rising edge-triggered flip-flop clocked by CLK100MHZ)
Endpoint: _254_ (rising edge-triggered flip-flop clocked by CLK100MHZ)
Path Group: CLK100MHZ
Path Type: min
Corner: Fastest

Fanout     Cap    Slew   Delay    Time   Description
-----------------------------------------------------------------------------
                          0.00    0.00   clock CLK100MHZ (rise edge)
                          0.00    0.00   clock source latency
     1    0.02    0.07    0.04    0.04 ^ CLK100MHZ (in)
                                         CLK100MHZ (net)
                  0.07    0.00    0.04 ^ clkbuf_0_CLK100MHZ/A (sky130_fd_sc_hd__clkbuf_16)
     4    0.04    0.05    0.10    0.15 ^ clkbuf_0_CLK100MHZ/X (sky130_fd_sc_hd__clkbuf_16)
                                         clknet_0_CLK100MHZ (net)
                  0.05    0.00    0.15 ^ clkbuf_2_1__f_CLK100MHZ/A (sky130_fd_sc_hd__clkbuf_16)
     8    0.02    0.03    0.09    0.24 ^ clkbuf_2_1__f_CLK100MHZ/X (sky130_fd_sc_hd__clkbuf_16)
                                         clknet_2_1__leaf_CLK100MHZ (net)
                  0.03    0.00    0.24 ^ _254_/CLK (sky130_fd_sc_hd__dfrtp_2)
     5    0.04    0.13    0.28    0.52 ^ _254_/Q (sky130_fd_sc_hd__dfrtp_2)
                                         decoder.delay[4] (net)
                  0.13    0.00    0.52 ^ _175_/A (sky130_fd_sc_hd__nor2_1)
     1    0.01    0.05    0.06    0.57 v _175_/Y (sky130_fd_sc_hd__nor2_1)
                                         _089_ (net)
                  0.05    0.00    0.57 v _176_/B (sky130_fd_sc_hd__nor2_1)
     1    0.00    0.07    0.07    0.64 ^ _176_/Y (sky130_fd_sc_hd__nor2_1)
                                         _019_ (net)
                  0.07    0.00    0.64 ^ _254_/D (sky130_fd_sc_hd__dfrtp_2)
                                  0.64   data arrival time

                          0.00    0.00   clock CLK100MHZ (rise edge)
                          0.00    0.00   clock source latency
     1    0.02    0.07    0.05    0.05 ^ CLK100MHZ (in)
                                         CLK100MHZ (net)
                  0.07    0.00    0.05 ^ clkbuf_0_CLK100MHZ/A (sky130_fd_sc_hd__clkbuf_16)
     4    0.04    0.05    0.11    0.16 ^ clkbuf_0_CLK100MHZ/X (sky130_fd_sc_hd__clkbuf_16)
                                         clknet_0_CLK100MHZ (net)
                  0.05    0.00    0.16 ^ clkbuf_2_1__f_CLK100MHZ/A (sky130_fd_sc_hd__clkbuf_16)
     8    0.02    0.03    0.10    0.26 ^ clkbuf_2_1__f_CLK100MHZ/X (sky130_fd_sc_hd__clkbuf_16)
                                         clknet_2_1__leaf_CLK100MHZ (net)
                  0.03    0.00    0.26 ^ _254_/CLK (sky130_fd_sc_hd__dfrtp_2)
                          0.25    0.51   clock uncertainty
                         -0.02    0.49   clock reconvergence pessimism
                         -0.02    0.46   library hold time
                                  0.46   data required time
-----------------------------------------------------------------------------
                                  0.46   data required time
                                 -0.64   data arrival time
-----------------------------------------------------------------------------
                                  0.18   slack (MET)


Startpoint: _274_ (rising edge-triggered flip-flop clocked by CLK100MHZ)
Endpoint: _248_ (rising edge-triggered flip-flop clocked by CLK100MHZ)
Path Group: CLK100MHZ
Path Type: min
Corner: Fastest

Fanout     Cap    Slew   Delay    Time   Description
-----------------------------------------------------------------------------
                          0.00    0.00   clock CLK100MHZ (rise edge)
                          0.00    0.00   clock source latency
     1    0.02    0.07    0.04    0.04 ^ CLK100MHZ (in)
                                         CLK100MHZ (net)
                  0.07    0.00    0.04 ^ clkbuf_0_CLK100MHZ/A (sky130_fd_sc_hd__clkbuf_16)
     4    0.04    0.05    0.10    0.15 ^ clkbuf_0_CLK100MHZ/X (sky130_fd_sc_hd__clkbuf_16)
                                         clknet_0_CLK100MHZ (net)
                  0.05    0.00    0.15 ^ clkbuf_2_3__f_CLK100MHZ/A (sky130_fd_sc_hd__clkbuf_16)
     8    0.03    0.04    0.09    0.24 ^ clkbuf_2_3__f_CLK100MHZ/X (sky130_fd_sc_hd__clkbuf_16)
                                         clknet_2_3__leaf_CLK100MHZ (net)
                  0.04    0.00    0.24 ^ _274_/CLK (sky130_fd_sc_hd__dfrtp_2)
     5    0.03    0.12    0.27    0.51 ^ _274_/Q (sky130_fd_sc_hd__dfrtp_2)
                                         decoder.delay[24] (net)
                  0.12    0.00    0.51 ^ _137_/A1 (sky130_fd_sc_hd__a31o_1)
     1    0.01    0.08    0.12    0.63 ^ _137_/X (sky130_fd_sc_hd__a31o_1)
                                         _069_ (net)
                  0.08    0.00    0.63 ^ _138_/B1 (sky130_fd_sc_hd__o31ai_1)
     1    0.00    0.03    0.03    0.66 v _138_/Y (sky130_fd_sc_hd__o31ai_1)
                                         _056_ (net)
                  0.03    0.00    0.66 v _248_/D (sky130_fd_sc_hd__dfrtp_4)
                                  0.66   data arrival time

                          0.00    0.00   clock CLK100MHZ (rise edge)
                          0.00    0.00   clock source latency
     1    0.02    0.07    0.05    0.05 ^ CLK100MHZ (in)
                                         CLK100MHZ (net)
                  0.07    0.00    0.05 ^ clkbuf_0_CLK100MHZ/A (sky130_fd_sc_hd__clkbuf_16)
     4    0.04    0.05    0.11    0.16 ^ clkbuf_0_CLK100MHZ/X (sky130_fd_sc_hd__clkbuf_16)
                                         clknet_0_CLK100MHZ (net)
                  0.05    0.00    0.16 ^ clkbuf_2_0__f_CLK100MHZ/A (sky130_fd_sc_hd__clkbuf_16)
     8    0.03    0.04    0.10    0.26 ^ clkbuf_2_0__f_CLK100MHZ/X (sky130_fd_sc_hd__clkbuf_16)
                                         clknet_2_0__leaf_CLK100MHZ (net)
                  0.04    0.00    0.26 ^ _248_/CLK (sky130_fd_sc_hd__dfrtp_4)
                          0.25    0.51   clock uncertainty
                         -0.02    0.50   clock reconvergence pessimism
                         -0.03    0.47   library hold time
                                  0.47   data required time
-----------------------------------------------------------------------------
                                  0.47   data required time
                                 -0.66   data arrival time
-----------------------------------------------------------------------------
                                  0.19   slack (MET)


Startpoint: _265_ (rising edge-triggered flip-flop clocked by CLK100MHZ)
Endpoint: _265_ (rising edge-triggered flip-flop clocked by CLK100MHZ)
Path Group: CLK100MHZ
Path Type: min
Corner: Fastest

Fanout     Cap    Slew   Delay    Time   Description
-----------------------------------------------------------------------------
                          0.00    0.00   clock CLK100MHZ (rise edge)
                          0.00    0.00   clock source latency
     1    0.02    0.07    0.04    0.04 ^ CLK100MHZ (in)
                                         CLK100MHZ (net)
                  0.07    0.00    0.04 ^ clkbuf_0_CLK100MHZ/A (sky130_fd_sc_hd__clkbuf_16)
     4    0.04    0.05    0.10    0.15 ^ clkbuf_0_CLK100MHZ/X (sky130_fd_sc_hd__clkbuf_16)
                                         clknet_0_CLK100MHZ (net)
                  0.05    0.00    0.15 ^ clkbuf_2_1__f_CLK100MHZ/A (sky130_fd_sc_hd__clkbuf_16)
     8    0.02    0.03    0.09    0.24 ^ clkbuf_2_1__f_CLK100MHZ/X (sky130_fd_sc_hd__clkbuf_16)
                                         clknet_2_1__leaf_CLK100MHZ (net)
                  0.03    0.00    0.24 ^ _265_/CLK (sky130_fd_sc_hd__dfrtp_1)
     2    0.02    0.09    0.27    0.50 v _265_/Q (sky130_fd_sc_hd__dfrtp_1)
                                         decoder.delay[15] (net)
                  0.09    0.00    0.50 v _205_/B1 (sky130_fd_sc_hd__a21oi_1)
     1    0.00    0.07    0.08    0.59 ^ _205_/Y (sky130_fd_sc_hd__a21oi_1)
                                         _108_ (net)
                  0.07    0.00    0.59 ^ _206_/B (sky130_fd_sc_hd__nor2_1)
     1    0.01    0.05    0.05    0.64 v _206_/Y (sky130_fd_sc_hd__nor2_1)
                                         _006_ (net)
                  0.05    0.00    0.64 v _265_/D (sky130_fd_sc_hd__dfrtp_1)
                                  0.64   data arrival time

                          0.00    0.00   clock CLK100MHZ (rise edge)
                          0.00    0.00   clock source latency
     1    0.02    0.07    0.05    0.05 ^ CLK100MHZ (in)
                                         CLK100MHZ (net)
                  0.07    0.00    0.05 ^ clkbuf_0_CLK100MHZ/A (sky130_fd_sc_hd__clkbuf_16)
     4    0.04    0.05    0.11    0.16 ^ clkbuf_0_CLK100MHZ/X (sky130_fd_sc_hd__clkbuf_16)
                                         clknet_0_CLK100MHZ (net)
                  0.05    0.00    0.16 ^ clkbuf_2_1__f_CLK100MHZ/A (sky130_fd_sc_hd__clkbuf_16)
     8    0.02    0.03    0.10    0.26 ^ clkbuf_2_1__f_CLK100MHZ/X (sky130_fd_sc_hd__clkbuf_16)
                                         clknet_2_1__leaf_CLK100MHZ (net)
                  0.03    0.00    0.26 ^ _265_/CLK (sky130_fd_sc_hd__dfrtp_1)
                          0.25    0.51   clock uncertainty
                         -0.02    0.49   clock reconvergence pessimism
                         -0.04    0.45   library hold time
                                  0.45   data required time
-----------------------------------------------------------------------------
                                  0.45   data required time
                                 -0.64   data arrival time
-----------------------------------------------------------------------------
                                  0.19   slack (MET)


Startpoint: _271_ (rising edge-triggered flip-flop clocked by CLK100MHZ)
Endpoint: _271_ (rising edge-triggered flip-flop clocked by CLK100MHZ)
Path Group: CLK100MHZ
Path Type: min
Corner: Fastest

Fanout     Cap    Slew   Delay    Time   Description
-----------------------------------------------------------------------------
                          0.00    0.00   clock CLK100MHZ (rise edge)
                          0.00    0.00   clock source latency
     1    0.02    0.07    0.04    0.04 ^ CLK100MHZ (in)
                                         CLK100MHZ (net)
                  0.07    0.00    0.04 ^ clkbuf_0_CLK100MHZ/A (sky130_fd_sc_hd__clkbuf_16)
     4    0.04    0.05    0.10    0.15 ^ clkbuf_0_CLK100MHZ/X (sky130_fd_sc_hd__clkbuf_16)
                                         clknet_0_CLK100MHZ (net)
                  0.05    0.00    0.15 ^ clkbuf_2_0__f_CLK100MHZ/A (sky130_fd_sc_hd__clkbuf_16)
     8    0.03    0.04    0.09    0.24 ^ clkbuf_2_0__f_CLK100MHZ/X (sky130_fd_sc_hd__clkbuf_16)
                                         clknet_2_0__leaf_CLK100MHZ (net)
                  0.04    0.00    0.24 ^ _271_/CLK (sky130_fd_sc_hd__dfrtp_1)
     2    0.02    0.12    0.25    0.49 ^ _271_/Q (sky130_fd_sc_hd__dfrtp_1)
                                         decoder.delay[21] (net)
                  0.12    0.00    0.49 ^ _147_/A1 (sky130_fd_sc_hd__o21ba_1)
     1    0.02    0.13    0.16    0.65 ^ _147_/X (sky130_fd_sc_hd__o21ba_1)
                                         _013_ (net)
                  0.13    0.00    0.65 ^ _271_/D (sky130_fd_sc_hd__dfrtp_1)
                                  0.65   data arrival time

                          0.00    0.00   clock CLK100MHZ (rise edge)
                          0.00    0.00   clock source latency
     1    0.02    0.07    0.05    0.05 ^ CLK100MHZ (in)
                                         CLK100MHZ (net)
                  0.07    0.00    0.05 ^ clkbuf_0_CLK100MHZ/A (sky130_fd_sc_hd__clkbuf_16)
     4    0.04    0.05    0.11    0.16 ^ clkbuf_0_CLK100MHZ/X (sky130_fd_sc_hd__clkbuf_16)
                                         clknet_0_CLK100MHZ (net)
                  0.05    0.00    0.16 ^ clkbuf_2_0__f_CLK100MHZ/A (sky130_fd_sc_hd__clkbuf_16)
     8    0.03    0.04    0.10    0.26 ^ clkbuf_2_0__f_CLK100MHZ/X (sky130_fd_sc_hd__clkbuf_16)
                                         clknet_2_0__leaf_CLK100MHZ (net)
                  0.04    0.00    0.26 ^ _271_/CLK (sky130_fd_sc_hd__dfrtp_1)
                          0.25    0.51   clock uncertainty
                         -0.03    0.49   clock reconvergence pessimism
                         -0.03    0.46   library hold time
                                  0.46   data required time
-----------------------------------------------------------------------------
                                  0.46   data required time
                                 -0.65   data arrival time
-----------------------------------------------------------------------------
                                  0.19   slack (MET)


Startpoint: _267_ (rising edge-triggered flip-flop clocked by CLK100MHZ)
Endpoint: _267_ (rising edge-triggered flip-flop clocked by CLK100MHZ)
Path Group: CLK100MHZ
Path Type: min
Corner: Fastest

Fanout     Cap    Slew   Delay    Time   Description
-----------------------------------------------------------------------------
                          0.00    0.00   clock CLK100MHZ (rise edge)
                          0.00    0.00   clock source latency
     1    0.02    0.07    0.04    0.04 ^ CLK100MHZ (in)
                                         CLK100MHZ (net)
                  0.07    0.00    0.04 ^ clkbuf_0_CLK100MHZ/A (sky130_fd_sc_hd__clkbuf_16)
     4    0.04    0.05    0.10    0.15 ^ clkbuf_0_CLK100MHZ/X (sky130_fd_sc_hd__clkbuf_16)
                                         clknet_0_CLK100MHZ (net)
                  0.05    0.00    0.15 ^ clkbuf_2_3__f_CLK100MHZ/A (sky130_fd_sc_hd__clkbuf_16)
     8    0.03    0.04    0.09    0.24 ^ clkbuf_2_3__f_CLK100MHZ/X (sky130_fd_sc_hd__clkbuf_16)
                                         clknet_2_3__leaf_CLK100MHZ (net)
                  0.04    0.00    0.24 ^ _267_/CLK (sky130_fd_sc_hd__dfrtp_1)
     4    0.02    0.09    0.27    0.51 v _267_/Q (sky130_fd_sc_hd__dfrtp_1)
                                         decoder.delay[17] (net)
                  0.09    0.00    0.51 v _208_/B1 (sky130_fd_sc_hd__a21oi_1)
     1    0.01    0.08    0.09    0.60 ^ _208_/Y (sky130_fd_sc_hd__a21oi_1)
                                         _109_ (net)
                  0.08    0.00    0.60 ^ _210_/A (sky130_fd_sc_hd__nor2_1)
     1    0.01    0.04    0.04    0.65 v _210_/Y (sky130_fd_sc_hd__nor2_1)
                                         _008_ (net)
                  0.04    0.00    0.65 v _267_/D (sky130_fd_sc_hd__dfrtp_1)
                                  0.65   data arrival time

                          0.00    0.00   clock CLK100MHZ (rise edge)
                          0.00    0.00   clock source latency
     1    0.02    0.07    0.05    0.05 ^ CLK100MHZ (in)
                                         CLK100MHZ (net)
                  0.07    0.00    0.05 ^ clkbuf_0_CLK100MHZ/A (sky130_fd_sc_hd__clkbuf_16)
     4    0.04    0.05    0.11    0.16 ^ clkbuf_0_CLK100MHZ/X (sky130_fd_sc_hd__clkbuf_16)
                                         clknet_0_CLK100MHZ (net)
                  0.05    0.00    0.16 ^ clkbuf_2_3__f_CLK100MHZ/A (sky130_fd_sc_hd__clkbuf_16)
     8    0.03    0.04    0.10    0.26 ^ clkbuf_2_3__f_CLK100MHZ/X (sky130_fd_sc_hd__clkbuf_16)
                                         clknet_2_3__leaf_CLK100MHZ (net)
                  0.04    0.00    0.26 ^ _267_/CLK (sky130_fd_sc_hd__dfrtp_1)
                          0.25    0.51   clock uncertainty
                         -0.03    0.49   clock reconvergence pessimism
                         -0.03    0.45   library hold time
                                  0.45   data required time
-----------------------------------------------------------------------------
                                  0.45   data required time
                                 -0.65   data arrival time
-----------------------------------------------------------------------------
                                  0.19   slack (MET)


Startpoint: _252_ (rising edge-triggered flip-flop clocked by CLK100MHZ)
Endpoint: _252_ (rising edge-triggered flip-flop clocked by CLK100MHZ)
Path Group: CLK100MHZ
Path Type: min
Corner: Fastest

Fanout     Cap    Slew   Delay    Time   Description
-----------------------------------------------------------------------------
                          0.00    0.00   clock CLK100MHZ (rise edge)
                          0.00    0.00   clock source latency
     1    0.02    0.07    0.04    0.04 ^ CLK100MHZ (in)
                                         CLK100MHZ (net)
                  0.07    0.00    0.04 ^ clkbuf_0_CLK100MHZ/A (sky130_fd_sc_hd__clkbuf_16)
     4    0.04    0.05    0.10    0.15 ^ clkbuf_0_CLK100MHZ/X (sky130_fd_sc_hd__clkbuf_16)
                                         clknet_0_CLK100MHZ (net)
                  0.05    0.00    0.15 ^ clkbuf_2_2__f_CLK100MHZ/A (sky130_fd_sc_hd__clkbuf_16)
     8    0.03    0.04    0.09    0.24 ^ clkbuf_2_2__f_CLK100MHZ/X (sky130_fd_sc_hd__clkbuf_16)
                                         clknet_2_2__leaf_CLK100MHZ (net)
                  0.04    0.00    0.24 ^ _252_/CLK (sky130_fd_sc_hd__dfrtp_2)
     3    0.04    0.14    0.28    0.52 ^ _252_/Q (sky130_fd_sc_hd__dfrtp_2)
                                         decoder.delay[2] (net)
                  0.14    0.00    0.53 ^ _170_/A (sky130_fd_sc_hd__xnor2_1)
     1    0.02    0.09    0.11    0.64 v _170_/Y (sky130_fd_sc_hd__xnor2_1)
                                         _017_ (net)
                  0.09    0.00    0.64 v _252_/D (sky130_fd_sc_hd__dfrtp_2)
                                  0.64   data arrival time

                          0.00    0.00   clock CLK100MHZ (rise edge)
                          0.00    0.00   clock source latency
     1    0.02    0.07    0.05    0.05 ^ CLK100MHZ (in)
                                         CLK100MHZ (net)
                  0.07    0.00    0.05 ^ clkbuf_0_CLK100MHZ/A (sky130_fd_sc_hd__clkbuf_16)
     4    0.04    0.05    0.11    0.16 ^ clkbuf_0_CLK100MHZ/X (sky130_fd_sc_hd__clkbuf_16)
                                         clknet_0_CLK100MHZ (net)
                  0.05    0.00    0.16 ^ clkbuf_2_2__f_CLK100MHZ/A (sky130_fd_sc_hd__clkbuf_16)
     8    0.03    0.04    0.10    0.27 ^ clkbuf_2_2__f_CLK100MHZ/X (sky130_fd_sc_hd__clkbuf_16)
                                         clknet_2_2__leaf_CLK100MHZ (net)
                  0.04    0.00    0.27 ^ _252_/CLK (sky130_fd_sc_hd__dfrtp_2)
                          0.25    0.52   clock uncertainty
                         -0.03    0.49   clock reconvergence pessimism
                         -0.05    0.44   library hold time
                                  0.44   data required time
-----------------------------------------------------------------------------
                                  0.44   data required time
                                 -0.64   data arrival time
-----------------------------------------------------------------------------
                                  0.20   slack (MET)


Startpoint: _263_ (rising edge-triggered flip-flop clocked by CLK100MHZ)
Endpoint: _263_ (rising edge-triggered flip-flop clocked by CLK100MHZ)
Path Group: CLK100MHZ
Path Type: min
Corner: Fastest

Fanout     Cap    Slew   Delay    Time   Description
-----------------------------------------------------------------------------
                          0.00    0.00   clock CLK100MHZ (rise edge)
                          0.00    0.00   clock source latency
     1    0.02    0.07    0.04    0.04 ^ CLK100MHZ (in)
                                         CLK100MHZ (net)
                  0.07    0.00    0.04 ^ clkbuf_0_CLK100MHZ/A (sky130_fd_sc_hd__clkbuf_16)
     4    0.04    0.05    0.10    0.15 ^ clkbuf_0_CLK100MHZ/X (sky130_fd_sc_hd__clkbuf_16)
                                         clknet_0_CLK100MHZ (net)
                  0.05    0.00    0.15 ^ clkbuf_2_2__f_CLK100MHZ/A (sky130_fd_sc_hd__clkbuf_16)
     8    0.03    0.04    0.09    0.24 ^ clkbuf_2_2__f_CLK100MHZ/X (sky130_fd_sc_hd__clkbuf_16)
                                         clknet_2_2__leaf_CLK100MHZ (net)
                  0.04    0.00    0.24 ^ _263_/CLK (sky130_fd_sc_hd__dfrtp_1)
     4    0.03    0.20    0.31    0.55 ^ _263_/Q (sky130_fd_sc_hd__dfrtp_1)
                                         decoder.delay[13] (net)
                  0.20    0.00    0.55 ^ _202_/A1 (sky130_fd_sc_hd__o21ba_1)
     1    0.01    0.10    0.14    0.69 ^ _202_/X (sky130_fd_sc_hd__o21ba_1)
                                         _004_ (net)
                  0.10    0.00    0.69 ^ _263_/D (sky130_fd_sc_hd__dfrtp_1)
                                  0.69   data arrival time

                          0.00    0.00   clock CLK100MHZ (rise edge)
                          0.00    0.00   clock source latency
     1    0.02    0.07    0.05    0.05 ^ CLK100MHZ (in)
                                         CLK100MHZ (net)
                  0.07    0.00    0.05 ^ clkbuf_0_CLK100MHZ/A (sky130_fd_sc_hd__clkbuf_16)
     4    0.04    0.05    0.11    0.16 ^ clkbuf_0_CLK100MHZ/X (sky130_fd_sc_hd__clkbuf_16)
                                         clknet_0_CLK100MHZ (net)
                  0.05    0.00    0.16 ^ clkbuf_2_2__f_CLK100MHZ/A (sky130_fd_sc_hd__clkbuf_16)
     8    0.03    0.04    0.10    0.27 ^ clkbuf_2_2__f_CLK100MHZ/X (sky130_fd_sc_hd__clkbuf_16)
                                         clknet_2_2__leaf_CLK100MHZ (net)
                  0.04    0.00    0.27 ^ _263_/CLK (sky130_fd_sc_hd__dfrtp_1)
                          0.25    0.52   clock uncertainty
                         -0.03    0.49   clock reconvergence pessimism
                         -0.02    0.47   library hold time
                                  0.47   data required time
-----------------------------------------------------------------------------
                                  0.47   data required time
                                 -0.69   data arrival time
-----------------------------------------------------------------------------
                                  0.22   slack (MET)


Startpoint: _260_ (rising edge-triggered flip-flop clocked by CLK100MHZ)
Endpoint: _260_ (rising edge-triggered flip-flop clocked by CLK100MHZ)
Path Group: CLK100MHZ
Path Type: min
Corner: Fastest

Fanout     Cap    Slew   Delay    Time   Description
-----------------------------------------------------------------------------
                          0.00    0.00   clock CLK100MHZ (rise edge)
                          0.00    0.00   clock source latency
     1    0.02    0.07    0.04    0.04 ^ CLK100MHZ (in)
                                         CLK100MHZ (net)
                  0.07    0.00    0.04 ^ clkbuf_0_CLK100MHZ/A (sky130_fd_sc_hd__clkbuf_16)
     4    0.04    0.05    0.10    0.15 ^ clkbuf_0_CLK100MHZ/X (sky130_fd_sc_hd__clkbuf_16)
                                         clknet_0_CLK100MHZ (net)
                  0.05    0.00    0.15 ^ clkbuf_2_1__f_CLK100MHZ/A (sky130_fd_sc_hd__clkbuf_16)
     8    0.02    0.03    0.09    0.24 ^ clkbuf_2_1__f_CLK100MHZ/X (sky130_fd_sc_hd__clkbuf_16)
                                         clknet_2_1__leaf_CLK100MHZ (net)
                  0.03    0.00    0.24 ^ _260_/CLK (sky130_fd_sc_hd__dfrtp_1)
     3    0.03    0.19    0.30    0.54 ^ _260_/Q (sky130_fd_sc_hd__dfrtp_1)
                                         decoder.delay[10] (net)
                  0.19    0.00    0.54 ^ _193_/B1 (sky130_fd_sc_hd__a31o_1)
     1    0.01    0.07    0.08    0.62 ^ _193_/X (sky130_fd_sc_hd__a31o_1)
                                         _101_ (net)
                  0.07    0.00    0.62 ^ _194_/B1_N (sky130_fd_sc_hd__a21boi_1)
     1    0.00    0.05    0.07    0.70 ^ _194_/Y (sky130_fd_sc_hd__a21boi_1)
                                         _001_ (net)
                  0.05    0.00    0.70 ^ _260_/D (sky130_fd_sc_hd__dfrtp_1)
                                  0.70   data arrival time

                          0.00    0.00   clock CLK100MHZ (rise edge)
                          0.00    0.00   clock source latency
     1    0.02    0.07    0.05    0.05 ^ CLK100MHZ (in)
                                         CLK100MHZ (net)
                  0.07    0.00    0.05 ^ clkbuf_0_CLK100MHZ/A (sky130_fd_sc_hd__clkbuf_16)
     4    0.04    0.05    0.11    0.16 ^ clkbuf_0_CLK100MHZ/X (sky130_fd_sc_hd__clkbuf_16)
                                         clknet_0_CLK100MHZ (net)
                  0.05    0.00    0.16 ^ clkbuf_2_1__f_CLK100MHZ/A (sky130_fd_sc_hd__clkbuf_16)
     8    0.02    0.03    0.10    0.26 ^ clkbuf_2_1__f_CLK100MHZ/X (sky130_fd_sc_hd__clkbuf_16)
                                         clknet_2_1__leaf_CLK100MHZ (net)
                  0.03    0.00    0.26 ^ _260_/CLK (sky130_fd_sc_hd__dfrtp_1)
                          0.25    0.51   clock uncertainty
                         -0.02    0.49   clock reconvergence pessimism
                         -0.02    0.47   library hold time
                                  0.47   data required time
-----------------------------------------------------------------------------
                                  0.47   data required time
                                 -0.70   data arrival time
-----------------------------------------------------------------------------
                                  0.23   slack (MET)


Startpoint: _246_ (rising edge-triggered flip-flop clocked by CLK100MHZ)
Endpoint: _246_ (rising edge-triggered flip-flop clocked by CLK100MHZ)
Path Group: CLK100MHZ
Path Type: min
Corner: Fastest

Fanout     Cap    Slew   Delay    Time   Description
-----------------------------------------------------------------------------
                          0.00    0.00   clock CLK100MHZ (rise edge)
                          0.00    0.00   clock source latency
     1    0.02    0.07    0.04    0.04 ^ CLK100MHZ (in)
                                         CLK100MHZ (net)
                  0.07    0.00    0.04 ^ clkbuf_0_CLK100MHZ/A (sky130_fd_sc_hd__clkbuf_16)
     4    0.04    0.05    0.10    0.15 ^ clkbuf_0_CLK100MHZ/X (sky130_fd_sc_hd__clkbuf_16)
                                         clknet_0_CLK100MHZ (net)
                  0.05    0.00    0.15 ^ clkbuf_2_1__f_CLK100MHZ/A (sky130_fd_sc_hd__clkbuf_16)
     8    0.02    0.03    0.09    0.24 ^ clkbuf_2_1__f_CLK100MHZ/X (sky130_fd_sc_hd__clkbuf_16)
                                         clknet_2_1__leaf_CLK100MHZ (net)
                  0.03    0.00    0.24 ^ _246_/CLK (sky130_fd_sc_hd__dfrtp_4)
     6    0.05    0.08    0.33    0.56 v _246_/Q (sky130_fd_sc_hd__dfrtp_4)
                                         decoder.count[0] (net)
                  0.08    0.00    0.56 v _141_/A (sky130_fd_sc_hd__inv_2)
     2    0.01    0.06    0.07    0.64 ^ _141_/Y (sky130_fd_sc_hd__inv_2)
                                         _071_ (net)
                  0.06    0.00    0.64 ^ _142_/A1 (sky130_fd_sc_hd__a21oi_1)
     1    0.01    0.05    0.06    0.69 v _142_/Y (sky130_fd_sc_hd__a21oi_1)
                                         _054_ (net)
                  0.05    0.00    0.69 v _246_/D (sky130_fd_sc_hd__dfrtp_4)
                                  0.69   data arrival time

                          0.00    0.00   clock CLK100MHZ (rise edge)
                          0.00    0.00   clock source latency
     1    0.02    0.07    0.05    0.05 ^ CLK100MHZ (in)
                                         CLK100MHZ (net)
                  0.07    0.00    0.05 ^ clkbuf_0_CLK100MHZ/A (sky130_fd_sc_hd__clkbuf_16)
     4    0.04    0.05    0.11    0.16 ^ clkbuf_0_CLK100MHZ/X (sky130_fd_sc_hd__clkbuf_16)
                                         clknet_0_CLK100MHZ (net)
                  0.05    0.00    0.16 ^ clkbuf_2_1__f_CLK100MHZ/A (sky130_fd_sc_hd__clkbuf_16)
     8    0.02    0.03    0.10    0.26 ^ clkbuf_2_1__f_CLK100MHZ/X (sky130_fd_sc_hd__clkbuf_16)
                                         clknet_2_1__leaf_CLK100MHZ (net)
                  0.03    0.00    0.26 ^ _246_/CLK (sky130_fd_sc_hd__dfrtp_4)
                          0.25    0.51   clock uncertainty
                         -0.02    0.49   clock reconvergence pessimism
                         -0.04    0.45   library hold time
                                  0.45   data required time
-----------------------------------------------------------------------------
                                  0.45   data required time
                                 -0.69   data arrival time
-----------------------------------------------------------------------------
                                  0.24   slack (MET)


Startpoint: _251_ (rising edge-triggered flip-flop clocked by CLK100MHZ)
Endpoint: _251_ (rising edge-triggered flip-flop clocked by CLK100MHZ)
Path Group: CLK100MHZ
Path Type: min
Corner: Fastest

Fanout     Cap    Slew   Delay    Time   Description
-----------------------------------------------------------------------------
                          0.00    0.00   clock CLK100MHZ (rise edge)
                          0.00    0.00   clock source latency
     1    0.02    0.07    0.04    0.04 ^ CLK100MHZ (in)
                                         CLK100MHZ (net)
                  0.07    0.00    0.04 ^ clkbuf_0_CLK100MHZ/A (sky130_fd_sc_hd__clkbuf_16)
     4    0.04    0.05    0.10    0.15 ^ clkbuf_0_CLK100MHZ/X (sky130_fd_sc_hd__clkbuf_16)
                                         clknet_0_CLK100MHZ (net)
                  0.05    0.00    0.15 ^ clkbuf_2_2__f_CLK100MHZ/A (sky130_fd_sc_hd__clkbuf_16)
     8    0.03    0.04    0.09    0.24 ^ clkbuf_2_2__f_CLK100MHZ/X (sky130_fd_sc_hd__clkbuf_16)
                                         clknet_2_2__leaf_CLK100MHZ (net)
                  0.04    0.00    0.24 ^ _251_/CLK (sky130_fd_sc_hd__dfrtp_2)
     4    0.03    0.11    0.27    0.51 ^ _251_/Q (sky130_fd_sc_hd__dfrtp_2)
                                         decoder.delay[1] (net)
                  0.11    0.00    0.51 ^ _167_/A (sky130_fd_sc_hd__or2_1)
     1    0.01    0.05    0.09    0.59 ^ _167_/X (sky130_fd_sc_hd__or2_1)
                                         _084_ (net)
                  0.05    0.00    0.59 ^ _168_/B (sky130_fd_sc_hd__and2_1)
     1    0.01    0.07    0.10    0.70 ^ _168_/X (sky130_fd_sc_hd__and2_1)
                                         _085_ (net)
                  0.07    0.00    0.70 ^ _169_/A (sky130_fd_sc_hd__clkbuf_1)
     1    0.01    0.08    0.09    0.79 ^ _169_/X (sky130_fd_sc_hd__clkbuf_1)
                                         _011_ (net)
                  0.08    0.00    0.79 ^ _251_/D (sky130_fd_sc_hd__dfrtp_2)
                                  0.79   data arrival time

                          0.00    0.00   clock CLK100MHZ (rise edge)
                          0.00    0.00   clock source latency
     1    0.02    0.07    0.05    0.05 ^ CLK100MHZ (in)
                                         CLK100MHZ (net)
                  0.07    0.00    0.05 ^ clkbuf_0_CLK100MHZ/A (sky130_fd_sc_hd__clkbuf_16)
     4    0.04    0.05    0.11    0.16 ^ clkbuf_0_CLK100MHZ/X (sky130_fd_sc_hd__clkbuf_16)
                                         clknet_0_CLK100MHZ (net)
                  0.05    0.00    0.16 ^ clkbuf_2_2__f_CLK100MHZ/A (sky130_fd_sc_hd__clkbuf_16)
     8    0.03    0.04    0.10    0.27 ^ clkbuf_2_2__f_CLK100MHZ/X (sky130_fd_sc_hd__clkbuf_16)
                                         clknet_2_2__leaf_CLK100MHZ (net)
                  0.04    0.00    0.27 ^ _251_/CLK (sky130_fd_sc_hd__dfrtp_2)
                          0.25    0.52   clock uncertainty
                         -0.03    0.49   clock reconvergence pessimism
                         -0.02    0.47   library hold time
                                  0.47   data required time
-----------------------------------------------------------------------------
                                  0.47   data required time
                                 -0.79   data arrival time
-----------------------------------------------------------------------------
                                  0.32   slack (MET)


Startpoint: _273_ (rising edge-triggered flip-flop clocked by CLK100MHZ)
Endpoint: _273_ (rising edge-triggered flip-flop clocked by CLK100MHZ)
Path Group: CLK100MHZ
Path Type: min
Corner: Fastest

Fanout     Cap    Slew   Delay    Time   Description
-----------------------------------------------------------------------------
                          0.00    0.00   clock CLK100MHZ (rise edge)
                          0.00    0.00   clock source latency
     1    0.02    0.07    0.04    0.04 ^ CLK100MHZ (in)
                                         CLK100MHZ (net)
                  0.07    0.00    0.04 ^ clkbuf_0_CLK100MHZ/A (sky130_fd_sc_hd__clkbuf_16)
     4    0.04    0.05    0.10    0.15 ^ clkbuf_0_CLK100MHZ/X (sky130_fd_sc_hd__clkbuf_16)
                                         clknet_0_CLK100MHZ (net)
                  0.05    0.00    0.15 ^ clkbuf_2_3__f_CLK100MHZ/A (sky130_fd_sc_hd__clkbuf_16)
     8    0.03    0.04    0.09    0.24 ^ clkbuf_2_3__f_CLK100MHZ/X (sky130_fd_sc_hd__clkbuf_16)
                                         clknet_2_3__leaf_CLK100MHZ (net)
                  0.04    0.00    0.24 ^ _273_/CLK (sky130_fd_sc_hd__dfrtp_1)
     2    0.01    0.07    0.22    0.46 ^ _273_/Q (sky130_fd_sc_hd__dfrtp_1)
                                         decoder.delay[23] (net)
                  0.07    0.00    0.46 ^ _151_/B1 (sky130_fd_sc_hd__a21o_1)
     1    0.02    0.11    0.10    0.56 ^ _151_/X (sky130_fd_sc_hd__a21o_1)
                                         _077_ (net)
                  0.11    0.00    0.56 ^ _152_/B (sky130_fd_sc_hd__and2_1)
     1    0.01    0.08    0.12    0.67 ^ _152_/X (sky130_fd_sc_hd__and2_1)
                                         _078_ (net)
                  0.08    0.00    0.67 ^ _153_/A (sky130_fd_sc_hd__buf_1)
     1    0.01    0.13    0.12    0.79 ^ _153_/X (sky130_fd_sc_hd__buf_1)
                                         _015_ (net)
                  0.13    0.00    0.79 ^ _273_/D (sky130_fd_sc_hd__dfrtp_1)
                                  0.79   data arrival time

                          0.00    0.00   clock CLK100MHZ (rise edge)
                          0.00    0.00   clock source latency
     1    0.02    0.07    0.05    0.05 ^ CLK100MHZ (in)
                                         CLK100MHZ (net)
                  0.07    0.00    0.05 ^ clkbuf_0_CLK100MHZ/A (sky130_fd_sc_hd__clkbuf_16)
     4    0.04    0.05    0.11    0.16 ^ clkbuf_0_CLK100MHZ/X (sky130_fd_sc_hd__clkbuf_16)
                                         clknet_0_CLK100MHZ (net)
                  0.05    0.00    0.16 ^ clkbuf_2_3__f_CLK100MHZ/A (sky130_fd_sc_hd__clkbuf_16)
     8    0.03    0.04    0.10    0.26 ^ clkbuf_2_3__f_CLK100MHZ/X (sky130_fd_sc_hd__clkbuf_16)
                                         clknet_2_3__leaf_CLK100MHZ (net)
                  0.04    0.00    0.26 ^ _273_/CLK (sky130_fd_sc_hd__dfrtp_1)
                          0.25    0.51   clock uncertainty
                         -0.03    0.49   clock reconvergence pessimism
                         -0.03    0.46   library hold time
                                  0.46   data required time
-----------------------------------------------------------------------------
                                  0.46   data required time
                                 -0.79   data arrival time
-----------------------------------------------------------------------------
                                  0.33   slack (MET)


Startpoint: _253_ (rising edge-triggered flip-flop clocked by CLK100MHZ)
Endpoint: _253_ (rising edge-triggered flip-flop clocked by CLK100MHZ)
Path Group: CLK100MHZ
Path Type: min
Corner: Fastest

Fanout     Cap    Slew   Delay    Time   Description
-----------------------------------------------------------------------------
                          0.00    0.00   clock CLK100MHZ (rise edge)
                          0.00    0.00   clock source latency
     1    0.02    0.07    0.04    0.04 ^ CLK100MHZ (in)
                                         CLK100MHZ (net)
                  0.07    0.00    0.04 ^ clkbuf_0_CLK100MHZ/A (sky130_fd_sc_hd__clkbuf_16)
     4    0.04    0.05    0.10    0.15 ^ clkbuf_0_CLK100MHZ/X (sky130_fd_sc_hd__clkbuf_16)
                                         clknet_0_CLK100MHZ (net)
                  0.05    0.00    0.15 ^ clkbuf_2_2__f_CLK100MHZ/A (sky130_fd_sc_hd__clkbuf_16)
     8    0.03    0.04    0.09    0.24 ^ clkbuf_2_2__f_CLK100MHZ/X (sky130_fd_sc_hd__clkbuf_16)
                                         clknet_2_2__leaf_CLK100MHZ (net)
                  0.04    0.00    0.24 ^ _253_/CLK (sky130_fd_sc_hd__dfrtp_1)
     2    0.02    0.12    0.26    0.50 ^ _253_/Q (sky130_fd_sc_hd__dfrtp_1)
                                         decoder.delay[3] (net)
                  0.12    0.00    0.50 ^ _171_/B1 (sky130_fd_sc_hd__a31o_1)
     1    0.01    0.06    0.08    0.57 ^ _171_/X (sky130_fd_sc_hd__a31o_1)
                                         _086_ (net)
                  0.06    0.00    0.57 ^ _172_/B (sky130_fd_sc_hd__and2b_1)
     1    0.02    0.13    0.14    0.71 ^ _172_/X (sky130_fd_sc_hd__and2b_1)
                                         _087_ (net)
                  0.13    0.00    0.71 ^ _173_/A (sky130_fd_sc_hd__clkbuf_1)
     1    0.01    0.08    0.09    0.80 ^ _173_/X (sky130_fd_sc_hd__clkbuf_1)
                                         _018_ (net)
                  0.08    0.00    0.80 ^ _253_/D (sky130_fd_sc_hd__dfrtp_1)
                                  0.80   data arrival time

                          0.00    0.00   clock CLK100MHZ (rise edge)
                          0.00    0.00   clock source latency
     1    0.02    0.07    0.05    0.05 ^ CLK100MHZ (in)
                                         CLK100MHZ (net)
                  0.07    0.00    0.05 ^ clkbuf_0_CLK100MHZ/A (sky130_fd_sc_hd__clkbuf_16)
     4    0.04    0.05    0.11    0.16 ^ clkbuf_0_CLK100MHZ/X (sky130_fd_sc_hd__clkbuf_16)
                                         clknet_0_CLK100MHZ (net)
                  0.05    0.00    0.16 ^ clkbuf_2_2__f_CLK100MHZ/A (sky130_fd_sc_hd__clkbuf_16)
     8    0.03    0.04    0.10    0.27 ^ clkbuf_2_2__f_CLK100MHZ/X (sky130_fd_sc_hd__clkbuf_16)
                                         clknet_2_2__leaf_CLK100MHZ (net)
                  0.04    0.00    0.27 ^ _253_/CLK (sky130_fd_sc_hd__dfrtp_1)
                          0.25    0.52   clock uncertainty
                         -0.03    0.49   clock reconvergence pessimism
                         -0.02    0.47   library hold time
                                  0.47   data required time
-----------------------------------------------------------------------------
                                  0.47   data required time
                                 -0.80   data arrival time
-----------------------------------------------------------------------------
                                  0.33   slack (MET)


Startpoint: _258_ (rising edge-triggered flip-flop clocked by CLK100MHZ)
Endpoint: _258_ (rising edge-triggered flip-flop clocked by CLK100MHZ)
Path Group: CLK100MHZ
Path Type: min
Corner: Fastest

Fanout     Cap    Slew   Delay    Time   Description
-----------------------------------------------------------------------------
                          0.00    0.00   clock CLK100MHZ (rise edge)
                          0.00    0.00   clock source latency
     1    0.02    0.07    0.04    0.04 ^ CLK100MHZ (in)
                                         CLK100MHZ (net)
                  0.07    0.00    0.04 ^ clkbuf_0_CLK100MHZ/A (sky130_fd_sc_hd__clkbuf_16)
     4    0.04    0.05    0.10    0.15 ^ clkbuf_0_CLK100MHZ/X (sky130_fd_sc_hd__clkbuf_16)
                                         clknet_0_CLK100MHZ (net)
                  0.05    0.00    0.15 ^ clkbuf_2_3__f_CLK100MHZ/A (sky130_fd_sc_hd__clkbuf_16)
     8    0.03    0.04    0.09    0.24 ^ clkbuf_2_3__f_CLK100MHZ/X (sky130_fd_sc_hd__clkbuf_16)
                                         clknet_2_3__leaf_CLK100MHZ (net)
                  0.04    0.00    0.24 ^ _258_/CLK (sky130_fd_sc_hd__dfrtp_4)
     5    0.04    0.10    0.29    0.53 ^ _258_/Q (sky130_fd_sc_hd__dfrtp_4)
                                         decoder.delay[8] (net)
                  0.10    0.00    0.53 ^ _187_/A (sky130_fd_sc_hd__nor2_1)
     1    0.01    0.06    0.06    0.59 v _187_/Y (sky130_fd_sc_hd__nor2_1)
                                         _097_ (net)
                  0.06    0.00    0.59 v _189_/A_N (sky130_fd_sc_hd__and2b_1)
     1    0.01    0.05    0.13    0.73 ^ _189_/X (sky130_fd_sc_hd__and2b_1)
                                         _099_ (net)
                  0.05    0.00    0.73 ^ _190_/A (sky130_fd_sc_hd__buf_1)
     1    0.02    0.14    0.12    0.85 ^ _190_/X (sky130_fd_sc_hd__buf_1)
                                         _023_ (net)
                  0.14    0.00    0.85 ^ _258_/D (sky130_fd_sc_hd__dfrtp_4)
                                  0.85   data arrival time

                          0.00    0.00   clock CLK100MHZ (rise edge)
                          0.00    0.00   clock source latency
     1    0.02    0.07    0.05    0.05 ^ CLK100MHZ (in)
                                         CLK100MHZ (net)
                  0.07    0.00    0.05 ^ clkbuf_0_CLK100MHZ/A (sky130_fd_sc_hd__clkbuf_16)
     4    0.04    0.05    0.11    0.16 ^ clkbuf_0_CLK100MHZ/X (sky130_fd_sc_hd__clkbuf_16)
                                         clknet_0_CLK100MHZ (net)
                  0.05    0.00    0.16 ^ clkbuf_2_3__f_CLK100MHZ/A (sky130_fd_sc_hd__clkbuf_16)
     8    0.03    0.04    0.10    0.26 ^ clkbuf_2_3__f_CLK100MHZ/X (sky130_fd_sc_hd__clkbuf_16)
                                         clknet_2_3__leaf_CLK100MHZ (net)
                  0.04    0.00    0.26 ^ _258_/CLK (sky130_fd_sc_hd__dfrtp_4)
                          0.25    0.51   clock uncertainty
                         -0.03    0.49   clock reconvergence pessimism
                         -0.03    0.46   library hold time
                                  0.46   data required time
-----------------------------------------------------------------------------
                                  0.46   data required time
                                 -0.85   data arrival time
-----------------------------------------------------------------------------
                                  0.39   slack (MET)


Startpoint: _261_ (rising edge-triggered flip-flop clocked by CLK100MHZ)
Endpoint: _261_ (rising edge-triggered flip-flop clocked by CLK100MHZ)
Path Group: CLK100MHZ
Path Type: min
Corner: Fastest

Fanout     Cap    Slew   Delay    Time   Description
-----------------------------------------------------------------------------
                          0.00    0.00   clock CLK100MHZ (rise edge)
                          0.00    0.00   clock source latency
     1    0.02    0.07    0.04    0.04 ^ CLK100MHZ (in)
                                         CLK100MHZ (net)
                  0.07    0.00    0.04 ^ clkbuf_0_CLK100MHZ/A (sky130_fd_sc_hd__clkbuf_16)
     4    0.04    0.05    0.10    0.15 ^ clkbuf_0_CLK100MHZ/X (sky130_fd_sc_hd__clkbuf_16)
                                         clknet_0_CLK100MHZ (net)
                  0.05    0.00    0.15 ^ clkbuf_2_3__f_CLK100MHZ/A (sky130_fd_sc_hd__clkbuf_16)
     8    0.03    0.04    0.09    0.24 ^ clkbuf_2_3__f_CLK100MHZ/X (sky130_fd_sc_hd__clkbuf_16)
                                         clknet_2_3__leaf_CLK100MHZ (net)
                  0.04    0.00    0.24 ^ _261_/CLK (sky130_fd_sc_hd__dfrtp_1)
     3    0.02    0.14    0.27    0.51 ^ _261_/Q (sky130_fd_sc_hd__dfrtp_1)
                                         decoder.delay[11] (net)
                  0.14    0.00    0.51 ^ _195_/B1 (sky130_fd_sc_hd__a21oi_1)
     1    0.02    0.08    0.08    0.59 v _195_/Y (sky130_fd_sc_hd__a21oi_1)
                                         _102_ (net)
                  0.08    0.00    0.59 v _197_/A_N (sky130_fd_sc_hd__and2b_1)
     1    0.01    0.08    0.16    0.75 ^ _197_/X (sky130_fd_sc_hd__and2b_1)
                                         _104_ (net)
                  0.08    0.00    0.75 ^ _198_/A (sky130_fd_sc_hd__buf_1)
     2    0.02    0.15    0.14    0.89 ^ _198_/X (sky130_fd_sc_hd__buf_1)
                                         _002_ (net)
                  0.15    0.00    0.89 ^ _261_/D (sky130_fd_sc_hd__dfrtp_1)
                                  0.89   data arrival time

                          0.00    0.00   clock CLK100MHZ (rise edge)
                          0.00    0.00   clock source latency
     1    0.02    0.07    0.05    0.05 ^ CLK100MHZ (in)
                                         CLK100MHZ (net)
                  0.07    0.00    0.05 ^ clkbuf_0_CLK100MHZ/A (sky130_fd_sc_hd__clkbuf_16)
     4    0.04    0.05    0.11    0.16 ^ clkbuf_0_CLK100MHZ/X (sky130_fd_sc_hd__clkbuf_16)
                                         clknet_0_CLK100MHZ (net)
                  0.05    0.00    0.16 ^ clkbuf_2_3__f_CLK100MHZ/A (sky130_fd_sc_hd__clkbuf_16)
     8    0.03    0.04    0.10    0.26 ^ clkbuf_2_3__f_CLK100MHZ/X (sky130_fd_sc_hd__clkbuf_16)
                                         clknet_2_3__leaf_CLK100MHZ (net)
                  0.04    0.00    0.26 ^ _261_/CLK (sky130_fd_sc_hd__dfrtp_1)
                          0.25    0.51   clock uncertainty
                         -0.03    0.49   clock reconvergence pessimism
                         -0.03    0.46   library hold time
                                  0.46   data required time
-----------------------------------------------------------------------------
                                  0.46   data required time
                                 -0.89   data arrival time
-----------------------------------------------------------------------------
                                  0.43   slack (MET)


Startpoint: _257_ (rising edge-triggered flip-flop clocked by CLK100MHZ)
Endpoint: _257_ (rising edge-triggered flip-flop clocked by CLK100MHZ)
Path Group: CLK100MHZ
Path Type: min
Corner: Fastest

Fanout     Cap    Slew   Delay    Time   Description
-----------------------------------------------------------------------------
                          0.00    0.00   clock CLK100MHZ (rise edge)
                          0.00    0.00   clock source latency
     1    0.02    0.07    0.04    0.04 ^ CLK100MHZ (in)
                                         CLK100MHZ (net)
                  0.07    0.00    0.04 ^ clkbuf_0_CLK100MHZ/A (sky130_fd_sc_hd__clkbuf_16)
     4    0.04    0.05    0.10    0.15 ^ clkbuf_0_CLK100MHZ/X (sky130_fd_sc_hd__clkbuf_16)
                                         clknet_0_CLK100MHZ (net)
                  0.05    0.00    0.15 ^ clkbuf_2_3__f_CLK100MHZ/A (sky130_fd_sc_hd__clkbuf_16)
     8    0.03    0.04    0.09    0.24 ^ clkbuf_2_3__f_CLK100MHZ/X (sky130_fd_sc_hd__clkbuf_16)
                                         clknet_2_3__leaf_CLK100MHZ (net)
                  0.04    0.00    0.24 ^ _257_/CLK (sky130_fd_sc_hd__dfrtp_1)
     3    0.03    0.10    0.28    0.52 v _257_/Q (sky130_fd_sc_hd__dfrtp_1)
                                         decoder.delay[7] (net)
                  0.10    0.00    0.52 v _184_/B1 (sky130_fd_sc_hd__a21o_1)
     1    0.01    0.04    0.11    0.63 v _184_/X (sky130_fd_sc_hd__a21o_1)
                                         _095_ (net)
                  0.04    0.00    0.63 v _185_/B (sky130_fd_sc_hd__and2b_1)
     1    0.02    0.08    0.15    0.78 v _185_/X (sky130_fd_sc_hd__and2b_1)
                                         _096_ (net)
                  0.08    0.00    0.78 v _186_/A (sky130_fd_sc_hd__buf_1)
     1    0.01    0.06    0.11    0.88 v _186_/X (sky130_fd_sc_hd__buf_1)
                                         _022_ (net)
                  0.06    0.00    0.89 v _257_/D (sky130_fd_sc_hd__dfrtp_1)
                                  0.89   data arrival time

                          0.00    0.00   clock CLK100MHZ (rise edge)
                          0.00    0.00   clock source latency
     1    0.02    0.07    0.05    0.05 ^ CLK100MHZ (in)
                                         CLK100MHZ (net)
                  0.07    0.00    0.05 ^ clkbuf_0_CLK100MHZ/A (sky130_fd_sc_hd__clkbuf_16)
     4    0.04    0.05    0.11    0.16 ^ clkbuf_0_CLK100MHZ/X (sky130_fd_sc_hd__clkbuf_16)
                                         clknet_0_CLK100MHZ (net)
                  0.05    0.00    0.16 ^ clkbuf_2_3__f_CLK100MHZ/A (sky130_fd_sc_hd__clkbuf_16)
     8    0.03    0.04    0.10    0.26 ^ clkbuf_2_3__f_CLK100MHZ/X (sky130_fd_sc_hd__clkbuf_16)
                                         clknet_2_3__leaf_CLK100MHZ (net)
                  0.04    0.00    0.26 ^ _257_/CLK (sky130_fd_sc_hd__dfrtp_1)
                          0.25    0.51   clock uncertainty
                         -0.03    0.49   clock reconvergence pessimism
                         -0.04    0.45   library hold time
                                  0.45   data required time
-----------------------------------------------------------------------------
                                  0.45   data required time
                                 -0.89   data arrival time
-----------------------------------------------------------------------------
                                  0.44   slack (MET)


Startpoint: BTNC (input port clocked by CLK100MHZ)
Endpoint: _267_ (removal check against rising-edge clock CLK100MHZ)
Path Group: asynchronous
Path Type: min
Corner: Fastest

Fanout     Cap    Slew   Delay    Time   Description
-----------------------------------------------------------------------------
                          0.00    0.00   clock CLK100MHZ (rise edge)
                          0.00    0.00   clock network delay (propagated)
                          2.00    2.00 v input external delay
     2    0.02    0.03    0.02    2.02 v BTNC (in)
                                         BTNC (net)
                  0.03    0.00    2.02 v _214_/A (sky130_fd_sc_hd__buf_4)
    10    0.07    0.07    0.13    2.15 v _214_/X (sky130_fd_sc_hd__buf_4)
                                         _112_ (net)
                  0.07    0.00    2.15 v _238_/A (sky130_fd_sc_hd__inv_2)
     1    0.00    0.03    0.04    2.19 ^ _238_/Y (sky130_fd_sc_hd__inv_2)
                                         _046_ (net)
                  0.03    0.00    2.19 ^ _267_/RESET_B (sky130_fd_sc_hd__dfrtp_1)
                                  2.19   data arrival time

                          0.00    0.00   clock CLK100MHZ (rise edge)
                          0.00    0.00   clock source latency
     1    0.02    0.07    0.05    0.05 ^ CLK100MHZ (in)
                                         CLK100MHZ (net)
                  0.07    0.00    0.05 ^ clkbuf_0_CLK100MHZ/A (sky130_fd_sc_hd__clkbuf_16)
     4    0.04    0.05    0.11    0.16 ^ clkbuf_0_CLK100MHZ/X (sky130_fd_sc_hd__clkbuf_16)
                                         clknet_0_CLK100MHZ (net)
                  0.05    0.00    0.16 ^ clkbuf_2_3__f_CLK100MHZ/A (sky130_fd_sc_hd__clkbuf_16)
     8    0.03    0.04    0.10    0.26 ^ clkbuf_2_3__f_CLK100MHZ/X (sky130_fd_sc_hd__clkbuf_16)
                                         clknet_2_3__leaf_CLK100MHZ (net)
                  0.04    0.00    0.26 ^ _267_/CLK (sky130_fd_sc_hd__dfrtp_1)
                          0.25    0.51   clock uncertainty
                          0.00    0.51   clock reconvergence pessimism
                          0.20    0.71   library removal time
                                  0.71   data required time
-----------------------------------------------------------------------------
                                  0.71   data required time
                                 -2.19   data arrival time
-----------------------------------------------------------------------------
                                  1.48   slack (MET)


Startpoint: BTNC (input port clocked by CLK100MHZ)
Endpoint: _272_ (removal check against rising-edge clock CLK100MHZ)
Path Group: asynchronous
Path Type: min
Corner: Fastest

Fanout     Cap    Slew   Delay    Time   Description
-----------------------------------------------------------------------------
                          0.00    0.00   clock CLK100MHZ (rise edge)
                          0.00    0.00   clock network delay (propagated)
                          2.00    2.00 v input external delay
     2    0.02    0.03    0.02    2.02 v BTNC (in)
                                         BTNC (net)
                  0.03    0.00    2.02 v _214_/A (sky130_fd_sc_hd__buf_4)
    10    0.07    0.07    0.13    2.15 v _214_/X (sky130_fd_sc_hd__buf_4)
                                         _112_ (net)
                  0.07    0.00    2.15 v _243_/A (sky130_fd_sc_hd__inv_2)
     1    0.00    0.03    0.04    2.20 ^ _243_/Y (sky130_fd_sc_hd__inv_2)
                                         _051_ (net)
                  0.03    0.00    2.20 ^ _272_/RESET_B (sky130_fd_sc_hd__dfrtp_1)
                                  2.20   data arrival time

                          0.00    0.00   clock CLK100MHZ (rise edge)
                          0.00    0.00   clock source latency
     1    0.02    0.07    0.05    0.05 ^ CLK100MHZ (in)
                                         CLK100MHZ (net)
                  0.07    0.00    0.05 ^ clkbuf_0_CLK100MHZ/A (sky130_fd_sc_hd__clkbuf_16)
     4    0.04    0.05    0.11    0.16 ^ clkbuf_0_CLK100MHZ/X (sky130_fd_sc_hd__clkbuf_16)
                                         clknet_0_CLK100MHZ (net)
                  0.05    0.00    0.16 ^ clkbuf_2_1__f_CLK100MHZ/A (sky130_fd_sc_hd__clkbuf_16)
     8    0.02    0.03    0.10    0.26 ^ clkbuf_2_1__f_CLK100MHZ/X (sky130_fd_sc_hd__clkbuf_16)
                                         clknet_2_1__leaf_CLK100MHZ (net)
                  0.03    0.00    0.26 ^ _272_/CLK (sky130_fd_sc_hd__dfrtp_1)
                          0.25    0.51   clock uncertainty
                          0.00    0.51   clock reconvergence pessimism
                          0.20    0.71   library removal time
                                  0.71   data required time
-----------------------------------------------------------------------------
                                  0.71   data required time
                                 -2.20   data arrival time
-----------------------------------------------------------------------------
                                  1.49   slack (MET)


Startpoint: BTNC (input port clocked by CLK100MHZ)
Endpoint: _268_ (removal check against rising-edge clock CLK100MHZ)
Path Group: asynchronous
Path Type: min
Corner: Fastest

Fanout     Cap    Slew   Delay    Time   Description
-----------------------------------------------------------------------------
                          0.00    0.00   clock CLK100MHZ (rise edge)
                          0.00    0.00   clock network delay (propagated)
                          2.00    2.00 v input external delay
     2    0.02    0.03    0.02    2.02 v BTNC (in)
                                         BTNC (net)
                  0.03    0.00    2.02 v _214_/A (sky130_fd_sc_hd__buf_4)
    10    0.07    0.07    0.13    2.15 v _214_/X (sky130_fd_sc_hd__buf_4)
                                         _112_ (net)
                  0.07    0.00    2.15 v _239_/A (sky130_fd_sc_hd__inv_2)
     1    0.01    0.03    0.05    2.20 ^ _239_/Y (sky130_fd_sc_hd__inv_2)
                                         _047_ (net)
                  0.03    0.00    2.20 ^ _268_/RESET_B (sky130_fd_sc_hd__dfrtp_2)
                                  2.20   data arrival time

                          0.00    0.00   clock CLK100MHZ (rise edge)
                          0.00    0.00   clock source latency
     1    0.02    0.07    0.05    0.05 ^ CLK100MHZ (in)
                                         CLK100MHZ (net)
                  0.07    0.00    0.05 ^ clkbuf_0_CLK100MHZ/A (sky130_fd_sc_hd__clkbuf_16)
     4    0.04    0.05    0.11    0.16 ^ clkbuf_0_CLK100MHZ/X (sky130_fd_sc_hd__clkbuf_16)
                                         clknet_0_CLK100MHZ (net)
                  0.05    0.00    0.16 ^ clkbuf_2_1__f_CLK100MHZ/A (sky130_fd_sc_hd__clkbuf_16)
     8    0.02    0.03    0.10    0.26 ^ clkbuf_2_1__f_CLK100MHZ/X (sky130_fd_sc_hd__clkbuf_16)
                                         clknet_2_1__leaf_CLK100MHZ (net)
                  0.03    0.00    0.26 ^ _268_/CLK (sky130_fd_sc_hd__dfrtp_2)
                          0.25    0.51   clock uncertainty
                          0.00    0.51   clock reconvergence pessimism
                          0.20    0.71   library removal time
                                  0.71   data required time
-----------------------------------------------------------------------------
                                  0.71   data required time
                                 -2.20   data arrival time
-----------------------------------------------------------------------------
                                  1.49   slack (MET)


Startpoint: BTNC (input port clocked by CLK100MHZ)
Endpoint: _270_ (removal check against rising-edge clock CLK100MHZ)
Path Group: asynchronous
Path Type: min
Corner: Fastest

Fanout     Cap    Slew   Delay    Time   Description
-----------------------------------------------------------------------------
                          0.00    0.00   clock CLK100MHZ (rise edge)
                          0.00    0.00   clock network delay (propagated)
                          2.00    2.00 v input external delay
     2    0.02    0.03    0.02    2.02 v BTNC (in)
                                         BTNC (net)
                  0.03    0.00    2.02 v _214_/A (sky130_fd_sc_hd__buf_4)
    10    0.07    0.07    0.13    2.15 v _214_/X (sky130_fd_sc_hd__buf_4)
                                         _112_ (net)
                  0.07    0.00    2.15 v _241_/A (sky130_fd_sc_hd__inv_2)
     1    0.01    0.04    0.06    2.21 ^ _241_/Y (sky130_fd_sc_hd__inv_2)
                                         _049_ (net)
                  0.04    0.00    2.21 ^ _270_/RESET_B (sky130_fd_sc_hd__dfrtp_1)
                                  2.21   data arrival time

                          0.00    0.00   clock CLK100MHZ (rise edge)
                          0.00    0.00   clock source latency
     1    0.02    0.07    0.05    0.05 ^ CLK100MHZ (in)
                                         CLK100MHZ (net)
                  0.07    0.00    0.05 ^ clkbuf_0_CLK100MHZ/A (sky130_fd_sc_hd__clkbuf_16)
     4    0.04    0.05    0.11    0.16 ^ clkbuf_0_CLK100MHZ/X (sky130_fd_sc_hd__clkbuf_16)
                                         clknet_0_CLK100MHZ (net)
                  0.05    0.00    0.16 ^ clkbuf_2_0__f_CLK100MHZ/A (sky130_fd_sc_hd__clkbuf_16)
     8    0.03    0.04    0.10    0.26 ^ clkbuf_2_0__f_CLK100MHZ/X (sky130_fd_sc_hd__clkbuf_16)
                                         clknet_2_0__leaf_CLK100MHZ (net)
                  0.04    0.00    0.26 ^ _270_/CLK (sky130_fd_sc_hd__dfrtp_1)
                          0.25    0.51   clock uncertainty
                          0.00    0.51   clock reconvergence pessimism
                          0.20    0.72   library removal time
                                  0.72   data required time
-----------------------------------------------------------------------------
                                  0.72   data required time
                                 -2.21   data arrival time
-----------------------------------------------------------------------------
                                  1.49   slack (MET)


Startpoint: BTNC (input port clocked by CLK100MHZ)
Endpoint: _274_ (removal check against rising-edge clock CLK100MHZ)
Path Group: asynchronous
Path Type: min
Corner: Fastest

Fanout     Cap    Slew   Delay    Time   Description
-----------------------------------------------------------------------------
                          0.00    0.00   clock CLK100MHZ (rise edge)
                          0.00    0.00   clock network delay (propagated)
                          2.00    2.00 v input external delay
     2    0.02    0.03    0.02    2.02 v BTNC (in)
                                         BTNC (net)
                  0.03    0.00    2.02 v _214_/A (sky130_fd_sc_hd__buf_4)
    10    0.07    0.07    0.13    2.15 v _214_/X (sky130_fd_sc_hd__buf_4)
                                         _112_ (net)
                  0.07    0.00    2.15 v _245_/A (sky130_fd_sc_hd__inv_2)
     1    0.01    0.05    0.06    2.21 ^ _245_/Y (sky130_fd_sc_hd__inv_2)
                                         _053_ (net)
                  0.05    0.00    2.21 ^ _274_/RESET_B (sky130_fd_sc_hd__dfrtp_2)
                                  2.21   data arrival time

                          0.00    0.00   clock CLK100MHZ (rise edge)
                          0.00    0.00   clock source latency
     1    0.02    0.07    0.05    0.05 ^ CLK100MHZ (in)
                                         CLK100MHZ (net)
                  0.07    0.00    0.05 ^ clkbuf_0_CLK100MHZ/A (sky130_fd_sc_hd__clkbuf_16)
     4    0.04    0.05    0.11    0.16 ^ clkbuf_0_CLK100MHZ/X (sky130_fd_sc_hd__clkbuf_16)
                                         clknet_0_CLK100MHZ (net)
                  0.05    0.00    0.16 ^ clkbuf_2_3__f_CLK100MHZ/A (sky130_fd_sc_hd__clkbuf_16)
     8    0.03    0.04    0.10    0.26 ^ clkbuf_2_3__f_CLK100MHZ/X (sky130_fd_sc_hd__clkbuf_16)
                                         clknet_2_3__leaf_CLK100MHZ (net)
                  0.04    0.00    0.26 ^ _274_/CLK (sky130_fd_sc_hd__dfrtp_2)
                          0.25    0.51   clock uncertainty
                          0.00    0.51   clock reconvergence pessimism
                          0.20    0.72   library removal time
                                  0.72   data required time
-----------------------------------------------------------------------------
                                  0.72   data required time
                                 -2.21   data arrival time
-----------------------------------------------------------------------------
                                  1.49   slack (MET)


Startpoint: BTNC (input port clocked by CLK100MHZ)
Endpoint: _256_ (removal check against rising-edge clock CLK100MHZ)
Path Group: asynchronous
Path Type: min
Corner: Fastest

Fanout     Cap    Slew   Delay    Time   Description
-----------------------------------------------------------------------------
                          0.00    0.00   clock CLK100MHZ (rise edge)
                          0.00    0.00   clock network delay (propagated)
                          2.00    2.00 v input external delay
     2    0.02    0.03    0.02    2.02 v BTNC (in)
                                         BTNC (net)
                  0.03    0.00    2.02 v _226_/A (sky130_fd_sc_hd__buf_4)
    10    0.08    0.08    0.14    2.16 v _226_/X (sky130_fd_sc_hd__buf_4)
                                         _114_ (net)
                  0.08    0.00    2.16 v _227_/A (sky130_fd_sc_hd__inv_2)
     1    0.01    0.04    0.05    2.21 ^ _227_/Y (sky130_fd_sc_hd__inv_2)
                                         _035_ (net)
                  0.04    0.00    2.21 ^ _256_/RESET_B (sky130_fd_sc_hd__dfrtp_4)
                                  2.21   data arrival time

                          0.00    0.00   clock CLK100MHZ (rise edge)
                          0.00    0.00   clock source latency
     1    0.02    0.07    0.05    0.05 ^ CLK100MHZ (in)
                                         CLK100MHZ (net)
                  0.07    0.00    0.05 ^ clkbuf_0_CLK100MHZ/A (sky130_fd_sc_hd__clkbuf_16)
     4    0.04    0.05    0.11    0.16 ^ clkbuf_0_CLK100MHZ/X (sky130_fd_sc_hd__clkbuf_16)
                                         clknet_0_CLK100MHZ (net)
                  0.05    0.00    0.16 ^ clkbuf_2_0__f_CLK100MHZ/A (sky130_fd_sc_hd__clkbuf_16)
     8    0.03    0.04    0.10    0.26 ^ clkbuf_2_0__f_CLK100MHZ/X (sky130_fd_sc_hd__clkbuf_16)
                                         clknet_2_0__leaf_CLK100MHZ (net)
                  0.04    0.00    0.26 ^ _256_/CLK (sky130_fd_sc_hd__dfrtp_4)
                          0.25    0.51   clock uncertainty
                          0.00    0.51   clock reconvergence pessimism
                          0.20    0.72   library removal time
                                  0.72   data required time
-----------------------------------------------------------------------------
                                  0.72   data required time
                                 -2.21   data arrival time
-----------------------------------------------------------------------------
                                  1.50   slack (MET)


Startpoint: BTNC (input port clocked by CLK100MHZ)
Endpoint: _271_ (removal check against rising-edge clock CLK100MHZ)
Path Group: asynchronous
Path Type: min
Corner: Fastest

Fanout     Cap    Slew   Delay    Time   Description
-----------------------------------------------------------------------------
                          0.00    0.00   clock CLK100MHZ (rise edge)
                          0.00    0.00   clock network delay (propagated)
                          2.00    2.00 v input external delay
     2    0.02    0.03    0.02    2.02 v BTNC (in)
                                         BTNC (net)
                  0.03    0.00    2.02 v _214_/A (sky130_fd_sc_hd__buf_4)
    10    0.07    0.07    0.13    2.15 v _214_/X (sky130_fd_sc_hd__buf_4)
                                         _112_ (net)
                  0.07    0.00    2.15 v _242_/A (sky130_fd_sc_hd__inv_2)
     1    0.01    0.05    0.06    2.22 ^ _242_/Y (sky130_fd_sc_hd__inv_2)
                                         _050_ (net)
                  0.05    0.00    2.22 ^ _271_/RESET_B (sky130_fd_sc_hd__dfrtp_1)
                                  2.22   data arrival time

                          0.00    0.00   clock CLK100MHZ (rise edge)
                          0.00    0.00   clock source latency
     1    0.02    0.07    0.05    0.05 ^ CLK100MHZ (in)
                                         CLK100MHZ (net)
                  0.07    0.00    0.05 ^ clkbuf_0_CLK100MHZ/A (sky130_fd_sc_hd__clkbuf_16)
     4    0.04    0.05    0.11    0.16 ^ clkbuf_0_CLK100MHZ/X (sky130_fd_sc_hd__clkbuf_16)
                                         clknet_0_CLK100MHZ (net)
                  0.05    0.00    0.16 ^ clkbuf_2_0__f_CLK100MHZ/A (sky130_fd_sc_hd__clkbuf_16)
     8    0.03    0.04    0.10    0.26 ^ clkbuf_2_0__f_CLK100MHZ/X (sky130_fd_sc_hd__clkbuf_16)
                                         clknet_2_0__leaf_CLK100MHZ (net)
                  0.04    0.00    0.26 ^ _271_/CLK (sky130_fd_sc_hd__dfrtp_1)
                          0.25    0.51   clock uncertainty
                          0.00    0.51   clock reconvergence pessimism
                          0.20    0.72   library removal time
                                  0.72   data required time
-----------------------------------------------------------------------------
                                  0.72   data required time
                                 -2.22   data arrival time
-----------------------------------------------------------------------------
                                  1.50   slack (MET)


Startpoint: BTNC (input port clocked by CLK100MHZ)
Endpoint: _273_ (removal check against rising-edge clock CLK100MHZ)
Path Group: asynchronous
Path Type: min
Corner: Fastest

Fanout     Cap    Slew   Delay    Time   Description
-----------------------------------------------------------------------------
                          0.00    0.00   clock CLK100MHZ (rise edge)
                          0.00    0.00   clock network delay (propagated)
                          2.00    2.00 v input external delay
     2    0.02    0.03    0.02    2.02 v BTNC (in)
                                         BTNC (net)
                  0.03    0.00    2.02 v _214_/A (sky130_fd_sc_hd__buf_4)
    10    0.07    0.07    0.13    2.15 v _214_/X (sky130_fd_sc_hd__buf_4)
                                         _112_ (net)
                  0.07    0.00    2.15 v _244_/A (sky130_fd_sc_hd__inv_2)
     1    0.01    0.05    0.06    2.22 ^ _244_/Y (sky130_fd_sc_hd__inv_2)
                                         _052_ (net)
                  0.05    0.00    2.22 ^ _273_/RESET_B (sky130_fd_sc_hd__dfrtp_1)
                                  2.22   data arrival time

                          0.00    0.00   clock CLK100MHZ (rise edge)
                          0.00    0.00   clock source latency
     1    0.02    0.07    0.05    0.05 ^ CLK100MHZ (in)
                                         CLK100MHZ (net)
                  0.07    0.00    0.05 ^ clkbuf_0_CLK100MHZ/A (sky130_fd_sc_hd__clkbuf_16)
     4    0.04    0.05    0.11    0.16 ^ clkbuf_0_CLK100MHZ/X (sky130_fd_sc_hd__clkbuf_16)
                                         clknet_0_CLK100MHZ (net)
                  0.05    0.00    0.16 ^ clkbuf_2_3__f_CLK100MHZ/A (sky130_fd_sc_hd__clkbuf_16)
     8    0.03    0.04    0.10    0.26 ^ clkbuf_2_3__f_CLK100MHZ/X (sky130_fd_sc_hd__clkbuf_16)
                                         clknet_2_3__leaf_CLK100MHZ (net)
                  0.04    0.00    0.26 ^ _273_/CLK (sky130_fd_sc_hd__dfrtp_1)
                          0.25    0.51   clock uncertainty
                          0.00    0.51   clock reconvergence pessimism
                          0.20    0.72   library removal time
                                  0.72   data required time
-----------------------------------------------------------------------------
                                  0.72   data required time
                                 -2.22   data arrival time
-----------------------------------------------------------------------------
                                  1.50   slack (MET)


Startpoint: BTNC (input port clocked by CLK100MHZ)
Endpoint: _261_ (removal check against rising-edge clock CLK100MHZ)
Path Group: asynchronous
Path Type: min
Corner: Fastest

Fanout     Cap    Slew   Delay    Time   Description
-----------------------------------------------------------------------------
                          0.00    0.00   clock CLK100MHZ (rise edge)
                          0.00    0.00   clock network delay (propagated)
                          2.00    2.00 v input external delay
     2    0.02    0.03    0.02    2.02 v BTNC (in)
                                         BTNC (net)
                  0.03    0.00    2.02 v _226_/A (sky130_fd_sc_hd__buf_4)
    10    0.08    0.08    0.14    2.16 v _226_/X (sky130_fd_sc_hd__buf_4)
                                         _114_ (net)
                  0.08    0.00    2.16 v _232_/A (sky130_fd_sc_hd__inv_2)
     1    0.01    0.04    0.05    2.21 ^ _232_/Y (sky130_fd_sc_hd__inv_2)
                                         _040_ (net)
                  0.04    0.00    2.21 ^ _261_/RESET_B (sky130_fd_sc_hd__dfrtp_1)
                                  2.21   data arrival time

                          0.00    0.00   clock CLK100MHZ (rise edge)
                          0.00    0.00   clock source latency
     1    0.02    0.07    0.05    0.05 ^ CLK100MHZ (in)
                                         CLK100MHZ (net)
                  0.07    0.00    0.05 ^ clkbuf_0_CLK100MHZ/A (sky130_fd_sc_hd__clkbuf_16)
     4    0.04    0.05    0.11    0.16 ^ clkbuf_0_CLK100MHZ/X (sky130_fd_sc_hd__clkbuf_16)
                                         clknet_0_CLK100MHZ (net)
                  0.05    0.00    0.16 ^ clkbuf_2_3__f_CLK100MHZ/A (sky130_fd_sc_hd__clkbuf_16)
     8    0.03    0.04    0.10    0.26 ^ clkbuf_2_3__f_CLK100MHZ/X (sky130_fd_sc_hd__clkbuf_16)
                                         clknet_2_3__leaf_CLK100MHZ (net)
                  0.04    0.00    0.26 ^ _261_/CLK (sky130_fd_sc_hd__dfrtp_1)
                          0.25    0.51   clock uncertainty
                          0.00    0.51   clock reconvergence pessimism
                          0.20    0.71   library removal time
                                  0.71   data required time
-----------------------------------------------------------------------------
                                  0.71   data required time
                                 -2.21   data arrival time
-----------------------------------------------------------------------------
                                  1.50   slack (MET)


Startpoint: BTNC (input port clocked by CLK100MHZ)
Endpoint: _259_ (removal check against rising-edge clock CLK100MHZ)
Path Group: asynchronous
Path Type: min
Corner: Fastest

Fanout     Cap    Slew   Delay    Time   Description
-----------------------------------------------------------------------------
                          0.00    0.00   clock CLK100MHZ (rise edge)
                          0.00    0.00   clock network delay (propagated)
                          2.00    2.00 v input external delay
     2    0.02    0.03    0.02    2.02 v BTNC (in)
                                         BTNC (net)
                  0.03    0.00    2.02 v _226_/A (sky130_fd_sc_hd__buf_4)
    10    0.08    0.08    0.14    2.16 v _226_/X (sky130_fd_sc_hd__buf_4)
                                         _114_ (net)
                  0.08    0.00    2.16 v _230_/A (sky130_fd_sc_hd__inv_2)
     1    0.01    0.03    0.05    2.21 ^ _230_/Y (sky130_fd_sc_hd__inv_2)
                                         _038_ (net)
                  0.03    0.00    2.21 ^ _259_/RESET_B (sky130_fd_sc_hd__dfrtp_2)
                                  2.21   data arrival time

                          0.00    0.00   clock CLK100MHZ (rise edge)
                          0.00    0.00   clock source latency
     1    0.02    0.07    0.05    0.05 ^ CLK100MHZ (in)
                                         CLK100MHZ (net)
                  0.07    0.00    0.05 ^ clkbuf_0_CLK100MHZ/A (sky130_fd_sc_hd__clkbuf_16)
     4    0.04    0.05    0.11    0.16 ^ clkbuf_0_CLK100MHZ/X (sky130_fd_sc_hd__clkbuf_16)
                                         clknet_0_CLK100MHZ (net)
                  0.05    0.00    0.16 ^ clkbuf_2_1__f_CLK100MHZ/A (sky130_fd_sc_hd__clkbuf_16)
     8    0.02    0.03    0.10    0.26 ^ clkbuf_2_1__f_CLK100MHZ/X (sky130_fd_sc_hd__clkbuf_16)
                                         clknet_2_1__leaf_CLK100MHZ (net)
                  0.03    0.00    0.26 ^ _259_/CLK (sky130_fd_sc_hd__dfrtp_2)
                          0.25    0.51   clock uncertainty
                          0.00    0.51   clock reconvergence pessimism
                          0.20    0.71   library removal time
                                  0.71   data required time
-----------------------------------------------------------------------------
                                  0.71   data required time
                                 -2.21   data arrival time
-----------------------------------------------------------------------------
                                  1.50   slack (MET)


Startpoint: BTNC (input port clocked by CLK100MHZ)
Endpoint: _264_ (removal check against rising-edge clock CLK100MHZ)
Path Group: asynchronous
Path Type: min
Corner: Fastest

Fanout     Cap    Slew   Delay    Time   Description
-----------------------------------------------------------------------------
                          0.00    0.00   clock CLK100MHZ (rise edge)
                          0.00    0.00   clock network delay (propagated)
                          2.00    2.00 v input external delay
     2    0.02    0.03    0.02    2.02 v BTNC (in)
                                         BTNC (net)
                  0.03    0.00    2.02 v _226_/A (sky130_fd_sc_hd__buf_4)
    10    0.08    0.08    0.14    2.16 v _226_/X (sky130_fd_sc_hd__buf_4)
                                         _114_ (net)
                  0.08    0.00    2.16 v _235_/A (sky130_fd_sc_hd__inv_2)
     1    0.01    0.05    0.06    2.22 ^ _235_/Y (sky130_fd_sc_hd__inv_2)
                                         _043_ (net)
                  0.05    0.00    2.22 ^ _264_/RESET_B (sky130_fd_sc_hd__dfrtp_1)
                                  2.22   data arrival time

                          0.00    0.00   clock CLK100MHZ (rise edge)
                          0.00    0.00   clock source latency
     1    0.02    0.07    0.05    0.05 ^ CLK100MHZ (in)
                                         CLK100MHZ (net)
                  0.07    0.00    0.05 ^ clkbuf_0_CLK100MHZ/A (sky130_fd_sc_hd__clkbuf_16)
     4    0.04    0.05    0.11    0.16 ^ clkbuf_0_CLK100MHZ/X (sky130_fd_sc_hd__clkbuf_16)
                                         clknet_0_CLK100MHZ (net)
                  0.05    0.00    0.16 ^ clkbuf_2_0__f_CLK100MHZ/A (sky130_fd_sc_hd__clkbuf_16)
     8    0.03    0.04    0.10    0.26 ^ clkbuf_2_0__f_CLK100MHZ/X (sky130_fd_sc_hd__clkbuf_16)
                                         clknet_2_0__leaf_CLK100MHZ (net)
                  0.04    0.00    0.26 ^ _264_/CLK (sky130_fd_sc_hd__dfrtp_1)
                          0.25    0.51   clock uncertainty
                          0.00    0.51   clock reconvergence pessimism
                          0.20    0.72   library removal time
                                  0.72   data required time
-----------------------------------------------------------------------------
                                  0.72   data required time
                                 -2.22   data arrival time
-----------------------------------------------------------------------------
                                  1.50   slack (MET)


Startpoint: BTNC (input port clocked by CLK100MHZ)
Endpoint: _266_ (removal check against rising-edge clock CLK100MHZ)
Path Group: asynchronous
Path Type: min
Corner: Fastest

Fanout     Cap    Slew   Delay    Time   Description
-----------------------------------------------------------------------------
                          0.00    0.00   clock CLK100MHZ (rise edge)
                          0.00    0.00   clock network delay (propagated)
                          2.00    2.00 v input external delay
     2    0.02    0.03    0.02    2.02 v BTNC (in)
                                         BTNC (net)
                  0.03    0.00    2.02 v _214_/A (sky130_fd_sc_hd__buf_4)
    10    0.07    0.07    0.13    2.15 v _214_/X (sky130_fd_sc_hd__buf_4)
                                         _112_ (net)
                  0.07    0.00    2.15 v _237_/A (sky130_fd_sc_hd__inv_2)
     1    0.02    0.06    0.07    2.22 ^ _237_/Y (sky130_fd_sc_hd__inv_2)
                                         _045_ (net)
                  0.06    0.00    2.23 ^ _266_/RESET_B (sky130_fd_sc_hd__dfrtp_2)
                                  2.23   data arrival time

                          0.00    0.00   clock CLK100MHZ (rise edge)
                          0.00    0.00   clock source latency
     1    0.02    0.07    0.05    0.05 ^ CLK100MHZ (in)
                                         CLK100MHZ (net)
                  0.07    0.00    0.05 ^ clkbuf_0_CLK100MHZ/A (sky130_fd_sc_hd__clkbuf_16)
     4    0.04    0.05    0.11    0.16 ^ clkbuf_0_CLK100MHZ/X (sky130_fd_sc_hd__clkbuf_16)
                                         clknet_0_CLK100MHZ (net)
                  0.05    0.00    0.16 ^ clkbuf_2_0__f_CLK100MHZ/A (sky130_fd_sc_hd__clkbuf_16)
     8    0.03    0.04    0.10    0.26 ^ clkbuf_2_0__f_CLK100MHZ/X (sky130_fd_sc_hd__clkbuf_16)
                                         clknet_2_0__leaf_CLK100MHZ (net)
                  0.04    0.00    0.26 ^ _266_/CLK (sky130_fd_sc_hd__dfrtp_2)
                          0.25    0.51   clock uncertainty
                          0.00    0.51   clock reconvergence pessimism
                          0.21    0.72   library removal time
                                  0.72   data required time
-----------------------------------------------------------------------------
                                  0.72   data required time
                                 -2.23   data arrival time
-----------------------------------------------------------------------------
                                  1.50   slack (MET)


Startpoint: BTNC (input port clocked by CLK100MHZ)
Endpoint: _257_ (removal check against rising-edge clock CLK100MHZ)
Path Group: asynchronous
Path Type: min
Corner: Fastest

Fanout     Cap    Slew   Delay    Time   Description
-----------------------------------------------------------------------------
                          0.00    0.00   clock CLK100MHZ (rise edge)
                          0.00    0.00   clock network delay (propagated)
                          2.00    2.00 v input external delay
     2    0.02    0.03    0.02    2.02 v BTNC (in)
                                         BTNC (net)
                  0.03    0.00    2.02 v _226_/A (sky130_fd_sc_hd__buf_4)
    10    0.08    0.08    0.14    2.16 v _226_/X (sky130_fd_sc_hd__buf_4)
                                         _114_ (net)
                  0.08    0.00    2.16 v _228_/A (sky130_fd_sc_hd__inv_2)
     1    0.01    0.05    0.06    2.22 ^ _228_/Y (sky130_fd_sc_hd__inv_2)
                                         _036_ (net)
                  0.05    0.00    2.22 ^ _257_/RESET_B (sky130_fd_sc_hd__dfrtp_1)
                                  2.22   data arrival time

                          0.00    0.00   clock CLK100MHZ (rise edge)
                          0.00    0.00   clock source latency
     1    0.02    0.07    0.05    0.05 ^ CLK100MHZ (in)
                                         CLK100MHZ (net)
                  0.07    0.00    0.05 ^ clkbuf_0_CLK100MHZ/A (sky130_fd_sc_hd__clkbuf_16)
     4    0.04    0.05    0.11    0.16 ^ clkbuf_0_CLK100MHZ/X (sky130_fd_sc_hd__clkbuf_16)
                                         clknet_0_CLK100MHZ (net)
                  0.05    0.00    0.16 ^ clkbuf_2_3__f_CLK100MHZ/A (sky130_fd_sc_hd__clkbuf_16)
     8    0.03    0.04    0.10    0.26 ^ clkbuf_2_3__f_CLK100MHZ/X (sky130_fd_sc_hd__clkbuf_16)
                                         clknet_2_3__leaf_CLK100MHZ (net)
                  0.04    0.00    0.26 ^ _257_/CLK (sky130_fd_sc_hd__dfrtp_1)
                          0.25    0.51   clock uncertainty
                          0.00    0.51   clock reconvergence pessimism
                          0.20    0.72   library removal time
                                  0.72   data required time
-----------------------------------------------------------------------------
                                  0.72   data required time
                                 -2.22   data arrival time
-----------------------------------------------------------------------------
                                  1.51   slack (MET)


Startpoint: BTNC (input port clocked by CLK100MHZ)
Endpoint: _269_ (removal check against rising-edge clock CLK100MHZ)
Path Group: asynchronous
Path Type: min
Corner: Fastest

Fanout     Cap    Slew   Delay    Time   Description
-----------------------------------------------------------------------------
                          0.00    0.00   clock CLK100MHZ (rise edge)
                          0.00    0.00   clock network delay (propagated)
                          2.00    2.00 v input external delay
     2    0.02    0.03    0.02    2.02 v BTNC (in)
                                         BTNC (net)
                  0.03    0.00    2.02 v _214_/A (sky130_fd_sc_hd__buf_4)
    10    0.07    0.07    0.13    2.15 v _214_/X (sky130_fd_sc_hd__buf_4)
                                         _112_ (net)
                  0.07    0.00    2.15 v _240_/A (sky130_fd_sc_hd__inv_2)
     1    0.02    0.07    0.08    2.23 ^ _240_/Y (sky130_fd_sc_hd__inv_2)
                                         _048_ (net)
                  0.07    0.00    2.23 ^ _269_/RESET_B (sky130_fd_sc_hd__dfrtp_1)
                                  2.23   data arrival time

                          0.00    0.00   clock CLK100MHZ (rise edge)
                          0.00    0.00   clock source latency
     1    0.02    0.07    0.05    0.05 ^ CLK100MHZ (in)
                                         CLK100MHZ (net)
                  0.07    0.00    0.05 ^ clkbuf_0_CLK100MHZ/A (sky130_fd_sc_hd__clkbuf_16)
     4    0.04    0.05    0.11    0.16 ^ clkbuf_0_CLK100MHZ/X (sky130_fd_sc_hd__clkbuf_16)
                                         clknet_0_CLK100MHZ (net)
                  0.05    0.00    0.16 ^ clkbuf_2_2__f_CLK100MHZ/A (sky130_fd_sc_hd__clkbuf_16)
     8    0.03    0.04    0.10    0.27 ^ clkbuf_2_2__f_CLK100MHZ/X (sky130_fd_sc_hd__clkbuf_16)
                                         clknet_2_2__leaf_CLK100MHZ (net)
                  0.04    0.00    0.27 ^ _269_/CLK (sky130_fd_sc_hd__dfrtp_1)
                          0.25    0.52   clock uncertainty
                          0.00    0.52   clock reconvergence pessimism
                          0.21    0.73   library removal time
                                  0.73   data required time
-----------------------------------------------------------------------------
                                  0.73   data required time
                                 -2.23   data arrival time
-----------------------------------------------------------------------------
                                  1.51   slack (MET)


Startpoint: BTNC (input port clocked by CLK100MHZ)
Endpoint: _263_ (removal check against rising-edge clock CLK100MHZ)
Path Group: asynchronous
Path Type: min
Corner: Fastest

Fanout     Cap    Slew   Delay    Time   Description
-----------------------------------------------------------------------------
                          0.00    0.00   clock CLK100MHZ (rise edge)
                          0.00    0.00   clock network delay (propagated)
                          2.00    2.00 v input external delay
     2    0.02    0.03    0.02    2.02 v BTNC (in)
                                         BTNC (net)
                  0.03    0.00    2.02 v _226_/A (sky130_fd_sc_hd__buf_4)
    10    0.08    0.08    0.14    2.16 v _226_/X (sky130_fd_sc_hd__buf_4)
                                         _114_ (net)
                  0.08    0.00    2.16 v _234_/A (sky130_fd_sc_hd__inv_2)
     1    0.01    0.05    0.07    2.23 ^ _234_/Y (sky130_fd_sc_hd__inv_2)
                                         _042_ (net)
                  0.05    0.00    2.23 ^ _263_/RESET_B (sky130_fd_sc_hd__dfrtp_1)
                                  2.23   data arrival time

                          0.00    0.00   clock CLK100MHZ (rise edge)
                          0.00    0.00   clock source latency
     1    0.02    0.07    0.05    0.05 ^ CLK100MHZ (in)
                                         CLK100MHZ (net)
                  0.07    0.00    0.05 ^ clkbuf_0_CLK100MHZ/A (sky130_fd_sc_hd__clkbuf_16)
     4    0.04    0.05    0.11    0.16 ^ clkbuf_0_CLK100MHZ/X (sky130_fd_sc_hd__clkbuf_16)
                                         clknet_0_CLK100MHZ (net)
                  0.05    0.00    0.16 ^ clkbuf_2_2__f_CLK100MHZ/A (sky130_fd_sc_hd__clkbuf_16)
     8    0.03    0.04    0.10    0.27 ^ clkbuf_2_2__f_CLK100MHZ/X (sky130_fd_sc_hd__clkbuf_16)
                                         clknet_2_2__leaf_CLK100MHZ (net)
                  0.04    0.00    0.27 ^ _263_/CLK (sky130_fd_sc_hd__dfrtp_1)
                          0.25    0.52   clock uncertainty
                          0.00    0.52   clock reconvergence pessimism
                          0.20    0.72   library removal time
                                  0.72   data required time
-----------------------------------------------------------------------------
                                  0.72   data required time
                                 -2.23   data arrival time
-----------------------------------------------------------------------------
                                  1.51   slack (MET)


Startpoint: BTNC (input port clocked by CLK100MHZ)
Endpoint: _262_ (removal check against rising-edge clock CLK100MHZ)
Path Group: asynchronous
Path Type: min
Corner: Fastest

Fanout     Cap    Slew   Delay    Time   Description
-----------------------------------------------------------------------------
                          0.00    0.00   clock CLK100MHZ (rise edge)
                          0.00    0.00   clock network delay (propagated)
                          2.00    2.00 v input external delay
     2    0.02    0.03    0.02    2.02 v BTNC (in)
                                         BTNC (net)
                  0.03    0.00    2.02 v _226_/A (sky130_fd_sc_hd__buf_4)
    10    0.08    0.08    0.14    2.16 v _226_/X (sky130_fd_sc_hd__buf_4)
                                         _114_ (net)
                  0.08    0.00    2.16 v _233_/A (sky130_fd_sc_hd__inv_2)
     1    0.01    0.06    0.07    2.23 ^ _233_/Y (sky130_fd_sc_hd__inv_2)
                                         _041_ (net)
                  0.06    0.00    2.23 ^ _262_/RESET_B (sky130_fd_sc_hd__dfrtp_2)
                                  2.23   data arrival time

                          0.00    0.00   clock CLK100MHZ (rise edge)
                          0.00    0.00   clock source latency
     1    0.02    0.07    0.05    0.05 ^ CLK100MHZ (in)
                                         CLK100MHZ (net)
                  0.07    0.00    0.05 ^ clkbuf_0_CLK100MHZ/A (sky130_fd_sc_hd__clkbuf_16)
     4    0.04    0.05    0.11    0.16 ^ clkbuf_0_CLK100MHZ/X (sky130_fd_sc_hd__clkbuf_16)
                                         clknet_0_CLK100MHZ (net)
                  0.05    0.00    0.16 ^ clkbuf_2_2__f_CLK100MHZ/A (sky130_fd_sc_hd__clkbuf_16)
     8    0.03    0.04    0.10    0.27 ^ clkbuf_2_2__f_CLK100MHZ/X (sky130_fd_sc_hd__clkbuf_16)
                                         clknet_2_2__leaf_CLK100MHZ (net)
                  0.04    0.00    0.27 ^ _262_/CLK (sky130_fd_sc_hd__dfrtp_2)
                          0.25    0.52   clock uncertainty
                          0.00    0.52   clock reconvergence pessimism
                          0.21    0.72   library removal time
                                  0.72   data required time
-----------------------------------------------------------------------------
                                  0.72   data required time
                                 -2.23   data arrival time
-----------------------------------------------------------------------------
                                  1.51   slack (MET)


Startpoint: BTNC (input port clocked by CLK100MHZ)
Endpoint: _258_ (removal check against rising-edge clock CLK100MHZ)
Path Group: asynchronous
Path Type: min
Corner: Fastest

Fanout     Cap    Slew   Delay    Time   Description
-----------------------------------------------------------------------------
                          0.00    0.00   clock CLK100MHZ (rise edge)
                          0.00    0.00   clock network delay (propagated)
                          2.00    2.00 v input external delay
     2    0.02    0.03    0.02    2.02 v BTNC (in)
                                         BTNC (net)
                  0.03    0.00    2.02 v _226_/A (sky130_fd_sc_hd__buf_4)
    10    0.08    0.08    0.14    2.16 v _226_/X (sky130_fd_sc_hd__buf_4)
                                         _114_ (net)
                  0.08    0.00    2.16 v _229_/A (sky130_fd_sc_hd__inv_2)
     1    0.01    0.05    0.07    2.23 ^ _229_/Y (sky130_fd_sc_hd__inv_2)
                                         _037_ (net)
                  0.05    0.00    2.23 ^ _258_/RESET_B (sky130_fd_sc_hd__dfrtp_4)
                                  2.23   data arrival time

                          0.00    0.00   clock CLK100MHZ (rise edge)
                          0.00    0.00   clock source latency
     1    0.02    0.07    0.05    0.05 ^ CLK100MHZ (in)
                                         CLK100MHZ (net)
                  0.07    0.00    0.05 ^ clkbuf_0_CLK100MHZ/A (sky130_fd_sc_hd__clkbuf_16)
     4    0.04    0.05    0.11    0.16 ^ clkbuf_0_CLK100MHZ/X (sky130_fd_sc_hd__clkbuf_16)
                                         clknet_0_CLK100MHZ (net)
                  0.05    0.00    0.16 ^ clkbuf_2_3__f_CLK100MHZ/A (sky130_fd_sc_hd__clkbuf_16)
     8    0.03    0.04    0.10    0.26 ^ clkbuf_2_3__f_CLK100MHZ/X (sky130_fd_sc_hd__clkbuf_16)
                                         clknet_2_3__leaf_CLK100MHZ (net)
                  0.04    0.00    0.26 ^ _258_/CLK (sky130_fd_sc_hd__dfrtp_4)
                          0.25    0.51   clock uncertainty
                          0.00    0.51   clock reconvergence pessimism
                          0.21    0.72   library removal time
                                  0.72   data required time
-----------------------------------------------------------------------------
                                  0.72   data required time
                                 -2.23   data arrival time
-----------------------------------------------------------------------------
                                  1.51   slack (MET)


Startpoint: BTNC (input port clocked by CLK100MHZ)
Endpoint: _260_ (removal check against rising-edge clock CLK100MHZ)
Path Group: asynchronous
Path Type: min
Corner: Fastest

Fanout     Cap    Slew   Delay    Time   Description
-----------------------------------------------------------------------------
                          0.00    0.00   clock CLK100MHZ (rise edge)
                          0.00    0.00   clock network delay (propagated)
                          2.00    2.00 v input external delay
     2    0.02    0.03    0.02    2.02 v BTNC (in)
                                         BTNC (net)
                  0.03    0.00    2.02 v _226_/A (sky130_fd_sc_hd__buf_4)
    10    0.08    0.08    0.14    2.16 v _226_/X (sky130_fd_sc_hd__buf_4)
                                         _114_ (net)
                  0.08    0.00    2.16 v _231_/A (sky130_fd_sc_hd__inv_2)
     1    0.02    0.06    0.08    2.24 ^ _231_/Y (sky130_fd_sc_hd__inv_2)
                                         _039_ (net)
                  0.06    0.00    2.24 ^ _260_/RESET_B (sky130_fd_sc_hd__dfrtp_1)
                                  2.24   data arrival time

                          0.00    0.00   clock CLK100MHZ (rise edge)
                          0.00    0.00   clock source latency
     1    0.02    0.07    0.05    0.05 ^ CLK100MHZ (in)
                                         CLK100MHZ (net)
                  0.07    0.00    0.05 ^ clkbuf_0_CLK100MHZ/A (sky130_fd_sc_hd__clkbuf_16)
     4    0.04    0.05    0.11    0.16 ^ clkbuf_0_CLK100MHZ/X (sky130_fd_sc_hd__clkbuf_16)
                                         clknet_0_CLK100MHZ (net)
                  0.05    0.00    0.16 ^ clkbuf_2_1__f_CLK100MHZ/A (sky130_fd_sc_hd__clkbuf_16)
     8    0.02    0.03    0.10    0.26 ^ clkbuf_2_1__f_CLK100MHZ/X (sky130_fd_sc_hd__clkbuf_16)
                                         clknet_2_1__leaf_CLK100MHZ (net)
                  0.03    0.00    0.26 ^ _260_/CLK (sky130_fd_sc_hd__dfrtp_1)
                          0.25    0.51   clock uncertainty
                          0.00    0.51   clock reconvergence pessimism
                          0.21    0.72   library removal time
                                  0.72   data required time
-----------------------------------------------------------------------------
                                  0.72   data required time
                                 -2.24   data arrival time
-----------------------------------------------------------------------------
                                  1.52   slack (MET)


Startpoint: BTNC (input port clocked by CLK100MHZ)
Endpoint: _265_ (removal check against rising-edge clock CLK100MHZ)
Path Group: asynchronous
Path Type: min
Corner: Fastest

Fanout     Cap    Slew   Delay    Time   Description
-----------------------------------------------------------------------------
                          0.00    0.00   clock CLK100MHZ (rise edge)
                          0.00    0.00   clock network delay (propagated)
                          2.00    2.00 v input external delay
     2    0.02    0.03    0.02    2.02 v BTNC (in)
                                         BTNC (net)
                  0.03    0.00    2.02 v _226_/A (sky130_fd_sc_hd__buf_4)
    10    0.08    0.08    0.14    2.16 v _226_/X (sky130_fd_sc_hd__buf_4)
                                         _114_ (net)
                  0.08    0.00    2.16 v _236_/A (sky130_fd_sc_hd__inv_2)
     1    0.02    0.07    0.08    2.24 ^ _236_/Y (sky130_fd_sc_hd__inv_2)
                                         _044_ (net)
                  0.07    0.00    2.24 ^ _265_/RESET_B (sky130_fd_sc_hd__dfrtp_1)
                                  2.24   data arrival time

                          0.00    0.00   clock CLK100MHZ (rise edge)
                          0.00    0.00   clock source latency
     1    0.02    0.07    0.05    0.05 ^ CLK100MHZ (in)
                                         CLK100MHZ (net)
                  0.07    0.00    0.05 ^ clkbuf_0_CLK100MHZ/A (sky130_fd_sc_hd__clkbuf_16)
     4    0.04    0.05    0.11    0.16 ^ clkbuf_0_CLK100MHZ/X (sky130_fd_sc_hd__clkbuf_16)
                                         clknet_0_CLK100MHZ (net)
                  0.05    0.00    0.16 ^ clkbuf_2_1__f_CLK100MHZ/A (sky130_fd_sc_hd__clkbuf_16)
     8    0.02    0.03    0.10    0.26 ^ clkbuf_2_1__f_CLK100MHZ/X (sky130_fd_sc_hd__clkbuf_16)
                                         clknet_2_1__leaf_CLK100MHZ (net)
                  0.03    0.00    0.26 ^ _265_/CLK (sky130_fd_sc_hd__dfrtp_1)
                          0.25    0.51   clock uncertainty
                          0.00    0.51   clock reconvergence pessimism
                          0.21    0.72   library removal time
                                  0.72   data required time
-----------------------------------------------------------------------------
                                  0.72   data required time
                                 -2.24   data arrival time
-----------------------------------------------------------------------------
                                  1.52   slack (MET)


Startpoint: BTNC (input port clocked by CLK100MHZ)
Endpoint: _251_ (removal check against rising-edge clock CLK100MHZ)
Path Group: asynchronous
Path Type: min
Corner: Fastest

Fanout     Cap    Slew   Delay    Time   Description
-----------------------------------------------------------------------------
                          0.00    0.00   clock CLK100MHZ (rise edge)
                          0.00    0.00   clock network delay (propagated)
                          2.00    2.00 v input external delay
     2    0.02    0.03    0.02    2.02 v BTNC (in)
                                         BTNC (net)
                  0.03    0.00    2.02 v _214_/A (sky130_fd_sc_hd__buf_4)
    10    0.07    0.07    0.13    2.15 v _214_/X (sky130_fd_sc_hd__buf_4)
                                         _112_ (net)
                  0.07    0.00    2.15 v _215_/A (sky130_fd_sc_hd__buf_4)
    10    0.07    0.07    0.14    2.30 v _215_/X (sky130_fd_sc_hd__buf_4)
                                         _113_ (net)
                  0.07    0.00    2.30 v _221_/A (sky130_fd_sc_hd__inv_2)
     1    0.01    0.04    0.05    2.35 ^ _221_/Y (sky130_fd_sc_hd__inv_2)
                                         _030_ (net)
                  0.04    0.00    2.35 ^ _251_/RESET_B (sky130_fd_sc_hd__dfrtp_2)
                                  2.35   data arrival time

                          0.00    0.00   clock CLK100MHZ (rise edge)
                          0.00    0.00   clock source latency
     1    0.02    0.07    0.05    0.05 ^ CLK100MHZ (in)
                                         CLK100MHZ (net)
                  0.07    0.00    0.05 ^ clkbuf_0_CLK100MHZ/A (sky130_fd_sc_hd__clkbuf_16)
     4    0.04    0.05    0.11    0.16 ^ clkbuf_0_CLK100MHZ/X (sky130_fd_sc_hd__clkbuf_16)
                                         clknet_0_CLK100MHZ (net)
                  0.05    0.00    0.16 ^ clkbuf_2_2__f_CLK100MHZ/A (sky130_fd_sc_hd__clkbuf_16)
     8    0.03    0.04    0.10    0.27 ^ clkbuf_2_2__f_CLK100MHZ/X (sky130_fd_sc_hd__clkbuf_16)
                                         clknet_2_2__leaf_CLK100MHZ (net)
                  0.04    0.00    0.27 ^ _251_/CLK (sky130_fd_sc_hd__dfrtp_2)
                          0.25    0.52   clock uncertainty
                          0.00    0.52   clock reconvergence pessimism
                          0.20    0.72   library removal time
                                  0.72   data required time
-----------------------------------------------------------------------------
                                  0.72   data required time
                                 -2.35   data arrival time
-----------------------------------------------------------------------------
                                  1.64   slack (MET)


Startpoint: BTNC (input port clocked by CLK100MHZ)
Endpoint: _253_ (removal check against rising-edge clock CLK100MHZ)
Path Group: asynchronous
Path Type: min
Corner: Fastest

Fanout     Cap    Slew   Delay    Time   Description
-----------------------------------------------------------------------------
                          0.00    0.00   clock CLK100MHZ (rise edge)
                          0.00    0.00   clock network delay (propagated)
                          2.00    2.00 v input external delay
     2    0.02    0.03    0.02    2.02 v BTNC (in)
                                         BTNC (net)
                  0.03    0.00    2.02 v _214_/A (sky130_fd_sc_hd__buf_4)
    10    0.07    0.07    0.13    2.15 v _214_/X (sky130_fd_sc_hd__buf_4)
                                         _112_ (net)
                  0.07    0.00    2.15 v _215_/A (sky130_fd_sc_hd__buf_4)
    10    0.07    0.07    0.14    2.30 v _215_/X (sky130_fd_sc_hd__buf_4)
                                         _113_ (net)
                  0.07    0.00    2.30 v _223_/A (sky130_fd_sc_hd__inv_2)
     1    0.01    0.04    0.05    2.35 ^ _223_/Y (sky130_fd_sc_hd__inv_2)
                                         _032_ (net)
                  0.04    0.00    2.35 ^ _253_/RESET_B (sky130_fd_sc_hd__dfrtp_1)
                                  2.35   data arrival time

                          0.00    0.00   clock CLK100MHZ (rise edge)
                          0.00    0.00   clock source latency
     1    0.02    0.07    0.05    0.05 ^ CLK100MHZ (in)
                                         CLK100MHZ (net)
                  0.07    0.00    0.05 ^ clkbuf_0_CLK100MHZ/A (sky130_fd_sc_hd__clkbuf_16)
     4    0.04    0.05    0.11    0.16 ^ clkbuf_0_CLK100MHZ/X (sky130_fd_sc_hd__clkbuf_16)
                                         clknet_0_CLK100MHZ (net)
                  0.05    0.00    0.16 ^ clkbuf_2_2__f_CLK100MHZ/A (sky130_fd_sc_hd__clkbuf_16)
     8    0.03    0.04    0.10    0.27 ^ clkbuf_2_2__f_CLK100MHZ/X (sky130_fd_sc_hd__clkbuf_16)
                                         clknet_2_2__leaf_CLK100MHZ (net)
                  0.04    0.00    0.27 ^ _253_/CLK (sky130_fd_sc_hd__dfrtp_1)
                          0.25    0.52   clock uncertainty
                          0.00    0.52   clock reconvergence pessimism
                          0.20    0.72   library removal time
                                  0.72   data required time
-----------------------------------------------------------------------------
                                  0.72   data required time
                                 -2.35   data arrival time
-----------------------------------------------------------------------------
                                  1.64   slack (MET)


Startpoint: BTNC (input port clocked by CLK100MHZ)
Endpoint: _249_ (removal check against rising-edge clock CLK100MHZ)
Path Group: asynchronous
Path Type: min
Corner: Fastest

Fanout     Cap    Slew   Delay    Time   Description
-----------------------------------------------------------------------------
                          0.00    0.00   clock CLK100MHZ (rise edge)
                          0.00    0.00   clock network delay (propagated)
                          2.00    2.00 v input external delay
     2    0.02    0.03    0.02    2.02 v BTNC (in)
                                         BTNC (net)
                  0.03    0.00    2.02 v _214_/A (sky130_fd_sc_hd__buf_4)
    10    0.07    0.07    0.13    2.15 v _214_/X (sky130_fd_sc_hd__buf_4)
                                         _112_ (net)
                  0.07    0.00    2.15 v _215_/A (sky130_fd_sc_hd__buf_4)
    10    0.07    0.07    0.14    2.30 v _215_/X (sky130_fd_sc_hd__buf_4)
                                         _113_ (net)
                  0.07    0.01    2.30 v _219_/A (sky130_fd_sc_hd__inv_2)
     1    0.01    0.04    0.05    2.35 ^ _219_/Y (sky130_fd_sc_hd__inv_2)
                                         _028_ (net)
                  0.04    0.00    2.35 ^ _249_/RESET_B (sky130_fd_sc_hd__dfrtp_4)
                                  2.35   data arrival time

                          0.00    0.00   clock CLK100MHZ (rise edge)
                          0.00    0.00   clock source latency
     1    0.02    0.07    0.05    0.05 ^ CLK100MHZ (in)
                                         CLK100MHZ (net)
                  0.07    0.00    0.05 ^ clkbuf_0_CLK100MHZ/A (sky130_fd_sc_hd__clkbuf_16)
     4    0.04    0.05    0.11    0.16 ^ clkbuf_0_CLK100MHZ/X (sky130_fd_sc_hd__clkbuf_16)
                                         clknet_0_CLK100MHZ (net)
                  0.05    0.00    0.16 ^ clkbuf_2_3__f_CLK100MHZ/A (sky130_fd_sc_hd__clkbuf_16)
     8    0.03    0.04    0.10    0.26 ^ clkbuf_2_3__f_CLK100MHZ/X (sky130_fd_sc_hd__clkbuf_16)
                                         clknet_2_3__leaf_CLK100MHZ (net)
                  0.04    0.00    0.26 ^ _249_/CLK (sky130_fd_sc_hd__dfrtp_4)
                          0.25    0.51   clock uncertainty
                          0.00    0.51   clock reconvergence pessimism
                          0.20    0.72   library removal time
                                  0.72   data required time
-----------------------------------------------------------------------------
                                  0.72   data required time
                                 -2.35   data arrival time
-----------------------------------------------------------------------------
                                  1.64   slack (MET)


Startpoint: BTNC (input port clocked by CLK100MHZ)
Endpoint: _246_ (removal check against rising-edge clock CLK100MHZ)
Path Group: asynchronous
Path Type: min
Corner: Fastest

Fanout     Cap    Slew   Delay    Time   Description
-----------------------------------------------------------------------------
                          0.00    0.00   clock CLK100MHZ (rise edge)
                          0.00    0.00   clock network delay (propagated)
                          2.00    2.00 v input external delay
     2    0.02    0.03    0.02    2.02 v BTNC (in)
                                         BTNC (net)
                  0.03    0.00    2.02 v _214_/A (sky130_fd_sc_hd__buf_4)
    10    0.07    0.07    0.13    2.15 v _214_/X (sky130_fd_sc_hd__buf_4)
                                         _112_ (net)
                  0.07    0.00    2.15 v _215_/A (sky130_fd_sc_hd__buf_4)
    10    0.07    0.07    0.14    2.30 v _215_/X (sky130_fd_sc_hd__buf_4)
                                         _113_ (net)
                  0.07    0.00    2.30 v _216_/A (sky130_fd_sc_hd__inv_2)
     1    0.01    0.03    0.05    2.35 ^ _216_/Y (sky130_fd_sc_hd__inv_2)
                                         _025_ (net)
                  0.03    0.00    2.35 ^ _246_/RESET_B (sky130_fd_sc_hd__dfrtp_4)
                                  2.35   data arrival time

                          0.00    0.00   clock CLK100MHZ (rise edge)
                          0.00    0.00   clock source latency
     1    0.02    0.07    0.05    0.05 ^ CLK100MHZ (in)
                                         CLK100MHZ (net)
                  0.07    0.00    0.05 ^ clkbuf_0_CLK100MHZ/A (sky130_fd_sc_hd__clkbuf_16)
     4    0.04    0.05    0.11    0.16 ^ clkbuf_0_CLK100MHZ/X (sky130_fd_sc_hd__clkbuf_16)
                                         clknet_0_CLK100MHZ (net)
                  0.05    0.00    0.16 ^ clkbuf_2_1__f_CLK100MHZ/A (sky130_fd_sc_hd__clkbuf_16)
     8    0.02    0.03    0.10    0.26 ^ clkbuf_2_1__f_CLK100MHZ/X (sky130_fd_sc_hd__clkbuf_16)
                                         clknet_2_1__leaf_CLK100MHZ (net)
                  0.03    0.00    0.26 ^ _246_/CLK (sky130_fd_sc_hd__dfrtp_4)
                          0.25    0.51   clock uncertainty
                          0.00    0.51   clock reconvergence pessimism
                          0.20    0.71   library removal time
                                  0.71   data required time
-----------------------------------------------------------------------------
                                  0.71   data required time
                                 -2.35   data arrival time
-----------------------------------------------------------------------------
                                  1.64   slack (MET)


Startpoint: BTNC (input port clocked by CLK100MHZ)
Endpoint: _247_ (removal check against rising-edge clock CLK100MHZ)
Path Group: asynchronous
Path Type: min
Corner: Fastest

Fanout     Cap    Slew   Delay    Time   Description
-----------------------------------------------------------------------------
                          0.00    0.00   clock CLK100MHZ (rise edge)
                          0.00    0.00   clock network delay (propagated)
                          2.00    2.00 v input external delay
     2    0.02    0.03    0.02    2.02 v BTNC (in)
                                         BTNC (net)
                  0.03    0.00    2.02 v _214_/A (sky130_fd_sc_hd__buf_4)
    10    0.07    0.07    0.13    2.15 v _214_/X (sky130_fd_sc_hd__buf_4)
                                         _112_ (net)
                  0.07    0.00    2.15 v _215_/A (sky130_fd_sc_hd__buf_4)
    10    0.07    0.07    0.14    2.30 v _215_/X (sky130_fd_sc_hd__buf_4)
                                         _113_ (net)
                  0.07    0.00    2.30 v _217_/A (sky130_fd_sc_hd__inv_2)
     1    0.01    0.04    0.05    2.35 ^ _217_/Y (sky130_fd_sc_hd__inv_2)
                                         _026_ (net)
                  0.04    0.00    2.36 ^ _247_/RESET_B (sky130_fd_sc_hd__dfrtp_4)
                                  2.36   data arrival time

                          0.00    0.00   clock CLK100MHZ (rise edge)
                          0.00    0.00   clock source latency
     1    0.02    0.07    0.05    0.05 ^ CLK100MHZ (in)
                                         CLK100MHZ (net)
                  0.07    0.00    0.05 ^ clkbuf_0_CLK100MHZ/A (sky130_fd_sc_hd__clkbuf_16)
     4    0.04    0.05    0.11    0.16 ^ clkbuf_0_CLK100MHZ/X (sky130_fd_sc_hd__clkbuf_16)
                                         clknet_0_CLK100MHZ (net)
                  0.05    0.00    0.16 ^ clkbuf_2_3__f_CLK100MHZ/A (sky130_fd_sc_hd__clkbuf_16)
     8    0.03    0.04    0.10    0.26 ^ clkbuf_2_3__f_CLK100MHZ/X (sky130_fd_sc_hd__clkbuf_16)
                                         clknet_2_3__leaf_CLK100MHZ (net)
                  0.04    0.00    0.26 ^ _247_/CLK (sky130_fd_sc_hd__dfrtp_4)
                          0.25    0.51   clock uncertainty
                          0.00    0.51   clock reconvergence pessimism
                          0.20    0.72   library removal time
                                  0.72   data required time
-----------------------------------------------------------------------------
                                  0.72   data required time
                                 -2.36   data arrival time
-----------------------------------------------------------------------------
                                  1.64   slack (MET)


Startpoint: BTNC (input port clocked by CLK100MHZ)
Endpoint: _255_ (removal check against rising-edge clock CLK100MHZ)
Path Group: asynchronous
Path Type: min
Corner: Fastest

Fanout     Cap    Slew   Delay    Time   Description
-----------------------------------------------------------------------------
                          0.00    0.00   clock CLK100MHZ (rise edge)
                          0.00    0.00   clock network delay (propagated)
                          2.00    2.00 v input external delay
     2    0.02    0.03    0.02    2.02 v BTNC (in)
                                         BTNC (net)
                  0.03    0.00    2.02 v _214_/A (sky130_fd_sc_hd__buf_4)
    10    0.07    0.07    0.13    2.15 v _214_/X (sky130_fd_sc_hd__buf_4)
                                         _112_ (net)
                  0.07    0.00    2.15 v _215_/A (sky130_fd_sc_hd__buf_4)
    10    0.07    0.07    0.14    2.30 v _215_/X (sky130_fd_sc_hd__buf_4)
                                         _113_ (net)
                  0.07    0.00    2.30 v _225_/A (sky130_fd_sc_hd__inv_2)
     1    0.01    0.05    0.06    2.36 ^ _225_/Y (sky130_fd_sc_hd__inv_2)
                                         _034_ (net)
                  0.05    0.00    2.37 ^ _255_/RESET_B (sky130_fd_sc_hd__dfrtp_2)
                                  2.37   data arrival time

                          0.00    0.00   clock CLK100MHZ (rise edge)
                          0.00    0.00   clock source latency
     1    0.02    0.07    0.05    0.05 ^ CLK100MHZ (in)
                                         CLK100MHZ (net)
                  0.07    0.00    0.05 ^ clkbuf_0_CLK100MHZ/A (sky130_fd_sc_hd__clkbuf_16)
     4    0.04    0.05    0.11    0.16 ^ clkbuf_0_CLK100MHZ/X (sky130_fd_sc_hd__clkbuf_16)
                                         clknet_0_CLK100MHZ (net)
                  0.05    0.00    0.16 ^ clkbuf_2_0__f_CLK100MHZ/A (sky130_fd_sc_hd__clkbuf_16)
     8    0.03    0.04    0.10    0.26 ^ clkbuf_2_0__f_CLK100MHZ/X (sky130_fd_sc_hd__clkbuf_16)
                                         clknet_2_0__leaf_CLK100MHZ (net)
                  0.04    0.00    0.26 ^ _255_/CLK (sky130_fd_sc_hd__dfrtp_2)
                          0.25    0.51   clock uncertainty
                          0.00    0.51   clock reconvergence pessimism
                          0.20    0.72   library removal time
                                  0.72   data required time
-----------------------------------------------------------------------------
                                  0.72   data required time
                                 -2.37   data arrival time
-----------------------------------------------------------------------------
                                  1.65   slack (MET)


Startpoint: BTNC (input port clocked by CLK100MHZ)
Endpoint: _250_ (removal check against rising-edge clock CLK100MHZ)
Path Group: asynchronous
Path Type: min
Corner: Fastest

Fanout     Cap    Slew   Delay    Time   Description
-----------------------------------------------------------------------------
                          0.00    0.00   clock CLK100MHZ (rise edge)
                          0.00    0.00   clock network delay (propagated)
                          2.00    2.00 v input external delay
     2    0.02    0.03    0.02    2.02 v BTNC (in)
                                         BTNC (net)
                  0.03    0.00    2.02 v _214_/A (sky130_fd_sc_hd__buf_4)
    10    0.07    0.07    0.13    2.15 v _214_/X (sky130_fd_sc_hd__buf_4)
                                         _112_ (net)
                  0.07    0.00    2.15 v _215_/A (sky130_fd_sc_hd__buf_4)
    10    0.07    0.07    0.14    2.30 v _215_/X (sky130_fd_sc_hd__buf_4)
                                         _113_ (net)
                  0.07    0.00    2.30 v _220_/A (sky130_fd_sc_hd__inv_2)
     1    0.02    0.06    0.07    2.37 ^ _220_/Y (sky130_fd_sc_hd__inv_2)
                                         _029_ (net)
                  0.06    0.00    2.37 ^ _250_/RESET_B (sky130_fd_sc_hd__dfrtp_2)
                                  2.37   data arrival time

                          0.00    0.00   clock CLK100MHZ (rise edge)
                          0.00    0.00   clock source latency
     1    0.02    0.07    0.05    0.05 ^ CLK100MHZ (in)
                                         CLK100MHZ (net)
                  0.07    0.00    0.05 ^ clkbuf_0_CLK100MHZ/A (sky130_fd_sc_hd__clkbuf_16)
     4    0.04    0.05    0.11    0.16 ^ clkbuf_0_CLK100MHZ/X (sky130_fd_sc_hd__clkbuf_16)
                                         clknet_0_CLK100MHZ (net)
                  0.05    0.00    0.16 ^ clkbuf_2_2__f_CLK100MHZ/A (sky130_fd_sc_hd__clkbuf_16)
     8    0.03    0.04    0.10    0.27 ^ clkbuf_2_2__f_CLK100MHZ/X (sky130_fd_sc_hd__clkbuf_16)
                                         clknet_2_2__leaf_CLK100MHZ (net)
                  0.04    0.00    0.27 ^ _250_/CLK (sky130_fd_sc_hd__dfrtp_2)
                          0.25    0.52   clock uncertainty
                          0.00    0.52   clock reconvergence pessimism
                          0.21    0.72   library removal time
                                  0.72   data required time
-----------------------------------------------------------------------------
                                  0.72   data required time
                                 -2.37   data arrival time
-----------------------------------------------------------------------------
                                  1.65   slack (MET)


Startpoint: BTNC (input port clocked by CLK100MHZ)
Endpoint: _252_ (removal check against rising-edge clock CLK100MHZ)
Path Group: asynchronous
Path Type: min
Corner: Fastest

Fanout     Cap    Slew   Delay    Time   Description
-----------------------------------------------------------------------------
                          0.00    0.00   clock CLK100MHZ (rise edge)
                          0.00    0.00   clock network delay (propagated)
                          2.00    2.00 v input external delay
     2    0.02    0.03    0.02    2.02 v BTNC (in)
                                         BTNC (net)
                  0.03    0.00    2.02 v _214_/A (sky130_fd_sc_hd__buf_4)
    10    0.07    0.07    0.13    2.15 v _214_/X (sky130_fd_sc_hd__buf_4)
                                         _112_ (net)
                  0.07    0.00    2.15 v _215_/A (sky130_fd_sc_hd__buf_4)
    10    0.07    0.07    0.14    2.30 v _215_/X (sky130_fd_sc_hd__buf_4)
                                         _113_ (net)
                  0.07    0.00    2.30 v _222_/A (sky130_fd_sc_hd__inv_2)
     1    0.02    0.07    0.08    2.38 ^ _222_/Y (sky130_fd_sc_hd__inv_2)
                                         _031_ (net)
                  0.07    0.00    2.38 ^ _252_/RESET_B (sky130_fd_sc_hd__dfrtp_2)
                                  2.38   data arrival time

                          0.00    0.00   clock CLK100MHZ (rise edge)
                          0.00    0.00   clock source latency
     1    0.02    0.07    0.05    0.05 ^ CLK100MHZ (in)
                                         CLK100MHZ (net)
                  0.07    0.00    0.05 ^ clkbuf_0_CLK100MHZ/A (sky130_fd_sc_hd__clkbuf_16)
     4    0.04    0.05    0.11    0.16 ^ clkbuf_0_CLK100MHZ/X (sky130_fd_sc_hd__clkbuf_16)
                                         clknet_0_CLK100MHZ (net)
                  0.05    0.00    0.16 ^ clkbuf_2_2__f_CLK100MHZ/A (sky130_fd_sc_hd__clkbuf_16)
     8    0.03    0.04    0.10    0.27 ^ clkbuf_2_2__f_CLK100MHZ/X (sky130_fd_sc_hd__clkbuf_16)
                                         clknet_2_2__leaf_CLK100MHZ (net)
                  0.04    0.00    0.27 ^ _252_/CLK (sky130_fd_sc_hd__dfrtp_2)
                          0.25    0.52   clock uncertainty
                          0.00    0.52   clock reconvergence pessimism
                          0.21    0.72   library removal time
                                  0.72   data required time
-----------------------------------------------------------------------------
                                  0.72   data required time
                                 -2.38   data arrival time
-----------------------------------------------------------------------------
                                  1.65   slack (MET)


Startpoint: BTNC (input port clocked by CLK100MHZ)
Endpoint: _254_ (removal check against rising-edge clock CLK100MHZ)
Path Group: asynchronous
Path Type: min
Corner: Fastest

Fanout     Cap    Slew   Delay    Time   Description
-----------------------------------------------------------------------------
                          0.00    0.00   clock CLK100MHZ (rise edge)
                          0.00    0.00   clock network delay (propagated)
                          2.00    2.00 v input external delay
     2    0.02    0.03    0.02    2.02 v BTNC (in)
                                         BTNC (net)
                  0.03    0.00    2.02 v _214_/A (sky130_fd_sc_hd__buf_4)
    10    0.07    0.07    0.13    2.15 v _214_/X (sky130_fd_sc_hd__buf_4)
                                         _112_ (net)
                  0.07    0.00    2.15 v _215_/A (sky130_fd_sc_hd__buf_4)
    10    0.07    0.07    0.14    2.30 v _215_/X (sky130_fd_sc_hd__buf_4)
                                         _113_ (net)
                  0.07    0.00    2.30 v _224_/A (sky130_fd_sc_hd__inv_2)
     1    0.01    0.05    0.07    2.37 ^ _224_/Y (sky130_fd_sc_hd__inv_2)
                                         _033_ (net)
                  0.05    0.00    2.37 ^ _254_/RESET_B (sky130_fd_sc_hd__dfrtp_2)
                                  2.37   data arrival time

                          0.00    0.00   clock CLK100MHZ (rise edge)
                          0.00    0.00   clock source latency
     1    0.02    0.07    0.05    0.05 ^ CLK100MHZ (in)
                                         CLK100MHZ (net)
                  0.07    0.00    0.05 ^ clkbuf_0_CLK100MHZ/A (sky130_fd_sc_hd__clkbuf_16)
     4    0.04    0.05    0.11    0.16 ^ clkbuf_0_CLK100MHZ/X (sky130_fd_sc_hd__clkbuf_16)
                                         clknet_0_CLK100MHZ (net)
                  0.05    0.00    0.16 ^ clkbuf_2_1__f_CLK100MHZ/A (sky130_fd_sc_hd__clkbuf_16)
     8    0.02    0.03    0.10    0.26 ^ clkbuf_2_1__f_CLK100MHZ/X (sky130_fd_sc_hd__clkbuf_16)
                                         clknet_2_1__leaf_CLK100MHZ (net)
                  0.03    0.00    0.26 ^ _254_/CLK (sky130_fd_sc_hd__dfrtp_2)
                          0.25    0.51   clock uncertainty
                          0.00    0.51   clock reconvergence pessimism
                          0.20    0.71   library removal time
                                  0.71   data required time
-----------------------------------------------------------------------------
                                  0.71   data required time
                                 -2.37   data arrival time
-----------------------------------------------------------------------------
                                  1.65   slack (MET)


Startpoint: BTNC (input port clocked by CLK100MHZ)
Endpoint: _248_ (removal check against rising-edge clock CLK100MHZ)
Path Group: asynchronous
Path Type: min
Corner: Fastest

Fanout     Cap    Slew   Delay    Time   Description
-----------------------------------------------------------------------------
                          0.00    0.00   clock CLK100MHZ (rise edge)
                          0.00    0.00   clock network delay (propagated)
                          2.00    2.00 v input external delay
     2    0.02    0.03    0.02    2.02 v BTNC (in)
                                         BTNC (net)
                  0.03    0.00    2.02 v _214_/A (sky130_fd_sc_hd__buf_4)
    10    0.07    0.07    0.13    2.15 v _214_/X (sky130_fd_sc_hd__buf_4)
                                         _112_ (net)
                  0.07    0.00    2.15 v _215_/A (sky130_fd_sc_hd__buf_4)
    10    0.07    0.07    0.14    2.30 v _215_/X (sky130_fd_sc_hd__buf_4)
                                         _113_ (net)
                  0.07    0.01    2.30 v _218_/A (sky130_fd_sc_hd__inv_2)
     1    0.02    0.06    0.07    2.38 ^ _218_/Y (sky130_fd_sc_hd__inv_2)
                                         _027_ (net)
                  0.06    0.00    2.38 ^ _248_/RESET_B (sky130_fd_sc_hd__dfrtp_4)
                                  2.38   data arrival time

                          0.00    0.00   clock CLK100MHZ (rise edge)
                          0.00    0.00   clock source latency
     1    0.02    0.07    0.05    0.05 ^ CLK100MHZ (in)
                                         CLK100MHZ (net)
                  0.07    0.00    0.05 ^ clkbuf_0_CLK100MHZ/A (sky130_fd_sc_hd__clkbuf_16)
     4    0.04    0.05    0.11    0.16 ^ clkbuf_0_CLK100MHZ/X (sky130_fd_sc_hd__clkbuf_16)
                                         clknet_0_CLK100MHZ (net)
                  0.05    0.00    0.16 ^ clkbuf_2_0__f_CLK100MHZ/A (sky130_fd_sc_hd__clkbuf_16)
     8    0.03    0.04    0.10    0.26 ^ clkbuf_2_0__f_CLK100MHZ/X (sky130_fd_sc_hd__clkbuf_16)
                                         clknet_2_0__leaf_CLK100MHZ (net)
                  0.04    0.00    0.26 ^ _248_/CLK (sky130_fd_sc_hd__dfrtp_4)
                          0.25    0.51   clock uncertainty
                          0.00    0.51   clock reconvergence pessimism
                          0.21    0.72   library removal time
                                  0.72   data required time
-----------------------------------------------------------------------------
                                  0.72   data required time
                                 -2.38   data arrival time
-----------------------------------------------------------------------------
                                  1.65   slack (MET)


Startpoint: _247_ (rising edge-triggered flip-flop clocked by CLK100MHZ)
Endpoint: seg[6] (output port clocked by CLK100MHZ)
Path Group: CLK100MHZ
Path Type: min
Corner: Fastest

Fanout     Cap    Slew   Delay    Time   Description
-----------------------------------------------------------------------------
                          0.00    0.00   clock CLK100MHZ (rise edge)
                          0.00    0.00   clock source latency
     1    0.02    0.07    0.04    0.04 ^ CLK100MHZ (in)
                                         CLK100MHZ (net)
                  0.07    0.00    0.04 ^ clkbuf_0_CLK100MHZ/A (sky130_fd_sc_hd__clkbuf_16)
     4    0.04    0.05    0.10    0.15 ^ clkbuf_0_CLK100MHZ/X (sky130_fd_sc_hd__clkbuf_16)
                                         clknet_0_CLK100MHZ (net)
                  0.05    0.00    0.15 ^ clkbuf_2_3__f_CLK100MHZ/A (sky130_fd_sc_hd__clkbuf_16)
     8    0.03    0.04    0.09    0.24 ^ clkbuf_2_3__f_CLK100MHZ/X (sky130_fd_sc_hd__clkbuf_16)
                                         clknet_2_3__leaf_CLK100MHZ (net)
                  0.04    0.00    0.24 ^ _247_/CLK (sky130_fd_sc_hd__dfrtp_4)
     9    0.05    0.13    0.31    0.55 ^ _247_/Q (sky130_fd_sc_hd__dfrtp_4)
                                         decoder.count[1] (net)
                  0.13    0.00    0.55 ^ _164_/A1 (sky130_fd_sc_hd__a21boi_1)
     1    0.01    0.04    0.07    0.62 v _164_/Y (sky130_fd_sc_hd__a21boi_1)
                                         net7 (net)
                  0.04    0.00    0.62 v output7/A (sky130_fd_sc_hd__buf_1)
     1    0.03    0.14    0.15    0.77 v output7/X (sky130_fd_sc_hd__buf_1)
                                         seg[6] (net)
                  0.14    0.00    0.77 v seg[6] (out)
                                  0.77   data arrival time

                          0.00    0.00   clock CLK100MHZ (rise edge)
                          0.00    0.00   clock network delay (propagated)
                          0.25    0.25   clock uncertainty
                          0.00    0.25   clock reconvergence pessimism
                         -2.00   -1.75   output external delay
                                 -1.75   data required time
-----------------------------------------------------------------------------
                                 -1.75   data required time
                                 -0.77   data arrival time
-----------------------------------------------------------------------------
                                  2.52   slack (MET)


Startpoint: _246_ (rising edge-triggered flip-flop clocked by CLK100MHZ)
Endpoint: seg[4] (output port clocked by CLK100MHZ)
Path Group: CLK100MHZ
Path Type: min
Corner: Fastest

Fanout     Cap    Slew   Delay    Time   Description
-----------------------------------------------------------------------------
                          0.00    0.00   clock CLK100MHZ (rise edge)
                          0.00    0.00   clock source latency
     1    0.02    0.07    0.04    0.04 ^ CLK100MHZ (in)
                                         CLK100MHZ (net)
                  0.07    0.00    0.04 ^ clkbuf_0_CLK100MHZ/A (sky130_fd_sc_hd__clkbuf_16)
     4    0.04    0.05    0.10    0.15 ^ clkbuf_0_CLK100MHZ/X (sky130_fd_sc_hd__clkbuf_16)
                                         clknet_0_CLK100MHZ (net)
                  0.05    0.00    0.15 ^ clkbuf_2_1__f_CLK100MHZ/A (sky130_fd_sc_hd__clkbuf_16)
     8    0.02    0.03    0.09    0.24 ^ clkbuf_2_1__f_CLK100MHZ/X (sky130_fd_sc_hd__clkbuf_16)
                                         clknet_2_1__leaf_CLK100MHZ (net)
                  0.03    0.00    0.24 ^ _246_/CLK (sky130_fd_sc_hd__dfrtp_4)
     6    0.05    0.08    0.33    0.56 v _246_/Q (sky130_fd_sc_hd__dfrtp_4)
                                         decoder.count[0] (net)
                  0.08    0.00    0.56 v _141_/A (sky130_fd_sc_hd__inv_2)
     2    0.01    0.06    0.07    0.64 ^ _141_/Y (sky130_fd_sc_hd__inv_2)
                                         _071_ (net)
                  0.06    0.00    0.64 ^ _161_/A (sky130_fd_sc_hd__nand2_1)
     1    0.01    0.05    0.05    0.69 v _161_/Y (sky130_fd_sc_hd__nand2_1)
                                         net5 (net)
                  0.05    0.00    0.69 v output5/A (sky130_fd_sc_hd__buf_1)
     1    0.03    0.14    0.15    0.84 v output5/X (sky130_fd_sc_hd__buf_1)
                                         seg[4] (net)
                  0.14    0.00    0.84 v seg[4] (out)
                                  0.84   data arrival time

                          0.00    0.00   clock CLK100MHZ (rise edge)
                          0.00    0.00   clock network delay (propagated)
                          0.25    0.25   clock uncertainty
                          0.00    0.25   clock reconvergence pessimism
                         -2.00   -1.75   output external delay
                                 -1.75   data required time
-----------------------------------------------------------------------------
                                 -1.75   data required time
                                 -0.84   data arrival time
-----------------------------------------------------------------------------
                                  2.59   slack (MET)


Startpoint: _249_ (rising edge-triggered flip-flop clocked by CLK100MHZ)
Endpoint: seg[2] (output port clocked by CLK100MHZ)
Path Group: CLK100MHZ
Path Type: min
Corner: Fastest

Fanout     Cap    Slew   Delay    Time   Description
-----------------------------------------------------------------------------
                          0.00    0.00   clock CLK100MHZ (rise edge)
                          0.00    0.00   clock source latency
     1    0.02    0.07    0.04    0.04 ^ CLK100MHZ (in)
                                         CLK100MHZ (net)
                  0.07    0.00    0.04 ^ clkbuf_0_CLK100MHZ/A (sky130_fd_sc_hd__clkbuf_16)
     4    0.04    0.05    0.10    0.15 ^ clkbuf_0_CLK100MHZ/X (sky130_fd_sc_hd__clkbuf_16)
                                         clknet_0_CLK100MHZ (net)
                  0.05    0.00    0.15 ^ clkbuf_2_3__f_CLK100MHZ/A (sky130_fd_sc_hd__clkbuf_16)
     8    0.03    0.04    0.09    0.24 ^ clkbuf_2_3__f_CLK100MHZ/X (sky130_fd_sc_hd__clkbuf_16)
                                         clknet_2_3__leaf_CLK100MHZ (net)
                  0.04    0.00    0.24 ^ _249_/CLK (sky130_fd_sc_hd__dfrtp_4)
     6    0.04    0.08    0.32    0.56 v _249_/Q (sky130_fd_sc_hd__dfrtp_4)
                                         decoder.count[3] (net)
                  0.08    0.00    0.56 v _160_/A1 (sky130_fd_sc_hd__o21a_1)
     1    0.02    0.06    0.16    0.73 v _160_/X (sky130_fd_sc_hd__o21a_1)
                                         net3 (net)
                  0.06    0.00    0.73 v output3/A (sky130_fd_sc_hd__buf_1)
     1    0.03    0.14    0.15    0.88 v output3/X (sky130_fd_sc_hd__buf_1)
                                         seg[2] (net)
                  0.14    0.00    0.88 v seg[2] (out)
                                  0.88   data arrival time

                          0.00    0.00   clock CLK100MHZ (rise edge)
                          0.00    0.00   clock network delay (propagated)
                          0.25    0.25   clock uncertainty
                          0.00    0.25   clock reconvergence pessimism
                         -2.00   -1.75   output external delay
                                 -1.75   data required time
-----------------------------------------------------------------------------
                                 -1.75   data required time
                                 -0.88   data arrival time
-----------------------------------------------------------------------------
                                  2.63   slack (MET)


Startpoint: _249_ (rising edge-triggered flip-flop clocked by CLK100MHZ)
Endpoint: seg[3] (output port clocked by CLK100MHZ)
Path Group: CLK100MHZ
Path Type: min
Corner: Fastest

Fanout     Cap    Slew   Delay    Time   Description
-----------------------------------------------------------------------------
                          0.00    0.00   clock CLK100MHZ (rise edge)
                          0.00    0.00   clock source latency
     1    0.02    0.07    0.04    0.04 ^ CLK100MHZ (in)
                                         CLK100MHZ (net)
                  0.07    0.00    0.04 ^ clkbuf_0_CLK100MHZ/A (sky130_fd_sc_hd__clkbuf_16)
     4    0.04    0.05    0.10    0.15 ^ clkbuf_0_CLK100MHZ/X (sky130_fd_sc_hd__clkbuf_16)
                                         clknet_0_CLK100MHZ (net)
                  0.05    0.00    0.15 ^ clkbuf_2_3__f_CLK100MHZ/A (sky130_fd_sc_hd__clkbuf_16)
     8    0.03    0.04    0.09    0.24 ^ clkbuf_2_3__f_CLK100MHZ/X (sky130_fd_sc_hd__clkbuf_16)
                                         clknet_2_3__leaf_CLK100MHZ (net)
                  0.04    0.00    0.24 ^ _249_/CLK (sky130_fd_sc_hd__dfrtp_4)
     6    0.05    0.11    0.30    0.54 ^ _249_/Q (sky130_fd_sc_hd__dfrtp_4)
                                         decoder.count[3] (net)
                  0.11    0.00    0.54 ^ _158_/D1 (sky130_fd_sc_hd__a2111o_1)
     2    0.02    0.12    0.12    0.66 ^ _158_/X (sky130_fd_sc_hd__a2111o_1)
                                         net4 (net)
                  0.12    0.00    0.66 ^ output4/A (sky130_fd_sc_hd__buf_1)
     1    0.03    0.30    0.23    0.89 ^ output4/X (sky130_fd_sc_hd__buf_1)
                                         seg[3] (net)
                  0.30    0.00    0.89 ^ seg[3] (out)
                                  0.89   data arrival time

                          0.00    0.00   clock CLK100MHZ (rise edge)
                          0.00    0.00   clock network delay (propagated)
                          0.25    0.25   clock uncertainty
                          0.00    0.25   clock reconvergence pessimism
                         -2.00   -1.75   output external delay
                                 -1.75   data required time
-----------------------------------------------------------------------------
                                 -1.75   data required time
                                 -0.89   data arrival time
-----------------------------------------------------------------------------
                                  2.64   slack (MET)


Startpoint: _248_ (rising edge-triggered flip-flop clocked by CLK100MHZ)
Endpoint: seg[1] (output port clocked by CLK100MHZ)
Path Group: CLK100MHZ
Path Type: min
Corner: Fastest

Fanout     Cap    Slew   Delay    Time   Description
-----------------------------------------------------------------------------
                          0.00    0.00   clock CLK100MHZ (rise edge)
                          0.00    0.00   clock source latency
     1    0.02    0.07    0.04    0.04 ^ CLK100MHZ (in)
                                         CLK100MHZ (net)
                  0.07    0.00    0.04 ^ clkbuf_0_CLK100MHZ/A (sky130_fd_sc_hd__clkbuf_16)
     4    0.04    0.05    0.10    0.15 ^ clkbuf_0_CLK100MHZ/X (sky130_fd_sc_hd__clkbuf_16)
                                         clknet_0_CLK100MHZ (net)
                  0.05    0.00    0.15 ^ clkbuf_2_0__f_CLK100MHZ/A (sky130_fd_sc_hd__clkbuf_16)
     8    0.03    0.04    0.09    0.24 ^ clkbuf_2_0__f_CLK100MHZ/X (sky130_fd_sc_hd__clkbuf_16)
                                         clknet_2_0__leaf_CLK100MHZ (net)
                  0.04    0.00    0.24 ^ _248_/CLK (sky130_fd_sc_hd__dfrtp_4)
     6    0.04    0.10    0.29    0.53 ^ _248_/Q (sky130_fd_sc_hd__dfrtp_4)
                                         decoder.count[2] (net)
                  0.10    0.00    0.53 ^ _155_/B (sky130_fd_sc_hd__nor2_2)
     4    0.03    0.07    0.07    0.60 v _155_/Y (sky130_fd_sc_hd__nor2_2)
                                         _079_ (net)
                  0.07    0.00    0.60 v _159_/B (sky130_fd_sc_hd__nor2_1)
     1    0.01    0.08    0.08    0.69 ^ _159_/Y (sky130_fd_sc_hd__nor2_1)
                                         net2 (net)
                  0.08    0.00    0.69 ^ output2/A (sky130_fd_sc_hd__buf_1)
     1    0.03    0.30    0.23    0.92 ^ output2/X (sky130_fd_sc_hd__buf_1)
                                         seg[1] (net)
                  0.30    0.00    0.92 ^ seg[1] (out)
                                  0.92   data arrival time

                          0.00    0.00   clock CLK100MHZ (rise edge)
                          0.00    0.00   clock network delay (propagated)
                          0.25    0.25   clock uncertainty
                          0.00    0.25   clock reconvergence pessimism
                         -2.00   -1.75   output external delay
                                 -1.75   data required time
-----------------------------------------------------------------------------
                                 -1.75   data required time
                                 -0.92   data arrival time
-----------------------------------------------------------------------------
                                  2.67   slack (MET)


Startpoint: _249_ (rising edge-triggered flip-flop clocked by CLK100MHZ)
Endpoint: seg[0] (output port clocked by CLK100MHZ)
Path Group: CLK100MHZ
Path Type: min
Corner: Fastest

Fanout     Cap    Slew   Delay    Time   Description
-----------------------------------------------------------------------------
                          0.00    0.00   clock CLK100MHZ (rise edge)
                          0.00    0.00   clock source latency
     1    0.02    0.07    0.04    0.04 ^ CLK100MHZ (in)
                                         CLK100MHZ (net)
                  0.07    0.00    0.04 ^ clkbuf_0_CLK100MHZ/A (sky130_fd_sc_hd__clkbuf_16)
     4    0.04    0.05    0.10    0.15 ^ clkbuf_0_CLK100MHZ/X (sky130_fd_sc_hd__clkbuf_16)
                                         clknet_0_CLK100MHZ (net)
                  0.05    0.00    0.15 ^ clkbuf_2_3__f_CLK100MHZ/A (sky130_fd_sc_hd__clkbuf_16)
     8    0.03    0.04    0.09    0.24 ^ clkbuf_2_3__f_CLK100MHZ/X (sky130_fd_sc_hd__clkbuf_16)
                                         clknet_2_3__leaf_CLK100MHZ (net)
                  0.04    0.00    0.24 ^ _249_/CLK (sky130_fd_sc_hd__dfrtp_4)
     6    0.04    0.08    0.32    0.56 v _249_/Q (sky130_fd_sc_hd__dfrtp_4)
                                         decoder.count[3] (net)
                  0.08    0.00    0.56 v _158_/D1 (sky130_fd_sc_hd__a2111o_1)
     2    0.02    0.08    0.18    0.75 v _158_/X (sky130_fd_sc_hd__a2111o_1)
                                         net4 (net)
                  0.08    0.00    0.75 v _279_/A (sky130_fd_sc_hd__buf_1)
     1    0.01    0.05    0.10    0.85 v _279_/X (sky130_fd_sc_hd__buf_1)
                                         net1 (net)
                  0.05    0.00    0.85 v output1/A (sky130_fd_sc_hd__buf_1)
     1    0.03    0.13    0.15    0.99 v output1/X (sky130_fd_sc_hd__buf_1)
                                         seg[0] (net)
                  0.13    0.00    1.00 v seg[0] (out)
                                  1.00   data arrival time

                          0.00    0.00   clock CLK100MHZ (rise edge)
                          0.00    0.00   clock network delay (propagated)
                          0.25    0.25   clock uncertainty
                          0.00    0.25   clock reconvergence pessimism
                         -2.00   -1.75   output external delay
                                 -1.75   data required time
-----------------------------------------------------------------------------
                                 -1.75   data required time
                                 -1.00   data arrival time
-----------------------------------------------------------------------------
                                  2.75   slack (MET)


Startpoint: _249_ (rising edge-triggered flip-flop clocked by CLK100MHZ)
Endpoint: seg[5] (output port clocked by CLK100MHZ)
Path Group: CLK100MHZ
Path Type: min
Corner: Fastest

Fanout     Cap    Slew   Delay    Time   Description
-----------------------------------------------------------------------------
                          0.00    0.00   clock CLK100MHZ (rise edge)
                          0.00    0.00   clock source latency
     1    0.02    0.07    0.04    0.04 ^ CLK100MHZ (in)
                                         CLK100MHZ (net)
                  0.07    0.00    0.04 ^ clkbuf_0_CLK100MHZ/A (sky130_fd_sc_hd__clkbuf_16)
     4    0.04    0.05    0.10    0.15 ^ clkbuf_0_CLK100MHZ/X (sky130_fd_sc_hd__clkbuf_16)
                                         clknet_0_CLK100MHZ (net)
                  0.05    0.00    0.15 ^ clkbuf_2_3__f_CLK100MHZ/A (sky130_fd_sc_hd__clkbuf_16)
     8    0.03    0.04    0.09    0.24 ^ clkbuf_2_3__f_CLK100MHZ/X (sky130_fd_sc_hd__clkbuf_16)
                                         clknet_2_3__leaf_CLK100MHZ (net)
                  0.04    0.00    0.24 ^ _249_/CLK (sky130_fd_sc_hd__dfrtp_4)
     6    0.05    0.11    0.30    0.54 ^ _249_/Q (sky130_fd_sc_hd__dfrtp_4)
                                         decoder.count[3] (net)
                  0.11    0.00    0.54 ^ _162_/A (sky130_fd_sc_hd__or3_1)
     1    0.01    0.08    0.11    0.65 ^ _162_/X (sky130_fd_sc_hd__or3_1)
                                         _082_ (net)
                  0.08    0.00    0.65 ^ _163_/A (sky130_fd_sc_hd__clkbuf_1)
     1    0.01    0.13    0.12    0.77 ^ _163_/X (sky130_fd_sc_hd__clkbuf_1)
                                         net6 (net)
                  0.13    0.00    0.77 ^ output6/A (sky130_fd_sc_hd__buf_1)
     1    0.03    0.30    0.23    1.00 ^ output6/X (sky130_fd_sc_hd__buf_1)
                                         seg[5] (net)
                  0.30    0.00    1.01 ^ seg[5] (out)
                                  1.01   data arrival time

                          0.00    0.00   clock CLK100MHZ (rise edge)
                          0.00    0.00   clock network delay (propagated)
                          0.25    0.25   clock uncertainty
                          0.00    0.25   clock reconvergence pessimism
                         -2.00   -1.75   output external delay
                                 -1.75   data required time
-----------------------------------------------------------------------------
                                 -1.75   data required time
                                 -1.01   data arrival time
-----------------------------------------------------------------------------
                                  2.76   slack (MET)



worst slack corner Fastest: 0.0853
======================= Slowest Corner ===================================

Startpoint: _250_ (rising edge-triggered flip-flop clocked by CLK100MHZ)
Endpoint: _250_ (rising edge-triggered flip-flop clocked by CLK100MHZ)
Path Group: CLK100MHZ
Path Type: min
Corner: Slowest

Fanout     Cap    Slew   Delay    Time   Description
-----------------------------------------------------------------------------
                          0.00    0.00   clock CLK100MHZ (rise edge)
                          0.00    0.00   clock source latency
     1    0.02    0.14    0.09    0.09 ^ CLK100MHZ (in)
                                         CLK100MHZ (net)
                  0.14    0.00    0.09 ^ clkbuf_0_CLK100MHZ/A (sky130_fd_sc_hd__clkbuf_16)
     4    0.04    0.10    0.27    0.36 ^ clkbuf_0_CLK100MHZ/X (sky130_fd_sc_hd__clkbuf_16)
                                         clknet_0_CLK100MHZ (net)
                  0.10    0.00    0.36 ^ clkbuf_2_2__f_CLK100MHZ/A (sky130_fd_sc_hd__clkbuf_16)
     8    0.03    0.08    0.24    0.60 ^ clkbuf_2_2__f_CLK100MHZ/X (sky130_fd_sc_hd__clkbuf_16)
                                         clknet_2_2__leaf_CLK100MHZ (net)
                  0.08    0.00    0.60 ^ _250_/CLK (sky130_fd_sc_hd__dfrtp_2)
     5    0.04    0.33    0.87    1.47 ^ _250_/Q (sky130_fd_sc_hd__dfrtp_2)
                                         decoder.delay[0] (net)
                  0.33    0.00    1.47 ^ _165_/A (sky130_fd_sc_hd__inv_2)
     1    0.00    0.06    0.12    1.58 v _165_/Y (sky130_fd_sc_hd__inv_2)
                                         _000_ (net)
                  0.06    0.00    1.58 v _250_/D (sky130_fd_sc_hd__dfrtp_2)
                                  1.58   data arrival time

                          0.00    0.00   clock CLK100MHZ (rise edge)
                          0.00    0.00   clock source latency
     1    0.02    0.14    0.10    0.10 ^ CLK100MHZ (in)
                                         CLK100MHZ (net)
                  0.14    0.00    0.10 ^ clkbuf_0_CLK100MHZ/A (sky130_fd_sc_hd__clkbuf_16)
     4    0.04    0.10    0.30    0.40 ^ clkbuf_0_CLK100MHZ/X (sky130_fd_sc_hd__clkbuf_16)
                                         clknet_0_CLK100MHZ (net)
                  0.10    0.00    0.40 ^ clkbuf_2_2__f_CLK100MHZ/A (sky130_fd_sc_hd__clkbuf_16)
     8    0.03    0.08    0.26    0.66 ^ clkbuf_2_2__f_CLK100MHZ/X (sky130_fd_sc_hd__clkbuf_16)
                                         clknet_2_2__leaf_CLK100MHZ (net)
                  0.08    0.00    0.66 ^ _250_/CLK (sky130_fd_sc_hd__dfrtp_2)
                          0.25    0.91   clock uncertainty
                         -0.06    0.85   clock reconvergence pessimism
                         -0.08    0.77   library hold time
                                  0.77   data required time
-----------------------------------------------------------------------------
                                  0.77   data required time
                                 -1.58   data arrival time
-----------------------------------------------------------------------------
                                  0.82   slack (MET)


Startpoint: _268_ (rising edge-triggered flip-flop clocked by CLK100MHZ)
Endpoint: _268_ (rising edge-triggered flip-flop clocked by CLK100MHZ)
Path Group: CLK100MHZ
Path Type: min
Corner: Slowest

Fanout     Cap    Slew   Delay    Time   Description
-----------------------------------------------------------------------------
                          0.00    0.00   clock CLK100MHZ (rise edge)
                          0.00    0.00   clock source latency
     1    0.02    0.14    0.09    0.09 ^ CLK100MHZ (in)
                                         CLK100MHZ (net)
                  0.14    0.00    0.09 ^ clkbuf_0_CLK100MHZ/A (sky130_fd_sc_hd__clkbuf_16)
     4    0.04    0.10    0.27    0.36 ^ clkbuf_0_CLK100MHZ/X (sky130_fd_sc_hd__clkbuf_16)
                                         clknet_0_CLK100MHZ (net)
                  0.10    0.00    0.36 ^ clkbuf_2_1__f_CLK100MHZ/A (sky130_fd_sc_hd__clkbuf_16)
     8    0.02    0.07    0.23    0.59 ^ clkbuf_2_1__f_CLK100MHZ/X (sky130_fd_sc_hd__clkbuf_16)
                                         clknet_2_1__leaf_CLK100MHZ (net)
                  0.07    0.00    0.59 ^ _268_/CLK (sky130_fd_sc_hd__dfrtp_2)
     3    0.03    0.23    0.79    1.38 ^ _268_/Q (sky130_fd_sc_hd__dfrtp_2)
                                         decoder.delay[18] (net)
                  0.23    0.00    1.39 ^ _211_/A (sky130_fd_sc_hd__xor2_1)
     1    0.00    0.07    0.18    1.57 v _211_/X (sky130_fd_sc_hd__xor2_1)
                                         _009_ (net)
                  0.07    0.00    1.57 v _268_/D (sky130_fd_sc_hd__dfrtp_2)
                                  1.57   data arrival time

                          0.00    0.00   clock CLK100MHZ (rise edge)
                          0.00    0.00   clock source latency
     1    0.02    0.14    0.10    0.10 ^ CLK100MHZ (in)
                                         CLK100MHZ (net)
                  0.14    0.00    0.10 ^ clkbuf_0_CLK100MHZ/A (sky130_fd_sc_hd__clkbuf_16)
     4    0.04    0.10    0.30    0.40 ^ clkbuf_0_CLK100MHZ/X (sky130_fd_sc_hd__clkbuf_16)
                                         clknet_0_CLK100MHZ (net)
                  0.10    0.00    0.40 ^ clkbuf_2_1__f_CLK100MHZ/A (sky130_fd_sc_hd__clkbuf_16)
     8    0.02    0.07    0.25    0.65 ^ clkbuf_2_1__f_CLK100MHZ/X (sky130_fd_sc_hd__clkbuf_16)
                                         clknet_2_1__leaf_CLK100MHZ (net)
                  0.07    0.00    0.65 ^ _268_/CLK (sky130_fd_sc_hd__dfrtp_2)
                          0.25    0.90   clock uncertainty
                         -0.06    0.84   clock reconvergence pessimism
                         -0.09    0.75   library hold time
                                  0.75   data required time
-----------------------------------------------------------------------------
                                  0.75   data required time
                                 -1.57   data arrival time
-----------------------------------------------------------------------------
                                  0.82   slack (MET)


Startpoint: _266_ (rising edge-triggered flip-flop clocked by CLK100MHZ)
Endpoint: _266_ (rising edge-triggered flip-flop clocked by CLK100MHZ)
Path Group: CLK100MHZ
Path Type: min
Corner: Slowest

Fanout     Cap    Slew   Delay    Time   Description
-----------------------------------------------------------------------------
                          0.00    0.00   clock CLK100MHZ (rise edge)
                          0.00    0.00   clock source latency
     1    0.02    0.14    0.09    0.09 ^ CLK100MHZ (in)
                                         CLK100MHZ (net)
                  0.14    0.00    0.09 ^ clkbuf_0_CLK100MHZ/A (sky130_fd_sc_hd__clkbuf_16)
     4    0.04    0.10    0.27    0.36 ^ clkbuf_0_CLK100MHZ/X (sky130_fd_sc_hd__clkbuf_16)
                                         clknet_0_CLK100MHZ (net)
                  0.10    0.00    0.36 ^ clkbuf_2_0__f_CLK100MHZ/A (sky130_fd_sc_hd__clkbuf_16)
     8    0.03    0.08    0.23    0.60 ^ clkbuf_2_0__f_CLK100MHZ/X (sky130_fd_sc_hd__clkbuf_16)
                                         clknet_2_0__leaf_CLK100MHZ (net)
                  0.08    0.00    0.60 ^ _266_/CLK (sky130_fd_sc_hd__dfrtp_2)
     5    0.03    0.29    0.84    1.43 ^ _266_/Q (sky130_fd_sc_hd__dfrtp_2)
                                         decoder.delay[16] (net)
                  0.29    0.00    1.43 ^ _207_/A (sky130_fd_sc_hd__xor2_1)
     1    0.00    0.08    0.21    1.64 v _207_/X (sky130_fd_sc_hd__xor2_1)
                                         _007_ (net)
                  0.08    0.00    1.64 v _266_/D (sky130_fd_sc_hd__dfrtp_2)
                                  1.64   data arrival time

                          0.00    0.00   clock CLK100MHZ (rise edge)
                          0.00    0.00   clock source latency
     1    0.02    0.14    0.10    0.10 ^ CLK100MHZ (in)
                                         CLK100MHZ (net)
                  0.14    0.00    0.10 ^ clkbuf_0_CLK100MHZ/A (sky130_fd_sc_hd__clkbuf_16)
     4    0.04    0.10    0.30    0.40 ^ clkbuf_0_CLK100MHZ/X (sky130_fd_sc_hd__clkbuf_16)
                                         clknet_0_CLK100MHZ (net)
                  0.10    0.00    0.40 ^ clkbuf_2_0__f_CLK100MHZ/A (sky130_fd_sc_hd__clkbuf_16)
     8    0.03    0.08    0.26    0.66 ^ clkbuf_2_0__f_CLK100MHZ/X (sky130_fd_sc_hd__clkbuf_16)
                                         clknet_2_0__leaf_CLK100MHZ (net)
                  0.08    0.00    0.66 ^ _266_/CLK (sky130_fd_sc_hd__dfrtp_2)
                          0.25    0.91   clock uncertainty
                         -0.06    0.85   clock reconvergence pessimism
                         -0.09    0.76   library hold time
                                  0.76   data required time
-----------------------------------------------------------------------------
                                  0.76   data required time
                                 -1.64   data arrival time
-----------------------------------------------------------------------------
                                  0.88   slack (MET)


Startpoint: _262_ (rising edge-triggered flip-flop clocked by CLK100MHZ)
Endpoint: _262_ (rising edge-triggered flip-flop clocked by CLK100MHZ)
Path Group: CLK100MHZ
Path Type: min
Corner: Slowest

Fanout     Cap    Slew   Delay    Time   Description
-----------------------------------------------------------------------------
                          0.00    0.00   clock CLK100MHZ (rise edge)
                          0.00    0.00   clock source latency
     1    0.02    0.14    0.09    0.09 ^ CLK100MHZ (in)
                                         CLK100MHZ (net)
                  0.14    0.00    0.09 ^ clkbuf_0_CLK100MHZ/A (sky130_fd_sc_hd__clkbuf_16)
     4    0.04    0.10    0.27    0.36 ^ clkbuf_0_CLK100MHZ/X (sky130_fd_sc_hd__clkbuf_16)
                                         clknet_0_CLK100MHZ (net)
                  0.10    0.00    0.36 ^ clkbuf_2_2__f_CLK100MHZ/A (sky130_fd_sc_hd__clkbuf_16)
     8    0.03    0.08    0.24    0.60 ^ clkbuf_2_2__f_CLK100MHZ/X (sky130_fd_sc_hd__clkbuf_16)
                                         clknet_2_2__leaf_CLK100MHZ (net)
                  0.08    0.00    0.60 ^ _262_/CLK (sky130_fd_sc_hd__dfrtp_2)
     5    0.03    0.26    0.81    1.41 ^ _262_/Q (sky130_fd_sc_hd__dfrtp_2)
                                         decoder.delay[12] (net)
                  0.26    0.00    1.42 ^ _199_/A (sky130_fd_sc_hd__xnor2_1)
     1    0.01    0.12    0.23    1.64 v _199_/Y (sky130_fd_sc_hd__xnor2_1)
                                         _003_ (net)
                  0.12    0.00    1.64 v _262_/D (sky130_fd_sc_hd__dfrtp_2)
                                  1.64   data arrival time

                          0.00    0.00   clock CLK100MHZ (rise edge)
                          0.00    0.00   clock source latency
     1    0.02    0.14    0.10    0.10 ^ CLK100MHZ (in)
                                         CLK100MHZ (net)
                  0.14    0.00    0.10 ^ clkbuf_0_CLK100MHZ/A (sky130_fd_sc_hd__clkbuf_16)
     4    0.04    0.10    0.30    0.40 ^ clkbuf_0_CLK100MHZ/X (sky130_fd_sc_hd__clkbuf_16)
                                         clknet_0_CLK100MHZ (net)
                  0.10    0.00    0.40 ^ clkbuf_2_2__f_CLK100MHZ/A (sky130_fd_sc_hd__clkbuf_16)
     8    0.03    0.08    0.26    0.66 ^ clkbuf_2_2__f_CLK100MHZ/X (sky130_fd_sc_hd__clkbuf_16)
                                         clknet_2_2__leaf_CLK100MHZ (net)
                  0.08    0.00    0.66 ^ _262_/CLK (sky130_fd_sc_hd__dfrtp_2)
                          0.25    0.91   clock uncertainty
                         -0.06    0.85   clock reconvergence pessimism
                         -0.10    0.75   library hold time
                                  0.75   data required time
-----------------------------------------------------------------------------
                                  0.75   data required time
                                 -1.64   data arrival time
-----------------------------------------------------------------------------
                                  0.90   slack (MET)


Startpoint: _269_ (rising edge-triggered flip-flop clocked by CLK100MHZ)
Endpoint: _269_ (rising edge-triggered flip-flop clocked by CLK100MHZ)
Path Group: CLK100MHZ
Path Type: min
Corner: Slowest

Fanout     Cap    Slew   Delay    Time   Description
-----------------------------------------------------------------------------
                          0.00    0.00   clock CLK100MHZ (rise edge)
                          0.00    0.00   clock source latency
     1    0.02    0.14    0.09    0.09 ^ CLK100MHZ (in)
                                         CLK100MHZ (net)
                  0.14    0.00    0.09 ^ clkbuf_0_CLK100MHZ/A (sky130_fd_sc_hd__clkbuf_16)
     4    0.04    0.10    0.27    0.36 ^ clkbuf_0_CLK100MHZ/X (sky130_fd_sc_hd__clkbuf_16)
                                         clknet_0_CLK100MHZ (net)
                  0.10    0.00    0.36 ^ clkbuf_2_2__f_CLK100MHZ/A (sky130_fd_sc_hd__clkbuf_16)
     8    0.03    0.08    0.24    0.60 ^ clkbuf_2_2__f_CLK100MHZ/X (sky130_fd_sc_hd__clkbuf_16)
                                         clknet_2_2__leaf_CLK100MHZ (net)
                  0.08    0.00    0.60 ^ _269_/CLK (sky130_fd_sc_hd__dfrtp_1)
     2    0.01    0.21    0.72    1.32 ^ _269_/Q (sky130_fd_sc_hd__dfrtp_1)
                                         decoder.delay[19] (net)
                  0.21    0.00    1.32 ^ _213_/B2 (sky130_fd_sc_hd__o2bb2a_1)
     1    0.01    0.14    0.34    1.66 ^ _213_/X (sky130_fd_sc_hd__o2bb2a_1)
                                         _010_ (net)
                  0.14    0.00    1.66 ^ _269_/D (sky130_fd_sc_hd__dfrtp_1)
                                  1.66   data arrival time

                          0.00    0.00   clock CLK100MHZ (rise edge)
                          0.00    0.00   clock source latency
     1    0.02    0.14    0.10    0.10 ^ CLK100MHZ (in)
                                         CLK100MHZ (net)
                  0.14    0.00    0.10 ^ clkbuf_0_CLK100MHZ/A (sky130_fd_sc_hd__clkbuf_16)
     4    0.04    0.10    0.30    0.40 ^ clkbuf_0_CLK100MHZ/X (sky130_fd_sc_hd__clkbuf_16)
                                         clknet_0_CLK100MHZ (net)
                  0.10    0.00    0.40 ^ clkbuf_2_2__f_CLK100MHZ/A (sky130_fd_sc_hd__clkbuf_16)
     8    0.03    0.08    0.26    0.66 ^ clkbuf_2_2__f_CLK100MHZ/X (sky130_fd_sc_hd__clkbuf_16)
                                         clknet_2_2__leaf_CLK100MHZ (net)
                  0.08    0.00    0.66 ^ _269_/CLK (sky130_fd_sc_hd__dfrtp_1)
                          0.25    0.91   clock uncertainty
                         -0.06    0.85   clock reconvergence pessimism
                         -0.09    0.76   library hold time
                                  0.76   data required time
-----------------------------------------------------------------------------
                                  0.76   data required time
                                 -1.66   data arrival time
-----------------------------------------------------------------------------
                                  0.90   slack (MET)


Startpoint: _274_ (rising edge-triggered flip-flop clocked by CLK100MHZ)
Endpoint: _274_ (rising edge-triggered flip-flop clocked by CLK100MHZ)
Path Group: CLK100MHZ
Path Type: min
Corner: Slowest

Fanout     Cap    Slew   Delay    Time   Description
-----------------------------------------------------------------------------
                          0.00    0.00   clock CLK100MHZ (rise edge)
                          0.00    0.00   clock source latency
     1    0.02    0.14    0.09    0.09 ^ CLK100MHZ (in)
                                         CLK100MHZ (net)
                  0.14    0.00    0.09 ^ clkbuf_0_CLK100MHZ/A (sky130_fd_sc_hd__clkbuf_16)
     4    0.04    0.10    0.27    0.36 ^ clkbuf_0_CLK100MHZ/X (sky130_fd_sc_hd__clkbuf_16)
                                         clknet_0_CLK100MHZ (net)
                  0.10    0.00    0.36 ^ clkbuf_2_3__f_CLK100MHZ/A (sky130_fd_sc_hd__clkbuf_16)
     8    0.03    0.08    0.23    0.60 ^ clkbuf_2_3__f_CLK100MHZ/X (sky130_fd_sc_hd__clkbuf_16)
                                         clknet_2_3__leaf_CLK100MHZ (net)
                  0.08    0.00    0.60 ^ _274_/CLK (sky130_fd_sc_hd__dfrtp_2)
     5    0.03    0.26    0.81    1.41 ^ _274_/Q (sky130_fd_sc_hd__dfrtp_2)
                                         decoder.delay[24] (net)
                  0.26    0.00    1.41 ^ _154_/A (sky130_fd_sc_hd__xnor2_1)
     1    0.01    0.16    0.27    1.68 v _154_/Y (sky130_fd_sc_hd__xnor2_1)
                                         _016_ (net)
                  0.16    0.00    1.68 v _274_/D (sky130_fd_sc_hd__dfrtp_2)
                                  1.68   data arrival time

                          0.00    0.00   clock CLK100MHZ (rise edge)
                          0.00    0.00   clock source latency
     1    0.02    0.14    0.10    0.10 ^ CLK100MHZ (in)
                                         CLK100MHZ (net)
                  0.14    0.00    0.10 ^ clkbuf_0_CLK100MHZ/A (sky130_fd_sc_hd__clkbuf_16)
     4    0.04    0.10    0.30    0.40 ^ clkbuf_0_CLK100MHZ/X (sky130_fd_sc_hd__clkbuf_16)
                                         clknet_0_CLK100MHZ (net)
                  0.10    0.00    0.40 ^ clkbuf_2_3__f_CLK100MHZ/A (sky130_fd_sc_hd__clkbuf_16)
     8    0.03    0.08    0.26    0.66 ^ clkbuf_2_3__f_CLK100MHZ/X (sky130_fd_sc_hd__clkbuf_16)
                                         clknet_2_3__leaf_CLK100MHZ (net)
                  0.08    0.00    0.66 ^ _274_/CLK (sky130_fd_sc_hd__dfrtp_2)
                          0.25    0.91   clock uncertainty
                         -0.06    0.85   clock reconvergence pessimism
                         -0.12    0.72   library hold time
                                  0.72   data required time
-----------------------------------------------------------------------------
                                  0.72   data required time
                                 -1.68   data arrival time
-----------------------------------------------------------------------------
                                  0.95   slack (MET)


Startpoint: BTNC (input port clocked by CLK100MHZ)
Endpoint: _267_ (removal check against rising-edge clock CLK100MHZ)
Path Group: asynchronous
Path Type: min
Corner: Slowest

Fanout     Cap    Slew   Delay    Time   Description
-----------------------------------------------------------------------------
                          0.00    0.00   clock CLK100MHZ (rise edge)
                          0.00    0.00   clock network delay (propagated)
                          2.00    2.00 v input external delay
     2    0.02    0.09    0.06    2.06 v BTNC (in)
                                         BTNC (net)
                  0.09    0.00    2.06 v _214_/A (sky130_fd_sc_hd__buf_4)
    10    0.07    0.17    0.35    2.41 v _214_/X (sky130_fd_sc_hd__buf_4)
                                         _112_ (net)
                  0.17    0.00    2.42 v _238_/A (sky130_fd_sc_hd__inv_2)
     1    0.00    0.06    0.10    2.52 ^ _238_/Y (sky130_fd_sc_hd__inv_2)
                                         _046_ (net)
                  0.06    0.00    2.52 ^ _267_/RESET_B (sky130_fd_sc_hd__dfrtp_1)
                                  2.52   data arrival time

                          0.00    0.00   clock CLK100MHZ (rise edge)
                          0.00    0.00   clock source latency
     1    0.02    0.14    0.10    0.10 ^ CLK100MHZ (in)
                                         CLK100MHZ (net)
                  0.14    0.00    0.10 ^ clkbuf_0_CLK100MHZ/A (sky130_fd_sc_hd__clkbuf_16)
     4    0.04    0.10    0.30    0.40 ^ clkbuf_0_CLK100MHZ/X (sky130_fd_sc_hd__clkbuf_16)
                                         clknet_0_CLK100MHZ (net)
                  0.10    0.00    0.40 ^ clkbuf_2_3__f_CLK100MHZ/A (sky130_fd_sc_hd__clkbuf_16)
     8    0.03    0.08    0.26    0.66 ^ clkbuf_2_3__f_CLK100MHZ/X (sky130_fd_sc_hd__clkbuf_16)
                                         clknet_2_3__leaf_CLK100MHZ (net)
                  0.08    0.00    0.66 ^ _267_/CLK (sky130_fd_sc_hd__dfrtp_1)
                          0.25    0.91   clock uncertainty
                          0.00    0.91   clock reconvergence pessimism
                          0.66    1.57   library removal time
                                  1.57   data required time
-----------------------------------------------------------------------------
                                  1.57   data required time
                                 -2.52   data arrival time
-----------------------------------------------------------------------------
                                  0.95   slack (MET)


Startpoint: _259_ (rising edge-triggered flip-flop clocked by CLK100MHZ)
Endpoint: _259_ (rising edge-triggered flip-flop clocked by CLK100MHZ)
Path Group: CLK100MHZ
Path Type: min
Corner: Slowest

Fanout     Cap    Slew   Delay    Time   Description
-----------------------------------------------------------------------------
                          0.00    0.00   clock CLK100MHZ (rise edge)
                          0.00    0.00   clock source latency
     1    0.02    0.14    0.09    0.09 ^ CLK100MHZ (in)
                                         CLK100MHZ (net)
                  0.14    0.00    0.09 ^ clkbuf_0_CLK100MHZ/A (sky130_fd_sc_hd__clkbuf_16)
     4    0.04    0.10    0.27    0.36 ^ clkbuf_0_CLK100MHZ/X (sky130_fd_sc_hd__clkbuf_16)
                                         clknet_0_CLK100MHZ (net)
                  0.10    0.00    0.36 ^ clkbuf_2_1__f_CLK100MHZ/A (sky130_fd_sc_hd__clkbuf_16)
     8    0.02    0.07    0.23    0.59 ^ clkbuf_2_1__f_CLK100MHZ/X (sky130_fd_sc_hd__clkbuf_16)
                                         clknet_2_1__leaf_CLK100MHZ (net)
                  0.07    0.00    0.59 ^ _259_/CLK (sky130_fd_sc_hd__dfrtp_2)
     4    0.03    0.28    0.83    1.42 ^ _259_/Q (sky130_fd_sc_hd__dfrtp_2)
                                         decoder.delay[9] (net)
                  0.28    0.00    1.42 ^ _191_/A (sky130_fd_sc_hd__xnor2_1)
     1    0.01    0.15    0.26    1.68 v _191_/Y (sky130_fd_sc_hd__xnor2_1)
                                         _024_ (net)
                  0.15    0.00    1.68 v _259_/D (sky130_fd_sc_hd__dfrtp_2)
                                  1.68   data arrival time

                          0.00    0.00   clock CLK100MHZ (rise edge)
                          0.00    0.00   clock source latency
     1    0.02    0.14    0.10    0.10 ^ CLK100MHZ (in)
                                         CLK100MHZ (net)
                  0.14    0.00    0.10 ^ clkbuf_0_CLK100MHZ/A (sky130_fd_sc_hd__clkbuf_16)
     4    0.04    0.10    0.30    0.40 ^ clkbuf_0_CLK100MHZ/X (sky130_fd_sc_hd__clkbuf_16)
                                         clknet_0_CLK100MHZ (net)
                  0.10    0.00    0.40 ^ clkbuf_2_1__f_CLK100MHZ/A (sky130_fd_sc_hd__clkbuf_16)
     8    0.02    0.07    0.25    0.65 ^ clkbuf_2_1__f_CLK100MHZ/X (sky130_fd_sc_hd__clkbuf_16)
                                         clknet_2_1__leaf_CLK100MHZ (net)
                  0.07    0.00    0.65 ^ _259_/CLK (sky130_fd_sc_hd__dfrtp_2)
                          0.25    0.90   clock uncertainty
                         -0.06    0.84   clock reconvergence pessimism
                         -0.12    0.72   library hold time
                                  0.72   data required time
-----------------------------------------------------------------------------
                                  0.72   data required time
                                 -1.68   data arrival time
-----------------------------------------------------------------------------
                                  0.96   slack (MET)


Startpoint: BTNC (input port clocked by CLK100MHZ)
Endpoint: _272_ (removal check against rising-edge clock CLK100MHZ)
Path Group: asynchronous
Path Type: min
Corner: Slowest

Fanout     Cap    Slew   Delay    Time   Description
-----------------------------------------------------------------------------
                          0.00    0.00   clock CLK100MHZ (rise edge)
                          0.00    0.00   clock network delay (propagated)
                          2.00    2.00 v input external delay
     2    0.02    0.09    0.06    2.06 v BTNC (in)
                                         BTNC (net)
                  0.09    0.00    2.06 v _214_/A (sky130_fd_sc_hd__buf_4)
    10    0.07    0.17    0.35    2.41 v _214_/X (sky130_fd_sc_hd__buf_4)
                                         _112_ (net)
                  0.17    0.00    2.42 v _243_/A (sky130_fd_sc_hd__inv_2)
     1    0.00    0.06    0.11    2.52 ^ _243_/Y (sky130_fd_sc_hd__inv_2)
                                         _051_ (net)
                  0.06    0.00    2.52 ^ _272_/RESET_B (sky130_fd_sc_hd__dfrtp_1)
                                  2.52   data arrival time

                          0.00    0.00   clock CLK100MHZ (rise edge)
                          0.00    0.00   clock source latency
     1    0.02    0.14    0.10    0.10 ^ CLK100MHZ (in)
                                         CLK100MHZ (net)
                  0.14    0.00    0.10 ^ clkbuf_0_CLK100MHZ/A (sky130_fd_sc_hd__clkbuf_16)
     4    0.04    0.10    0.30    0.40 ^ clkbuf_0_CLK100MHZ/X (sky130_fd_sc_hd__clkbuf_16)
                                         clknet_0_CLK100MHZ (net)
                  0.10    0.00    0.40 ^ clkbuf_2_1__f_CLK100MHZ/A (sky130_fd_sc_hd__clkbuf_16)
     8    0.02    0.07    0.25    0.65 ^ clkbuf_2_1__f_CLK100MHZ/X (sky130_fd_sc_hd__clkbuf_16)
                                         clknet_2_1__leaf_CLK100MHZ (net)
                  0.07    0.00    0.65 ^ _272_/CLK (sky130_fd_sc_hd__dfrtp_1)
                          0.25    0.90   clock uncertainty
                          0.00    0.90   clock reconvergence pessimism
                          0.66    1.56   library removal time
                                  1.56   data required time
-----------------------------------------------------------------------------
                                  1.56   data required time
                                 -2.52   data arrival time
-----------------------------------------------------------------------------
                                  0.97   slack (MET)


Startpoint: _256_ (rising edge-triggered flip-flop clocked by CLK100MHZ)
Endpoint: _256_ (rising edge-triggered flip-flop clocked by CLK100MHZ)
Path Group: CLK100MHZ
Path Type: min
Corner: Slowest

Fanout     Cap    Slew   Delay    Time   Description
-----------------------------------------------------------------------------
                          0.00    0.00   clock CLK100MHZ (rise edge)
                          0.00    0.00   clock source latency
     1    0.02    0.14    0.09    0.09 ^ CLK100MHZ (in)
                                         CLK100MHZ (net)
                  0.14    0.00    0.09 ^ clkbuf_0_CLK100MHZ/A (sky130_fd_sc_hd__clkbuf_16)
     4    0.04    0.10    0.27    0.36 ^ clkbuf_0_CLK100MHZ/X (sky130_fd_sc_hd__clkbuf_16)
                                         clknet_0_CLK100MHZ (net)
                  0.10    0.00    0.36 ^ clkbuf_2_0__f_CLK100MHZ/A (sky130_fd_sc_hd__clkbuf_16)
     8    0.03    0.08    0.23    0.60 ^ clkbuf_2_0__f_CLK100MHZ/X (sky130_fd_sc_hd__clkbuf_16)
                                         clknet_2_0__leaf_CLK100MHZ (net)
                  0.08    0.00    0.60 ^ _256_/CLK (sky130_fd_sc_hd__dfrtp_4)
     4    0.04    0.24    0.91    1.51 ^ _256_/Q (sky130_fd_sc_hd__dfrtp_4)
                                         decoder.delay[6] (net)
                  0.24    0.00    1.51 ^ _180_/A (sky130_fd_sc_hd__xor2_1)
     1    0.01    0.09    0.21    1.72 v _180_/X (sky130_fd_sc_hd__xor2_1)
                                         _021_ (net)
                  0.09    0.00    1.72 v _256_/D (sky130_fd_sc_hd__dfrtp_4)
                                  1.72   data arrival time

                          0.00    0.00   clock CLK100MHZ (rise edge)
                          0.00    0.00   clock source latency
     1    0.02    0.14    0.10    0.10 ^ CLK100MHZ (in)
                                         CLK100MHZ (net)
                  0.14    0.00    0.10 ^ clkbuf_0_CLK100MHZ/A (sky130_fd_sc_hd__clkbuf_16)
     4    0.04    0.10    0.30    0.40 ^ clkbuf_0_CLK100MHZ/X (sky130_fd_sc_hd__clkbuf_16)
                                         clknet_0_CLK100MHZ (net)
                  0.10    0.00    0.40 ^ clkbuf_2_0__f_CLK100MHZ/A (sky130_fd_sc_hd__clkbuf_16)
     8    0.03    0.08    0.26    0.66 ^ clkbuf_2_0__f_CLK100MHZ/X (sky130_fd_sc_hd__clkbuf_16)
                                         clknet_2_0__leaf_CLK100MHZ (net)
                  0.08    0.00    0.66 ^ _256_/CLK (sky130_fd_sc_hd__dfrtp_4)
                          0.25    0.91   clock uncertainty
                         -0.06    0.85   clock reconvergence pessimism
                         -0.10    0.75   library hold time
                                  0.75   data required time
-----------------------------------------------------------------------------
                                  0.75   data required time
                                 -1.72   data arrival time
-----------------------------------------------------------------------------
                                  0.97   slack (MET)


Startpoint: BTNC (input port clocked by CLK100MHZ)
Endpoint: _268_ (removal check against rising-edge clock CLK100MHZ)
Path Group: asynchronous
Path Type: min
Corner: Slowest

Fanout     Cap    Slew   Delay    Time   Description
-----------------------------------------------------------------------------
                          0.00    0.00   clock CLK100MHZ (rise edge)
                          0.00    0.00   clock network delay (propagated)
                          2.00    2.00 v input external delay
     2    0.02    0.09    0.06    2.06 v BTNC (in)
                                         BTNC (net)
                  0.09    0.00    2.06 v _214_/A (sky130_fd_sc_hd__buf_4)
    10    0.07    0.17    0.35    2.41 v _214_/X (sky130_fd_sc_hd__buf_4)
                                         _112_ (net)
                  0.17    0.00    2.42 v _239_/A (sky130_fd_sc_hd__inv_2)
     1    0.01    0.07    0.12    2.54 ^ _239_/Y (sky130_fd_sc_hd__inv_2)
                                         _047_ (net)
                  0.07    0.00    2.54 ^ _268_/RESET_B (sky130_fd_sc_hd__dfrtp_2)
                                  2.54   data arrival time

                          0.00    0.00   clock CLK100MHZ (rise edge)
                          0.00    0.00   clock source latency
     1    0.02    0.14    0.10    0.10 ^ CLK100MHZ (in)
                                         CLK100MHZ (net)
                  0.14    0.00    0.10 ^ clkbuf_0_CLK100MHZ/A (sky130_fd_sc_hd__clkbuf_16)
     4    0.04    0.10    0.30    0.40 ^ clkbuf_0_CLK100MHZ/X (sky130_fd_sc_hd__clkbuf_16)
                                         clknet_0_CLK100MHZ (net)
                  0.10    0.00    0.40 ^ clkbuf_2_1__f_CLK100MHZ/A (sky130_fd_sc_hd__clkbuf_16)
     8    0.02    0.07    0.25    0.65 ^ clkbuf_2_1__f_CLK100MHZ/X (sky130_fd_sc_hd__clkbuf_16)
                                         clknet_2_1__leaf_CLK100MHZ (net)
                  0.07    0.00    0.65 ^ _268_/CLK (sky130_fd_sc_hd__dfrtp_2)
                          0.25    0.90   clock uncertainty
                          0.00    0.90   clock reconvergence pessimism
                          0.66    1.56   library removal time
                                  1.56   data required time
-----------------------------------------------------------------------------
                                  1.56   data required time
                                 -2.54   data arrival time
-----------------------------------------------------------------------------
                                  0.98   slack (MET)


Startpoint: BTNC (input port clocked by CLK100MHZ)
Endpoint: _270_ (removal check against rising-edge clock CLK100MHZ)
Path Group: asynchronous
Path Type: min
Corner: Slowest

Fanout     Cap    Slew   Delay    Time   Description
-----------------------------------------------------------------------------
                          0.00    0.00   clock CLK100MHZ (rise edge)
                          0.00    0.00   clock network delay (propagated)
                          2.00    2.00 v input external delay
     2    0.02    0.09    0.06    2.06 v BTNC (in)
                                         BTNC (net)
                  0.09    0.00    2.06 v _214_/A (sky130_fd_sc_hd__buf_4)
    10    0.07    0.17    0.35    2.41 v _214_/X (sky130_fd_sc_hd__buf_4)
                                         _112_ (net)
                  0.17    0.00    2.42 v _241_/A (sky130_fd_sc_hd__inv_2)
     1    0.01    0.09    0.14    2.55 ^ _241_/Y (sky130_fd_sc_hd__inv_2)
                                         _049_ (net)
                  0.09    0.00    2.55 ^ _270_/RESET_B (sky130_fd_sc_hd__dfrtp_1)
                                  2.55   data arrival time

                          0.00    0.00   clock CLK100MHZ (rise edge)
                          0.00    0.00   clock source latency
     1    0.02    0.14    0.10    0.10 ^ CLK100MHZ (in)
                                         CLK100MHZ (net)
                  0.14    0.00    0.10 ^ clkbuf_0_CLK100MHZ/A (sky130_fd_sc_hd__clkbuf_16)
     4    0.04    0.10    0.30    0.40 ^ clkbuf_0_CLK100MHZ/X (sky130_fd_sc_hd__clkbuf_16)
                                         clknet_0_CLK100MHZ (net)
                  0.10    0.00    0.40 ^ clkbuf_2_0__f_CLK100MHZ/A (sky130_fd_sc_hd__clkbuf_16)
     8    0.03    0.08    0.26    0.66 ^ clkbuf_2_0__f_CLK100MHZ/X (sky130_fd_sc_hd__clkbuf_16)
                                         clknet_2_0__leaf_CLK100MHZ (net)
                  0.08    0.00    0.66 ^ _270_/CLK (sky130_fd_sc_hd__dfrtp_1)
                          0.25    0.91   clock uncertainty
                          0.00    0.91   clock reconvergence pessimism
                          0.67    1.58   library removal time
                                  1.58   data required time
-----------------------------------------------------------------------------
                                  1.58   data required time
                                 -2.55   data arrival time
-----------------------------------------------------------------------------
                                  0.98   slack (MET)


Startpoint: BTNC (input port clocked by CLK100MHZ)
Endpoint: _274_ (removal check against rising-edge clock CLK100MHZ)
Path Group: asynchronous
Path Type: min
Corner: Slowest

Fanout     Cap    Slew   Delay    Time   Description
-----------------------------------------------------------------------------
                          0.00    0.00   clock CLK100MHZ (rise edge)
                          0.00    0.00   clock network delay (propagated)
                          2.00    2.00 v input external delay
     2    0.02    0.09    0.06    2.06 v BTNC (in)
                                         BTNC (net)
                  0.09    0.00    2.06 v _214_/A (sky130_fd_sc_hd__buf_4)
    10    0.07    0.17    0.35    2.41 v _214_/X (sky130_fd_sc_hd__buf_4)
                                         _112_ (net)
                  0.17    0.00    2.42 v _245_/A (sky130_fd_sc_hd__inv_2)
     1    0.01    0.10    0.14    2.56 ^ _245_/Y (sky130_fd_sc_hd__inv_2)
                                         _053_ (net)
                  0.10    0.00    2.56 ^ _274_/RESET_B (sky130_fd_sc_hd__dfrtp_2)
                                  2.56   data arrival time

                          0.00    0.00   clock CLK100MHZ (rise edge)
                          0.00    0.00   clock source latency
     1    0.02    0.14    0.10    0.10 ^ CLK100MHZ (in)
                                         CLK100MHZ (net)
                  0.14    0.00    0.10 ^ clkbuf_0_CLK100MHZ/A (sky130_fd_sc_hd__clkbuf_16)
     4    0.04    0.10    0.30    0.40 ^ clkbuf_0_CLK100MHZ/X (sky130_fd_sc_hd__clkbuf_16)
                                         clknet_0_CLK100MHZ (net)
                  0.10    0.00    0.40 ^ clkbuf_2_3__f_CLK100MHZ/A (sky130_fd_sc_hd__clkbuf_16)
     8    0.03    0.08    0.26    0.66 ^ clkbuf_2_3__f_CLK100MHZ/X (sky130_fd_sc_hd__clkbuf_16)
                                         clknet_2_3__leaf_CLK100MHZ (net)
                  0.08    0.00    0.66 ^ _274_/CLK (sky130_fd_sc_hd__dfrtp_2)
                          0.25    0.91   clock uncertainty
                          0.00    0.91   clock reconvergence pessimism
                          0.67    1.58   library removal time
                                  1.58   data required time
-----------------------------------------------------------------------------
                                  1.58   data required time
                                 -2.56   data arrival time
-----------------------------------------------------------------------------
                                  0.98   slack (MET)


Startpoint: BTNC (input port clocked by CLK100MHZ)
Endpoint: _271_ (removal check against rising-edge clock CLK100MHZ)
Path Group: asynchronous
Path Type: min
Corner: Slowest

Fanout     Cap    Slew   Delay    Time   Description
-----------------------------------------------------------------------------
                          0.00    0.00   clock CLK100MHZ (rise edge)
                          0.00    0.00   clock network delay (propagated)
                          2.00    2.00 v input external delay
     2    0.02    0.09    0.06    2.06 v BTNC (in)
                                         BTNC (net)
                  0.09    0.00    2.06 v _214_/A (sky130_fd_sc_hd__buf_4)
    10    0.07    0.17    0.35    2.41 v _214_/X (sky130_fd_sc_hd__buf_4)
                                         _112_ (net)
                  0.17    0.00    2.42 v _242_/A (sky130_fd_sc_hd__inv_2)
     1    0.01    0.11    0.15    2.57 ^ _242_/Y (sky130_fd_sc_hd__inv_2)
                                         _050_ (net)
                  0.11    0.00    2.57 ^ _271_/RESET_B (sky130_fd_sc_hd__dfrtp_1)
                                  2.57   data arrival time

                          0.00    0.00   clock CLK100MHZ (rise edge)
                          0.00    0.00   clock source latency
     1    0.02    0.14    0.10    0.10 ^ CLK100MHZ (in)
                                         CLK100MHZ (net)
                  0.14    0.00    0.10 ^ clkbuf_0_CLK100MHZ/A (sky130_fd_sc_hd__clkbuf_16)
     4    0.04    0.10    0.30    0.40 ^ clkbuf_0_CLK100MHZ/X (sky130_fd_sc_hd__clkbuf_16)
                                         clknet_0_CLK100MHZ (net)
                  0.10    0.00    0.40 ^ clkbuf_2_0__f_CLK100MHZ/A (sky130_fd_sc_hd__clkbuf_16)
     8    0.03    0.08    0.26    0.66 ^ clkbuf_2_0__f_CLK100MHZ/X (sky130_fd_sc_hd__clkbuf_16)
                                         clknet_2_0__leaf_CLK100MHZ (net)
                  0.08    0.00    0.66 ^ _271_/CLK (sky130_fd_sc_hd__dfrtp_1)
                          0.25    0.91   clock uncertainty
                          0.00    0.91   clock reconvergence pessimism
                          0.67    1.58   library removal time
                                  1.58   data required time
-----------------------------------------------------------------------------
                                  1.58   data required time
                                 -2.57   data arrival time
-----------------------------------------------------------------------------
                                  0.99   slack (MET)


Startpoint: BTNC (input port clocked by CLK100MHZ)
Endpoint: _273_ (removal check against rising-edge clock CLK100MHZ)
Path Group: asynchronous
Path Type: min
Corner: Slowest

Fanout     Cap    Slew   Delay    Time   Description
-----------------------------------------------------------------------------
                          0.00    0.00   clock CLK100MHZ (rise edge)
                          0.00    0.00   clock network delay (propagated)
                          2.00    2.00 v input external delay
     2    0.02    0.09    0.06    2.06 v BTNC (in)
                                         BTNC (net)
                  0.09    0.00    2.06 v _214_/A (sky130_fd_sc_hd__buf_4)
    10    0.07    0.17    0.35    2.41 v _214_/X (sky130_fd_sc_hd__buf_4)
                                         _112_ (net)
                  0.17    0.00    2.42 v _244_/A (sky130_fd_sc_hd__inv_2)
     1    0.01    0.11    0.16    2.57 ^ _244_/Y (sky130_fd_sc_hd__inv_2)
                                         _052_ (net)
                  0.11    0.00    2.57 ^ _273_/RESET_B (sky130_fd_sc_hd__dfrtp_1)
                                  2.57   data arrival time

                          0.00    0.00   clock CLK100MHZ (rise edge)
                          0.00    0.00   clock source latency
     1    0.02    0.14    0.10    0.10 ^ CLK100MHZ (in)
                                         CLK100MHZ (net)
                  0.14    0.00    0.10 ^ clkbuf_0_CLK100MHZ/A (sky130_fd_sc_hd__clkbuf_16)
     4    0.04    0.10    0.30    0.40 ^ clkbuf_0_CLK100MHZ/X (sky130_fd_sc_hd__clkbuf_16)
                                         clknet_0_CLK100MHZ (net)
                  0.10    0.00    0.40 ^ clkbuf_2_3__f_CLK100MHZ/A (sky130_fd_sc_hd__clkbuf_16)
     8    0.03    0.08    0.26    0.66 ^ clkbuf_2_3__f_CLK100MHZ/X (sky130_fd_sc_hd__clkbuf_16)
                                         clknet_2_3__leaf_CLK100MHZ (net)
                  0.08    0.00    0.66 ^ _273_/CLK (sky130_fd_sc_hd__dfrtp_1)
                          0.25    0.91   clock uncertainty
                          0.00    0.91   clock reconvergence pessimism
                          0.67    1.58   library removal time
                                  1.58   data required time
-----------------------------------------------------------------------------
                                  1.58   data required time
                                 -2.57   data arrival time
-----------------------------------------------------------------------------
                                  0.99   slack (MET)


Startpoint: BTNC (input port clocked by CLK100MHZ)
Endpoint: _256_ (removal check against rising-edge clock CLK100MHZ)
Path Group: asynchronous
Path Type: min
Corner: Slowest

Fanout     Cap    Slew   Delay    Time   Description
-----------------------------------------------------------------------------
                          0.00    0.00   clock CLK100MHZ (rise edge)
                          0.00    0.00   clock network delay (propagated)
                          2.00    2.00 v input external delay
     2    0.02    0.09    0.06    2.06 v BTNC (in)
                                         BTNC (net)
                  0.09    0.00    2.06 v _226_/A (sky130_fd_sc_hd__buf_4)
    10    0.08    0.20    0.38    2.44 v _226_/X (sky130_fd_sc_hd__buf_4)
                                         _114_ (net)
                  0.20    0.00    2.44 v _227_/A (sky130_fd_sc_hd__inv_2)
     1    0.01    0.08    0.13    2.57 ^ _227_/Y (sky130_fd_sc_hd__inv_2)
                                         _035_ (net)
                  0.08    0.00    2.57 ^ _256_/RESET_B (sky130_fd_sc_hd__dfrtp_4)
                                  2.57   data arrival time

                          0.00    0.00   clock CLK100MHZ (rise edge)
                          0.00    0.00   clock source latency
     1    0.02    0.14    0.10    0.10 ^ CLK100MHZ (in)
                                         CLK100MHZ (net)
                  0.14    0.00    0.10 ^ clkbuf_0_CLK100MHZ/A (sky130_fd_sc_hd__clkbuf_16)
     4    0.04    0.10    0.30    0.40 ^ clkbuf_0_CLK100MHZ/X (sky130_fd_sc_hd__clkbuf_16)
                                         clknet_0_CLK100MHZ (net)
                  0.10    0.00    0.40 ^ clkbuf_2_0__f_CLK100MHZ/A (sky130_fd_sc_hd__clkbuf_16)
     8    0.03    0.08    0.26    0.66 ^ clkbuf_2_0__f_CLK100MHZ/X (sky130_fd_sc_hd__clkbuf_16)
                                         clknet_2_0__leaf_CLK100MHZ (net)
                  0.08    0.00    0.66 ^ _256_/CLK (sky130_fd_sc_hd__dfrtp_4)
                          0.25    0.91   clock uncertainty
                          0.00    0.91   clock reconvergence pessimism
                          0.67    1.58   library removal time
                                  1.58   data required time
-----------------------------------------------------------------------------
                                  1.58   data required time
                                 -2.57   data arrival time
-----------------------------------------------------------------------------
                                  1.00   slack (MET)


Startpoint: _264_ (rising edge-triggered flip-flop clocked by CLK100MHZ)
Endpoint: _264_ (rising edge-triggered flip-flop clocked by CLK100MHZ)
Path Group: CLK100MHZ
Path Type: min
Corner: Slowest

Fanout     Cap    Slew   Delay    Time   Description
-----------------------------------------------------------------------------
                          0.00    0.00   clock CLK100MHZ (rise edge)
                          0.00    0.00   clock source latency
     1    0.02    0.14    0.09    0.09 ^ CLK100MHZ (in)
                                         CLK100MHZ (net)
                  0.14    0.00    0.09 ^ clkbuf_0_CLK100MHZ/A (sky130_fd_sc_hd__clkbuf_16)
     4    0.04    0.10    0.27    0.36 ^ clkbuf_0_CLK100MHZ/X (sky130_fd_sc_hd__clkbuf_16)
                                         clknet_0_CLK100MHZ (net)
                  0.10    0.00    0.36 ^ clkbuf_2_0__f_CLK100MHZ/A (sky130_fd_sc_hd__clkbuf_16)
     8    0.03    0.08    0.23    0.60 ^ clkbuf_2_0__f_CLK100MHZ/X (sky130_fd_sc_hd__clkbuf_16)
                                         clknet_2_0__leaf_CLK100MHZ (net)
                  0.08    0.00    0.60 ^ _264_/CLK (sky130_fd_sc_hd__dfrtp_1)
     3    0.02    0.31    0.79    1.39 ^ _264_/Q (sky130_fd_sc_hd__dfrtp_1)
                                         decoder.delay[14] (net)
                  0.31    0.00    1.39 ^ _204_/B2 (sky130_fd_sc_hd__o2bb2a_1)
     1    0.01    0.14    0.37    1.75 ^ _204_/X (sky130_fd_sc_hd__o2bb2a_1)
                                         _005_ (net)
                  0.14    0.00    1.75 ^ _264_/D (sky130_fd_sc_hd__dfrtp_1)
                                  1.75   data arrival time

                          0.00    0.00   clock CLK100MHZ (rise edge)
                          0.00    0.00   clock source latency
     1    0.02    0.14    0.10    0.10 ^ CLK100MHZ (in)
                                         CLK100MHZ (net)
                  0.14    0.00    0.10 ^ clkbuf_0_CLK100MHZ/A (sky130_fd_sc_hd__clkbuf_16)
     4    0.04    0.10    0.30    0.40 ^ clkbuf_0_CLK100MHZ/X (sky130_fd_sc_hd__clkbuf_16)
                                         clknet_0_CLK100MHZ (net)
                  0.10    0.00    0.40 ^ clkbuf_2_0__f_CLK100MHZ/A (sky130_fd_sc_hd__clkbuf_16)
     8    0.03    0.08    0.26    0.66 ^ clkbuf_2_0__f_CLK100MHZ/X (sky130_fd_sc_hd__clkbuf_16)
                                         clknet_2_0__leaf_CLK100MHZ (net)
                  0.08    0.00    0.66 ^ _264_/CLK (sky130_fd_sc_hd__dfrtp_1)
                          0.25    0.91   clock uncertainty
                         -0.06    0.85   clock reconvergence pessimism
                         -0.09    0.76   library hold time
                                  0.76   data required time
-----------------------------------------------------------------------------
                                  0.76   data required time
                                 -1.75   data arrival time
-----------------------------------------------------------------------------
                                  1.00   slack (MET)


Startpoint: BTNC (input port clocked by CLK100MHZ)
Endpoint: _261_ (removal check against rising-edge clock CLK100MHZ)
Path Group: asynchronous
Path Type: min
Corner: Slowest

Fanout     Cap    Slew   Delay    Time   Description
-----------------------------------------------------------------------------
                          0.00    0.00   clock CLK100MHZ (rise edge)
                          0.00    0.00   clock network delay (propagated)
                          2.00    2.00 v input external delay
     2    0.02    0.09    0.06    2.06 v BTNC (in)
                                         BTNC (net)
                  0.09    0.00    2.06 v _226_/A (sky130_fd_sc_hd__buf_4)
    10    0.08    0.20    0.38    2.44 v _226_/X (sky130_fd_sc_hd__buf_4)
                                         _114_ (net)
                  0.20    0.00    2.44 v _232_/A (sky130_fd_sc_hd__inv_2)
     1    0.01    0.08    0.13    2.57 ^ _232_/Y (sky130_fd_sc_hd__inv_2)
                                         _040_ (net)
                  0.08    0.00    2.57 ^ _261_/RESET_B (sky130_fd_sc_hd__dfrtp_1)
                                  2.57   data arrival time

                          0.00    0.00   clock CLK100MHZ (rise edge)
                          0.00    0.00   clock source latency
     1    0.02    0.14    0.10    0.10 ^ CLK100MHZ (in)
                                         CLK100MHZ (net)
                  0.14    0.00    0.10 ^ clkbuf_0_CLK100MHZ/A (sky130_fd_sc_hd__clkbuf_16)
     4    0.04    0.10    0.30    0.40 ^ clkbuf_0_CLK100MHZ/X (sky130_fd_sc_hd__clkbuf_16)
                                         clknet_0_CLK100MHZ (net)
                  0.10    0.00    0.40 ^ clkbuf_2_3__f_CLK100MHZ/A (sky130_fd_sc_hd__clkbuf_16)
     8    0.03    0.08    0.26    0.66 ^ clkbuf_2_3__f_CLK100MHZ/X (sky130_fd_sc_hd__clkbuf_16)
                                         clknet_2_3__leaf_CLK100MHZ (net)
                  0.08    0.00    0.66 ^ _261_/CLK (sky130_fd_sc_hd__dfrtp_1)
                          0.25    0.91   clock uncertainty
                          0.00    0.91   clock reconvergence pessimism
                          0.66    1.57   library removal time
                                  1.57   data required time
-----------------------------------------------------------------------------
                                  1.57   data required time
                                 -2.57   data arrival time
-----------------------------------------------------------------------------
                                  1.00   slack (MET)


Startpoint: BTNC (input port clocked by CLK100MHZ)
Endpoint: _266_ (removal check against rising-edge clock CLK100MHZ)
Path Group: asynchronous
Path Type: min
Corner: Slowest

Fanout     Cap    Slew   Delay    Time   Description
-----------------------------------------------------------------------------
                          0.00    0.00   clock CLK100MHZ (rise edge)
                          0.00    0.00   clock network delay (propagated)
                          2.00    2.00 v input external delay
     2    0.02    0.09    0.06    2.06 v BTNC (in)
                                         BTNC (net)
                  0.09    0.00    2.06 v _214_/A (sky130_fd_sc_hd__buf_4)
    10    0.07    0.17    0.35    2.41 v _214_/X (sky130_fd_sc_hd__buf_4)
                                         _112_ (net)
                  0.17    0.00    2.42 v _237_/A (sky130_fd_sc_hd__inv_2)
     1    0.02    0.14    0.18    2.59 ^ _237_/Y (sky130_fd_sc_hd__inv_2)
                                         _045_ (net)
                  0.14    0.00    2.59 ^ _266_/RESET_B (sky130_fd_sc_hd__dfrtp_2)
                                  2.59   data arrival time

                          0.00    0.00   clock CLK100MHZ (rise edge)
                          0.00    0.00   clock source latency
     1    0.02    0.14    0.10    0.10 ^ CLK100MHZ (in)
                                         CLK100MHZ (net)
                  0.14    0.00    0.10 ^ clkbuf_0_CLK100MHZ/A (sky130_fd_sc_hd__clkbuf_16)
     4    0.04    0.10    0.30    0.40 ^ clkbuf_0_CLK100MHZ/X (sky130_fd_sc_hd__clkbuf_16)
                                         clknet_0_CLK100MHZ (net)
                  0.10    0.00    0.40 ^ clkbuf_2_0__f_CLK100MHZ/A (sky130_fd_sc_hd__clkbuf_16)
     8    0.03    0.08    0.26    0.66 ^ clkbuf_2_0__f_CLK100MHZ/X (sky130_fd_sc_hd__clkbuf_16)
                                         clknet_2_0__leaf_CLK100MHZ (net)
                  0.08    0.00    0.66 ^ _266_/CLK (sky130_fd_sc_hd__dfrtp_2)
                          0.25    0.91   clock uncertainty
                          0.00    0.91   clock reconvergence pessimism
                          0.68    1.59   library removal time
                                  1.59   data required time
-----------------------------------------------------------------------------
                                  1.59   data required time
                                 -2.59   data arrival time
-----------------------------------------------------------------------------
                                  1.00   slack (MET)


Startpoint: BTNC (input port clocked by CLK100MHZ)
Endpoint: _259_ (removal check against rising-edge clock CLK100MHZ)
Path Group: asynchronous
Path Type: min
Corner: Slowest

Fanout     Cap    Slew   Delay    Time   Description
-----------------------------------------------------------------------------
                          0.00    0.00   clock CLK100MHZ (rise edge)
                          0.00    0.00   clock network delay (propagated)
                          2.00    2.00 v input external delay
     2    0.02    0.09    0.06    2.06 v BTNC (in)
                                         BTNC (net)
                  0.09    0.00    2.06 v _226_/A (sky130_fd_sc_hd__buf_4)
    10    0.08    0.20    0.38    2.44 v _226_/X (sky130_fd_sc_hd__buf_4)
                                         _114_ (net)
                  0.20    0.00    2.44 v _230_/A (sky130_fd_sc_hd__inv_2)
     1    0.01    0.08    0.13    2.57 ^ _230_/Y (sky130_fd_sc_hd__inv_2)
                                         _038_ (net)
                  0.08    0.00    2.57 ^ _259_/RESET_B (sky130_fd_sc_hd__dfrtp_2)
                                  2.57   data arrival time

                          0.00    0.00   clock CLK100MHZ (rise edge)
                          0.00    0.00   clock source latency
     1    0.02    0.14    0.10    0.10 ^ CLK100MHZ (in)
                                         CLK100MHZ (net)
                  0.14    0.00    0.10 ^ clkbuf_0_CLK100MHZ/A (sky130_fd_sc_hd__clkbuf_16)
     4    0.04    0.10    0.30    0.40 ^ clkbuf_0_CLK100MHZ/X (sky130_fd_sc_hd__clkbuf_16)
                                         clknet_0_CLK100MHZ (net)
                  0.10    0.00    0.40 ^ clkbuf_2_1__f_CLK100MHZ/A (sky130_fd_sc_hd__clkbuf_16)
     8    0.02    0.07    0.25    0.65 ^ clkbuf_2_1__f_CLK100MHZ/X (sky130_fd_sc_hd__clkbuf_16)
                                         clknet_2_1__leaf_CLK100MHZ (net)
                  0.07    0.00    0.65 ^ _259_/CLK (sky130_fd_sc_hd__dfrtp_2)
                          0.25    0.90   clock uncertainty
                          0.00    0.90   clock reconvergence pessimism
                          0.66    1.56   library removal time
                                  1.56   data required time
-----------------------------------------------------------------------------
                                  1.56   data required time
                                 -2.57   data arrival time
-----------------------------------------------------------------------------
                                  1.00   slack (MET)


Startpoint: BTNC (input port clocked by CLK100MHZ)
Endpoint: _269_ (removal check against rising-edge clock CLK100MHZ)
Path Group: asynchronous
Path Type: min
Corner: Slowest

Fanout     Cap    Slew   Delay    Time   Description
-----------------------------------------------------------------------------
                          0.00    0.00   clock CLK100MHZ (rise edge)
                          0.00    0.00   clock network delay (propagated)
                          2.00    2.00 v input external delay
     2    0.02    0.09    0.06    2.06 v BTNC (in)
                                         BTNC (net)
                  0.09    0.00    2.06 v _214_/A (sky130_fd_sc_hd__buf_4)
    10    0.07    0.17    0.35    2.41 v _214_/X (sky130_fd_sc_hd__buf_4)
                                         _112_ (net)
                  0.17    0.00    2.42 v _240_/A (sky130_fd_sc_hd__inv_2)
     1    0.02    0.15    0.19    2.60 ^ _240_/Y (sky130_fd_sc_hd__inv_2)
                                         _048_ (net)
                  0.15    0.00    2.60 ^ _269_/RESET_B (sky130_fd_sc_hd__dfrtp_1)
                                  2.60   data arrival time

                          0.00    0.00   clock CLK100MHZ (rise edge)
                          0.00    0.00   clock source latency
     1    0.02    0.14    0.10    0.10 ^ CLK100MHZ (in)
                                         CLK100MHZ (net)
                  0.14    0.00    0.10 ^ clkbuf_0_CLK100MHZ/A (sky130_fd_sc_hd__clkbuf_16)
     4    0.04    0.10    0.30    0.40 ^ clkbuf_0_CLK100MHZ/X (sky130_fd_sc_hd__clkbuf_16)
                                         clknet_0_CLK100MHZ (net)
                  0.10    0.00    0.40 ^ clkbuf_2_2__f_CLK100MHZ/A (sky130_fd_sc_hd__clkbuf_16)
     8    0.03    0.08    0.26    0.66 ^ clkbuf_2_2__f_CLK100MHZ/X (sky130_fd_sc_hd__clkbuf_16)
                                         clknet_2_2__leaf_CLK100MHZ (net)
                  0.08    0.00    0.66 ^ _269_/CLK (sky130_fd_sc_hd__dfrtp_1)
                          0.25    0.91   clock uncertainty
                          0.00    0.91   clock reconvergence pessimism
                          0.68    1.60   library removal time
                                  1.60   data required time
-----------------------------------------------------------------------------
                                  1.60   data required time
                                 -2.60   data arrival time
-----------------------------------------------------------------------------
                                  1.01   slack (MET)


Startpoint: BTNC (input port clocked by CLK100MHZ)
Endpoint: _264_ (removal check against rising-edge clock CLK100MHZ)
Path Group: asynchronous
Path Type: min
Corner: Slowest

Fanout     Cap    Slew   Delay    Time   Description
-----------------------------------------------------------------------------
                          0.00    0.00   clock CLK100MHZ (rise edge)
                          0.00    0.00   clock network delay (propagated)
                          2.00    2.00 v input external delay
     2    0.02    0.09    0.06    2.06 v BTNC (in)
                                         BTNC (net)
                  0.09    0.00    2.06 v _226_/A (sky130_fd_sc_hd__buf_4)
    10    0.08    0.20    0.38    2.44 v _226_/X (sky130_fd_sc_hd__buf_4)
                                         _114_ (net)
                  0.20    0.00    2.44 v _235_/A (sky130_fd_sc_hd__inv_2)
     1    0.01    0.10    0.15    2.59 ^ _235_/Y (sky130_fd_sc_hd__inv_2)
                                         _043_ (net)
                  0.10    0.00    2.59 ^ _264_/RESET_B (sky130_fd_sc_hd__dfrtp_1)
                                  2.59   data arrival time

                          0.00    0.00   clock CLK100MHZ (rise edge)
                          0.00    0.00   clock source latency
     1    0.02    0.14    0.10    0.10 ^ CLK100MHZ (in)
                                         CLK100MHZ (net)
                  0.14    0.00    0.10 ^ clkbuf_0_CLK100MHZ/A (sky130_fd_sc_hd__clkbuf_16)
     4    0.04    0.10    0.30    0.40 ^ clkbuf_0_CLK100MHZ/X (sky130_fd_sc_hd__clkbuf_16)
                                         clknet_0_CLK100MHZ (net)
                  0.10    0.00    0.40 ^ clkbuf_2_0__f_CLK100MHZ/A (sky130_fd_sc_hd__clkbuf_16)
     8    0.03    0.08    0.26    0.66 ^ clkbuf_2_0__f_CLK100MHZ/X (sky130_fd_sc_hd__clkbuf_16)
                                         clknet_2_0__leaf_CLK100MHZ (net)
                  0.08    0.00    0.66 ^ _264_/CLK (sky130_fd_sc_hd__dfrtp_1)
                          0.25    0.91   clock uncertainty
                          0.00    0.91   clock reconvergence pessimism
                          0.67    1.58   library removal time
                                  1.58   data required time
-----------------------------------------------------------------------------
                                  1.58   data required time
                                 -2.59   data arrival time
-----------------------------------------------------------------------------
                                  1.01   slack (MET)


Startpoint: _272_ (rising edge-triggered flip-flop clocked by CLK100MHZ)
Endpoint: _272_ (rising edge-triggered flip-flop clocked by CLK100MHZ)
Path Group: CLK100MHZ
Path Type: min
Corner: Slowest

Fanout     Cap    Slew   Delay    Time   Description
-----------------------------------------------------------------------------
                          0.00    0.00   clock CLK100MHZ (rise edge)
                          0.00    0.00   clock source latency
     1    0.02    0.14    0.09    0.09 ^ CLK100MHZ (in)
                                         CLK100MHZ (net)
                  0.14    0.00    0.09 ^ clkbuf_0_CLK100MHZ/A (sky130_fd_sc_hd__clkbuf_16)
     4    0.04    0.10    0.27    0.36 ^ clkbuf_0_CLK100MHZ/X (sky130_fd_sc_hd__clkbuf_16)
                                         clknet_0_CLK100MHZ (net)
                  0.10    0.00    0.36 ^ clkbuf_2_1__f_CLK100MHZ/A (sky130_fd_sc_hd__clkbuf_16)
     8    0.02    0.07    0.23    0.59 ^ clkbuf_2_1__f_CLK100MHZ/X (sky130_fd_sc_hd__clkbuf_16)
                                         clknet_2_1__leaf_CLK100MHZ (net)
                  0.07    0.00    0.59 ^ _272_/CLK (sky130_fd_sc_hd__dfrtp_1)
     3    0.03    0.38    0.84    1.43 ^ _272_/Q (sky130_fd_sc_hd__dfrtp_1)
                                         decoder.delay[22] (net)
                  0.38    0.00    1.43 ^ _149_/B2 (sky130_fd_sc_hd__o2bb2a_1)
     1    0.00    0.09    0.35    1.77 ^ _149_/X (sky130_fd_sc_hd__o2bb2a_1)
                                         _014_ (net)
                  0.09    0.00    1.77 ^ _272_/D (sky130_fd_sc_hd__dfrtp_1)
                                  1.77   data arrival time

                          0.00    0.00   clock CLK100MHZ (rise edge)
                          0.00    0.00   clock source latency
     1    0.02    0.14    0.10    0.10 ^ CLK100MHZ (in)
                                         CLK100MHZ (net)
                  0.14    0.00    0.10 ^ clkbuf_0_CLK100MHZ/A (sky130_fd_sc_hd__clkbuf_16)
     4    0.04    0.10    0.30    0.40 ^ clkbuf_0_CLK100MHZ/X (sky130_fd_sc_hd__clkbuf_16)
                                         clknet_0_CLK100MHZ (net)
                  0.10    0.00    0.40 ^ clkbuf_2_1__f_CLK100MHZ/A (sky130_fd_sc_hd__clkbuf_16)
     8    0.02    0.07    0.25    0.65 ^ clkbuf_2_1__f_CLK100MHZ/X (sky130_fd_sc_hd__clkbuf_16)
                                         clknet_2_1__leaf_CLK100MHZ (net)
                  0.07    0.00    0.65 ^ _272_/CLK (sky130_fd_sc_hd__dfrtp_1)
                          0.25    0.90   clock uncertainty
                         -0.06    0.84   clock reconvergence pessimism
                         -0.08    0.76   library hold time
                                  0.76   data required time
-----------------------------------------------------------------------------
                                  0.76   data required time
                                 -1.77   data arrival time
-----------------------------------------------------------------------------
                                  1.01   slack (MET)


Startpoint: BTNC (input port clocked by CLK100MHZ)
Endpoint: _257_ (removal check against rising-edge clock CLK100MHZ)
Path Group: asynchronous
Path Type: min
Corner: Slowest

Fanout     Cap    Slew   Delay    Time   Description
-----------------------------------------------------------------------------
                          0.00    0.00   clock CLK100MHZ (rise edge)
                          0.00    0.00   clock network delay (propagated)
                          2.00    2.00 v input external delay
     2    0.02    0.09    0.06    2.06 v BTNC (in)
                                         BTNC (net)
                  0.09    0.00    2.06 v _226_/A (sky130_fd_sc_hd__buf_4)
    10    0.08    0.20    0.38    2.44 v _226_/X (sky130_fd_sc_hd__buf_4)
                                         _114_ (net)
                  0.20    0.00    2.44 v _228_/A (sky130_fd_sc_hd__inv_2)
     1    0.01    0.10    0.16    2.59 ^ _228_/Y (sky130_fd_sc_hd__inv_2)
                                         _036_ (net)
                  0.10    0.00    2.59 ^ _257_/RESET_B (sky130_fd_sc_hd__dfrtp_1)
                                  2.59   data arrival time

                          0.00    0.00   clock CLK100MHZ (rise edge)
                          0.00    0.00   clock source latency
     1    0.02    0.14    0.10    0.10 ^ CLK100MHZ (in)
                                         CLK100MHZ (net)
                  0.14    0.00    0.10 ^ clkbuf_0_CLK100MHZ/A (sky130_fd_sc_hd__clkbuf_16)
     4    0.04    0.10    0.30    0.40 ^ clkbuf_0_CLK100MHZ/X (sky130_fd_sc_hd__clkbuf_16)
                                         clknet_0_CLK100MHZ (net)
                  0.10    0.00    0.40 ^ clkbuf_2_3__f_CLK100MHZ/A (sky130_fd_sc_hd__clkbuf_16)
     8    0.03    0.08    0.26    0.66 ^ clkbuf_2_3__f_CLK100MHZ/X (sky130_fd_sc_hd__clkbuf_16)
                                         clknet_2_3__leaf_CLK100MHZ (net)
                  0.08    0.00    0.66 ^ _257_/CLK (sky130_fd_sc_hd__dfrtp_1)
                          0.25    0.91   clock uncertainty
                          0.00    0.91   clock reconvergence pessimism
                          0.67    1.58   library removal time
                                  1.58   data required time
-----------------------------------------------------------------------------
                                  1.58   data required time
                                 -2.59   data arrival time
-----------------------------------------------------------------------------
                                  1.01   slack (MET)


Startpoint: BTNC (input port clocked by CLK100MHZ)
Endpoint: _263_ (removal check against rising-edge clock CLK100MHZ)
Path Group: asynchronous
Path Type: min
Corner: Slowest

Fanout     Cap    Slew   Delay    Time   Description
-----------------------------------------------------------------------------
                          0.00    0.00   clock CLK100MHZ (rise edge)
                          0.00    0.00   clock network delay (propagated)
                          2.00    2.00 v input external delay
     2    0.02    0.09    0.06    2.06 v BTNC (in)
                                         BTNC (net)
                  0.09    0.00    2.06 v _226_/A (sky130_fd_sc_hd__buf_4)
    10    0.08    0.20    0.38    2.44 v _226_/X (sky130_fd_sc_hd__buf_4)
                                         _114_ (net)
                  0.20    0.00    2.44 v _234_/A (sky130_fd_sc_hd__inv_2)
     1    0.01    0.11    0.16    2.60 ^ _234_/Y (sky130_fd_sc_hd__inv_2)
                                         _042_ (net)
                  0.11    0.00    2.60 ^ _263_/RESET_B (sky130_fd_sc_hd__dfrtp_1)
                                  2.60   data arrival time

                          0.00    0.00   clock CLK100MHZ (rise edge)
                          0.00    0.00   clock source latency
     1    0.02    0.14    0.10    0.10 ^ CLK100MHZ (in)
                                         CLK100MHZ (net)
                  0.14    0.00    0.10 ^ clkbuf_0_CLK100MHZ/A (sky130_fd_sc_hd__clkbuf_16)
     4    0.04    0.10    0.30    0.40 ^ clkbuf_0_CLK100MHZ/X (sky130_fd_sc_hd__clkbuf_16)
                                         clknet_0_CLK100MHZ (net)
                  0.10    0.00    0.40 ^ clkbuf_2_2__f_CLK100MHZ/A (sky130_fd_sc_hd__clkbuf_16)
     8    0.03    0.08    0.26    0.66 ^ clkbuf_2_2__f_CLK100MHZ/X (sky130_fd_sc_hd__clkbuf_16)
                                         clknet_2_2__leaf_CLK100MHZ (net)
                  0.08    0.00    0.66 ^ _263_/CLK (sky130_fd_sc_hd__dfrtp_1)
                          0.25    0.91   clock uncertainty
                          0.00    0.91   clock reconvergence pessimism
                          0.67    1.59   library removal time
                                  1.59   data required time
-----------------------------------------------------------------------------
                                  1.59   data required time
                                 -2.60   data arrival time
-----------------------------------------------------------------------------
                                  1.02   slack (MET)


Startpoint: BTNC (input port clocked by CLK100MHZ)
Endpoint: _258_ (removal check against rising-edge clock CLK100MHZ)
Path Group: asynchronous
Path Type: min
Corner: Slowest

Fanout     Cap    Slew   Delay    Time   Description
-----------------------------------------------------------------------------
                          0.00    0.00   clock CLK100MHZ (rise edge)
                          0.00    0.00   clock network delay (propagated)
                          2.00    2.00 v input external delay
     2    0.02    0.09    0.06    2.06 v BTNC (in)
                                         BTNC (net)
                  0.09    0.00    2.06 v _226_/A (sky130_fd_sc_hd__buf_4)
    10    0.08    0.20    0.38    2.44 v _226_/X (sky130_fd_sc_hd__buf_4)
                                         _114_ (net)
                  0.20    0.00    2.44 v _229_/A (sky130_fd_sc_hd__inv_2)
     1    0.01    0.12    0.17    2.61 ^ _229_/Y (sky130_fd_sc_hd__inv_2)
                                         _037_ (net)
                  0.12    0.00    2.61 ^ _258_/RESET_B (sky130_fd_sc_hd__dfrtp_4)
                                  2.61   data arrival time

                          0.00    0.00   clock CLK100MHZ (rise edge)
                          0.00    0.00   clock source latency
     1    0.02    0.14    0.10    0.10 ^ CLK100MHZ (in)
                                         CLK100MHZ (net)
                  0.14    0.00    0.10 ^ clkbuf_0_CLK100MHZ/A (sky130_fd_sc_hd__clkbuf_16)
     4    0.04    0.10    0.30    0.40 ^ clkbuf_0_CLK100MHZ/X (sky130_fd_sc_hd__clkbuf_16)
                                         clknet_0_CLK100MHZ (net)
                  0.10    0.00    0.40 ^ clkbuf_2_3__f_CLK100MHZ/A (sky130_fd_sc_hd__clkbuf_16)
     8    0.03    0.08    0.26    0.66 ^ clkbuf_2_3__f_CLK100MHZ/X (sky130_fd_sc_hd__clkbuf_16)
                                         clknet_2_3__leaf_CLK100MHZ (net)
                  0.08    0.00    0.66 ^ _258_/CLK (sky130_fd_sc_hd__dfrtp_4)
                          0.25    0.91   clock uncertainty
                          0.00    0.91   clock reconvergence pessimism
                          0.68    1.59   library removal time
                                  1.59   data required time
-----------------------------------------------------------------------------
                                  1.59   data required time
                                 -2.61   data arrival time
-----------------------------------------------------------------------------
                                  1.02   slack (MET)


Startpoint: BTNC (input port clocked by CLK100MHZ)
Endpoint: _262_ (removal check against rising-edge clock CLK100MHZ)
Path Group: asynchronous
Path Type: min
Corner: Slowest

Fanout     Cap    Slew   Delay    Time   Description
-----------------------------------------------------------------------------
                          0.00    0.00   clock CLK100MHZ (rise edge)
                          0.00    0.00   clock network delay (propagated)
                          2.00    2.00 v input external delay
     2    0.02    0.09    0.06    2.06 v BTNC (in)
                                         BTNC (net)
                  0.09    0.00    2.06 v _226_/A (sky130_fd_sc_hd__buf_4)
    10    0.08    0.20    0.38    2.44 v _226_/X (sky130_fd_sc_hd__buf_4)
                                         _114_ (net)
                  0.20    0.00    2.44 v _233_/A (sky130_fd_sc_hd__inv_2)
     1    0.01    0.13    0.17    2.61 ^ _233_/Y (sky130_fd_sc_hd__inv_2)
                                         _041_ (net)
                  0.13    0.00    2.61 ^ _262_/RESET_B (sky130_fd_sc_hd__dfrtp_2)
                                  2.61   data arrival time

                          0.00    0.00   clock CLK100MHZ (rise edge)
                          0.00    0.00   clock source latency
     1    0.02    0.14    0.10    0.10 ^ CLK100MHZ (in)
                                         CLK100MHZ (net)
                  0.14    0.00    0.10 ^ clkbuf_0_CLK100MHZ/A (sky130_fd_sc_hd__clkbuf_16)
     4    0.04    0.10    0.30    0.40 ^ clkbuf_0_CLK100MHZ/X (sky130_fd_sc_hd__clkbuf_16)
                                         clknet_0_CLK100MHZ (net)
                  0.10    0.00    0.40 ^ clkbuf_2_2__f_CLK100MHZ/A (sky130_fd_sc_hd__clkbuf_16)
     8    0.03    0.08    0.26    0.66 ^ clkbuf_2_2__f_CLK100MHZ/X (sky130_fd_sc_hd__clkbuf_16)
                                         clknet_2_2__leaf_CLK100MHZ (net)
                  0.08    0.00    0.66 ^ _262_/CLK (sky130_fd_sc_hd__dfrtp_2)
                          0.25    0.91   clock uncertainty
                          0.00    0.91   clock reconvergence pessimism
                          0.68    1.59   library removal time
                                  1.59   data required time
-----------------------------------------------------------------------------
                                  1.59   data required time
                                 -2.61   data arrival time
-----------------------------------------------------------------------------
                                  1.02   slack (MET)


Startpoint: _255_ (rising edge-triggered flip-flop clocked by CLK100MHZ)
Endpoint: _255_ (rising edge-triggered flip-flop clocked by CLK100MHZ)
Path Group: CLK100MHZ
Path Type: min
Corner: Slowest

Fanout     Cap    Slew   Delay    Time   Description
-----------------------------------------------------------------------------
                          0.00    0.00   clock CLK100MHZ (rise edge)
                          0.00    0.00   clock source latency
     1    0.02    0.14    0.09    0.09 ^ CLK100MHZ (in)
                                         CLK100MHZ (net)
                  0.14    0.00    0.09 ^ clkbuf_0_CLK100MHZ/A (sky130_fd_sc_hd__clkbuf_16)
     4    0.04    0.10    0.27    0.36 ^ clkbuf_0_CLK100MHZ/X (sky130_fd_sc_hd__clkbuf_16)
                                         clknet_0_CLK100MHZ (net)
                  0.10    0.00    0.36 ^ clkbuf_2_0__f_CLK100MHZ/A (sky130_fd_sc_hd__clkbuf_16)
     8    0.03    0.08    0.23    0.60 ^ clkbuf_2_0__f_CLK100MHZ/X (sky130_fd_sc_hd__clkbuf_16)
                                         clknet_2_0__leaf_CLK100MHZ (net)
                  0.08    0.00    0.60 ^ _255_/CLK (sky130_fd_sc_hd__dfrtp_2)
     4    0.03    0.26    0.82    1.42 ^ _255_/Q (sky130_fd_sc_hd__dfrtp_2)
                                         decoder.delay[5] (net)
                  0.26    0.00    1.42 ^ _178_/A (sky130_fd_sc_hd__nor2_1)
     1    0.01    0.09    0.18    1.60 v _178_/Y (sky130_fd_sc_hd__nor2_1)
                                         _091_ (net)
                  0.09    0.00    1.60 v _179_/B (sky130_fd_sc_hd__nor2_1)
     1    0.01    0.19    0.19    1.79 ^ _179_/Y (sky130_fd_sc_hd__nor2_1)
                                         _020_ (net)
                  0.19    0.00    1.79 ^ _255_/D (sky130_fd_sc_hd__dfrtp_2)
                                  1.79   data arrival time

                          0.00    0.00   clock CLK100MHZ (rise edge)
                          0.00    0.00   clock source latency
     1    0.02    0.14    0.10    0.10 ^ CLK100MHZ (in)
                                         CLK100MHZ (net)
                  0.14    0.00    0.10 ^ clkbuf_0_CLK100MHZ/A (sky130_fd_sc_hd__clkbuf_16)
     4    0.04    0.10    0.30    0.40 ^ clkbuf_0_CLK100MHZ/X (sky130_fd_sc_hd__clkbuf_16)
                                         clknet_0_CLK100MHZ (net)
                  0.10    0.00    0.40 ^ clkbuf_2_0__f_CLK100MHZ/A (sky130_fd_sc_hd__clkbuf_16)
     8    0.03    0.08    0.26    0.66 ^ clkbuf_2_0__f_CLK100MHZ/X (sky130_fd_sc_hd__clkbuf_16)
                                         clknet_2_0__leaf_CLK100MHZ (net)
                  0.08    0.00    0.66 ^ _255_/CLK (sky130_fd_sc_hd__dfrtp_2)
                          0.25    0.91   clock uncertainty
                         -0.06    0.85   clock reconvergence pessimism
                         -0.10    0.75   library hold time
                                  0.75   data required time
-----------------------------------------------------------------------------
                                  0.75   data required time
                                 -1.79   data arrival time
-----------------------------------------------------------------------------
                                  1.04   slack (MET)


Startpoint: BTNC (input port clocked by CLK100MHZ)
Endpoint: _260_ (removal check against rising-edge clock CLK100MHZ)
Path Group: asynchronous
Path Type: min
Corner: Slowest

Fanout     Cap    Slew   Delay    Time   Description
-----------------------------------------------------------------------------
                          0.00    0.00   clock CLK100MHZ (rise edge)
                          0.00    0.00   clock network delay (propagated)
                          2.00    2.00 v input external delay
     2    0.02    0.09    0.06    2.06 v BTNC (in)
                                         BTNC (net)
                  0.09    0.00    2.06 v _226_/A (sky130_fd_sc_hd__buf_4)
    10    0.08    0.20    0.38    2.44 v _226_/X (sky130_fd_sc_hd__buf_4)
                                         _114_ (net)
                  0.20    0.00    2.44 v _231_/A (sky130_fd_sc_hd__inv_2)
     1    0.02    0.14    0.18    2.62 ^ _231_/Y (sky130_fd_sc_hd__inv_2)
                                         _039_ (net)
                  0.14    0.00    2.62 ^ _260_/RESET_B (sky130_fd_sc_hd__dfrtp_1)
                                  2.62   data arrival time

                          0.00    0.00   clock CLK100MHZ (rise edge)
                          0.00    0.00   clock source latency
     1    0.02    0.14    0.10    0.10 ^ CLK100MHZ (in)
                                         CLK100MHZ (net)
                  0.14    0.00    0.10 ^ clkbuf_0_CLK100MHZ/A (sky130_fd_sc_hd__clkbuf_16)
     4    0.04    0.10    0.30    0.40 ^ clkbuf_0_CLK100MHZ/X (sky130_fd_sc_hd__clkbuf_16)
                                         clknet_0_CLK100MHZ (net)
                  0.10    0.00    0.40 ^ clkbuf_2_1__f_CLK100MHZ/A (sky130_fd_sc_hd__clkbuf_16)
     8    0.02    0.07    0.25    0.65 ^ clkbuf_2_1__f_CLK100MHZ/X (sky130_fd_sc_hd__clkbuf_16)
                                         clknet_2_1__leaf_CLK100MHZ (net)
                  0.07    0.00    0.65 ^ _260_/CLK (sky130_fd_sc_hd__dfrtp_1)
                          0.25    0.90   clock uncertainty
                          0.00    0.90   clock reconvergence pessimism
                          0.68    1.58   library removal time
                                  1.58   data required time
-----------------------------------------------------------------------------
                                  1.58   data required time
                                 -2.62   data arrival time
-----------------------------------------------------------------------------
                                  1.04   slack (MET)


Startpoint: BTNC (input port clocked by CLK100MHZ)
Endpoint: _265_ (removal check against rising-edge clock CLK100MHZ)
Path Group: asynchronous
Path Type: min
Corner: Slowest

Fanout     Cap    Slew   Delay    Time   Description
-----------------------------------------------------------------------------
                          0.00    0.00   clock CLK100MHZ (rise edge)
                          0.00    0.00   clock network delay (propagated)
                          2.00    2.00 v input external delay
     2    0.02    0.09    0.06    2.06 v BTNC (in)
                                         BTNC (net)
                  0.09    0.00    2.06 v _226_/A (sky130_fd_sc_hd__buf_4)
    10    0.08    0.20    0.38    2.44 v _226_/X (sky130_fd_sc_hd__buf_4)
                                         _114_ (net)
                  0.20    0.00    2.44 v _236_/A (sky130_fd_sc_hd__inv_2)
     1    0.02    0.14    0.19    2.63 ^ _236_/Y (sky130_fd_sc_hd__inv_2)
                                         _044_ (net)
                  0.14    0.00    2.63 ^ _265_/RESET_B (sky130_fd_sc_hd__dfrtp_1)
                                  2.63   data arrival time

                          0.00    0.00   clock CLK100MHZ (rise edge)
                          0.00    0.00   clock source latency
     1    0.02    0.14    0.10    0.10 ^ CLK100MHZ (in)
                                         CLK100MHZ (net)
                  0.14    0.00    0.10 ^ clkbuf_0_CLK100MHZ/A (sky130_fd_sc_hd__clkbuf_16)
     4    0.04    0.10    0.30    0.40 ^ clkbuf_0_CLK100MHZ/X (sky130_fd_sc_hd__clkbuf_16)
                                         clknet_0_CLK100MHZ (net)
                  0.10    0.00    0.40 ^ clkbuf_2_1__f_CLK100MHZ/A (sky130_fd_sc_hd__clkbuf_16)
     8    0.02    0.07    0.25    0.65 ^ clkbuf_2_1__f_CLK100MHZ/X (sky130_fd_sc_hd__clkbuf_16)
                                         clknet_2_1__leaf_CLK100MHZ (net)
                  0.07    0.00    0.65 ^ _265_/CLK (sky130_fd_sc_hd__dfrtp_1)
                          0.25    0.90   clock uncertainty
                          0.00    0.90   clock reconvergence pessimism
                          0.68    1.58   library removal time
                                  1.58   data required time
-----------------------------------------------------------------------------
                                  1.58   data required time
                                 -2.63   data arrival time
-----------------------------------------------------------------------------
                                  1.05   slack (MET)


Startpoint: _254_ (rising edge-triggered flip-flop clocked by CLK100MHZ)
Endpoint: _254_ (rising edge-triggered flip-flop clocked by CLK100MHZ)
Path Group: CLK100MHZ
Path Type: min
Corner: Slowest

Fanout     Cap    Slew   Delay    Time   Description
-----------------------------------------------------------------------------
                          0.00    0.00   clock CLK100MHZ (rise edge)
                          0.00    0.00   clock source latency
     1    0.02    0.14    0.09    0.09 ^ CLK100MHZ (in)
                                         CLK100MHZ (net)
                  0.14    0.00    0.09 ^ clkbuf_0_CLK100MHZ/A (sky130_fd_sc_hd__clkbuf_16)
     4    0.04    0.10    0.27    0.36 ^ clkbuf_0_CLK100MHZ/X (sky130_fd_sc_hd__clkbuf_16)
                                         clknet_0_CLK100MHZ (net)
                  0.10    0.00    0.36 ^ clkbuf_2_1__f_CLK100MHZ/A (sky130_fd_sc_hd__clkbuf_16)
     8    0.02    0.07    0.23    0.59 ^ clkbuf_2_1__f_CLK100MHZ/X (sky130_fd_sc_hd__clkbuf_16)
                                         clknet_2_1__leaf_CLK100MHZ (net)
                  0.07    0.00    0.59 ^ _254_/CLK (sky130_fd_sc_hd__dfrtp_2)
     5    0.04    0.29    0.83    1.42 ^ _254_/Q (sky130_fd_sc_hd__dfrtp_2)
                                         decoder.delay[4] (net)
                  0.29    0.00    1.43 ^ _175_/A (sky130_fd_sc_hd__nor2_1)
     1    0.01    0.11    0.20    1.63 v _175_/Y (sky130_fd_sc_hd__nor2_1)
                                         _089_ (net)
                  0.11    0.00    1.63 v _176_/B (sky130_fd_sc_hd__nor2_1)
     1    0.00    0.16    0.17    1.80 ^ _176_/Y (sky130_fd_sc_hd__nor2_1)
                                         _019_ (net)
                  0.16    0.00    1.80 ^ _254_/D (sky130_fd_sc_hd__dfrtp_2)
                                  1.80   data arrival time

                          0.00    0.00   clock CLK100MHZ (rise edge)
                          0.00    0.00   clock source latency
     1    0.02    0.14    0.10    0.10 ^ CLK100MHZ (in)
                                         CLK100MHZ (net)
                  0.14    0.00    0.10 ^ clkbuf_0_CLK100MHZ/A (sky130_fd_sc_hd__clkbuf_16)
     4    0.04    0.10    0.30    0.40 ^ clkbuf_0_CLK100MHZ/X (sky130_fd_sc_hd__clkbuf_16)
                                         clknet_0_CLK100MHZ (net)
                  0.10    0.00    0.40 ^ clkbuf_2_1__f_CLK100MHZ/A (sky130_fd_sc_hd__clkbuf_16)
     8    0.02    0.07    0.25    0.65 ^ clkbuf_2_1__f_CLK100MHZ/X (sky130_fd_sc_hd__clkbuf_16)
                                         clknet_2_1__leaf_CLK100MHZ (net)
                  0.07    0.00    0.65 ^ _254_/CLK (sky130_fd_sc_hd__dfrtp_2)
                          0.25    0.90   clock uncertainty
                         -0.06    0.84   clock reconvergence pessimism
                         -0.10    0.74   library hold time
                                  0.74   data required time
-----------------------------------------------------------------------------
                                  0.74   data required time
                                 -1.80   data arrival time
-----------------------------------------------------------------------------
                                  1.06   slack (MET)


Startpoint: _271_ (rising edge-triggered flip-flop clocked by CLK100MHZ)
Endpoint: _271_ (rising edge-triggered flip-flop clocked by CLK100MHZ)
Path Group: CLK100MHZ
Path Type: min
Corner: Slowest

Fanout     Cap    Slew   Delay    Time   Description
-----------------------------------------------------------------------------
                          0.00    0.00   clock CLK100MHZ (rise edge)
                          0.00    0.00   clock source latency
     1    0.02    0.14    0.09    0.09 ^ CLK100MHZ (in)
                                         CLK100MHZ (net)
                  0.14    0.00    0.09 ^ clkbuf_0_CLK100MHZ/A (sky130_fd_sc_hd__clkbuf_16)
     4    0.04    0.10    0.27    0.36 ^ clkbuf_0_CLK100MHZ/X (sky130_fd_sc_hd__clkbuf_16)
                                         clknet_0_CLK100MHZ (net)
                  0.10    0.00    0.36 ^ clkbuf_2_0__f_CLK100MHZ/A (sky130_fd_sc_hd__clkbuf_16)
     8    0.03    0.08    0.23    0.60 ^ clkbuf_2_0__f_CLK100MHZ/X (sky130_fd_sc_hd__clkbuf_16)
                                         clknet_2_0__leaf_CLK100MHZ (net)
                  0.08    0.00    0.60 ^ _271_/CLK (sky130_fd_sc_hd__dfrtp_1)
     2    0.02    0.25    0.75    1.35 ^ _271_/Q (sky130_fd_sc_hd__dfrtp_1)
                                         decoder.delay[21] (net)
                  0.25    0.00    1.35 ^ _147_/A1 (sky130_fd_sc_hd__o21ba_1)
     1    0.02    0.27    0.45    1.80 ^ _147_/X (sky130_fd_sc_hd__o21ba_1)
                                         _013_ (net)
                  0.27    0.00    1.80 ^ _271_/D (sky130_fd_sc_hd__dfrtp_1)
                                  1.80   data arrival time

                          0.00    0.00   clock CLK100MHZ (rise edge)
                          0.00    0.00   clock source latency
     1    0.02    0.14    0.10    0.10 ^ CLK100MHZ (in)
                                         CLK100MHZ (net)
                  0.14    0.00    0.10 ^ clkbuf_0_CLK100MHZ/A (sky130_fd_sc_hd__clkbuf_16)
     4    0.04    0.10    0.30    0.40 ^ clkbuf_0_CLK100MHZ/X (sky130_fd_sc_hd__clkbuf_16)
                                         clknet_0_CLK100MHZ (net)
                  0.10    0.00    0.40 ^ clkbuf_2_0__f_CLK100MHZ/A (sky130_fd_sc_hd__clkbuf_16)
     8    0.03    0.08    0.26    0.66 ^ clkbuf_2_0__f_CLK100MHZ/X (sky130_fd_sc_hd__clkbuf_16)
                                         clknet_2_0__leaf_CLK100MHZ (net)
                  0.08    0.00    0.66 ^ _271_/CLK (sky130_fd_sc_hd__dfrtp_1)
                          0.25    0.91   clock uncertainty
                         -0.06    0.85   clock reconvergence pessimism
                         -0.12    0.73   library hold time
                                  0.73   data required time
-----------------------------------------------------------------------------
                                  0.73   data required time
                                 -1.80   data arrival time
-----------------------------------------------------------------------------
                                  1.07   slack (MET)


Startpoint: _247_ (rising edge-triggered flip-flop clocked by CLK100MHZ)
Endpoint: _247_ (rising edge-triggered flip-flop clocked by CLK100MHZ)
Path Group: CLK100MHZ
Path Type: min
Corner: Slowest

Fanout     Cap    Slew   Delay    Time   Description
-----------------------------------------------------------------------------
                          0.00    0.00   clock CLK100MHZ (rise edge)
                          0.00    0.00   clock source latency
     1    0.02    0.14    0.09    0.09 ^ CLK100MHZ (in)
                                         CLK100MHZ (net)
                  0.14    0.00    0.09 ^ clkbuf_0_CLK100MHZ/A (sky130_fd_sc_hd__clkbuf_16)
     4    0.04    0.10    0.27    0.36 ^ clkbuf_0_CLK100MHZ/X (sky130_fd_sc_hd__clkbuf_16)
                                         clknet_0_CLK100MHZ (net)
                  0.10    0.00    0.36 ^ clkbuf_2_3__f_CLK100MHZ/A (sky130_fd_sc_hd__clkbuf_16)
     8    0.03    0.08    0.23    0.60 ^ clkbuf_2_3__f_CLK100MHZ/X (sky130_fd_sc_hd__clkbuf_16)
                                         clknet_2_3__leaf_CLK100MHZ (net)
                  0.08    0.00    0.60 ^ _247_/CLK (sky130_fd_sc_hd__dfrtp_4)
     9    0.05    0.29    0.95    1.54 ^ _247_/Q (sky130_fd_sc_hd__dfrtp_4)
                                         decoder.count[1] (net)
                  0.29    0.00    1.55 ^ _140_/A (sky130_fd_sc_hd__xor2_1)
     1    0.01    0.12    0.27    1.81 v _140_/X (sky130_fd_sc_hd__xor2_1)
                                         _055_ (net)
                  0.12    0.00    1.81 v _247_/D (sky130_fd_sc_hd__dfrtp_4)
                                  1.81   data arrival time

                          0.00    0.00   clock CLK100MHZ (rise edge)
                          0.00    0.00   clock source latency
     1    0.02    0.14    0.10    0.10 ^ CLK100MHZ (in)
                                         CLK100MHZ (net)
                  0.14    0.00    0.10 ^ clkbuf_0_CLK100MHZ/A (sky130_fd_sc_hd__clkbuf_16)
     4    0.04    0.10    0.30    0.40 ^ clkbuf_0_CLK100MHZ/X (sky130_fd_sc_hd__clkbuf_16)
                                         clknet_0_CLK100MHZ (net)
                  0.10    0.00    0.40 ^ clkbuf_2_3__f_CLK100MHZ/A (sky130_fd_sc_hd__clkbuf_16)
     8    0.03    0.08    0.26    0.66 ^ clkbuf_2_3__f_CLK100MHZ/X (sky130_fd_sc_hd__clkbuf_16)
                                         clknet_2_3__leaf_CLK100MHZ (net)
                  0.08    0.00    0.66 ^ _247_/CLK (sky130_fd_sc_hd__dfrtp_4)
                          0.25    0.91   clock uncertainty
                         -0.06    0.85   clock reconvergence pessimism
                         -0.11    0.74   library hold time
                                  0.74   data required time
-----------------------------------------------------------------------------
                                  0.74   data required time
                                 -1.81   data arrival time
-----------------------------------------------------------------------------
                                  1.07   slack (MET)


Startpoint: _270_ (rising edge-triggered flip-flop clocked by CLK100MHZ)
Endpoint: _270_ (rising edge-triggered flip-flop clocked by CLK100MHZ)
Path Group: CLK100MHZ
Path Type: min
Corner: Slowest

Fanout     Cap    Slew   Delay    Time   Description
-----------------------------------------------------------------------------
                          0.00    0.00   clock CLK100MHZ (rise edge)
                          0.00    0.00   clock source latency
     1    0.02    0.14    0.09    0.09 ^ CLK100MHZ (in)
                                         CLK100MHZ (net)
                  0.14    0.00    0.09 ^ clkbuf_0_CLK100MHZ/A (sky130_fd_sc_hd__clkbuf_16)
     4    0.04    0.10    0.27    0.36 ^ clkbuf_0_CLK100MHZ/X (sky130_fd_sc_hd__clkbuf_16)
                                         clknet_0_CLK100MHZ (net)
                  0.10    0.00    0.36 ^ clkbuf_2_0__f_CLK100MHZ/A (sky130_fd_sc_hd__clkbuf_16)
     8    0.03    0.08    0.23    0.60 ^ clkbuf_2_0__f_CLK100MHZ/X (sky130_fd_sc_hd__clkbuf_16)
                                         clknet_2_0__leaf_CLK100MHZ (net)
                  0.08    0.00    0.60 ^ _270_/CLK (sky130_fd_sc_hd__dfrtp_1)
     3    0.02    0.25    0.75    1.35 ^ _270_/Q (sky130_fd_sc_hd__dfrtp_1)
                                         decoder.delay[20] (net)
                  0.25    0.00    1.35 ^ _143_/B1 (sky130_fd_sc_hd__a21oi_1)
     1    0.00    0.09    0.15    1.49 v _143_/Y (sky130_fd_sc_hd__a21oi_1)
                                         _072_ (net)
                  0.09    0.00    1.49 v _145_/A (sky130_fd_sc_hd__nor2_1)
     1    0.01    0.32    0.30    1.80 ^ _145_/Y (sky130_fd_sc_hd__nor2_1)
                                         _012_ (net)
                  0.32    0.00    1.80 ^ _270_/D (sky130_fd_sc_hd__dfrtp_1)
                                  1.80   data arrival time

                          0.00    0.00   clock CLK100MHZ (rise edge)
                          0.00    0.00   clock source latency
     1    0.02    0.14    0.10    0.10 ^ CLK100MHZ (in)
                                         CLK100MHZ (net)
                  0.14    0.00    0.10 ^ clkbuf_0_CLK100MHZ/A (sky130_fd_sc_hd__clkbuf_16)
     4    0.04    0.10    0.30    0.40 ^ clkbuf_0_CLK100MHZ/X (sky130_fd_sc_hd__clkbuf_16)
                                         clknet_0_CLK100MHZ (net)
                  0.10    0.00    0.40 ^ clkbuf_2_0__f_CLK100MHZ/A (sky130_fd_sc_hd__clkbuf_16)
     8    0.03    0.08    0.26    0.66 ^ clkbuf_2_0__f_CLK100MHZ/X (sky130_fd_sc_hd__clkbuf_16)
                                         clknet_2_0__leaf_CLK100MHZ (net)
                  0.08    0.00    0.66 ^ _270_/CLK (sky130_fd_sc_hd__dfrtp_1)
                          0.25    0.91   clock uncertainty
                         -0.06    0.85   clock reconvergence pessimism
                         -0.13    0.72   library hold time
                                  0.72   data required time
-----------------------------------------------------------------------------
                                  0.72   data required time
                                 -1.80   data arrival time
-----------------------------------------------------------------------------
                                  1.08   slack (MET)


Startpoint: _249_ (rising edge-triggered flip-flop clocked by CLK100MHZ)
Endpoint: _249_ (rising edge-triggered flip-flop clocked by CLK100MHZ)
Path Group: CLK100MHZ
Path Type: min
Corner: Slowest

Fanout     Cap    Slew   Delay    Time   Description
-----------------------------------------------------------------------------
                          0.00    0.00   clock CLK100MHZ (rise edge)
                          0.00    0.00   clock source latency
     1    0.02    0.14    0.09    0.09 ^ CLK100MHZ (in)
                                         CLK100MHZ (net)
                  0.14    0.00    0.09 ^ clkbuf_0_CLK100MHZ/A (sky130_fd_sc_hd__clkbuf_16)
     4    0.04    0.10    0.27    0.36 ^ clkbuf_0_CLK100MHZ/X (sky130_fd_sc_hd__clkbuf_16)
                                         clknet_0_CLK100MHZ (net)
                  0.10    0.00    0.36 ^ clkbuf_2_3__f_CLK100MHZ/A (sky130_fd_sc_hd__clkbuf_16)
     8    0.03    0.08    0.23    0.60 ^ clkbuf_2_3__f_CLK100MHZ/X (sky130_fd_sc_hd__clkbuf_16)
                                         clknet_2_3__leaf_CLK100MHZ (net)
                  0.08    0.00    0.60 ^ _249_/CLK (sky130_fd_sc_hd__dfrtp_4)
     6    0.04    0.25    0.92    1.52 ^ _249_/Q (sky130_fd_sc_hd__dfrtp_4)
                                         decoder.count[3] (net)
                  0.25    0.00    1.52 ^ _130_/A (sky130_fd_sc_hd__xor2_1)
     1    0.01    0.15    0.31    1.83 v _130_/X (sky130_fd_sc_hd__xor2_1)
                                         _057_ (net)
                  0.15    0.00    1.83 v _249_/D (sky130_fd_sc_hd__dfrtp_4)
                                  1.83   data arrival time

                          0.00    0.00   clock CLK100MHZ (rise edge)
                          0.00    0.00   clock source latency
     1    0.02    0.14    0.10    0.10 ^ CLK100MHZ (in)
                                         CLK100MHZ (net)
                  0.14    0.00    0.10 ^ clkbuf_0_CLK100MHZ/A (sky130_fd_sc_hd__clkbuf_16)
     4    0.04    0.10    0.30    0.40 ^ clkbuf_0_CLK100MHZ/X (sky130_fd_sc_hd__clkbuf_16)
                                         clknet_0_CLK100MHZ (net)
                  0.10    0.00    0.40 ^ clkbuf_2_3__f_CLK100MHZ/A (sky130_fd_sc_hd__clkbuf_16)
     8    0.03    0.08    0.26    0.66 ^ clkbuf_2_3__f_CLK100MHZ/X (sky130_fd_sc_hd__clkbuf_16)
                                         clknet_2_3__leaf_CLK100MHZ (net)
                  0.08    0.00    0.66 ^ _249_/CLK (sky130_fd_sc_hd__dfrtp_4)
                          0.25    0.91   clock uncertainty
                         -0.06    0.85   clock reconvergence pessimism
                         -0.12    0.73   library hold time
                                  0.73   data required time
-----------------------------------------------------------------------------
                                  0.73   data required time
                                 -1.83   data arrival time
-----------------------------------------------------------------------------
                                  1.10   slack (MET)


Startpoint: _267_ (rising edge-triggered flip-flop clocked by CLK100MHZ)
Endpoint: _267_ (rising edge-triggered flip-flop clocked by CLK100MHZ)
Path Group: CLK100MHZ
Path Type: min
Corner: Slowest

Fanout     Cap    Slew   Delay    Time   Description
-----------------------------------------------------------------------------
                          0.00    0.00   clock CLK100MHZ (rise edge)
                          0.00    0.00   clock source latency
     1    0.02    0.14    0.09    0.09 ^ CLK100MHZ (in)
                                         CLK100MHZ (net)
                  0.14    0.00    0.09 ^ clkbuf_0_CLK100MHZ/A (sky130_fd_sc_hd__clkbuf_16)
     4    0.04    0.10    0.27    0.36 ^ clkbuf_0_CLK100MHZ/X (sky130_fd_sc_hd__clkbuf_16)
                                         clknet_0_CLK100MHZ (net)
                  0.10    0.00    0.36 ^ clkbuf_2_3__f_CLK100MHZ/A (sky130_fd_sc_hd__clkbuf_16)
     8    0.03    0.08    0.23    0.60 ^ clkbuf_2_3__f_CLK100MHZ/X (sky130_fd_sc_hd__clkbuf_16)
                                         clknet_2_3__leaf_CLK100MHZ (net)
                  0.08    0.00    0.60 ^ _267_/CLK (sky130_fd_sc_hd__dfrtp_1)
     4    0.02    0.34    0.81    1.41 ^ _267_/Q (sky130_fd_sc_hd__dfrtp_1)
                                         decoder.delay[17] (net)
                  0.34    0.00    1.41 ^ _208_/B1 (sky130_fd_sc_hd__a21oi_1)
     1    0.01    0.11    0.17    1.58 v _208_/Y (sky130_fd_sc_hd__a21oi_1)
                                         _109_ (net)
                  0.11    0.00    1.58 v _210_/A (sky130_fd_sc_hd__nor2_1)
     1    0.01    0.27    0.28    1.86 ^ _210_/Y (sky130_fd_sc_hd__nor2_1)
                                         _008_ (net)
                  0.27    0.00    1.86 ^ _267_/D (sky130_fd_sc_hd__dfrtp_1)
                                  1.86   data arrival time

                          0.00    0.00   clock CLK100MHZ (rise edge)
                          0.00    0.00   clock source latency
     1    0.02    0.14    0.10    0.10 ^ CLK100MHZ (in)
                                         CLK100MHZ (net)
                  0.14    0.00    0.10 ^ clkbuf_0_CLK100MHZ/A (sky130_fd_sc_hd__clkbuf_16)
     4    0.04    0.10    0.30    0.40 ^ clkbuf_0_CLK100MHZ/X (sky130_fd_sc_hd__clkbuf_16)
                                         clknet_0_CLK100MHZ (net)
                  0.10    0.00    0.40 ^ clkbuf_2_3__f_CLK100MHZ/A (sky130_fd_sc_hd__clkbuf_16)
     8    0.03    0.08    0.26    0.66 ^ clkbuf_2_3__f_CLK100MHZ/X (sky130_fd_sc_hd__clkbuf_16)
                                         clknet_2_3__leaf_CLK100MHZ (net)
                  0.08    0.00    0.66 ^ _267_/CLK (sky130_fd_sc_hd__dfrtp_1)
                          0.25    0.91   clock uncertainty
                         -0.06    0.85   clock reconvergence pessimism
                         -0.12    0.73   library hold time
                                  0.73   data required time
-----------------------------------------------------------------------------
                                  0.73   data required time
                                 -1.86   data arrival time
-----------------------------------------------------------------------------
                                  1.13   slack (MET)


Startpoint: _252_ (rising edge-triggered flip-flop clocked by CLK100MHZ)
Endpoint: _252_ (rising edge-triggered flip-flop clocked by CLK100MHZ)
Path Group: CLK100MHZ
Path Type: min
Corner: Slowest

Fanout     Cap    Slew   Delay    Time   Description
-----------------------------------------------------------------------------
                          0.00    0.00   clock CLK100MHZ (rise edge)
                          0.00    0.00   clock source latency
     1    0.02    0.14    0.09    0.09 ^ CLK100MHZ (in)
                                         CLK100MHZ (net)
                  0.14    0.00    0.09 ^ clkbuf_0_CLK100MHZ/A (sky130_fd_sc_hd__clkbuf_16)
     4    0.04    0.10    0.27    0.36 ^ clkbuf_0_CLK100MHZ/X (sky130_fd_sc_hd__clkbuf_16)
                                         clknet_0_CLK100MHZ (net)
                  0.10    0.00    0.36 ^ clkbuf_2_2__f_CLK100MHZ/A (sky130_fd_sc_hd__clkbuf_16)
     8    0.03    0.08    0.24    0.60 ^ clkbuf_2_2__f_CLK100MHZ/X (sky130_fd_sc_hd__clkbuf_16)
                                         clknet_2_2__leaf_CLK100MHZ (net)
                  0.08    0.00    0.60 ^ _252_/CLK (sky130_fd_sc_hd__dfrtp_2)
     3    0.04    0.30    0.84    1.45 ^ _252_/Q (sky130_fd_sc_hd__dfrtp_2)
                                         decoder.delay[2] (net)
                  0.30    0.00    1.45 ^ _170_/A (sky130_fd_sc_hd__xnor2_1)
     1    0.02    0.31    0.43    1.88 ^ _170_/Y (sky130_fd_sc_hd__xnor2_1)
                                         _017_ (net)
                  0.31    0.00    1.88 ^ _252_/D (sky130_fd_sc_hd__dfrtp_2)
                                  1.88   data arrival time

                          0.00    0.00   clock CLK100MHZ (rise edge)
                          0.00    0.00   clock source latency
     1    0.02    0.14    0.10    0.10 ^ CLK100MHZ (in)
                                         CLK100MHZ (net)
                  0.14    0.00    0.10 ^ clkbuf_0_CLK100MHZ/A (sky130_fd_sc_hd__clkbuf_16)
     4    0.04    0.10    0.30    0.40 ^ clkbuf_0_CLK100MHZ/X (sky130_fd_sc_hd__clkbuf_16)
                                         clknet_0_CLK100MHZ (net)
                  0.10    0.00    0.40 ^ clkbuf_2_2__f_CLK100MHZ/A (sky130_fd_sc_hd__clkbuf_16)
     8    0.03    0.08    0.26    0.66 ^ clkbuf_2_2__f_CLK100MHZ/X (sky130_fd_sc_hd__clkbuf_16)
                                         clknet_2_2__leaf_CLK100MHZ (net)
                  0.08    0.00    0.66 ^ _252_/CLK (sky130_fd_sc_hd__dfrtp_2)
                          0.25    0.91   clock uncertainty
                         -0.06    0.85   clock reconvergence pessimism
                         -0.13    0.72   library hold time
                                  0.72   data required time
-----------------------------------------------------------------------------
                                  0.72   data required time
                                 -1.88   data arrival time
-----------------------------------------------------------------------------
                                  1.16   slack (MET)


Startpoint: _263_ (rising edge-triggered flip-flop clocked by CLK100MHZ)
Endpoint: _263_ (rising edge-triggered flip-flop clocked by CLK100MHZ)
Path Group: CLK100MHZ
Path Type: min
Corner: Slowest

Fanout     Cap    Slew   Delay    Time   Description
-----------------------------------------------------------------------------
                          0.00    0.00   clock CLK100MHZ (rise edge)
                          0.00    0.00   clock source latency
     1    0.02    0.14    0.09    0.09 ^ CLK100MHZ (in)
                                         CLK100MHZ (net)
                  0.14    0.00    0.09 ^ clkbuf_0_CLK100MHZ/A (sky130_fd_sc_hd__clkbuf_16)
     4    0.04    0.10    0.27    0.36 ^ clkbuf_0_CLK100MHZ/X (sky130_fd_sc_hd__clkbuf_16)
                                         clknet_0_CLK100MHZ (net)
                  0.10    0.00    0.36 ^ clkbuf_2_2__f_CLK100MHZ/A (sky130_fd_sc_hd__clkbuf_16)
     8    0.03    0.08    0.24    0.60 ^ clkbuf_2_2__f_CLK100MHZ/X (sky130_fd_sc_hd__clkbuf_16)
                                         clknet_2_2__leaf_CLK100MHZ (net)
                  0.08    0.00    0.60 ^ _263_/CLK (sky130_fd_sc_hd__dfrtp_1)
     4    0.03    0.41    0.86    1.46 ^ _263_/Q (sky130_fd_sc_hd__dfrtp_1)
                                         decoder.delay[13] (net)
                  0.41    0.00    1.46 ^ _202_/A1 (sky130_fd_sc_hd__o21ba_1)
     1    0.01    0.20    0.45    1.91 ^ _202_/X (sky130_fd_sc_hd__o21ba_1)
                                         _004_ (net)
                  0.20    0.00    1.91 ^ _263_/D (sky130_fd_sc_hd__dfrtp_1)
                                  1.91   data arrival time

                          0.00    0.00   clock CLK100MHZ (rise edge)
                          0.00    0.00   clock source latency
     1    0.02    0.14    0.10    0.10 ^ CLK100MHZ (in)
                                         CLK100MHZ (net)
                  0.14    0.00    0.10 ^ clkbuf_0_CLK100MHZ/A (sky130_fd_sc_hd__clkbuf_16)
     4    0.04    0.10    0.30    0.40 ^ clkbuf_0_CLK100MHZ/X (sky130_fd_sc_hd__clkbuf_16)
                                         clknet_0_CLK100MHZ (net)
                  0.10    0.00    0.40 ^ clkbuf_2_2__f_CLK100MHZ/A (sky130_fd_sc_hd__clkbuf_16)
     8    0.03    0.08    0.26    0.66 ^ clkbuf_2_2__f_CLK100MHZ/X (sky130_fd_sc_hd__clkbuf_16)
                                         clknet_2_2__leaf_CLK100MHZ (net)
                  0.08    0.00    0.66 ^ _263_/CLK (sky130_fd_sc_hd__dfrtp_1)
                          0.25    0.91   clock uncertainty
                         -0.06    0.85   clock reconvergence pessimism
                         -0.10    0.75   library hold time
                                  0.75   data required time
-----------------------------------------------------------------------------
                                  0.75   data required time
                                 -1.91   data arrival time
-----------------------------------------------------------------------------
                                  1.16   slack (MET)


Startpoint: _265_ (rising edge-triggered flip-flop clocked by CLK100MHZ)
Endpoint: _265_ (rising edge-triggered flip-flop clocked by CLK100MHZ)
Path Group: CLK100MHZ
Path Type: min
Corner: Slowest

Fanout     Cap    Slew   Delay    Time   Description
-----------------------------------------------------------------------------
                          0.00    0.00   clock CLK100MHZ (rise edge)
                          0.00    0.00   clock source latency
     1    0.02    0.14    0.09    0.09 ^ CLK100MHZ (in)
                                         CLK100MHZ (net)
                  0.14    0.00    0.09 ^ clkbuf_0_CLK100MHZ/A (sky130_fd_sc_hd__clkbuf_16)
     4    0.04    0.10    0.27    0.36 ^ clkbuf_0_CLK100MHZ/X (sky130_fd_sc_hd__clkbuf_16)
                                         clknet_0_CLK100MHZ (net)
                  0.10    0.00    0.36 ^ clkbuf_2_1__f_CLK100MHZ/A (sky130_fd_sc_hd__clkbuf_16)
     8    0.02    0.07    0.23    0.59 ^ clkbuf_2_1__f_CLK100MHZ/X (sky130_fd_sc_hd__clkbuf_16)
                                         clknet_2_1__leaf_CLK100MHZ (net)
                  0.07    0.00    0.59 ^ _265_/CLK (sky130_fd_sc_hd__dfrtp_1)
     2    0.02    0.23    0.85    1.44 v _265_/Q (sky130_fd_sc_hd__dfrtp_1)
                                         decoder.delay[15] (net)
                  0.23    0.00    1.44 v _205_/B1 (sky130_fd_sc_hd__a21oi_1)
     1    0.00    0.20    0.28    1.72 ^ _205_/Y (sky130_fd_sc_hd__a21oi_1)
                                         _108_ (net)
                  0.20    0.00    1.72 ^ _206_/B (sky130_fd_sc_hd__nor2_1)
     1    0.01    0.12    0.18    1.90 v _206_/Y (sky130_fd_sc_hd__nor2_1)
                                         _006_ (net)
                  0.12    0.00    1.90 v _265_/D (sky130_fd_sc_hd__dfrtp_1)
                                  1.90   data arrival time

                          0.00    0.00   clock CLK100MHZ (rise edge)
                          0.00    0.00   clock source latency
     1    0.02    0.14    0.10    0.10 ^ CLK100MHZ (in)
                                         CLK100MHZ (net)
                  0.14    0.00    0.10 ^ clkbuf_0_CLK100MHZ/A (sky130_fd_sc_hd__clkbuf_16)
     4    0.04    0.10    0.30    0.40 ^ clkbuf_0_CLK100MHZ/X (sky130_fd_sc_hd__clkbuf_16)
                                         clknet_0_CLK100MHZ (net)
                  0.10    0.00    0.40 ^ clkbuf_2_1__f_CLK100MHZ/A (sky130_fd_sc_hd__clkbuf_16)
     8    0.02    0.07    0.25    0.65 ^ clkbuf_2_1__f_CLK100MHZ/X (sky130_fd_sc_hd__clkbuf_16)
                                         clknet_2_1__leaf_CLK100MHZ (net)
                  0.07    0.00    0.65 ^ _265_/CLK (sky130_fd_sc_hd__dfrtp_1)
                          0.25    0.90   clock uncertainty
                         -0.06    0.84   clock reconvergence pessimism
                         -0.11    0.73   library hold time
                                  0.73   data required time
-----------------------------------------------------------------------------
                                  0.73   data required time
                                 -1.90   data arrival time
-----------------------------------------------------------------------------
                                  1.18   slack (MET)


Startpoint: _274_ (rising edge-triggered flip-flop clocked by CLK100MHZ)
Endpoint: _248_ (rising edge-triggered flip-flop clocked by CLK100MHZ)
Path Group: CLK100MHZ
Path Type: min
Corner: Slowest

Fanout     Cap    Slew   Delay    Time   Description
-----------------------------------------------------------------------------
                          0.00    0.00   clock CLK100MHZ (rise edge)
                          0.00    0.00   clock source latency
     1    0.02    0.14    0.09    0.09 ^ CLK100MHZ (in)
                                         CLK100MHZ (net)
                  0.14    0.00    0.09 ^ clkbuf_0_CLK100MHZ/A (sky130_fd_sc_hd__clkbuf_16)
     4    0.04    0.10    0.27    0.36 ^ clkbuf_0_CLK100MHZ/X (sky130_fd_sc_hd__clkbuf_16)
                                         clknet_0_CLK100MHZ (net)
                  0.10    0.00    0.36 ^ clkbuf_2_3__f_CLK100MHZ/A (sky130_fd_sc_hd__clkbuf_16)
     8    0.03    0.08    0.23    0.60 ^ clkbuf_2_3__f_CLK100MHZ/X (sky130_fd_sc_hd__clkbuf_16)
                                         clknet_2_3__leaf_CLK100MHZ (net)
                  0.08    0.00    0.60 ^ _274_/CLK (sky130_fd_sc_hd__dfrtp_2)
     5    0.03    0.26    0.81    1.41 ^ _274_/Q (sky130_fd_sc_hd__dfrtp_2)
                                         decoder.delay[24] (net)
                  0.26    0.00    1.41 ^ _137_/A1 (sky130_fd_sc_hd__a31o_1)
     1    0.01    0.17    0.40    1.81 ^ _137_/X (sky130_fd_sc_hd__a31o_1)
                                         _069_ (net)
                  0.17    0.00    1.81 ^ _138_/B1 (sky130_fd_sc_hd__o31ai_1)
     1    0.00    0.09    0.17    1.98 v _138_/Y (sky130_fd_sc_hd__o31ai_1)
                                         _056_ (net)
                  0.09    0.00    1.98 v _248_/D (sky130_fd_sc_hd__dfrtp_4)
                                  1.98   data arrival time

                          0.00    0.00   clock CLK100MHZ (rise edge)
                          0.00    0.00   clock source latency
     1    0.02    0.14    0.10    0.10 ^ CLK100MHZ (in)
                                         CLK100MHZ (net)
                  0.14    0.00    0.10 ^ clkbuf_0_CLK100MHZ/A (sky130_fd_sc_hd__clkbuf_16)
     4    0.04    0.10    0.30    0.40 ^ clkbuf_0_CLK100MHZ/X (sky130_fd_sc_hd__clkbuf_16)
                                         clknet_0_CLK100MHZ (net)
                  0.10    0.00    0.40 ^ clkbuf_2_0__f_CLK100MHZ/A (sky130_fd_sc_hd__clkbuf_16)
     8    0.03    0.08    0.26    0.66 ^ clkbuf_2_0__f_CLK100MHZ/X (sky130_fd_sc_hd__clkbuf_16)
                                         clknet_2_0__leaf_CLK100MHZ (net)
                  0.08    0.00    0.66 ^ _248_/CLK (sky130_fd_sc_hd__dfrtp_4)
                          0.25    0.91   clock uncertainty
                         -0.04    0.87   clock reconvergence pessimism
                         -0.10    0.78   library hold time
                                  0.78   data required time
-----------------------------------------------------------------------------
                                  0.78   data required time
                                 -1.98   data arrival time
-----------------------------------------------------------------------------
                                  1.20   slack (MET)


Startpoint: _260_ (rising edge-triggered flip-flop clocked by CLK100MHZ)
Endpoint: _260_ (rising edge-triggered flip-flop clocked by CLK100MHZ)
Path Group: CLK100MHZ
Path Type: min
Corner: Slowest

Fanout     Cap    Slew   Delay    Time   Description
-----------------------------------------------------------------------------
                          0.00    0.00   clock CLK100MHZ (rise edge)
                          0.00    0.00   clock source latency
     1    0.02    0.14    0.09    0.09 ^ CLK100MHZ (in)
                                         CLK100MHZ (net)
                  0.14    0.00    0.09 ^ clkbuf_0_CLK100MHZ/A (sky130_fd_sc_hd__clkbuf_16)
     4    0.04    0.10    0.27    0.36 ^ clkbuf_0_CLK100MHZ/X (sky130_fd_sc_hd__clkbuf_16)
                                         clknet_0_CLK100MHZ (net)
                  0.10    0.00    0.36 ^ clkbuf_2_1__f_CLK100MHZ/A (sky130_fd_sc_hd__clkbuf_16)
     8    0.02    0.07    0.23    0.59 ^ clkbuf_2_1__f_CLK100MHZ/X (sky130_fd_sc_hd__clkbuf_16)
                                         clknet_2_1__leaf_CLK100MHZ (net)
                  0.07    0.00    0.59 ^ _260_/CLK (sky130_fd_sc_hd__dfrtp_1)
     3    0.03    0.40    0.85    1.44 ^ _260_/Q (sky130_fd_sc_hd__dfrtp_1)
                                         decoder.delay[10] (net)
                  0.40    0.00    1.44 ^ _193_/B1 (sky130_fd_sc_hd__a31o_1)
     1    0.01    0.15    0.33    1.77 ^ _193_/X (sky130_fd_sc_hd__a31o_1)
                                         _101_ (net)
                  0.15    0.00    1.77 ^ _194_/B1_N (sky130_fd_sc_hd__a21boi_1)
     1    0.00    0.15    0.28    2.04 ^ _194_/Y (sky130_fd_sc_hd__a21boi_1)
                                         _001_ (net)
                  0.15    0.00    2.04 ^ _260_/D (sky130_fd_sc_hd__dfrtp_1)
                                  2.04   data arrival time

                          0.00    0.00   clock CLK100MHZ (rise edge)
                          0.00    0.00   clock source latency
     1    0.02    0.14    0.10    0.10 ^ CLK100MHZ (in)
                                         CLK100MHZ (net)
                  0.14    0.00    0.10 ^ clkbuf_0_CLK100MHZ/A (sky130_fd_sc_hd__clkbuf_16)
     4    0.04    0.10    0.30    0.40 ^ clkbuf_0_CLK100MHZ/X (sky130_fd_sc_hd__clkbuf_16)
                                         clknet_0_CLK100MHZ (net)
                  0.10    0.00    0.40 ^ clkbuf_2_1__f_CLK100MHZ/A (sky130_fd_sc_hd__clkbuf_16)
     8    0.02    0.07    0.25    0.65 ^ clkbuf_2_1__f_CLK100MHZ/X (sky130_fd_sc_hd__clkbuf_16)
                                         clknet_2_1__leaf_CLK100MHZ (net)
                  0.07    0.00    0.65 ^ _260_/CLK (sky130_fd_sc_hd__dfrtp_1)
                          0.25    0.90   clock uncertainty
                         -0.06    0.84   clock reconvergence pessimism
                         -0.10    0.75   library hold time
                                  0.75   data required time
-----------------------------------------------------------------------------
                                  0.75   data required time
                                 -2.04   data arrival time
-----------------------------------------------------------------------------
                                  1.30   slack (MET)


Startpoint: _274_ (rising edge-triggered flip-flop clocked by CLK100MHZ)
Endpoint: _246_ (rising edge-triggered flip-flop clocked by CLK100MHZ)
Path Group: CLK100MHZ
Path Type: min
Corner: Slowest

Fanout     Cap    Slew   Delay    Time   Description
-----------------------------------------------------------------------------
                          0.00    0.00   clock CLK100MHZ (rise edge)
                          0.00    0.00   clock source latency
     1    0.02    0.14    0.09    0.09 ^ CLK100MHZ (in)
                                         CLK100MHZ (net)
                  0.14    0.00    0.09 ^ clkbuf_0_CLK100MHZ/A (sky130_fd_sc_hd__clkbuf_16)
     4    0.04    0.10    0.27    0.36 ^ clkbuf_0_CLK100MHZ/X (sky130_fd_sc_hd__clkbuf_16)
                                         clknet_0_CLK100MHZ (net)
                  0.10    0.00    0.36 ^ clkbuf_2_3__f_CLK100MHZ/A (sky130_fd_sc_hd__clkbuf_16)
     8    0.03    0.08    0.23    0.60 ^ clkbuf_2_3__f_CLK100MHZ/X (sky130_fd_sc_hd__clkbuf_16)
                                         clknet_2_3__leaf_CLK100MHZ (net)
                  0.08    0.00    0.60 ^ _274_/CLK (sky130_fd_sc_hd__dfrtp_2)
     5    0.03    0.19    0.90    1.49 v _274_/Q (sky130_fd_sc_hd__dfrtp_2)
                                         decoder.delay[24] (net)
                  0.19    0.00    1.49 v _135_/D (sky130_fd_sc_hd__nand4b_2)
     2    0.02    0.23    0.31    1.80 ^ _135_/Y (sky130_fd_sc_hd__nand4b_2)
                                         _067_ (net)
                  0.23    0.00    1.80 ^ _142_/A2 (sky130_fd_sc_hd__a21oi_1)
     1    0.01    0.12    0.25    2.06 v _142_/Y (sky130_fd_sc_hd__a21oi_1)
                                         _054_ (net)
                  0.12    0.00    2.06 v _246_/D (sky130_fd_sc_hd__dfrtp_4)
                                  2.06   data arrival time

                          0.00    0.00   clock CLK100MHZ (rise edge)
                          0.00    0.00   clock source latency
     1    0.02    0.14    0.10    0.10 ^ CLK100MHZ (in)
                                         CLK100MHZ (net)
                  0.14    0.00    0.10 ^ clkbuf_0_CLK100MHZ/A (sky130_fd_sc_hd__clkbuf_16)
     4    0.04    0.10    0.30    0.40 ^ clkbuf_0_CLK100MHZ/X (sky130_fd_sc_hd__clkbuf_16)
                                         clknet_0_CLK100MHZ (net)
                  0.10    0.00    0.40 ^ clkbuf_2_1__f_CLK100MHZ/A (sky130_fd_sc_hd__clkbuf_16)
     8    0.02    0.07    0.25    0.65 ^ clkbuf_2_1__f_CLK100MHZ/X (sky130_fd_sc_hd__clkbuf_16)
                                         clknet_2_1__leaf_CLK100MHZ (net)
                  0.07    0.00    0.65 ^ _246_/CLK (sky130_fd_sc_hd__dfrtp_4)
                          0.25    0.90   clock uncertainty
                         -0.04    0.86   clock reconvergence pessimism
                         -0.11    0.75   library hold time
                                  0.75   data required time
-----------------------------------------------------------------------------
                                  0.75   data required time
                                 -2.06   data arrival time
-----------------------------------------------------------------------------
                                  1.30   slack (MET)


Startpoint: BTNC (input port clocked by CLK100MHZ)
Endpoint: _253_ (removal check against rising-edge clock CLK100MHZ)
Path Group: asynchronous
Path Type: min
Corner: Slowest

Fanout     Cap    Slew   Delay    Time   Description
-----------------------------------------------------------------------------
                          0.00    0.00   clock CLK100MHZ (rise edge)
                          0.00    0.00   clock network delay (propagated)
                          2.00    2.00 v input external delay
     2    0.02    0.09    0.06    2.06 v BTNC (in)
                                         BTNC (net)
                  0.09    0.00    2.06 v _214_/A (sky130_fd_sc_hd__buf_4)
    10    0.07    0.17    0.35    2.41 v _214_/X (sky130_fd_sc_hd__buf_4)
                                         _112_ (net)
                  0.17    0.00    2.42 v _215_/A (sky130_fd_sc_hd__buf_4)
    10    0.07    0.18    0.39    2.81 v _215_/X (sky130_fd_sc_hd__buf_4)
                                         _113_ (net)
                  0.18    0.00    2.82 v _223_/A (sky130_fd_sc_hd__inv_2)
     1    0.01    0.08    0.13    2.95 ^ _223_/Y (sky130_fd_sc_hd__inv_2)
                                         _032_ (net)
                  0.08    0.00    2.95 ^ _253_/RESET_B (sky130_fd_sc_hd__dfrtp_1)
                                  2.95   data arrival time

                          0.00    0.00   clock CLK100MHZ (rise edge)
                          0.00    0.00   clock source latency
     1    0.02    0.14    0.10    0.10 ^ CLK100MHZ (in)
                                         CLK100MHZ (net)
                  0.14    0.00    0.10 ^ clkbuf_0_CLK100MHZ/A (sky130_fd_sc_hd__clkbuf_16)
     4    0.04    0.10    0.30    0.40 ^ clkbuf_0_CLK100MHZ/X (sky130_fd_sc_hd__clkbuf_16)
                                         clknet_0_CLK100MHZ (net)
                  0.10    0.00    0.40 ^ clkbuf_2_2__f_CLK100MHZ/A (sky130_fd_sc_hd__clkbuf_16)
     8    0.03    0.08    0.26    0.66 ^ clkbuf_2_2__f_CLK100MHZ/X (sky130_fd_sc_hd__clkbuf_16)
                                         clknet_2_2__leaf_CLK100MHZ (net)
                  0.08    0.00    0.66 ^ _253_/CLK (sky130_fd_sc_hd__dfrtp_1)
                          0.25    0.91   clock uncertainty
                          0.00    0.91   clock reconvergence pessimism
                          0.66    1.58   library removal time
                                  1.58   data required time
-----------------------------------------------------------------------------
                                  1.58   data required time
                                 -2.95   data arrival time
-----------------------------------------------------------------------------
                                  1.37   slack (MET)


Startpoint: BTNC (input port clocked by CLK100MHZ)
Endpoint: _251_ (removal check against rising-edge clock CLK100MHZ)
Path Group: asynchronous
Path Type: min
Corner: Slowest

Fanout     Cap    Slew   Delay    Time   Description
-----------------------------------------------------------------------------
                          0.00    0.00   clock CLK100MHZ (rise edge)
                          0.00    0.00   clock network delay (propagated)
                          2.00    2.00 v input external delay
     2    0.02    0.09    0.06    2.06 v BTNC (in)
                                         BTNC (net)
                  0.09    0.00    2.06 v _214_/A (sky130_fd_sc_hd__buf_4)
    10    0.07    0.17    0.35    2.41 v _214_/X (sky130_fd_sc_hd__buf_4)
                                         _112_ (net)
                  0.17    0.00    2.42 v _215_/A (sky130_fd_sc_hd__buf_4)
    10    0.07    0.18    0.39    2.81 v _215_/X (sky130_fd_sc_hd__buf_4)
                                         _113_ (net)
                  0.18    0.00    2.81 v _221_/A (sky130_fd_sc_hd__inv_2)
     1    0.01    0.09    0.14    2.95 ^ _221_/Y (sky130_fd_sc_hd__inv_2)
                                         _030_ (net)
                  0.09    0.00    2.95 ^ _251_/RESET_B (sky130_fd_sc_hd__dfrtp_2)
                                  2.95   data arrival time

                          0.00    0.00   clock CLK100MHZ (rise edge)
                          0.00    0.00   clock source latency
     1    0.02    0.14    0.10    0.10 ^ CLK100MHZ (in)
                                         CLK100MHZ (net)
                  0.14    0.00    0.10 ^ clkbuf_0_CLK100MHZ/A (sky130_fd_sc_hd__clkbuf_16)
     4    0.04    0.10    0.30    0.40 ^ clkbuf_0_CLK100MHZ/X (sky130_fd_sc_hd__clkbuf_16)
                                         clknet_0_CLK100MHZ (net)
                  0.10    0.00    0.40 ^ clkbuf_2_2__f_CLK100MHZ/A (sky130_fd_sc_hd__clkbuf_16)
     8    0.03    0.08    0.26    0.66 ^ clkbuf_2_2__f_CLK100MHZ/X (sky130_fd_sc_hd__clkbuf_16)
                                         clknet_2_2__leaf_CLK100MHZ (net)
                  0.08    0.00    0.66 ^ _251_/CLK (sky130_fd_sc_hd__dfrtp_2)
                          0.25    0.91   clock uncertainty
                          0.00    0.91   clock reconvergence pessimism
                          0.67    1.58   library removal time
                                  1.58   data required time
-----------------------------------------------------------------------------
                                  1.58   data required time
                                 -2.95   data arrival time
-----------------------------------------------------------------------------
                                  1.37   slack (MET)


Startpoint: BTNC (input port clocked by CLK100MHZ)
Endpoint: _249_ (removal check against rising-edge clock CLK100MHZ)
Path Group: asynchronous
Path Type: min
Corner: Slowest

Fanout     Cap    Slew   Delay    Time   Description
-----------------------------------------------------------------------------
                          0.00    0.00   clock CLK100MHZ (rise edge)
                          0.00    0.00   clock network delay (propagated)
                          2.00    2.00 v input external delay
     2    0.02    0.09    0.06    2.06 v BTNC (in)
                                         BTNC (net)
                  0.09    0.00    2.06 v _214_/A (sky130_fd_sc_hd__buf_4)
    10    0.07    0.17    0.35    2.41 v _214_/X (sky130_fd_sc_hd__buf_4)
                                         _112_ (net)
                  0.17    0.00    2.42 v _215_/A (sky130_fd_sc_hd__buf_4)
    10    0.07    0.18    0.39    2.81 v _215_/X (sky130_fd_sc_hd__buf_4)
                                         _113_ (net)
                  0.18    0.01    2.82 v _219_/A (sky130_fd_sc_hd__inv_2)
     1    0.01    0.08    0.13    2.95 ^ _219_/Y (sky130_fd_sc_hd__inv_2)
                                         _028_ (net)
                  0.08    0.00    2.95 ^ _249_/RESET_B (sky130_fd_sc_hd__dfrtp_4)
                                  2.95   data arrival time

                          0.00    0.00   clock CLK100MHZ (rise edge)
                          0.00    0.00   clock source latency
     1    0.02    0.14    0.10    0.10 ^ CLK100MHZ (in)
                                         CLK100MHZ (net)
                  0.14    0.00    0.10 ^ clkbuf_0_CLK100MHZ/A (sky130_fd_sc_hd__clkbuf_16)
     4    0.04    0.10    0.30    0.40 ^ clkbuf_0_CLK100MHZ/X (sky130_fd_sc_hd__clkbuf_16)
                                         clknet_0_CLK100MHZ (net)
                  0.10    0.00    0.40 ^ clkbuf_2_3__f_CLK100MHZ/A (sky130_fd_sc_hd__clkbuf_16)
     8    0.03    0.08    0.26    0.66 ^ clkbuf_2_3__f_CLK100MHZ/X (sky130_fd_sc_hd__clkbuf_16)
                                         clknet_2_3__leaf_CLK100MHZ (net)
                  0.08    0.00    0.66 ^ _249_/CLK (sky130_fd_sc_hd__dfrtp_4)
                          0.25    0.91   clock uncertainty
                          0.00    0.91   clock reconvergence pessimism
                          0.66    1.57   library removal time
                                  1.57   data required time
-----------------------------------------------------------------------------
                                  1.57   data required time
                                 -2.95   data arrival time
-----------------------------------------------------------------------------
                                  1.37   slack (MET)


Startpoint: BTNC (input port clocked by CLK100MHZ)
Endpoint: _247_ (removal check against rising-edge clock CLK100MHZ)
Path Group: asynchronous
Path Type: min
Corner: Slowest

Fanout     Cap    Slew   Delay    Time   Description
-----------------------------------------------------------------------------
                          0.00    0.00   clock CLK100MHZ (rise edge)
                          0.00    0.00   clock network delay (propagated)
                          2.00    2.00 v input external delay
     2    0.02    0.09    0.06    2.06 v BTNC (in)
                                         BTNC (net)
                  0.09    0.00    2.06 v _214_/A (sky130_fd_sc_hd__buf_4)
    10    0.07    0.17    0.35    2.41 v _214_/X (sky130_fd_sc_hd__buf_4)
                                         _112_ (net)
                  0.17    0.00    2.42 v _215_/A (sky130_fd_sc_hd__buf_4)
    10    0.07    0.18    0.39    2.81 v _215_/X (sky130_fd_sc_hd__buf_4)
                                         _113_ (net)
                  0.18    0.00    2.82 v _217_/A (sky130_fd_sc_hd__inv_2)
     1    0.01    0.09    0.13    2.95 ^ _217_/Y (sky130_fd_sc_hd__inv_2)
                                         _026_ (net)
                  0.09    0.00    2.95 ^ _247_/RESET_B (sky130_fd_sc_hd__dfrtp_4)
                                  2.95   data arrival time

                          0.00    0.00   clock CLK100MHZ (rise edge)
                          0.00    0.00   clock source latency
     1    0.02    0.14    0.10    0.10 ^ CLK100MHZ (in)
                                         CLK100MHZ (net)
                  0.14    0.00    0.10 ^ clkbuf_0_CLK100MHZ/A (sky130_fd_sc_hd__clkbuf_16)
     4    0.04    0.10    0.30    0.40 ^ clkbuf_0_CLK100MHZ/X (sky130_fd_sc_hd__clkbuf_16)
                                         clknet_0_CLK100MHZ (net)
                  0.10    0.00    0.40 ^ clkbuf_2_3__f_CLK100MHZ/A (sky130_fd_sc_hd__clkbuf_16)
     8    0.03    0.08    0.26    0.66 ^ clkbuf_2_3__f_CLK100MHZ/X (sky130_fd_sc_hd__clkbuf_16)
                                         clknet_2_3__leaf_CLK100MHZ (net)
                  0.08    0.00    0.66 ^ _247_/CLK (sky130_fd_sc_hd__dfrtp_4)
                          0.25    0.91   clock uncertainty
                          0.00    0.91   clock reconvergence pessimism
                          0.67    1.58   library removal time
                                  1.58   data required time
-----------------------------------------------------------------------------
                                  1.58   data required time
                                 -2.95   data arrival time
-----------------------------------------------------------------------------
                                  1.37   slack (MET)


Startpoint: BTNC (input port clocked by CLK100MHZ)
Endpoint: _246_ (removal check against rising-edge clock CLK100MHZ)
Path Group: asynchronous
Path Type: min
Corner: Slowest

Fanout     Cap    Slew   Delay    Time   Description
-----------------------------------------------------------------------------
                          0.00    0.00   clock CLK100MHZ (rise edge)
                          0.00    0.00   clock network delay (propagated)
                          2.00    2.00 v input external delay
     2    0.02    0.09    0.06    2.06 v BTNC (in)
                                         BTNC (net)
                  0.09    0.00    2.06 v _214_/A (sky130_fd_sc_hd__buf_4)
    10    0.07    0.17    0.35    2.41 v _214_/X (sky130_fd_sc_hd__buf_4)
                                         _112_ (net)
                  0.17    0.00    2.42 v _215_/A (sky130_fd_sc_hd__buf_4)
    10    0.07    0.18    0.39    2.81 v _215_/X (sky130_fd_sc_hd__buf_4)
                                         _113_ (net)
                  0.18    0.00    2.82 v _216_/A (sky130_fd_sc_hd__inv_2)
     1    0.01    0.07    0.12    2.94 ^ _216_/Y (sky130_fd_sc_hd__inv_2)
                                         _025_ (net)
                  0.07    0.00    2.94 ^ _246_/RESET_B (sky130_fd_sc_hd__dfrtp_4)
                                  2.94   data arrival time

                          0.00    0.00   clock CLK100MHZ (rise edge)
                          0.00    0.00   clock source latency
     1    0.02    0.14    0.10    0.10 ^ CLK100MHZ (in)
                                         CLK100MHZ (net)
                  0.14    0.00    0.10 ^ clkbuf_0_CLK100MHZ/A (sky130_fd_sc_hd__clkbuf_16)
     4    0.04    0.10    0.30    0.40 ^ clkbuf_0_CLK100MHZ/X (sky130_fd_sc_hd__clkbuf_16)
                                         clknet_0_CLK100MHZ (net)
                  0.10    0.00    0.40 ^ clkbuf_2_1__f_CLK100MHZ/A (sky130_fd_sc_hd__clkbuf_16)
     8    0.02    0.07    0.25    0.65 ^ clkbuf_2_1__f_CLK100MHZ/X (sky130_fd_sc_hd__clkbuf_16)
                                         clknet_2_1__leaf_CLK100MHZ (net)
                  0.07    0.00    0.65 ^ _246_/CLK (sky130_fd_sc_hd__dfrtp_4)
                          0.25    0.90   clock uncertainty
                          0.00    0.90   clock reconvergence pessimism
                          0.66    1.56   library removal time
                                  1.56   data required time
-----------------------------------------------------------------------------
                                  1.56   data required time
                                 -2.94   data arrival time
-----------------------------------------------------------------------------
                                  1.37   slack (MET)


Startpoint: BTNC (input port clocked by CLK100MHZ)
Endpoint: _255_ (removal check against rising-edge clock CLK100MHZ)
Path Group: asynchronous
Path Type: min
Corner: Slowest

Fanout     Cap    Slew   Delay    Time   Description
-----------------------------------------------------------------------------
                          0.00    0.00   clock CLK100MHZ (rise edge)
                          0.00    0.00   clock network delay (propagated)
                          2.00    2.00 v input external delay
     2    0.02    0.09    0.06    2.06 v BTNC (in)
                                         BTNC (net)
                  0.09    0.00    2.06 v _214_/A (sky130_fd_sc_hd__buf_4)
    10    0.07    0.17    0.35    2.41 v _214_/X (sky130_fd_sc_hd__buf_4)
                                         _112_ (net)
                  0.17    0.00    2.42 v _215_/A (sky130_fd_sc_hd__buf_4)
    10    0.07    0.18    0.39    2.81 v _215_/X (sky130_fd_sc_hd__buf_4)
                                         _113_ (net)
                  0.18    0.00    2.82 v _225_/A (sky130_fd_sc_hd__inv_2)
     1    0.01    0.11    0.15    2.97 ^ _225_/Y (sky130_fd_sc_hd__inv_2)
                                         _034_ (net)
                  0.11    0.00    2.97 ^ _255_/RESET_B (sky130_fd_sc_hd__dfrtp_2)
                                  2.97   data arrival time

                          0.00    0.00   clock CLK100MHZ (rise edge)
                          0.00    0.00   clock source latency
     1    0.02    0.14    0.10    0.10 ^ CLK100MHZ (in)
                                         CLK100MHZ (net)
                  0.14    0.00    0.10 ^ clkbuf_0_CLK100MHZ/A (sky130_fd_sc_hd__clkbuf_16)
     4    0.04    0.10    0.30    0.40 ^ clkbuf_0_CLK100MHZ/X (sky130_fd_sc_hd__clkbuf_16)
                                         clknet_0_CLK100MHZ (net)
                  0.10    0.00    0.40 ^ clkbuf_2_0__f_CLK100MHZ/A (sky130_fd_sc_hd__clkbuf_16)
     8    0.03    0.08    0.26    0.66 ^ clkbuf_2_0__f_CLK100MHZ/X (sky130_fd_sc_hd__clkbuf_16)
                                         clknet_2_0__leaf_CLK100MHZ (net)
                  0.08    0.00    0.66 ^ _255_/CLK (sky130_fd_sc_hd__dfrtp_2)
                          0.25    0.91   clock uncertainty
                          0.00    0.91   clock reconvergence pessimism
                          0.67    1.58   library removal time
                                  1.58   data required time
-----------------------------------------------------------------------------
                                  1.58   data required time
                                 -2.97   data arrival time
-----------------------------------------------------------------------------
                                  1.39   slack (MET)


Startpoint: BTNC (input port clocked by CLK100MHZ)
Endpoint: _250_ (removal check against rising-edge clock CLK100MHZ)
Path Group: asynchronous
Path Type: min
Corner: Slowest

Fanout     Cap    Slew   Delay    Time   Description
-----------------------------------------------------------------------------
                          0.00    0.00   clock CLK100MHZ (rise edge)
                          0.00    0.00   clock network delay (propagated)
                          2.00    2.00 v input external delay
     2    0.02    0.09    0.06    2.06 v BTNC (in)
                                         BTNC (net)
                  0.09    0.00    2.06 v _214_/A (sky130_fd_sc_hd__buf_4)
    10    0.07    0.17    0.35    2.41 v _214_/X (sky130_fd_sc_hd__buf_4)
                                         _112_ (net)
                  0.17    0.00    2.42 v _215_/A (sky130_fd_sc_hd__buf_4)
    10    0.07    0.18    0.39    2.81 v _215_/X (sky130_fd_sc_hd__buf_4)
                                         _113_ (net)
                  0.18    0.00    2.81 v _220_/A (sky130_fd_sc_hd__inv_2)
     1    0.02    0.13    0.18    2.99 ^ _220_/Y (sky130_fd_sc_hd__inv_2)
                                         _029_ (net)
                  0.13    0.00    2.99 ^ _250_/RESET_B (sky130_fd_sc_hd__dfrtp_2)
                                  2.99   data arrival time

                          0.00    0.00   clock CLK100MHZ (rise edge)
                          0.00    0.00   clock source latency
     1    0.02    0.14    0.10    0.10 ^ CLK100MHZ (in)
                                         CLK100MHZ (net)
                  0.14    0.00    0.10 ^ clkbuf_0_CLK100MHZ/A (sky130_fd_sc_hd__clkbuf_16)
     4    0.04    0.10    0.30    0.40 ^ clkbuf_0_CLK100MHZ/X (sky130_fd_sc_hd__clkbuf_16)
                                         clknet_0_CLK100MHZ (net)
                  0.10    0.00    0.40 ^ clkbuf_2_2__f_CLK100MHZ/A (sky130_fd_sc_hd__clkbuf_16)
     8    0.03    0.08    0.26    0.66 ^ clkbuf_2_2__f_CLK100MHZ/X (sky130_fd_sc_hd__clkbuf_16)
                                         clknet_2_2__leaf_CLK100MHZ (net)
                  0.08    0.00    0.66 ^ _250_/CLK (sky130_fd_sc_hd__dfrtp_2)
                          0.25    0.91   clock uncertainty
                          0.00    0.91   clock reconvergence pessimism
                          0.68    1.59   library removal time
                                  1.59   data required time
-----------------------------------------------------------------------------
                                  1.59   data required time
                                 -2.99   data arrival time
-----------------------------------------------------------------------------
                                  1.40   slack (MET)


Startpoint: BTNC (input port clocked by CLK100MHZ)
Endpoint: _252_ (removal check against rising-edge clock CLK100MHZ)
Path Group: asynchronous
Path Type: min
Corner: Slowest

Fanout     Cap    Slew   Delay    Time   Description
-----------------------------------------------------------------------------
                          0.00    0.00   clock CLK100MHZ (rise edge)
                          0.00    0.00   clock network delay (propagated)
                          2.00    2.00 v input external delay
     2    0.02    0.09    0.06    2.06 v BTNC (in)
                                         BTNC (net)
                  0.09    0.00    2.06 v _214_/A (sky130_fd_sc_hd__buf_4)
    10    0.07    0.17    0.35    2.41 v _214_/X (sky130_fd_sc_hd__buf_4)
                                         _112_ (net)
                  0.17    0.00    2.42 v _215_/A (sky130_fd_sc_hd__buf_4)
    10    0.07    0.18    0.39    2.81 v _215_/X (sky130_fd_sc_hd__buf_4)
                                         _113_ (net)
                  0.18    0.00    2.81 v _222_/A (sky130_fd_sc_hd__inv_2)
     1    0.02    0.14    0.18    3.00 ^ _222_/Y (sky130_fd_sc_hd__inv_2)
                                         _031_ (net)
                  0.14    0.00    3.00 ^ _252_/RESET_B (sky130_fd_sc_hd__dfrtp_2)
                                  3.00   data arrival time

                          0.00    0.00   clock CLK100MHZ (rise edge)
                          0.00    0.00   clock source latency
     1    0.02    0.14    0.10    0.10 ^ CLK100MHZ (in)
                                         CLK100MHZ (net)
                  0.14    0.00    0.10 ^ clkbuf_0_CLK100MHZ/A (sky130_fd_sc_hd__clkbuf_16)
     4    0.04    0.10    0.30    0.40 ^ clkbuf_0_CLK100MHZ/X (sky130_fd_sc_hd__clkbuf_16)
                                         clknet_0_CLK100MHZ (net)
                  0.10    0.00    0.40 ^ clkbuf_2_2__f_CLK100MHZ/A (sky130_fd_sc_hd__clkbuf_16)
     8    0.03    0.08    0.26    0.66 ^ clkbuf_2_2__f_CLK100MHZ/X (sky130_fd_sc_hd__clkbuf_16)
                                         clknet_2_2__leaf_CLK100MHZ (net)
                  0.08    0.00    0.66 ^ _252_/CLK (sky130_fd_sc_hd__dfrtp_2)
                          0.25    0.91   clock uncertainty
                          0.00    0.91   clock reconvergence pessimism
                          0.68    1.60   library removal time
                                  1.60   data required time
-----------------------------------------------------------------------------
                                  1.60   data required time
                                 -3.00   data arrival time
-----------------------------------------------------------------------------
                                  1.40   slack (MET)


Startpoint: BTNC (input port clocked by CLK100MHZ)
Endpoint: _248_ (removal check against rising-edge clock CLK100MHZ)
Path Group: asynchronous
Path Type: min
Corner: Slowest

Fanout     Cap    Slew   Delay    Time   Description
-----------------------------------------------------------------------------
                          0.00    0.00   clock CLK100MHZ (rise edge)
                          0.00    0.00   clock network delay (propagated)
                          2.00    2.00 v input external delay
     2    0.02    0.09    0.06    2.06 v BTNC (in)
                                         BTNC (net)
                  0.09    0.00    2.06 v _214_/A (sky130_fd_sc_hd__buf_4)
    10    0.07    0.17    0.35    2.41 v _214_/X (sky130_fd_sc_hd__buf_4)
                                         _112_ (net)
                  0.17    0.00    2.42 v _215_/A (sky130_fd_sc_hd__buf_4)
    10    0.07    0.18    0.39    2.81 v _215_/X (sky130_fd_sc_hd__buf_4)
                                         _113_ (net)
                  0.18    0.01    2.82 v _218_/A (sky130_fd_sc_hd__inv_2)
     1    0.02    0.14    0.18    2.99 ^ _218_/Y (sky130_fd_sc_hd__inv_2)
                                         _027_ (net)
                  0.14    0.00    2.99 ^ _248_/RESET_B (sky130_fd_sc_hd__dfrtp_4)
                                  2.99   data arrival time

                          0.00    0.00   clock CLK100MHZ (rise edge)
                          0.00    0.00   clock source latency
     1    0.02    0.14    0.10    0.10 ^ CLK100MHZ (in)
                                         CLK100MHZ (net)
                  0.14    0.00    0.10 ^ clkbuf_0_CLK100MHZ/A (sky130_fd_sc_hd__clkbuf_16)
     4    0.04    0.10    0.30    0.40 ^ clkbuf_0_CLK100MHZ/X (sky130_fd_sc_hd__clkbuf_16)
                                         clknet_0_CLK100MHZ (net)
                  0.10    0.00    0.40 ^ clkbuf_2_0__f_CLK100MHZ/A (sky130_fd_sc_hd__clkbuf_16)
     8    0.03    0.08    0.26    0.66 ^ clkbuf_2_0__f_CLK100MHZ/X (sky130_fd_sc_hd__clkbuf_16)
                                         clknet_2_0__leaf_CLK100MHZ (net)
                  0.08    0.00    0.66 ^ _248_/CLK (sky130_fd_sc_hd__dfrtp_4)
                          0.25    0.91   clock uncertainty
                          0.00    0.91   clock reconvergence pessimism
                          0.68    1.59   library removal time
                                  1.59   data required time
-----------------------------------------------------------------------------
                                  1.59   data required time
                                 -2.99   data arrival time
-----------------------------------------------------------------------------
                                  1.40   slack (MET)


Startpoint: BTNC (input port clocked by CLK100MHZ)
Endpoint: _254_ (removal check against rising-edge clock CLK100MHZ)
Path Group: asynchronous
Path Type: min
Corner: Slowest

Fanout     Cap    Slew   Delay    Time   Description
-----------------------------------------------------------------------------
                          0.00    0.00   clock CLK100MHZ (rise edge)
                          0.00    0.00   clock network delay (propagated)
                          2.00    2.00 v input external delay
     2    0.02    0.09    0.06    2.06 v BTNC (in)
                                         BTNC (net)
                  0.09    0.00    2.06 v _214_/A (sky130_fd_sc_hd__buf_4)
    10    0.07    0.17    0.35    2.41 v _214_/X (sky130_fd_sc_hd__buf_4)
                                         _112_ (net)
                  0.17    0.00    2.42 v _215_/A (sky130_fd_sc_hd__buf_4)
    10    0.07    0.18    0.39    2.81 v _215_/X (sky130_fd_sc_hd__buf_4)
                                         _113_ (net)
                  0.18    0.00    2.82 v _224_/A (sky130_fd_sc_hd__inv_2)
     1    0.01    0.12    0.16    2.98 ^ _224_/Y (sky130_fd_sc_hd__inv_2)
                                         _033_ (net)
                  0.12    0.00    2.98 ^ _254_/RESET_B (sky130_fd_sc_hd__dfrtp_2)
                                  2.98   data arrival time

                          0.00    0.00   clock CLK100MHZ (rise edge)
                          0.00    0.00   clock source latency
     1    0.02    0.14    0.10    0.10 ^ CLK100MHZ (in)
                                         CLK100MHZ (net)
                  0.14    0.00    0.10 ^ clkbuf_0_CLK100MHZ/A (sky130_fd_sc_hd__clkbuf_16)
     4    0.04    0.10    0.30    0.40 ^ clkbuf_0_CLK100MHZ/X (sky130_fd_sc_hd__clkbuf_16)
                                         clknet_0_CLK100MHZ (net)
                  0.10    0.00    0.40 ^ clkbuf_2_1__f_CLK100MHZ/A (sky130_fd_sc_hd__clkbuf_16)
     8    0.02    0.07    0.25    0.65 ^ clkbuf_2_1__f_CLK100MHZ/X (sky130_fd_sc_hd__clkbuf_16)
                                         clknet_2_1__leaf_CLK100MHZ (net)
                  0.07    0.00    0.65 ^ _254_/CLK (sky130_fd_sc_hd__dfrtp_2)
                          0.25    0.90   clock uncertainty
                          0.00    0.90   clock reconvergence pessimism
                          0.67    1.57   library removal time
                                  1.57   data required time
-----------------------------------------------------------------------------
                                  1.57   data required time
                                 -2.98   data arrival time
-----------------------------------------------------------------------------
                                  1.40   slack (MET)


Startpoint: _251_ (rising edge-triggered flip-flop clocked by CLK100MHZ)
Endpoint: _251_ (rising edge-triggered flip-flop clocked by CLK100MHZ)
Path Group: CLK100MHZ
Path Type: min
Corner: Slowest

Fanout     Cap    Slew   Delay    Time   Description
-----------------------------------------------------------------------------
                          0.00    0.00   clock CLK100MHZ (rise edge)
                          0.00    0.00   clock source latency
     1    0.02    0.14    0.09    0.09 ^ CLK100MHZ (in)
                                         CLK100MHZ (net)
                  0.14    0.00    0.09 ^ clkbuf_0_CLK100MHZ/A (sky130_fd_sc_hd__clkbuf_16)
     4    0.04    0.10    0.27    0.36 ^ clkbuf_0_CLK100MHZ/X (sky130_fd_sc_hd__clkbuf_16)
                                         clknet_0_CLK100MHZ (net)
                  0.10    0.00    0.36 ^ clkbuf_2_2__f_CLK100MHZ/A (sky130_fd_sc_hd__clkbuf_16)
     8    0.03    0.08    0.24    0.60 ^ clkbuf_2_2__f_CLK100MHZ/X (sky130_fd_sc_hd__clkbuf_16)
                                         clknet_2_2__leaf_CLK100MHZ (net)
                  0.08    0.00    0.60 ^ _251_/CLK (sky130_fd_sc_hd__dfrtp_2)
     4    0.03    0.25    0.81    1.41 ^ _251_/Q (sky130_fd_sc_hd__dfrtp_2)
                                         decoder.delay[1] (net)
                  0.25    0.00    1.41 ^ _167_/A (sky130_fd_sc_hd__or2_1)
     1    0.01    0.10    0.26    1.67 ^ _167_/X (sky130_fd_sc_hd__or2_1)
                                         _084_ (net)
                  0.10    0.00    1.67 ^ _168_/B (sky130_fd_sc_hd__and2_1)
     1    0.01    0.16    0.29    1.96 ^ _168_/X (sky130_fd_sc_hd__and2_1)
                                         _085_ (net)
                  0.16    0.00    1.96 ^ _169_/A (sky130_fd_sc_hd__clkbuf_1)
     1    0.01    0.18    0.25    2.21 ^ _169_/X (sky130_fd_sc_hd__clkbuf_1)
                                         _011_ (net)
                  0.18    0.00    2.21 ^ _251_/D (sky130_fd_sc_hd__dfrtp_2)
                                  2.21   data arrival time

                          0.00    0.00   clock CLK100MHZ (rise edge)
                          0.00    0.00   clock source latency
     1    0.02    0.14    0.10    0.10 ^ CLK100MHZ (in)
                                         CLK100MHZ (net)
                  0.14    0.00    0.10 ^ clkbuf_0_CLK100MHZ/A (sky130_fd_sc_hd__clkbuf_16)
     4    0.04    0.10    0.30    0.40 ^ clkbuf_0_CLK100MHZ/X (sky130_fd_sc_hd__clkbuf_16)
                                         clknet_0_CLK100MHZ (net)
                  0.10    0.00    0.40 ^ clkbuf_2_2__f_CLK100MHZ/A (sky130_fd_sc_hd__clkbuf_16)
     8    0.03    0.08    0.26    0.66 ^ clkbuf_2_2__f_CLK100MHZ/X (sky130_fd_sc_hd__clkbuf_16)
                                         clknet_2_2__leaf_CLK100MHZ (net)
                  0.08    0.00    0.66 ^ _251_/CLK (sky130_fd_sc_hd__dfrtp_2)
                          0.25    0.91   clock uncertainty
                         -0.06    0.85   clock reconvergence pessimism
                         -0.10    0.75   library hold time
                                  0.75   data required time
-----------------------------------------------------------------------------
                                  0.75   data required time
                                 -2.21   data arrival time
-----------------------------------------------------------------------------
                                  1.46   slack (MET)


Startpoint: _273_ (rising edge-triggered flip-flop clocked by CLK100MHZ)
Endpoint: _273_ (rising edge-triggered flip-flop clocked by CLK100MHZ)
Path Group: CLK100MHZ
Path Type: min
Corner: Slowest

Fanout     Cap    Slew   Delay    Time   Description
-----------------------------------------------------------------------------
                          0.00    0.00   clock CLK100MHZ (rise edge)
                          0.00    0.00   clock source latency
     1    0.02    0.14    0.09    0.09 ^ CLK100MHZ (in)
                                         CLK100MHZ (net)
                  0.14    0.00    0.09 ^ clkbuf_0_CLK100MHZ/A (sky130_fd_sc_hd__clkbuf_16)
     4    0.04    0.10    0.27    0.36 ^ clkbuf_0_CLK100MHZ/X (sky130_fd_sc_hd__clkbuf_16)
                                         clknet_0_CLK100MHZ (net)
                  0.10    0.00    0.36 ^ clkbuf_2_3__f_CLK100MHZ/A (sky130_fd_sc_hd__clkbuf_16)
     8    0.03    0.08    0.23    0.60 ^ clkbuf_2_3__f_CLK100MHZ/X (sky130_fd_sc_hd__clkbuf_16)
                                         clknet_2_3__leaf_CLK100MHZ (net)
                  0.08    0.00    0.60 ^ _273_/CLK (sky130_fd_sc_hd__dfrtp_1)
     2    0.01    0.15    0.67    1.26 ^ _273_/Q (sky130_fd_sc_hd__dfrtp_1)
                                         decoder.delay[23] (net)
                  0.15    0.00    1.26 ^ _151_/B1 (sky130_fd_sc_hd__a21o_1)
     1    0.02    0.22    0.27    1.54 ^ _151_/X (sky130_fd_sc_hd__a21o_1)
                                         _077_ (net)
                  0.22    0.00    1.54 ^ _152_/B (sky130_fd_sc_hd__and2_1)
     1    0.01    0.18    0.34    1.88 ^ _152_/X (sky130_fd_sc_hd__and2_1)
                                         _078_ (net)
                  0.18    0.00    1.88 ^ _153_/A (sky130_fd_sc_hd__buf_1)
     1    0.01    0.27    0.32    2.20 ^ _153_/X (sky130_fd_sc_hd__buf_1)
                                         _015_ (net)
                  0.27    0.00    2.20 ^ _273_/D (sky130_fd_sc_hd__dfrtp_1)
                                  2.20   data arrival time

                          0.00    0.00   clock CLK100MHZ (rise edge)
                          0.00    0.00   clock source latency
     1    0.02    0.14    0.10    0.10 ^ CLK100MHZ (in)
                                         CLK100MHZ (net)
                  0.14    0.00    0.10 ^ clkbuf_0_CLK100MHZ/A (sky130_fd_sc_hd__clkbuf_16)
     4    0.04    0.10    0.30    0.40 ^ clkbuf_0_CLK100MHZ/X (sky130_fd_sc_hd__clkbuf_16)
                                         clknet_0_CLK100MHZ (net)
                  0.10    0.00    0.40 ^ clkbuf_2_3__f_CLK100MHZ/A (sky130_fd_sc_hd__clkbuf_16)
     8    0.03    0.08    0.26    0.66 ^ clkbuf_2_3__f_CLK100MHZ/X (sky130_fd_sc_hd__clkbuf_16)
                                         clknet_2_3__leaf_CLK100MHZ (net)
                  0.08    0.00    0.66 ^ _273_/CLK (sky130_fd_sc_hd__dfrtp_1)
                          0.25    0.91   clock uncertainty
                         -0.06    0.85   clock reconvergence pessimism
                         -0.12    0.73   library hold time
                                  0.73   data required time
-----------------------------------------------------------------------------
                                  0.73   data required time
                                 -2.20   data arrival time
-----------------------------------------------------------------------------
                                  1.47   slack (MET)


Startpoint: _253_ (rising edge-triggered flip-flop clocked by CLK100MHZ)
Endpoint: _253_ (rising edge-triggered flip-flop clocked by CLK100MHZ)
Path Group: CLK100MHZ
Path Type: min
Corner: Slowest

Fanout     Cap    Slew   Delay    Time   Description
-----------------------------------------------------------------------------
                          0.00    0.00   clock CLK100MHZ (rise edge)
                          0.00    0.00   clock source latency
     1    0.02    0.14    0.09    0.09 ^ CLK100MHZ (in)
                                         CLK100MHZ (net)
                  0.14    0.00    0.09 ^ clkbuf_0_CLK100MHZ/A (sky130_fd_sc_hd__clkbuf_16)
     4    0.04    0.10    0.27    0.36 ^ clkbuf_0_CLK100MHZ/X (sky130_fd_sc_hd__clkbuf_16)
                                         clknet_0_CLK100MHZ (net)
                  0.10    0.00    0.36 ^ clkbuf_2_2__f_CLK100MHZ/A (sky130_fd_sc_hd__clkbuf_16)
     8    0.03    0.08    0.24    0.60 ^ clkbuf_2_2__f_CLK100MHZ/X (sky130_fd_sc_hd__clkbuf_16)
                                         clknet_2_2__leaf_CLK100MHZ (net)
                  0.08    0.00    0.60 ^ _253_/CLK (sky130_fd_sc_hd__dfrtp_1)
     2    0.02    0.26    0.76    1.36 ^ _253_/Q (sky130_fd_sc_hd__dfrtp_1)
                                         decoder.delay[3] (net)
                  0.26    0.00    1.36 ^ _171_/B1 (sky130_fd_sc_hd__a31o_1)
     1    0.01    0.12    0.27    1.63 ^ _171_/X (sky130_fd_sc_hd__a31o_1)
                                         _086_ (net)
                  0.12    0.00    1.63 ^ _172_/B (sky130_fd_sc_hd__and2b_1)
     1    0.02    0.27    0.38    2.01 ^ _172_/X (sky130_fd_sc_hd__and2b_1)
                                         _087_ (net)
                  0.27    0.00    2.01 ^ _173_/A (sky130_fd_sc_hd__clkbuf_1)
     1    0.01    0.16    0.28    2.28 ^ _173_/X (sky130_fd_sc_hd__clkbuf_1)
                                         _018_ (net)
                  0.16    0.00    2.28 ^ _253_/D (sky130_fd_sc_hd__dfrtp_1)
                                  2.28   data arrival time

                          0.00    0.00   clock CLK100MHZ (rise edge)
                          0.00    0.00   clock source latency
     1    0.02    0.14    0.10    0.10 ^ CLK100MHZ (in)
                                         CLK100MHZ (net)
                  0.14    0.00    0.10 ^ clkbuf_0_CLK100MHZ/A (sky130_fd_sc_hd__clkbuf_16)
     4    0.04    0.10    0.30    0.40 ^ clkbuf_0_CLK100MHZ/X (sky130_fd_sc_hd__clkbuf_16)
                                         clknet_0_CLK100MHZ (net)
                  0.10    0.00    0.40 ^ clkbuf_2_2__f_CLK100MHZ/A (sky130_fd_sc_hd__clkbuf_16)
     8    0.03    0.08    0.26    0.66 ^ clkbuf_2_2__f_CLK100MHZ/X (sky130_fd_sc_hd__clkbuf_16)
                                         clknet_2_2__leaf_CLK100MHZ (net)
                  0.08    0.00    0.66 ^ _253_/CLK (sky130_fd_sc_hd__dfrtp_1)
                          0.25    0.91   clock uncertainty
                         -0.06    0.85   clock reconvergence pessimism
                         -0.10    0.75   library hold time
                                  0.75   data required time
-----------------------------------------------------------------------------
                                  0.75   data required time
                                 -2.28   data arrival time
-----------------------------------------------------------------------------
                                  1.53   slack (MET)


Startpoint: _258_ (rising edge-triggered flip-flop clocked by CLK100MHZ)
Endpoint: _258_ (rising edge-triggered flip-flop clocked by CLK100MHZ)
Path Group: CLK100MHZ
Path Type: min
Corner: Slowest

Fanout     Cap    Slew   Delay    Time   Description
-----------------------------------------------------------------------------
                          0.00    0.00   clock CLK100MHZ (rise edge)
                          0.00    0.00   clock source latency
     1    0.02    0.14    0.09    0.09 ^ CLK100MHZ (in)
                                         CLK100MHZ (net)
                  0.14    0.00    0.09 ^ clkbuf_0_CLK100MHZ/A (sky130_fd_sc_hd__clkbuf_16)
     4    0.04    0.10    0.27    0.36 ^ clkbuf_0_CLK100MHZ/X (sky130_fd_sc_hd__clkbuf_16)
                                         clknet_0_CLK100MHZ (net)
                  0.10    0.00    0.36 ^ clkbuf_2_3__f_CLK100MHZ/A (sky130_fd_sc_hd__clkbuf_16)
     8    0.03    0.08    0.23    0.60 ^ clkbuf_2_3__f_CLK100MHZ/X (sky130_fd_sc_hd__clkbuf_16)
                                         clknet_2_3__leaf_CLK100MHZ (net)
                  0.08    0.00    0.60 ^ _258_/CLK (sky130_fd_sc_hd__dfrtp_4)
     5    0.04    0.24    0.91    1.50 ^ _258_/Q (sky130_fd_sc_hd__dfrtp_4)
                                         decoder.delay[8] (net)
                  0.24    0.00    1.50 ^ _187_/A (sky130_fd_sc_hd__nor2_1)
     1    0.01    0.13    0.20    1.71 v _187_/Y (sky130_fd_sc_hd__nor2_1)
                                         _097_ (net)
                  0.13    0.00    1.71 v _189_/A_N (sky130_fd_sc_hd__and2b_1)
     1    0.01    0.11    0.40    2.11 ^ _189_/X (sky130_fd_sc_hd__and2b_1)
                                         _099_ (net)
                  0.11    0.00    2.11 ^ _190_/A (sky130_fd_sc_hd__buf_1)
     1    0.02    0.30    0.32    2.43 ^ _190_/X (sky130_fd_sc_hd__buf_1)
                                         _023_ (net)
                  0.30    0.00    2.43 ^ _258_/D (sky130_fd_sc_hd__dfrtp_4)
                                  2.43   data arrival time

                          0.00    0.00   clock CLK100MHZ (rise edge)
                          0.00    0.00   clock source latency
     1    0.02    0.14    0.10    0.10 ^ CLK100MHZ (in)
                                         CLK100MHZ (net)
                  0.14    0.00    0.10 ^ clkbuf_0_CLK100MHZ/A (sky130_fd_sc_hd__clkbuf_16)
     4    0.04    0.10    0.30    0.40 ^ clkbuf_0_CLK100MHZ/X (sky130_fd_sc_hd__clkbuf_16)
                                         clknet_0_CLK100MHZ (net)
                  0.10    0.00    0.40 ^ clkbuf_2_3__f_CLK100MHZ/A (sky130_fd_sc_hd__clkbuf_16)
     8    0.03    0.08    0.26    0.66 ^ clkbuf_2_3__f_CLK100MHZ/X (sky130_fd_sc_hd__clkbuf_16)
                                         clknet_2_3__leaf_CLK100MHZ (net)
                  0.08    0.00    0.66 ^ _258_/CLK (sky130_fd_sc_hd__dfrtp_4)
                          0.25    0.91   clock uncertainty
                         -0.06    0.85   clock reconvergence pessimism
                         -0.13    0.72   library hold time
                                  0.72   data required time
-----------------------------------------------------------------------------
                                  0.72   data required time
                                 -2.43   data arrival time
-----------------------------------------------------------------------------
                                  1.71   slack (MET)


Startpoint: _261_ (rising edge-triggered flip-flop clocked by CLK100MHZ)
Endpoint: _261_ (rising edge-triggered flip-flop clocked by CLK100MHZ)
Path Group: CLK100MHZ
Path Type: min
Corner: Slowest

Fanout     Cap    Slew   Delay    Time   Description
-----------------------------------------------------------------------------
                          0.00    0.00   clock CLK100MHZ (rise edge)
                          0.00    0.00   clock source latency
     1    0.02    0.14    0.09    0.09 ^ CLK100MHZ (in)
                                         CLK100MHZ (net)
                  0.14    0.00    0.09 ^ clkbuf_0_CLK100MHZ/A (sky130_fd_sc_hd__clkbuf_16)
     4    0.04    0.10    0.27    0.36 ^ clkbuf_0_CLK100MHZ/X (sky130_fd_sc_hd__clkbuf_16)
                                         clknet_0_CLK100MHZ (net)
                  0.10    0.00    0.36 ^ clkbuf_2_3__f_CLK100MHZ/A (sky130_fd_sc_hd__clkbuf_16)
     8    0.03    0.08    0.23    0.60 ^ clkbuf_2_3__f_CLK100MHZ/X (sky130_fd_sc_hd__clkbuf_16)
                                         clknet_2_3__leaf_CLK100MHZ (net)
                  0.08    0.00    0.60 ^ _261_/CLK (sky130_fd_sc_hd__dfrtp_1)
     3    0.02    0.30    0.78    1.38 ^ _261_/Q (sky130_fd_sc_hd__dfrtp_1)
                                         decoder.delay[11] (net)
                  0.30    0.00    1.38 ^ _195_/B1 (sky130_fd_sc_hd__a21oi_1)
     1    0.02    0.18    0.25    1.63 v _195_/Y (sky130_fd_sc_hd__a21oi_1)
                                         _102_ (net)
                  0.18    0.00    1.63 v _197_/A_N (sky130_fd_sc_hd__and2b_1)
     1    0.01    0.18    0.48    2.11 ^ _197_/X (sky130_fd_sc_hd__and2b_1)
                                         _104_ (net)
                  0.18    0.00    2.11 ^ _198_/A (sky130_fd_sc_hd__buf_1)
     2    0.02    0.33    0.36    2.47 ^ _198_/X (sky130_fd_sc_hd__buf_1)
                                         _002_ (net)
                  0.33    0.00    2.47 ^ _261_/D (sky130_fd_sc_hd__dfrtp_1)
                                  2.47   data arrival time

                          0.00    0.00   clock CLK100MHZ (rise edge)
                          0.00    0.00   clock source latency
     1    0.02    0.14    0.10    0.10 ^ CLK100MHZ (in)
                                         CLK100MHZ (net)
                  0.14    0.00    0.10 ^ clkbuf_0_CLK100MHZ/A (sky130_fd_sc_hd__clkbuf_16)
     4    0.04    0.10    0.30    0.40 ^ clkbuf_0_CLK100MHZ/X (sky130_fd_sc_hd__clkbuf_16)
                                         clknet_0_CLK100MHZ (net)
                  0.10    0.00    0.40 ^ clkbuf_2_3__f_CLK100MHZ/A (sky130_fd_sc_hd__clkbuf_16)
     8    0.03    0.08    0.26    0.66 ^ clkbuf_2_3__f_CLK100MHZ/X (sky130_fd_sc_hd__clkbuf_16)
                                         clknet_2_3__leaf_CLK100MHZ (net)
                  0.08    0.00    0.66 ^ _261_/CLK (sky130_fd_sc_hd__dfrtp_1)
                          0.25    0.91   clock uncertainty
                         -0.06    0.85   clock reconvergence pessimism
                         -0.14    0.71   library hold time
                                  0.71   data required time
-----------------------------------------------------------------------------
                                  0.71   data required time
                                 -2.47   data arrival time
-----------------------------------------------------------------------------
                                  1.76   slack (MET)


Startpoint: _257_ (rising edge-triggered flip-flop clocked by CLK100MHZ)
Endpoint: _257_ (rising edge-triggered flip-flop clocked by CLK100MHZ)
Path Group: CLK100MHZ
Path Type: min
Corner: Slowest

Fanout     Cap    Slew   Delay    Time   Description
-----------------------------------------------------------------------------
                          0.00    0.00   clock CLK100MHZ (rise edge)
                          0.00    0.00   clock source latency
     1    0.02    0.14    0.09    0.09 ^ CLK100MHZ (in)
                                         CLK100MHZ (net)
                  0.14    0.00    0.09 ^ clkbuf_0_CLK100MHZ/A (sky130_fd_sc_hd__clkbuf_16)
     4    0.04    0.10    0.27    0.36 ^ clkbuf_0_CLK100MHZ/X (sky130_fd_sc_hd__clkbuf_16)
                                         clknet_0_CLK100MHZ (net)
                  0.10    0.00    0.36 ^ clkbuf_2_3__f_CLK100MHZ/A (sky130_fd_sc_hd__clkbuf_16)
     8    0.03    0.08    0.23    0.60 ^ clkbuf_2_3__f_CLK100MHZ/X (sky130_fd_sc_hd__clkbuf_16)
                                         clknet_2_3__leaf_CLK100MHZ (net)
                  0.08    0.00    0.60 ^ _257_/CLK (sky130_fd_sc_hd__dfrtp_1)
     3    0.03    0.37    0.83    1.43 ^ _257_/Q (sky130_fd_sc_hd__dfrtp_1)
                                         decoder.delay[7] (net)
                  0.37    0.00    1.43 ^ _184_/B1 (sky130_fd_sc_hd__a21o_1)
     1    0.01    0.15    0.30    1.73 ^ _184_/X (sky130_fd_sc_hd__a21o_1)
                                         _095_ (net)
                  0.15    0.00    1.73 ^ _185_/B (sky130_fd_sc_hd__and2b_1)
     1    0.02    0.34    0.44    2.17 ^ _185_/X (sky130_fd_sc_hd__and2b_1)
                                         _096_ (net)
                  0.34    0.00    2.17 ^ _186_/A (sky130_fd_sc_hd__buf_1)
     1    0.01    0.28    0.38    2.55 ^ _186_/X (sky130_fd_sc_hd__buf_1)
                                         _022_ (net)
                  0.28    0.00    2.55 ^ _257_/D (sky130_fd_sc_hd__dfrtp_1)
                                  2.55   data arrival time

                          0.00    0.00   clock CLK100MHZ (rise edge)
                          0.00    0.00   clock source latency
     1    0.02    0.14    0.10    0.10 ^ CLK100MHZ (in)
                                         CLK100MHZ (net)
                  0.14    0.00    0.10 ^ clkbuf_0_CLK100MHZ/A (sky130_fd_sc_hd__clkbuf_16)
     4    0.04    0.10    0.30    0.40 ^ clkbuf_0_CLK100MHZ/X (sky130_fd_sc_hd__clkbuf_16)
                                         clknet_0_CLK100MHZ (net)
                  0.10    0.00    0.40 ^ clkbuf_2_3__f_CLK100MHZ/A (sky130_fd_sc_hd__clkbuf_16)
     8    0.03    0.08    0.26    0.66 ^ clkbuf_2_3__f_CLK100MHZ/X (sky130_fd_sc_hd__clkbuf_16)
                                         clknet_2_3__leaf_CLK100MHZ (net)
                  0.08    0.00    0.66 ^ _257_/CLK (sky130_fd_sc_hd__dfrtp_1)
                          0.25    0.91   clock uncertainty
                         -0.06    0.85   clock reconvergence pessimism
                         -0.12    0.72   library hold time
                                  0.72   data required time
-----------------------------------------------------------------------------
                                  0.72   data required time
                                 -2.55   data arrival time
-----------------------------------------------------------------------------
                                  1.83   slack (MET)


Startpoint: _247_ (rising edge-triggered flip-flop clocked by CLK100MHZ)
Endpoint: seg[6] (output port clocked by CLK100MHZ)
Path Group: CLK100MHZ
Path Type: min
Corner: Slowest

Fanout     Cap    Slew   Delay    Time   Description
-----------------------------------------------------------------------------
                          0.00    0.00   clock CLK100MHZ (rise edge)
                          0.00    0.00   clock source latency
     1    0.02    0.14    0.09    0.09 ^ CLK100MHZ (in)
                                         CLK100MHZ (net)
                  0.14    0.00    0.09 ^ clkbuf_0_CLK100MHZ/A (sky130_fd_sc_hd__clkbuf_16)
     4    0.04    0.10    0.27    0.36 ^ clkbuf_0_CLK100MHZ/X (sky130_fd_sc_hd__clkbuf_16)
                                         clknet_0_CLK100MHZ (net)
                  0.10    0.00    0.36 ^ clkbuf_2_3__f_CLK100MHZ/A (sky130_fd_sc_hd__clkbuf_16)
     8    0.03    0.08    0.23    0.60 ^ clkbuf_2_3__f_CLK100MHZ/X (sky130_fd_sc_hd__clkbuf_16)
                                         clknet_2_3__leaf_CLK100MHZ (net)
                  0.08    0.00    0.60 ^ _247_/CLK (sky130_fd_sc_hd__dfrtp_4)
     9    0.05    0.29    0.95    1.54 ^ _247_/Q (sky130_fd_sc_hd__dfrtp_4)
                                         decoder.count[1] (net)
                  0.29    0.00    1.55 ^ _164_/A1 (sky130_fd_sc_hd__a21boi_1)
     1    0.01    0.13    0.28    1.83 v _164_/Y (sky130_fd_sc_hd__a21boi_1)
                                         net7 (net)
                  0.13    0.00    1.83 v output7/A (sky130_fd_sc_hd__buf_1)
     1    0.03    0.39    0.42    2.25 v output7/X (sky130_fd_sc_hd__buf_1)
                                         seg[6] (net)
                  0.39    0.00    2.25 v seg[6] (out)
                                  2.25   data arrival time

                          0.00    0.00   clock CLK100MHZ (rise edge)
                          0.00    0.00   clock network delay (propagated)
                          0.25    0.25   clock uncertainty
                          0.00    0.25   clock reconvergence pessimism
                         -2.00   -1.75   output external delay
                                 -1.75   data required time
-----------------------------------------------------------------------------
                                 -1.75   data required time
                                 -2.25   data arrival time
-----------------------------------------------------------------------------
                                  4.00   slack (MET)


Startpoint: _246_ (rising edge-triggered flip-flop clocked by CLK100MHZ)
Endpoint: seg[4] (output port clocked by CLK100MHZ)
Path Group: CLK100MHZ
Path Type: min
Corner: Slowest

Fanout     Cap    Slew   Delay    Time   Description
-----------------------------------------------------------------------------
                          0.00    0.00   clock CLK100MHZ (rise edge)
                          0.00    0.00   clock source latency
     1    0.02    0.14    0.09    0.09 ^ CLK100MHZ (in)
                                         CLK100MHZ (net)
                  0.14    0.00    0.09 ^ clkbuf_0_CLK100MHZ/A (sky130_fd_sc_hd__clkbuf_16)
     4    0.04    0.10    0.27    0.36 ^ clkbuf_0_CLK100MHZ/X (sky130_fd_sc_hd__clkbuf_16)
                                         clknet_0_CLK100MHZ (net)
                  0.10    0.00    0.36 ^ clkbuf_2_1__f_CLK100MHZ/A (sky130_fd_sc_hd__clkbuf_16)
     8    0.02    0.07    0.23    0.59 ^ clkbuf_2_1__f_CLK100MHZ/X (sky130_fd_sc_hd__clkbuf_16)
                                         clknet_2_1__leaf_CLK100MHZ (net)
                  0.07    0.00    0.59 ^ _246_/CLK (sky130_fd_sc_hd__dfrtp_4)
     6    0.05    0.26    0.93    1.52 ^ _246_/Q (sky130_fd_sc_hd__dfrtp_4)
                                         decoder.count[0] (net)
                  0.26    0.00    1.52 ^ _141_/A (sky130_fd_sc_hd__inv_2)
     2    0.01    0.09    0.16    1.68 v _141_/Y (sky130_fd_sc_hd__inv_2)
                                         _071_ (net)
                  0.09    0.00    1.68 v _161_/A (sky130_fd_sc_hd__nand2_1)
     1    0.01    0.17    0.17    1.85 ^ _161_/Y (sky130_fd_sc_hd__nand2_1)
                                         net5 (net)
                  0.17    0.00    1.85 ^ output5/A (sky130_fd_sc_hd__buf_1)
     1    0.03    0.64    0.57    2.42 ^ output5/X (sky130_fd_sc_hd__buf_1)
                                         seg[4] (net)
                  0.64    0.00    2.42 ^ seg[4] (out)
                                  2.42   data arrival time

                          0.00    0.00   clock CLK100MHZ (rise edge)
                          0.00    0.00   clock network delay (propagated)
                          0.25    0.25   clock uncertainty
                          0.00    0.25   clock reconvergence pessimism
                         -2.00   -1.75   output external delay
                                 -1.75   data required time
-----------------------------------------------------------------------------
                                 -1.75   data required time
                                 -2.42   data arrival time
-----------------------------------------------------------------------------
                                  4.17   slack (MET)


Startpoint: _249_ (rising edge-triggered flip-flop clocked by CLK100MHZ)
Endpoint: seg[3] (output port clocked by CLK100MHZ)
Path Group: CLK100MHZ
Path Type: min
Corner: Slowest

Fanout     Cap    Slew   Delay    Time   Description
-----------------------------------------------------------------------------
                          0.00    0.00   clock CLK100MHZ (rise edge)
                          0.00    0.00   clock source latency
     1    0.02    0.14    0.09    0.09 ^ CLK100MHZ (in)
                                         CLK100MHZ (net)
                  0.14    0.00    0.09 ^ clkbuf_0_CLK100MHZ/A (sky130_fd_sc_hd__clkbuf_16)
     4    0.04    0.10    0.27    0.36 ^ clkbuf_0_CLK100MHZ/X (sky130_fd_sc_hd__clkbuf_16)
                                         clknet_0_CLK100MHZ (net)
                  0.10    0.00    0.36 ^ clkbuf_2_3__f_CLK100MHZ/A (sky130_fd_sc_hd__clkbuf_16)
     8    0.03    0.08    0.23    0.60 ^ clkbuf_2_3__f_CLK100MHZ/X (sky130_fd_sc_hd__clkbuf_16)
                                         clknet_2_3__leaf_CLK100MHZ (net)
                  0.08    0.00    0.60 ^ _249_/CLK (sky130_fd_sc_hd__dfrtp_4)
     6    0.04    0.25    0.92    1.52 ^ _249_/Q (sky130_fd_sc_hd__dfrtp_4)
                                         decoder.count[3] (net)
                  0.25    0.00    1.52 ^ _158_/D1 (sky130_fd_sc_hd__a2111o_1)
     2    0.02    0.25    0.35    1.87 ^ _158_/X (sky130_fd_sc_hd__a2111o_1)
                                         net4 (net)
                  0.25    0.00    1.87 ^ output4/A (sky130_fd_sc_hd__buf_1)
     1    0.03    0.64    0.60    2.46 ^ output4/X (sky130_fd_sc_hd__buf_1)
                                         seg[3] (net)
                  0.64    0.00    2.46 ^ seg[3] (out)
                                  2.46   data arrival time

                          0.00    0.00   clock CLK100MHZ (rise edge)
                          0.00    0.00   clock network delay (propagated)
                          0.25    0.25   clock uncertainty
                          0.00    0.25   clock reconvergence pessimism
                         -2.00   -1.75   output external delay
                                 -1.75   data required time
-----------------------------------------------------------------------------
                                 -1.75   data required time
                                 -2.46   data arrival time
-----------------------------------------------------------------------------
                                  4.21   slack (MET)


Startpoint: _248_ (rising edge-triggered flip-flop clocked by CLK100MHZ)
Endpoint: seg[1] (output port clocked by CLK100MHZ)
Path Group: CLK100MHZ
Path Type: min
Corner: Slowest

Fanout     Cap    Slew   Delay    Time   Description
-----------------------------------------------------------------------------
                          0.00    0.00   clock CLK100MHZ (rise edge)
                          0.00    0.00   clock source latency
     1    0.02    0.14    0.09    0.09 ^ CLK100MHZ (in)
                                         CLK100MHZ (net)
                  0.14    0.00    0.09 ^ clkbuf_0_CLK100MHZ/A (sky130_fd_sc_hd__clkbuf_16)
     4    0.04    0.10    0.27    0.36 ^ clkbuf_0_CLK100MHZ/X (sky130_fd_sc_hd__clkbuf_16)
                                         clknet_0_CLK100MHZ (net)
                  0.10    0.00    0.36 ^ clkbuf_2_0__f_CLK100MHZ/A (sky130_fd_sc_hd__clkbuf_16)
     8    0.03    0.08    0.23    0.60 ^ clkbuf_2_0__f_CLK100MHZ/X (sky130_fd_sc_hd__clkbuf_16)
                                         clknet_2_0__leaf_CLK100MHZ (net)
                  0.08    0.00    0.60 ^ _248_/CLK (sky130_fd_sc_hd__dfrtp_4)
     6    0.04    0.23    0.90    1.50 ^ _248_/Q (sky130_fd_sc_hd__dfrtp_4)
                                         decoder.count[2] (net)
                  0.23    0.00    1.50 ^ _155_/B (sky130_fd_sc_hd__nor2_2)
     4    0.03    0.16    0.22    1.72 v _155_/Y (sky130_fd_sc_hd__nor2_2)
                                         _079_ (net)
                  0.16    0.00    1.72 v _159_/B (sky130_fd_sc_hd__nor2_1)
     1    0.01    0.19    0.21    1.93 ^ _159_/Y (sky130_fd_sc_hd__nor2_1)
                                         net2 (net)
                  0.19    0.00    1.93 ^ output2/A (sky130_fd_sc_hd__buf_1)
     1    0.03    0.64    0.58    2.51 ^ output2/X (sky130_fd_sc_hd__buf_1)
                                         seg[1] (net)
                  0.64    0.00    2.51 ^ seg[1] (out)
                                  2.51   data arrival time

                          0.00    0.00   clock CLK100MHZ (rise edge)
                          0.00    0.00   clock network delay (propagated)
                          0.25    0.25   clock uncertainty
                          0.00    0.25   clock reconvergence pessimism
                         -2.00   -1.75   output external delay
                                 -1.75   data required time
-----------------------------------------------------------------------------
                                 -1.75   data required time
                                 -2.51   data arrival time
-----------------------------------------------------------------------------
                                  4.26   slack (MET)


Startpoint: _249_ (rising edge-triggered flip-flop clocked by CLK100MHZ)
Endpoint: seg[2] (output port clocked by CLK100MHZ)
Path Group: CLK100MHZ
Path Type: min
Corner: Slowest

Fanout     Cap    Slew   Delay    Time   Description
-----------------------------------------------------------------------------
                          0.00    0.00   clock CLK100MHZ (rise edge)
                          0.00    0.00   clock source latency
     1    0.02    0.14    0.09    0.09 ^ CLK100MHZ (in)
                                         CLK100MHZ (net)
                  0.14    0.00    0.09 ^ clkbuf_0_CLK100MHZ/A (sky130_fd_sc_hd__clkbuf_16)
     4    0.04    0.10    0.27    0.36 ^ clkbuf_0_CLK100MHZ/X (sky130_fd_sc_hd__clkbuf_16)
                                         clknet_0_CLK100MHZ (net)
                  0.10    0.00    0.36 ^ clkbuf_2_3__f_CLK100MHZ/A (sky130_fd_sc_hd__clkbuf_16)
     8    0.03    0.08    0.23    0.60 ^ clkbuf_2_3__f_CLK100MHZ/X (sky130_fd_sc_hd__clkbuf_16)
                                         clknet_2_3__leaf_CLK100MHZ (net)
                  0.08    0.00    0.60 ^ _249_/CLK (sky130_fd_sc_hd__dfrtp_4)
     6    0.04    0.25    0.92    1.52 ^ _249_/Q (sky130_fd_sc_hd__dfrtp_4)
                                         decoder.count[3] (net)
                  0.25    0.00    1.52 ^ _160_/A1 (sky130_fd_sc_hd__o21a_1)
     1    0.02    0.25    0.42    1.94 ^ _160_/X (sky130_fd_sc_hd__o21a_1)
                                         net3 (net)
                  0.25    0.00    1.94 ^ output3/A (sky130_fd_sc_hd__buf_1)
     1    0.03    0.64    0.60    2.54 ^ output3/X (sky130_fd_sc_hd__buf_1)
                                         seg[2] (net)
                  0.64    0.00    2.54 ^ seg[2] (out)
                                  2.54   data arrival time

                          0.00    0.00   clock CLK100MHZ (rise edge)
                          0.00    0.00   clock network delay (propagated)
                          0.25    0.25   clock uncertainty
                          0.00    0.25   clock reconvergence pessimism
                         -2.00   -1.75   output external delay
                                 -1.75   data required time
-----------------------------------------------------------------------------
                                 -1.75   data required time
                                 -2.54   data arrival time
-----------------------------------------------------------------------------
                                  4.29   slack (MET)


Startpoint: _249_ (rising edge-triggered flip-flop clocked by CLK100MHZ)
Endpoint: seg[5] (output port clocked by CLK100MHZ)
Path Group: CLK100MHZ
Path Type: min
Corner: Slowest

Fanout     Cap    Slew   Delay    Time   Description
-----------------------------------------------------------------------------
                          0.00    0.00   clock CLK100MHZ (rise edge)
                          0.00    0.00   clock source latency
     1    0.02    0.14    0.09    0.09 ^ CLK100MHZ (in)
                                         CLK100MHZ (net)
                  0.14    0.00    0.09 ^ clkbuf_0_CLK100MHZ/A (sky130_fd_sc_hd__clkbuf_16)
     4    0.04    0.10    0.27    0.36 ^ clkbuf_0_CLK100MHZ/X (sky130_fd_sc_hd__clkbuf_16)
                                         clknet_0_CLK100MHZ (net)
                  0.10    0.00    0.36 ^ clkbuf_2_3__f_CLK100MHZ/A (sky130_fd_sc_hd__clkbuf_16)
     8    0.03    0.08    0.23    0.60 ^ clkbuf_2_3__f_CLK100MHZ/X (sky130_fd_sc_hd__clkbuf_16)
                                         clknet_2_3__leaf_CLK100MHZ (net)
                  0.08    0.00    0.60 ^ _249_/CLK (sky130_fd_sc_hd__dfrtp_4)
     6    0.04    0.25    0.92    1.52 ^ _249_/Q (sky130_fd_sc_hd__dfrtp_4)
                                         decoder.count[3] (net)
                  0.25    0.00    1.52 ^ _162_/A (sky130_fd_sc_hd__or3_1)
     1    0.01    0.17    0.31    1.83 ^ _162_/X (sky130_fd_sc_hd__or3_1)
                                         _082_ (net)
                  0.17    0.00    1.83 ^ _163_/A (sky130_fd_sc_hd__clkbuf_1)
     1    0.01    0.28    0.33    2.16 ^ _163_/X (sky130_fd_sc_hd__clkbuf_1)
                                         net6 (net)
                  0.28    0.00    2.16 ^ output6/A (sky130_fd_sc_hd__buf_1)
     1    0.03    0.64    0.61    2.77 ^ output6/X (sky130_fd_sc_hd__buf_1)
                                         seg[5] (net)
                  0.64    0.00    2.77 ^ seg[5] (out)
                                  2.77   data arrival time

                          0.00    0.00   clock CLK100MHZ (rise edge)
                          0.00    0.00   clock network delay (propagated)
                          0.25    0.25   clock uncertainty
                          0.00    0.25   clock reconvergence pessimism
                         -2.00   -1.75   output external delay
                                 -1.75   data required time
-----------------------------------------------------------------------------
                                 -1.75   data required time
                                 -2.77   data arrival time
-----------------------------------------------------------------------------
                                  4.52   slack (MET)


Startpoint: _249_ (rising edge-triggered flip-flop clocked by CLK100MHZ)
Endpoint: seg[0] (output port clocked by CLK100MHZ)
Path Group: CLK100MHZ
Path Type: min
Corner: Slowest

Fanout     Cap    Slew   Delay    Time   Description
-----------------------------------------------------------------------------
                          0.00    0.00   clock CLK100MHZ (rise edge)
                          0.00    0.00   clock source latency
     1    0.02    0.14    0.09    0.09 ^ CLK100MHZ (in)
                                         CLK100MHZ (net)
                  0.14    0.00    0.09 ^ clkbuf_0_CLK100MHZ/A (sky130_fd_sc_hd__clkbuf_16)
     4    0.04    0.10    0.27    0.36 ^ clkbuf_0_CLK100MHZ/X (sky130_fd_sc_hd__clkbuf_16)
                                         clknet_0_CLK100MHZ (net)
                  0.10    0.00    0.36 ^ clkbuf_2_3__f_CLK100MHZ/A (sky130_fd_sc_hd__clkbuf_16)
     8    0.03    0.08    0.23    0.60 ^ clkbuf_2_3__f_CLK100MHZ/X (sky130_fd_sc_hd__clkbuf_16)
                                         clknet_2_3__leaf_CLK100MHZ (net)
                  0.08    0.00    0.60 ^ _249_/CLK (sky130_fd_sc_hd__dfrtp_4)
     6    0.04    0.25    0.92    1.52 ^ _249_/Q (sky130_fd_sc_hd__dfrtp_4)
                                         decoder.count[3] (net)
                  0.25    0.00    1.52 ^ _158_/D1 (sky130_fd_sc_hd__a2111o_1)
     2    0.02    0.25    0.35    1.87 ^ _158_/X (sky130_fd_sc_hd__a2111o_1)
                                         net4 (net)
                  0.25    0.00    1.87 ^ _279_/A (sky130_fd_sc_hd__buf_1)
     1    0.01    0.23    0.32    2.18 ^ _279_/X (sky130_fd_sc_hd__buf_1)
                                         net1 (net)
                  0.23    0.00    2.18 ^ output1/A (sky130_fd_sc_hd__buf_1)
     1    0.03    0.64    0.59    2.78 ^ output1/X (sky130_fd_sc_hd__buf_1)
                                         seg[0] (net)
                  0.64    0.00    2.78 ^ seg[0] (out)
                                  2.78   data arrival time

                          0.00    0.00   clock CLK100MHZ (rise edge)
                          0.00    0.00   clock network delay (propagated)
                          0.25    0.25   clock uncertainty
                          0.00    0.25   clock reconvergence pessimism
                         -2.00   -1.75   output external delay
                                 -1.75   data required time
-----------------------------------------------------------------------------
                                 -1.75   data required time
                                 -2.78   data arrival time
-----------------------------------------------------------------------------
                                  4.53   slack (MET)



worst slack corner Slowest: 0.8176
======================= Typical Corner ===================================

Startpoint: _268_ (rising edge-triggered flip-flop clocked by CLK100MHZ)
Endpoint: _268_ (rising edge-triggered flip-flop clocked by CLK100MHZ)
Path Group: CLK100MHZ
Path Type: min
Corner: Typical

Fanout     Cap    Slew   Delay    Time   Description
-----------------------------------------------------------------------------
                          0.00    0.00   clock CLK100MHZ (rise edge)
                          0.00    0.00   clock source latency
     1    0.02    0.09    0.06    0.06 ^ CLK100MHZ (in)
                                         CLK100MHZ (net)
                  0.09    0.00    0.06 ^ clkbuf_0_CLK100MHZ/A (sky130_fd_sc_hd__clkbuf_16)
     4    0.04    0.06    0.15    0.21 ^ clkbuf_0_CLK100MHZ/X (sky130_fd_sc_hd__clkbuf_16)
                                         clknet_0_CLK100MHZ (net)
                  0.06    0.00    0.21 ^ clkbuf_2_1__f_CLK100MHZ/A (sky130_fd_sc_hd__clkbuf_16)
     8    0.02    0.04    0.13    0.34 ^ clkbuf_2_1__f_CLK100MHZ/X (sky130_fd_sc_hd__clkbuf_16)
                                         clknet_2_1__leaf_CLK100MHZ (net)
                  0.04    0.00    0.34 ^ _268_/CLK (sky130_fd_sc_hd__dfrtp_2)
     3    0.03    0.14    0.40    0.74 ^ _268_/Q (sky130_fd_sc_hd__dfrtp_2)
                                         decoder.delay[18] (net)
                  0.14    0.00    0.75 ^ _211_/A (sky130_fd_sc_hd__xor2_1)
     1    0.00    0.04    0.08    0.83 v _211_/X (sky130_fd_sc_hd__xor2_1)
                                         _009_ (net)
                  0.04    0.00    0.83 v _268_/D (sky130_fd_sc_hd__dfrtp_2)
                                  0.83   data arrival time

                          0.00    0.00   clock CLK100MHZ (rise edge)
                          0.00    0.00   clock source latency
     1    0.02    0.09    0.06    0.06 ^ CLK100MHZ (in)
                                         CLK100MHZ (net)
                  0.09    0.00    0.06 ^ clkbuf_0_CLK100MHZ/A (sky130_fd_sc_hd__clkbuf_16)
     4    0.04    0.06    0.17    0.23 ^ clkbuf_0_CLK100MHZ/X (sky130_fd_sc_hd__clkbuf_16)
                                         clknet_0_CLK100MHZ (net)
                  0.06    0.00    0.23 ^ clkbuf_2_1__f_CLK100MHZ/A (sky130_fd_sc_hd__clkbuf_16)
     8    0.02    0.04    0.14    0.38 ^ clkbuf_2_1__f_CLK100MHZ/X (sky130_fd_sc_hd__clkbuf_16)
                                         clknet_2_1__leaf_CLK100MHZ (net)
                  0.04    0.00    0.38 ^ _268_/CLK (sky130_fd_sc_hd__dfrtp_2)
                          0.25    0.63   clock uncertainty
                         -0.04    0.59   clock reconvergence pessimism
                         -0.04    0.55   library hold time
                                  0.55   data required time
-----------------------------------------------------------------------------
                                  0.55   data required time
                                 -0.83   data arrival time
-----------------------------------------------------------------------------
                                  0.28   slack (MET)


Startpoint: _250_ (rising edge-triggered flip-flop clocked by CLK100MHZ)
Endpoint: _250_ (rising edge-triggered flip-flop clocked by CLK100MHZ)
Path Group: CLK100MHZ
Path Type: min
Corner: Typical

Fanout     Cap    Slew   Delay    Time   Description
-----------------------------------------------------------------------------
                          0.00    0.00   clock CLK100MHZ (rise edge)
                          0.00    0.00   clock source latency
     1    0.02    0.09    0.06    0.06 ^ CLK100MHZ (in)
                                         CLK100MHZ (net)
                  0.09    0.00    0.06 ^ clkbuf_0_CLK100MHZ/A (sky130_fd_sc_hd__clkbuf_16)
     4    0.04    0.06    0.15    0.21 ^ clkbuf_0_CLK100MHZ/X (sky130_fd_sc_hd__clkbuf_16)
                                         clknet_0_CLK100MHZ (net)
                  0.06    0.00    0.21 ^ clkbuf_2_2__f_CLK100MHZ/A (sky130_fd_sc_hd__clkbuf_16)
     8    0.03    0.05    0.13    0.35 ^ clkbuf_2_2__f_CLK100MHZ/X (sky130_fd_sc_hd__clkbuf_16)
                                         clknet_2_2__leaf_CLK100MHZ (net)
                  0.05    0.00    0.35 ^ _250_/CLK (sky130_fd_sc_hd__dfrtp_2)
     5    0.04    0.20    0.45    0.80 ^ _250_/Q (sky130_fd_sc_hd__dfrtp_2)
                                         decoder.delay[0] (net)
                  0.20    0.00    0.80 ^ _165_/A (sky130_fd_sc_hd__inv_2)
     1    0.00    0.04    0.04    0.84 v _165_/Y (sky130_fd_sc_hd__inv_2)
                                         _000_ (net)
                  0.04    0.00    0.84 v _250_/D (sky130_fd_sc_hd__dfrtp_2)
                                  0.84   data arrival time

                          0.00    0.00   clock CLK100MHZ (rise edge)
                          0.00    0.00   clock source latency
     1    0.02    0.09    0.06    0.06 ^ CLK100MHZ (in)
                                         CLK100MHZ (net)
                  0.09    0.00    0.06 ^ clkbuf_0_CLK100MHZ/A (sky130_fd_sc_hd__clkbuf_16)
     4    0.04    0.06    0.17    0.23 ^ clkbuf_0_CLK100MHZ/X (sky130_fd_sc_hd__clkbuf_16)
                                         clknet_0_CLK100MHZ (net)
                  0.06    0.00    0.23 ^ clkbuf_2_2__f_CLK100MHZ/A (sky130_fd_sc_hd__clkbuf_16)
     8    0.03    0.05    0.15    0.38 ^ clkbuf_2_2__f_CLK100MHZ/X (sky130_fd_sc_hd__clkbuf_16)
                                         clknet_2_2__leaf_CLK100MHZ (net)
                  0.05    0.00    0.38 ^ _250_/CLK (sky130_fd_sc_hd__dfrtp_2)
                          0.25    0.63   clock uncertainty
                         -0.04    0.60   clock reconvergence pessimism
                         -0.04    0.56   library hold time
                                  0.56   data required time
-----------------------------------------------------------------------------
                                  0.56   data required time
                                 -0.84   data arrival time
-----------------------------------------------------------------------------
                                  0.28   slack (MET)


Startpoint: _266_ (rising edge-triggered flip-flop clocked by CLK100MHZ)
Endpoint: _266_ (rising edge-triggered flip-flop clocked by CLK100MHZ)
Path Group: CLK100MHZ
Path Type: min
Corner: Typical

Fanout     Cap    Slew   Delay    Time   Description
-----------------------------------------------------------------------------
                          0.00    0.00   clock CLK100MHZ (rise edge)
                          0.00    0.00   clock source latency
     1    0.02    0.09    0.06    0.06 ^ CLK100MHZ (in)
                                         CLK100MHZ (net)
                  0.09    0.00    0.06 ^ clkbuf_0_CLK100MHZ/A (sky130_fd_sc_hd__clkbuf_16)
     4    0.04    0.06    0.15    0.21 ^ clkbuf_0_CLK100MHZ/X (sky130_fd_sc_hd__clkbuf_16)
                                         clknet_0_CLK100MHZ (net)
                  0.06    0.00    0.21 ^ clkbuf_2_0__f_CLK100MHZ/A (sky130_fd_sc_hd__clkbuf_16)
     8    0.03    0.05    0.13    0.35 ^ clkbuf_2_0__f_CLK100MHZ/X (sky130_fd_sc_hd__clkbuf_16)
                                         clknet_2_0__leaf_CLK100MHZ (net)
                  0.05    0.00    0.35 ^ _266_/CLK (sky130_fd_sc_hd__dfrtp_2)
     5    0.04    0.18    0.43    0.78 ^ _266_/Q (sky130_fd_sc_hd__dfrtp_2)
                                         decoder.delay[16] (net)
                  0.18    0.00    0.78 ^ _207_/A (sky130_fd_sc_hd__xor2_1)
     1    0.00    0.04    0.09    0.87 v _207_/X (sky130_fd_sc_hd__xor2_1)
                                         _007_ (net)
                  0.04    0.00    0.87 v _266_/D (sky130_fd_sc_hd__dfrtp_2)
                                  0.87   data arrival time

                          0.00    0.00   clock CLK100MHZ (rise edge)
                          0.00    0.00   clock source latency
     1    0.02    0.09    0.06    0.06 ^ CLK100MHZ (in)
                                         CLK100MHZ (net)
                  0.09    0.00    0.06 ^ clkbuf_0_CLK100MHZ/A (sky130_fd_sc_hd__clkbuf_16)
     4    0.04    0.06    0.17    0.23 ^ clkbuf_0_CLK100MHZ/X (sky130_fd_sc_hd__clkbuf_16)
                                         clknet_0_CLK100MHZ (net)
                  0.06    0.00    0.23 ^ clkbuf_2_0__f_CLK100MHZ/A (sky130_fd_sc_hd__clkbuf_16)
     8    0.03    0.05    0.15    0.38 ^ clkbuf_2_0__f_CLK100MHZ/X (sky130_fd_sc_hd__clkbuf_16)
                                         clknet_2_0__leaf_CLK100MHZ (net)
                  0.05    0.00    0.38 ^ _266_/CLK (sky130_fd_sc_hd__dfrtp_2)
                          0.25    0.63   clock uncertainty
                         -0.04    0.60   clock reconvergence pessimism
                         -0.04    0.56   library hold time
                                  0.56   data required time
-----------------------------------------------------------------------------
                                  0.56   data required time
                                 -0.87   data arrival time
-----------------------------------------------------------------------------
                                  0.31   slack (MET)


Startpoint: _262_ (rising edge-triggered flip-flop clocked by CLK100MHZ)
Endpoint: _262_ (rising edge-triggered flip-flop clocked by CLK100MHZ)
Path Group: CLK100MHZ
Path Type: min
Corner: Typical

Fanout     Cap    Slew   Delay    Time   Description
-----------------------------------------------------------------------------
                          0.00    0.00   clock CLK100MHZ (rise edge)
                          0.00    0.00   clock source latency
     1    0.02    0.09    0.06    0.06 ^ CLK100MHZ (in)
                                         CLK100MHZ (net)
                  0.09    0.00    0.06 ^ clkbuf_0_CLK100MHZ/A (sky130_fd_sc_hd__clkbuf_16)
     4    0.04    0.06    0.15    0.21 ^ clkbuf_0_CLK100MHZ/X (sky130_fd_sc_hd__clkbuf_16)
                                         clknet_0_CLK100MHZ (net)
                  0.06    0.00    0.21 ^ clkbuf_2_2__f_CLK100MHZ/A (sky130_fd_sc_hd__clkbuf_16)
     8    0.03    0.05    0.13    0.35 ^ clkbuf_2_2__f_CLK100MHZ/X (sky130_fd_sc_hd__clkbuf_16)
                                         clknet_2_2__leaf_CLK100MHZ (net)
                  0.05    0.00    0.35 ^ _262_/CLK (sky130_fd_sc_hd__dfrtp_2)
     5    0.03    0.16    0.42    0.76 ^ _262_/Q (sky130_fd_sc_hd__dfrtp_2)
                                         decoder.delay[12] (net)
                  0.16    0.00    0.77 ^ _199_/A (sky130_fd_sc_hd__xnor2_1)
     1    0.01    0.06    0.11    0.87 v _199_/Y (sky130_fd_sc_hd__xnor2_1)
                                         _003_ (net)
                  0.06    0.00    0.87 v _262_/D (sky130_fd_sc_hd__dfrtp_2)
                                  0.87   data arrival time

                          0.00    0.00   clock CLK100MHZ (rise edge)
                          0.00    0.00   clock source latency
     1    0.02    0.09    0.06    0.06 ^ CLK100MHZ (in)
                                         CLK100MHZ (net)
                  0.09    0.00    0.06 ^ clkbuf_0_CLK100MHZ/A (sky130_fd_sc_hd__clkbuf_16)
     4    0.04    0.06    0.17    0.23 ^ clkbuf_0_CLK100MHZ/X (sky130_fd_sc_hd__clkbuf_16)
                                         clknet_0_CLK100MHZ (net)
                  0.06    0.00    0.23 ^ clkbuf_2_2__f_CLK100MHZ/A (sky130_fd_sc_hd__clkbuf_16)
     8    0.03    0.05    0.15    0.38 ^ clkbuf_2_2__f_CLK100MHZ/X (sky130_fd_sc_hd__clkbuf_16)
                                         clknet_2_2__leaf_CLK100MHZ (net)
                  0.05    0.00    0.38 ^ _262_/CLK (sky130_fd_sc_hd__dfrtp_2)
                          0.25    0.63   clock uncertainty
                         -0.04    0.60   clock reconvergence pessimism
                         -0.05    0.55   library hold time
                                  0.55   data required time
-----------------------------------------------------------------------------
                                  0.55   data required time
                                 -0.87   data arrival time
-----------------------------------------------------------------------------
                                  0.32   slack (MET)


Startpoint: _269_ (rising edge-triggered flip-flop clocked by CLK100MHZ)
Endpoint: _269_ (rising edge-triggered flip-flop clocked by CLK100MHZ)
Path Group: CLK100MHZ
Path Type: min
Corner: Typical

Fanout     Cap    Slew   Delay    Time   Description
-----------------------------------------------------------------------------
                          0.00    0.00   clock CLK100MHZ (rise edge)
                          0.00    0.00   clock source latency
     1    0.02    0.09    0.06    0.06 ^ CLK100MHZ (in)
                                         CLK100MHZ (net)
                  0.09    0.00    0.06 ^ clkbuf_0_CLK100MHZ/A (sky130_fd_sc_hd__clkbuf_16)
     4    0.04    0.06    0.15    0.21 ^ clkbuf_0_CLK100MHZ/X (sky130_fd_sc_hd__clkbuf_16)
                                         clknet_0_CLK100MHZ (net)
                  0.06    0.00    0.21 ^ clkbuf_2_2__f_CLK100MHZ/A (sky130_fd_sc_hd__clkbuf_16)
     8    0.03    0.05    0.13    0.35 ^ clkbuf_2_2__f_CLK100MHZ/X (sky130_fd_sc_hd__clkbuf_16)
                                         clknet_2_2__leaf_CLK100MHZ (net)
                  0.05    0.00    0.35 ^ _269_/CLK (sky130_fd_sc_hd__dfrtp_1)
     2    0.01    0.13    0.37    0.72 ^ _269_/Q (sky130_fd_sc_hd__dfrtp_1)
                                         decoder.delay[19] (net)
                  0.13    0.00    0.72 ^ _213_/B2 (sky130_fd_sc_hd__o2bb2a_1)
     1    0.01    0.09    0.18    0.89 ^ _213_/X (sky130_fd_sc_hd__o2bb2a_1)
                                         _010_ (net)
                  0.09    0.00    0.89 ^ _269_/D (sky130_fd_sc_hd__dfrtp_1)
                                  0.89   data arrival time

                          0.00    0.00   clock CLK100MHZ (rise edge)
                          0.00    0.00   clock source latency
     1    0.02    0.09    0.06    0.06 ^ CLK100MHZ (in)
                                         CLK100MHZ (net)
                  0.09    0.00    0.06 ^ clkbuf_0_CLK100MHZ/A (sky130_fd_sc_hd__clkbuf_16)
     4    0.04    0.06    0.17    0.23 ^ clkbuf_0_CLK100MHZ/X (sky130_fd_sc_hd__clkbuf_16)
                                         clknet_0_CLK100MHZ (net)
                  0.06    0.00    0.23 ^ clkbuf_2_2__f_CLK100MHZ/A (sky130_fd_sc_hd__clkbuf_16)
     8    0.03    0.05    0.15    0.38 ^ clkbuf_2_2__f_CLK100MHZ/X (sky130_fd_sc_hd__clkbuf_16)
                                         clknet_2_2__leaf_CLK100MHZ (net)
                  0.05    0.00    0.38 ^ _269_/CLK (sky130_fd_sc_hd__dfrtp_1)
                          0.25    0.63   clock uncertainty
                         -0.04    0.60   clock reconvergence pessimism
                         -0.04    0.55   library hold time
                                  0.55   data required time
-----------------------------------------------------------------------------
                                  0.55   data required time
                                 -0.89   data arrival time
-----------------------------------------------------------------------------
                                  0.34   slack (MET)


Startpoint: _274_ (rising edge-triggered flip-flop clocked by CLK100MHZ)
Endpoint: _274_ (rising edge-triggered flip-flop clocked by CLK100MHZ)
Path Group: CLK100MHZ
Path Type: min
Corner: Typical

Fanout     Cap    Slew   Delay    Time   Description
-----------------------------------------------------------------------------
                          0.00    0.00   clock CLK100MHZ (rise edge)
                          0.00    0.00   clock source latency
     1    0.02    0.09    0.06    0.06 ^ CLK100MHZ (in)
                                         CLK100MHZ (net)
                  0.09    0.00    0.06 ^ clkbuf_0_CLK100MHZ/A (sky130_fd_sc_hd__clkbuf_16)
     4    0.04    0.06    0.15    0.21 ^ clkbuf_0_CLK100MHZ/X (sky130_fd_sc_hd__clkbuf_16)
                                         clknet_0_CLK100MHZ (net)
                  0.06    0.00    0.21 ^ clkbuf_2_3__f_CLK100MHZ/A (sky130_fd_sc_hd__clkbuf_16)
     8    0.03    0.05    0.13    0.34 ^ clkbuf_2_3__f_CLK100MHZ/X (sky130_fd_sc_hd__clkbuf_16)
                                         clknet_2_3__leaf_CLK100MHZ (net)
                  0.05    0.00    0.34 ^ _274_/CLK (sky130_fd_sc_hd__dfrtp_2)
     5    0.03    0.16    0.42    0.76 ^ _274_/Q (sky130_fd_sc_hd__dfrtp_2)
                                         decoder.delay[24] (net)
                  0.16    0.00    0.76 ^ _154_/A (sky130_fd_sc_hd__xnor2_1)
     1    0.01    0.08    0.12    0.89 v _154_/Y (sky130_fd_sc_hd__xnor2_1)
                                         _016_ (net)
                  0.08    0.00    0.89 v _274_/D (sky130_fd_sc_hd__dfrtp_2)
                                  0.89   data arrival time

                          0.00    0.00   clock CLK100MHZ (rise edge)
                          0.00    0.00   clock source latency
     1    0.02    0.09    0.06    0.06 ^ CLK100MHZ (in)
                                         CLK100MHZ (net)
                  0.09    0.00    0.06 ^ clkbuf_0_CLK100MHZ/A (sky130_fd_sc_hd__clkbuf_16)
     4    0.04    0.06    0.17    0.23 ^ clkbuf_0_CLK100MHZ/X (sky130_fd_sc_hd__clkbuf_16)
                                         clknet_0_CLK100MHZ (net)
                  0.06    0.00    0.23 ^ clkbuf_2_3__f_CLK100MHZ/A (sky130_fd_sc_hd__clkbuf_16)
     8    0.03    0.05    0.15    0.38 ^ clkbuf_2_3__f_CLK100MHZ/X (sky130_fd_sc_hd__clkbuf_16)
                                         clknet_2_3__leaf_CLK100MHZ (net)
                  0.05    0.00    0.38 ^ _274_/CLK (sky130_fd_sc_hd__dfrtp_2)
                          0.25    0.63   clock uncertainty
                         -0.04    0.59   clock reconvergence pessimism
                         -0.05    0.54   library hold time
                                  0.54   data required time
-----------------------------------------------------------------------------
                                  0.54   data required time
                                 -0.89   data arrival time
-----------------------------------------------------------------------------
                                  0.35   slack (MET)


Startpoint: _256_ (rising edge-triggered flip-flop clocked by CLK100MHZ)
Endpoint: _256_ (rising edge-triggered flip-flop clocked by CLK100MHZ)
Path Group: CLK100MHZ
Path Type: min
Corner: Typical

Fanout     Cap    Slew   Delay    Time   Description
-----------------------------------------------------------------------------
                          0.00    0.00   clock CLK100MHZ (rise edge)
                          0.00    0.00   clock source latency
     1    0.02    0.09    0.06    0.06 ^ CLK100MHZ (in)
                                         CLK100MHZ (net)
                  0.09    0.00    0.06 ^ clkbuf_0_CLK100MHZ/A (sky130_fd_sc_hd__clkbuf_16)
     4    0.04    0.06    0.15    0.21 ^ clkbuf_0_CLK100MHZ/X (sky130_fd_sc_hd__clkbuf_16)
                                         clknet_0_CLK100MHZ (net)
                  0.06    0.00    0.21 ^ clkbuf_2_0__f_CLK100MHZ/A (sky130_fd_sc_hd__clkbuf_16)
     8    0.03    0.05    0.13    0.35 ^ clkbuf_2_0__f_CLK100MHZ/X (sky130_fd_sc_hd__clkbuf_16)
                                         clknet_2_0__leaf_CLK100MHZ (net)
                  0.05    0.00    0.35 ^ _256_/CLK (sky130_fd_sc_hd__dfrtp_4)
     4    0.04    0.14    0.46    0.80 ^ _256_/Q (sky130_fd_sc_hd__dfrtp_4)
                                         decoder.delay[6] (net)
                  0.14    0.00    0.80 ^ _180_/A (sky130_fd_sc_hd__xor2_1)
     1    0.01    0.05    0.10    0.90 v _180_/X (sky130_fd_sc_hd__xor2_1)
                                         _021_ (net)
                  0.05    0.00    0.90 v _256_/D (sky130_fd_sc_hd__dfrtp_4)
                                  0.90   data arrival time

                          0.00    0.00   clock CLK100MHZ (rise edge)
                          0.00    0.00   clock source latency
     1    0.02    0.09    0.06    0.06 ^ CLK100MHZ (in)
                                         CLK100MHZ (net)
                  0.09    0.00    0.06 ^ clkbuf_0_CLK100MHZ/A (sky130_fd_sc_hd__clkbuf_16)
     4    0.04    0.06    0.17    0.23 ^ clkbuf_0_CLK100MHZ/X (sky130_fd_sc_hd__clkbuf_16)
                                         clknet_0_CLK100MHZ (net)
                  0.06    0.00    0.23 ^ clkbuf_2_0__f_CLK100MHZ/A (sky130_fd_sc_hd__clkbuf_16)
     8    0.03    0.05    0.15    0.38 ^ clkbuf_2_0__f_CLK100MHZ/X (sky130_fd_sc_hd__clkbuf_16)
                                         clknet_2_0__leaf_CLK100MHZ (net)
                  0.05    0.00    0.38 ^ _256_/CLK (sky130_fd_sc_hd__dfrtp_4)
                          0.25    0.63   clock uncertainty
                         -0.04    0.60   clock reconvergence pessimism
                         -0.04    0.55   library hold time
                                  0.55   data required time
-----------------------------------------------------------------------------
                                  0.55   data required time
                                 -0.90   data arrival time
-----------------------------------------------------------------------------
                                  0.35   slack (MET)


Startpoint: _259_ (rising edge-triggered flip-flop clocked by CLK100MHZ)
Endpoint: _259_ (rising edge-triggered flip-flop clocked by CLK100MHZ)
Path Group: CLK100MHZ
Path Type: min
Corner: Typical

Fanout     Cap    Slew   Delay    Time   Description
-----------------------------------------------------------------------------
                          0.00    0.00   clock CLK100MHZ (rise edge)
                          0.00    0.00   clock source latency
     1    0.02    0.09    0.06    0.06 ^ CLK100MHZ (in)
                                         CLK100MHZ (net)
                  0.09    0.00    0.06 ^ clkbuf_0_CLK100MHZ/A (sky130_fd_sc_hd__clkbuf_16)
     4    0.04    0.06    0.15    0.21 ^ clkbuf_0_CLK100MHZ/X (sky130_fd_sc_hd__clkbuf_16)
                                         clknet_0_CLK100MHZ (net)
                  0.06    0.00    0.21 ^ clkbuf_2_1__f_CLK100MHZ/A (sky130_fd_sc_hd__clkbuf_16)
     8    0.02    0.04    0.13    0.34 ^ clkbuf_2_1__f_CLK100MHZ/X (sky130_fd_sc_hd__clkbuf_16)
                                         clknet_2_1__leaf_CLK100MHZ (net)
                  0.04    0.00    0.34 ^ _259_/CLK (sky130_fd_sc_hd__dfrtp_2)
     4    0.03    0.17    0.43    0.77 ^ _259_/Q (sky130_fd_sc_hd__dfrtp_2)
                                         decoder.delay[9] (net)
                  0.17    0.00    0.77 ^ _191_/A (sky130_fd_sc_hd__xnor2_1)
     1    0.01    0.07    0.12    0.89 v _191_/Y (sky130_fd_sc_hd__xnor2_1)
                                         _024_ (net)
                  0.07    0.00    0.89 v _259_/D (sky130_fd_sc_hd__dfrtp_2)
                                  0.89   data arrival time

                          0.00    0.00   clock CLK100MHZ (rise edge)
                          0.00    0.00   clock source latency
     1    0.02    0.09    0.06    0.06 ^ CLK100MHZ (in)
                                         CLK100MHZ (net)
                  0.09    0.00    0.06 ^ clkbuf_0_CLK100MHZ/A (sky130_fd_sc_hd__clkbuf_16)
     4    0.04    0.06    0.17    0.23 ^ clkbuf_0_CLK100MHZ/X (sky130_fd_sc_hd__clkbuf_16)
                                         clknet_0_CLK100MHZ (net)
                  0.06    0.00    0.23 ^ clkbuf_2_1__f_CLK100MHZ/A (sky130_fd_sc_hd__clkbuf_16)
     8    0.02    0.04    0.14    0.38 ^ clkbuf_2_1__f_CLK100MHZ/X (sky130_fd_sc_hd__clkbuf_16)
                                         clknet_2_1__leaf_CLK100MHZ (net)
                  0.04    0.00    0.38 ^ _259_/CLK (sky130_fd_sc_hd__dfrtp_2)
                          0.25    0.63   clock uncertainty
                         -0.04    0.59   clock reconvergence pessimism
                         -0.05    0.54   library hold time
                                  0.54   data required time
-----------------------------------------------------------------------------
                                  0.54   data required time
                                 -0.89   data arrival time
-----------------------------------------------------------------------------
                                  0.35   slack (MET)


Startpoint: _264_ (rising edge-triggered flip-flop clocked by CLK100MHZ)
Endpoint: _264_ (rising edge-triggered flip-flop clocked by CLK100MHZ)
Path Group: CLK100MHZ
Path Type: min
Corner: Typical

Fanout     Cap    Slew   Delay    Time   Description
-----------------------------------------------------------------------------
                          0.00    0.00   clock CLK100MHZ (rise edge)
                          0.00    0.00   clock source latency
     1    0.02    0.09    0.06    0.06 ^ CLK100MHZ (in)
                                         CLK100MHZ (net)
                  0.09    0.00    0.06 ^ clkbuf_0_CLK100MHZ/A (sky130_fd_sc_hd__clkbuf_16)
     4    0.04    0.06    0.15    0.21 ^ clkbuf_0_CLK100MHZ/X (sky130_fd_sc_hd__clkbuf_16)
                                         clknet_0_CLK100MHZ (net)
                  0.06    0.00    0.21 ^ clkbuf_2_0__f_CLK100MHZ/A (sky130_fd_sc_hd__clkbuf_16)
     8    0.03    0.05    0.13    0.35 ^ clkbuf_2_0__f_CLK100MHZ/X (sky130_fd_sc_hd__clkbuf_16)
                                         clknet_2_0__leaf_CLK100MHZ (net)
                  0.05    0.00    0.35 ^ _264_/CLK (sky130_fd_sc_hd__dfrtp_1)
     3    0.02    0.19    0.41    0.76 ^ _264_/Q (sky130_fd_sc_hd__dfrtp_1)
                                         decoder.delay[14] (net)
                  0.19    0.00    0.76 ^ _204_/B2 (sky130_fd_sc_hd__o2bb2a_1)
     1    0.01    0.09    0.19    0.95 ^ _204_/X (sky130_fd_sc_hd__o2bb2a_1)
                                         _005_ (net)
                  0.09    0.00    0.95 ^ _264_/D (sky130_fd_sc_hd__dfrtp_1)
                                  0.95   data arrival time

                          0.00    0.00   clock CLK100MHZ (rise edge)
                          0.00    0.00   clock source latency
     1    0.02    0.09    0.06    0.06 ^ CLK100MHZ (in)
                                         CLK100MHZ (net)
                  0.09    0.00    0.06 ^ clkbuf_0_CLK100MHZ/A (sky130_fd_sc_hd__clkbuf_16)
     4    0.04    0.06    0.17    0.23 ^ clkbuf_0_CLK100MHZ/X (sky130_fd_sc_hd__clkbuf_16)
                                         clknet_0_CLK100MHZ (net)
                  0.06    0.00    0.23 ^ clkbuf_2_0__f_CLK100MHZ/A (sky130_fd_sc_hd__clkbuf_16)
     8    0.03    0.05    0.15    0.38 ^ clkbuf_2_0__f_CLK100MHZ/X (sky130_fd_sc_hd__clkbuf_16)
                                         clknet_2_0__leaf_CLK100MHZ (net)
                  0.05    0.00    0.38 ^ _264_/CLK (sky130_fd_sc_hd__dfrtp_1)
                          0.25    0.63   clock uncertainty
                         -0.04    0.60   clock reconvergence pessimism
                         -0.04    0.55   library hold time
                                  0.55   data required time
-----------------------------------------------------------------------------
                                  0.55   data required time
                                 -0.95   data arrival time
-----------------------------------------------------------------------------
                                  0.39   slack (MET)


Startpoint: _272_ (rising edge-triggered flip-flop clocked by CLK100MHZ)
Endpoint: _272_ (rising edge-triggered flip-flop clocked by CLK100MHZ)
Path Group: CLK100MHZ
Path Type: min
Corner: Typical

Fanout     Cap    Slew   Delay    Time   Description
-----------------------------------------------------------------------------
                          0.00    0.00   clock CLK100MHZ (rise edge)
                          0.00    0.00   clock source latency
     1    0.02    0.09    0.06    0.06 ^ CLK100MHZ (in)
                                         CLK100MHZ (net)
                  0.09    0.00    0.06 ^ clkbuf_0_CLK100MHZ/A (sky130_fd_sc_hd__clkbuf_16)
     4    0.04    0.06    0.15    0.21 ^ clkbuf_0_CLK100MHZ/X (sky130_fd_sc_hd__clkbuf_16)
                                         clknet_0_CLK100MHZ (net)
                  0.06    0.00    0.21 ^ clkbuf_2_1__f_CLK100MHZ/A (sky130_fd_sc_hd__clkbuf_16)
     8    0.02    0.04    0.13    0.34 ^ clkbuf_2_1__f_CLK100MHZ/X (sky130_fd_sc_hd__clkbuf_16)
                                         clknet_2_1__leaf_CLK100MHZ (net)
                  0.04    0.00    0.34 ^ _272_/CLK (sky130_fd_sc_hd__dfrtp_1)
     3    0.03    0.24    0.44    0.78 ^ _272_/Q (sky130_fd_sc_hd__dfrtp_1)
                                         decoder.delay[22] (net)
                  0.24    0.00    0.78 ^ _149_/B2 (sky130_fd_sc_hd__o2bb2a_1)
     1    0.00    0.05    0.17    0.95 ^ _149_/X (sky130_fd_sc_hd__o2bb2a_1)
                                         _014_ (net)
                  0.05    0.00    0.95 ^ _272_/D (sky130_fd_sc_hd__dfrtp_1)
                                  0.95   data arrival time

                          0.00    0.00   clock CLK100MHZ (rise edge)
                          0.00    0.00   clock source latency
     1    0.02    0.09    0.06    0.06 ^ CLK100MHZ (in)
                                         CLK100MHZ (net)
                  0.09    0.00    0.06 ^ clkbuf_0_CLK100MHZ/A (sky130_fd_sc_hd__clkbuf_16)
     4    0.04    0.06    0.17    0.23 ^ clkbuf_0_CLK100MHZ/X (sky130_fd_sc_hd__clkbuf_16)
                                         clknet_0_CLK100MHZ (net)
                  0.06    0.00    0.23 ^ clkbuf_2_1__f_CLK100MHZ/A (sky130_fd_sc_hd__clkbuf_16)
     8    0.02    0.04    0.14    0.38 ^ clkbuf_2_1__f_CLK100MHZ/X (sky130_fd_sc_hd__clkbuf_16)
                                         clknet_2_1__leaf_CLK100MHZ (net)
                  0.04    0.00    0.38 ^ _272_/CLK (sky130_fd_sc_hd__dfrtp_1)
                          0.25    0.63   clock uncertainty
                         -0.04    0.59   clock reconvergence pessimism
                         -0.04    0.55   library hold time
                                  0.55   data required time
-----------------------------------------------------------------------------
                                  0.55   data required time
                                 -0.95   data arrival time
-----------------------------------------------------------------------------
                                  0.40   slack (MET)


Startpoint: _247_ (rising edge-triggered flip-flop clocked by CLK100MHZ)
Endpoint: _247_ (rising edge-triggered flip-flop clocked by CLK100MHZ)
Path Group: CLK100MHZ
Path Type: min
Corner: Typical

Fanout     Cap    Slew   Delay    Time   Description
-----------------------------------------------------------------------------
                          0.00    0.00   clock CLK100MHZ (rise edge)
                          0.00    0.00   clock source latency
     1    0.02    0.09    0.06    0.06 ^ CLK100MHZ (in)
                                         CLK100MHZ (net)
                  0.09    0.00    0.06 ^ clkbuf_0_CLK100MHZ/A (sky130_fd_sc_hd__clkbuf_16)
     4    0.04    0.06    0.15    0.21 ^ clkbuf_0_CLK100MHZ/X (sky130_fd_sc_hd__clkbuf_16)
                                         clknet_0_CLK100MHZ (net)
                  0.06    0.00    0.21 ^ clkbuf_2_3__f_CLK100MHZ/A (sky130_fd_sc_hd__clkbuf_16)
     8    0.03    0.05    0.13    0.34 ^ clkbuf_2_3__f_CLK100MHZ/X (sky130_fd_sc_hd__clkbuf_16)
                                         clknet_2_3__leaf_CLK100MHZ (net)
                  0.05    0.00    0.35 ^ _247_/CLK (sky130_fd_sc_hd__dfrtp_4)
     9    0.05    0.17    0.48    0.83 ^ _247_/Q (sky130_fd_sc_hd__dfrtp_4)
                                         decoder.count[1] (net)
                  0.17    0.00    0.83 ^ _140_/A (sky130_fd_sc_hd__xor2_1)
     1    0.01    0.06    0.12    0.95 v _140_/X (sky130_fd_sc_hd__xor2_1)
                                         _055_ (net)
                  0.06    0.00    0.95 v _247_/D (sky130_fd_sc_hd__dfrtp_4)
                                  0.95   data arrival time

                          0.00    0.00   clock CLK100MHZ (rise edge)
                          0.00    0.00   clock source latency
     1    0.02    0.09    0.06    0.06 ^ CLK100MHZ (in)
                                         CLK100MHZ (net)
                  0.09    0.00    0.06 ^ clkbuf_0_CLK100MHZ/A (sky130_fd_sc_hd__clkbuf_16)
     4    0.04    0.06    0.17    0.23 ^ clkbuf_0_CLK100MHZ/X (sky130_fd_sc_hd__clkbuf_16)
                                         clknet_0_CLK100MHZ (net)
                  0.06    0.00    0.23 ^ clkbuf_2_3__f_CLK100MHZ/A (sky130_fd_sc_hd__clkbuf_16)
     8    0.03    0.05    0.15    0.38 ^ clkbuf_2_3__f_CLK100MHZ/X (sky130_fd_sc_hd__clkbuf_16)
                                         clknet_2_3__leaf_CLK100MHZ (net)
                  0.05    0.00    0.38 ^ _247_/CLK (sky130_fd_sc_hd__dfrtp_4)
                          0.25    0.63   clock uncertainty
                         -0.04    0.60   clock reconvergence pessimism
                         -0.05    0.55   library hold time
                                  0.55   data required time
-----------------------------------------------------------------------------
                                  0.55   data required time
                                 -0.95   data arrival time
-----------------------------------------------------------------------------
                                  0.41   slack (MET)


Startpoint: _255_ (rising edge-triggered flip-flop clocked by CLK100MHZ)
Endpoint: _255_ (rising edge-triggered flip-flop clocked by CLK100MHZ)
Path Group: CLK100MHZ
Path Type: min
Corner: Typical

Fanout     Cap    Slew   Delay    Time   Description
-----------------------------------------------------------------------------
                          0.00    0.00   clock CLK100MHZ (rise edge)
                          0.00    0.00   clock source latency
     1    0.02    0.09    0.06    0.06 ^ CLK100MHZ (in)
                                         CLK100MHZ (net)
                  0.09    0.00    0.06 ^ clkbuf_0_CLK100MHZ/A (sky130_fd_sc_hd__clkbuf_16)
     4    0.04    0.06    0.15    0.21 ^ clkbuf_0_CLK100MHZ/X (sky130_fd_sc_hd__clkbuf_16)
                                         clknet_0_CLK100MHZ (net)
                  0.06    0.00    0.21 ^ clkbuf_2_0__f_CLK100MHZ/A (sky130_fd_sc_hd__clkbuf_16)
     8    0.03    0.05    0.13    0.35 ^ clkbuf_2_0__f_CLK100MHZ/X (sky130_fd_sc_hd__clkbuf_16)
                                         clknet_2_0__leaf_CLK100MHZ (net)
                  0.05    0.00    0.35 ^ _255_/CLK (sky130_fd_sc_hd__dfrtp_2)
     4    0.03    0.16    0.42    0.76 ^ _255_/Q (sky130_fd_sc_hd__dfrtp_2)
                                         decoder.delay[5] (net)
                  0.16    0.00    0.77 ^ _178_/A (sky130_fd_sc_hd__nor2_1)
     1    0.01    0.05    0.09    0.85 v _178_/Y (sky130_fd_sc_hd__nor2_1)
                                         _091_ (net)
                  0.05    0.00    0.85 v _179_/B (sky130_fd_sc_hd__nor2_1)
     1    0.01    0.12    0.11    0.96 ^ _179_/Y (sky130_fd_sc_hd__nor2_1)
                                         _020_ (net)
                  0.12    0.00    0.96 ^ _255_/D (sky130_fd_sc_hd__dfrtp_2)
                                  0.96   data arrival time

                          0.00    0.00   clock CLK100MHZ (rise edge)
                          0.00    0.00   clock source latency
     1    0.02    0.09    0.06    0.06 ^ CLK100MHZ (in)
                                         CLK100MHZ (net)
                  0.09    0.00    0.06 ^ clkbuf_0_CLK100MHZ/A (sky130_fd_sc_hd__clkbuf_16)
     4    0.04    0.06    0.17    0.23 ^ clkbuf_0_CLK100MHZ/X (sky130_fd_sc_hd__clkbuf_16)
                                         clknet_0_CLK100MHZ (net)
                  0.06    0.00    0.23 ^ clkbuf_2_0__f_CLK100MHZ/A (sky130_fd_sc_hd__clkbuf_16)
     8    0.03    0.05    0.15    0.38 ^ clkbuf_2_0__f_CLK100MHZ/X (sky130_fd_sc_hd__clkbuf_16)
                                         clknet_2_0__leaf_CLK100MHZ (net)
                  0.05    0.00    0.38 ^ _255_/CLK (sky130_fd_sc_hd__dfrtp_2)
                          0.25    0.63   clock uncertainty
                         -0.04    0.60   clock reconvergence pessimism
                         -0.05    0.55   library hold time
                                  0.55   data required time
-----------------------------------------------------------------------------
                                  0.55   data required time
                                 -0.96   data arrival time
-----------------------------------------------------------------------------
                                  0.42   slack (MET)


Startpoint: _249_ (rising edge-triggered flip-flop clocked by CLK100MHZ)
Endpoint: _249_ (rising edge-triggered flip-flop clocked by CLK100MHZ)
Path Group: CLK100MHZ
Path Type: min
Corner: Typical

Fanout     Cap    Slew   Delay    Time   Description
-----------------------------------------------------------------------------
                          0.00    0.00   clock CLK100MHZ (rise edge)
                          0.00    0.00   clock source latency
     1    0.02    0.09    0.06    0.06 ^ CLK100MHZ (in)
                                         CLK100MHZ (net)
                  0.09    0.00    0.06 ^ clkbuf_0_CLK100MHZ/A (sky130_fd_sc_hd__clkbuf_16)
     4    0.04    0.06    0.15    0.21 ^ clkbuf_0_CLK100MHZ/X (sky130_fd_sc_hd__clkbuf_16)
                                         clknet_0_CLK100MHZ (net)
                  0.06    0.00    0.21 ^ clkbuf_2_3__f_CLK100MHZ/A (sky130_fd_sc_hd__clkbuf_16)
     8    0.03    0.05    0.13    0.34 ^ clkbuf_2_3__f_CLK100MHZ/X (sky130_fd_sc_hd__clkbuf_16)
                                         clknet_2_3__leaf_CLK100MHZ (net)
                  0.05    0.00    0.34 ^ _249_/CLK (sky130_fd_sc_hd__dfrtp_4)
     6    0.04    0.15    0.47    0.81 ^ _249_/Q (sky130_fd_sc_hd__dfrtp_4)
                                         decoder.count[3] (net)
                  0.15    0.00    0.81 ^ _130_/A (sky130_fd_sc_hd__xor2_1)
     1    0.01    0.08    0.14    0.96 v _130_/X (sky130_fd_sc_hd__xor2_1)
                                         _057_ (net)
                  0.08    0.00    0.96 v _249_/D (sky130_fd_sc_hd__dfrtp_4)
                                  0.96   data arrival time

                          0.00    0.00   clock CLK100MHZ (rise edge)
                          0.00    0.00   clock source latency
     1    0.02    0.09    0.06    0.06 ^ CLK100MHZ (in)
                                         CLK100MHZ (net)
                  0.09    0.00    0.06 ^ clkbuf_0_CLK100MHZ/A (sky130_fd_sc_hd__clkbuf_16)
     4    0.04    0.06    0.17    0.23 ^ clkbuf_0_CLK100MHZ/X (sky130_fd_sc_hd__clkbuf_16)
                                         clknet_0_CLK100MHZ (net)
                  0.06    0.00    0.23 ^ clkbuf_2_3__f_CLK100MHZ/A (sky130_fd_sc_hd__clkbuf_16)
     8    0.03    0.05    0.15    0.38 ^ clkbuf_2_3__f_CLK100MHZ/X (sky130_fd_sc_hd__clkbuf_16)
                                         clknet_2_3__leaf_CLK100MHZ (net)
                  0.05    0.00    0.38 ^ _249_/CLK (sky130_fd_sc_hd__dfrtp_4)
                          0.25    0.63   clock uncertainty
                         -0.04    0.60   clock reconvergence pessimism
                         -0.06    0.54   library hold time
                                  0.54   data required time
-----------------------------------------------------------------------------
                                  0.54   data required time
                                 -0.96   data arrival time
-----------------------------------------------------------------------------
                                  0.42   slack (MET)


Startpoint: _254_ (rising edge-triggered flip-flop clocked by CLK100MHZ)
Endpoint: _254_ (rising edge-triggered flip-flop clocked by CLK100MHZ)
Path Group: CLK100MHZ
Path Type: min
Corner: Typical

Fanout     Cap    Slew   Delay    Time   Description
-----------------------------------------------------------------------------
                          0.00    0.00   clock CLK100MHZ (rise edge)
                          0.00    0.00   clock source latency
     1    0.02    0.09    0.06    0.06 ^ CLK100MHZ (in)
                                         CLK100MHZ (net)
                  0.09    0.00    0.06 ^ clkbuf_0_CLK100MHZ/A (sky130_fd_sc_hd__clkbuf_16)
     4    0.04    0.06    0.15    0.21 ^ clkbuf_0_CLK100MHZ/X (sky130_fd_sc_hd__clkbuf_16)
                                         clknet_0_CLK100MHZ (net)
                  0.06    0.00    0.21 ^ clkbuf_2_1__f_CLK100MHZ/A (sky130_fd_sc_hd__clkbuf_16)
     8    0.02    0.04    0.13    0.34 ^ clkbuf_2_1__f_CLK100MHZ/X (sky130_fd_sc_hd__clkbuf_16)
                                         clknet_2_1__leaf_CLK100MHZ (net)
                  0.04    0.00    0.34 ^ _254_/CLK (sky130_fd_sc_hd__dfrtp_2)
     5    0.04    0.18    0.43    0.77 ^ _254_/Q (sky130_fd_sc_hd__dfrtp_2)
                                         decoder.delay[4] (net)
                  0.18    0.00    0.77 ^ _175_/A (sky130_fd_sc_hd__nor2_1)
     1    0.01    0.07    0.10    0.87 v _175_/Y (sky130_fd_sc_hd__nor2_1)
                                         _089_ (net)
                  0.07    0.00    0.87 v _176_/B (sky130_fd_sc_hd__nor2_1)
     1    0.00    0.10    0.10    0.97 ^ _176_/Y (sky130_fd_sc_hd__nor2_1)
                                         _019_ (net)
                  0.10    0.00    0.97 ^ _254_/D (sky130_fd_sc_hd__dfrtp_2)
                                  0.97   data arrival time

                          0.00    0.00   clock CLK100MHZ (rise edge)
                          0.00    0.00   clock source latency
     1    0.02    0.09    0.06    0.06 ^ CLK100MHZ (in)
                                         CLK100MHZ (net)
                  0.09    0.00    0.06 ^ clkbuf_0_CLK100MHZ/A (sky130_fd_sc_hd__clkbuf_16)
     4    0.04    0.06    0.17    0.23 ^ clkbuf_0_CLK100MHZ/X (sky130_fd_sc_hd__clkbuf_16)
                                         clknet_0_CLK100MHZ (net)
                  0.06    0.00    0.23 ^ clkbuf_2_1__f_CLK100MHZ/A (sky130_fd_sc_hd__clkbuf_16)
     8    0.02    0.04    0.14    0.38 ^ clkbuf_2_1__f_CLK100MHZ/X (sky130_fd_sc_hd__clkbuf_16)
                                         clknet_2_1__leaf_CLK100MHZ (net)
                  0.04    0.00    0.38 ^ _254_/CLK (sky130_fd_sc_hd__dfrtp_2)
                          0.25    0.63   clock uncertainty
                         -0.04    0.59   clock reconvergence pessimism
                         -0.05    0.55   library hold time
                                  0.55   data required time
-----------------------------------------------------------------------------
                                  0.55   data required time
                                 -0.97   data arrival time
-----------------------------------------------------------------------------
                                  0.42   slack (MET)


Startpoint: _271_ (rising edge-triggered flip-flop clocked by CLK100MHZ)
Endpoint: _271_ (rising edge-triggered flip-flop clocked by CLK100MHZ)
Path Group: CLK100MHZ
Path Type: min
Corner: Typical

Fanout     Cap    Slew   Delay    Time   Description
-----------------------------------------------------------------------------
                          0.00    0.00   clock CLK100MHZ (rise edge)
                          0.00    0.00   clock source latency
     1    0.02    0.09    0.06    0.06 ^ CLK100MHZ (in)
                                         CLK100MHZ (net)
                  0.09    0.00    0.06 ^ clkbuf_0_CLK100MHZ/A (sky130_fd_sc_hd__clkbuf_16)
     4    0.04    0.06    0.15    0.21 ^ clkbuf_0_CLK100MHZ/X (sky130_fd_sc_hd__clkbuf_16)
                                         clknet_0_CLK100MHZ (net)
                  0.06    0.00    0.21 ^ clkbuf_2_0__f_CLK100MHZ/A (sky130_fd_sc_hd__clkbuf_16)
     8    0.03    0.05    0.13    0.35 ^ clkbuf_2_0__f_CLK100MHZ/X (sky130_fd_sc_hd__clkbuf_16)
                                         clknet_2_0__leaf_CLK100MHZ (net)
                  0.05    0.00    0.35 ^ _271_/CLK (sky130_fd_sc_hd__dfrtp_1)
     2    0.02    0.16    0.39    0.73 ^ _271_/Q (sky130_fd_sc_hd__dfrtp_1)
                                         decoder.delay[21] (net)
                  0.16    0.00    0.73 ^ _147_/A1 (sky130_fd_sc_hd__o21ba_1)
     1    0.02    0.18    0.24    0.97 ^ _147_/X (sky130_fd_sc_hd__o21ba_1)
                                         _013_ (net)
                  0.18    0.00    0.97 ^ _271_/D (sky130_fd_sc_hd__dfrtp_1)
                                  0.97   data arrival time

                          0.00    0.00   clock CLK100MHZ (rise edge)
                          0.00    0.00   clock source latency
     1    0.02    0.09    0.06    0.06 ^ CLK100MHZ (in)
                                         CLK100MHZ (net)
                  0.09    0.00    0.06 ^ clkbuf_0_CLK100MHZ/A (sky130_fd_sc_hd__clkbuf_16)
     4    0.04    0.06    0.17    0.23 ^ clkbuf_0_CLK100MHZ/X (sky130_fd_sc_hd__clkbuf_16)
                                         clknet_0_CLK100MHZ (net)
                  0.06    0.00    0.23 ^ clkbuf_2_0__f_CLK100MHZ/A (sky130_fd_sc_hd__clkbuf_16)
     8    0.03    0.05    0.15    0.38 ^ clkbuf_2_0__f_CLK100MHZ/X (sky130_fd_sc_hd__clkbuf_16)
                                         clknet_2_0__leaf_CLK100MHZ (net)
                  0.05    0.00    0.38 ^ _271_/CLK (sky130_fd_sc_hd__dfrtp_1)
                          0.25    0.63   clock uncertainty
                         -0.04    0.60   clock reconvergence pessimism
                         -0.06    0.53   library hold time
                                  0.53   data required time
-----------------------------------------------------------------------------
                                  0.53   data required time
                                 -0.97   data arrival time
-----------------------------------------------------------------------------
                                  0.44   slack (MET)


Startpoint: _270_ (rising edge-triggered flip-flop clocked by CLK100MHZ)
Endpoint: _270_ (rising edge-triggered flip-flop clocked by CLK100MHZ)
Path Group: CLK100MHZ
Path Type: min
Corner: Typical

Fanout     Cap    Slew   Delay    Time   Description
-----------------------------------------------------------------------------
                          0.00    0.00   clock CLK100MHZ (rise edge)
                          0.00    0.00   clock source latency
     1    0.02    0.09    0.06    0.06 ^ CLK100MHZ (in)
                                         CLK100MHZ (net)
                  0.09    0.00    0.06 ^ clkbuf_0_CLK100MHZ/A (sky130_fd_sc_hd__clkbuf_16)
     4    0.04    0.06    0.15    0.21 ^ clkbuf_0_CLK100MHZ/X (sky130_fd_sc_hd__clkbuf_16)
                                         clknet_0_CLK100MHZ (net)
                  0.06    0.00    0.21 ^ clkbuf_2_0__f_CLK100MHZ/A (sky130_fd_sc_hd__clkbuf_16)
     8    0.03    0.05    0.13    0.35 ^ clkbuf_2_0__f_CLK100MHZ/X (sky130_fd_sc_hd__clkbuf_16)
                                         clknet_2_0__leaf_CLK100MHZ (net)
                  0.05    0.00    0.35 ^ _270_/CLK (sky130_fd_sc_hd__dfrtp_1)
     3    0.02    0.10    0.40    0.74 v _270_/Q (sky130_fd_sc_hd__dfrtp_1)
                                         decoder.delay[20] (net)
                  0.10    0.00    0.74 v _143_/B1 (sky130_fd_sc_hd__a21oi_1)
     1    0.00    0.12    0.15    0.90 ^ _143_/Y (sky130_fd_sc_hd__a21oi_1)
                                         _072_ (net)
                  0.12    0.00    0.90 ^ _145_/A (sky130_fd_sc_hd__nor2_1)
     1    0.01    0.06    0.09    0.98 v _145_/Y (sky130_fd_sc_hd__nor2_1)
                                         _012_ (net)
                  0.06    0.00    0.98 v _270_/D (sky130_fd_sc_hd__dfrtp_1)
                                  0.98   data arrival time

                          0.00    0.00   clock CLK100MHZ (rise edge)
                          0.00    0.00   clock source latency
     1    0.02    0.09    0.06    0.06 ^ CLK100MHZ (in)
                                         CLK100MHZ (net)
                  0.09    0.00    0.06 ^ clkbuf_0_CLK100MHZ/A (sky130_fd_sc_hd__clkbuf_16)
     4    0.04    0.06    0.17    0.23 ^ clkbuf_0_CLK100MHZ/X (sky130_fd_sc_hd__clkbuf_16)
                                         clknet_0_CLK100MHZ (net)
                  0.06    0.00    0.23 ^ clkbuf_2_0__f_CLK100MHZ/A (sky130_fd_sc_hd__clkbuf_16)
     8    0.03    0.05    0.15    0.38 ^ clkbuf_2_0__f_CLK100MHZ/X (sky130_fd_sc_hd__clkbuf_16)
                                         clknet_2_0__leaf_CLK100MHZ (net)
                  0.05    0.00    0.38 ^ _270_/CLK (sky130_fd_sc_hd__dfrtp_1)
                          0.25    0.63   clock uncertainty
                         -0.04    0.60   clock reconvergence pessimism
                         -0.05    0.54   library hold time
                                  0.54   data required time
-----------------------------------------------------------------------------
                                  0.54   data required time
                                 -0.98   data arrival time
-----------------------------------------------------------------------------
                                  0.44   slack (MET)


Startpoint: _252_ (rising edge-triggered flip-flop clocked by CLK100MHZ)
Endpoint: _252_ (rising edge-triggered flip-flop clocked by CLK100MHZ)
Path Group: CLK100MHZ
Path Type: min
Corner: Typical

Fanout     Cap    Slew   Delay    Time   Description
-----------------------------------------------------------------------------
                          0.00    0.00   clock CLK100MHZ (rise edge)
                          0.00    0.00   clock source latency
     1    0.02    0.09    0.06    0.06 ^ CLK100MHZ (in)
                                         CLK100MHZ (net)
                  0.09    0.00    0.06 ^ clkbuf_0_CLK100MHZ/A (sky130_fd_sc_hd__clkbuf_16)
     4    0.04    0.06    0.15    0.21 ^ clkbuf_0_CLK100MHZ/X (sky130_fd_sc_hd__clkbuf_16)
                                         clknet_0_CLK100MHZ (net)
                  0.06    0.00    0.21 ^ clkbuf_2_2__f_CLK100MHZ/A (sky130_fd_sc_hd__clkbuf_16)
     8    0.03    0.05    0.13    0.35 ^ clkbuf_2_2__f_CLK100MHZ/X (sky130_fd_sc_hd__clkbuf_16)
                                         clknet_2_2__leaf_CLK100MHZ (net)
                  0.05    0.00    0.35 ^ _252_/CLK (sky130_fd_sc_hd__dfrtp_2)
     3    0.04    0.18    0.44    0.78 ^ _252_/Q (sky130_fd_sc_hd__dfrtp_2)
                                         decoder.delay[2] (net)
                  0.18    0.00    0.78 ^ _170_/A (sky130_fd_sc_hd__xnor2_1)
     1    0.02    0.15    0.19    0.97 v _170_/Y (sky130_fd_sc_hd__xnor2_1)
                                         _017_ (net)
                  0.15    0.00    0.97 v _252_/D (sky130_fd_sc_hd__dfrtp_2)
                                  0.97   data arrival time

                          0.00    0.00   clock CLK100MHZ (rise edge)
                          0.00    0.00   clock source latency
     1    0.02    0.09    0.06    0.06 ^ CLK100MHZ (in)
                                         CLK100MHZ (net)
                  0.09    0.00    0.06 ^ clkbuf_0_CLK100MHZ/A (sky130_fd_sc_hd__clkbuf_16)
     4    0.04    0.06    0.17    0.23 ^ clkbuf_0_CLK100MHZ/X (sky130_fd_sc_hd__clkbuf_16)
                                         clknet_0_CLK100MHZ (net)
                  0.06    0.00    0.23 ^ clkbuf_2_2__f_CLK100MHZ/A (sky130_fd_sc_hd__clkbuf_16)
     8    0.03    0.05    0.15    0.38 ^ clkbuf_2_2__f_CLK100MHZ/X (sky130_fd_sc_hd__clkbuf_16)
                                         clknet_2_2__leaf_CLK100MHZ (net)
                  0.05    0.00    0.38 ^ _252_/CLK (sky130_fd_sc_hd__dfrtp_2)
                          0.25    0.63   clock uncertainty
                         -0.04    0.60   clock reconvergence pessimism
                         -0.08    0.51   library hold time
                                  0.51   data required time
-----------------------------------------------------------------------------
                                  0.51   data required time
                                 -0.97   data arrival time
-----------------------------------------------------------------------------
                                  0.46   slack (MET)


Startpoint: _274_ (rising edge-triggered flip-flop clocked by CLK100MHZ)
Endpoint: _248_ (rising edge-triggered flip-flop clocked by CLK100MHZ)
Path Group: CLK100MHZ
Path Type: min
Corner: Typical

Fanout     Cap    Slew   Delay    Time   Description
-----------------------------------------------------------------------------
                          0.00    0.00   clock CLK100MHZ (rise edge)
                          0.00    0.00   clock source latency
     1    0.02    0.09    0.06    0.06 ^ CLK100MHZ (in)
                                         CLK100MHZ (net)
                  0.09    0.00    0.06 ^ clkbuf_0_CLK100MHZ/A (sky130_fd_sc_hd__clkbuf_16)
     4    0.04    0.06    0.15    0.21 ^ clkbuf_0_CLK100MHZ/X (sky130_fd_sc_hd__clkbuf_16)
                                         clknet_0_CLK100MHZ (net)
                  0.06    0.00    0.21 ^ clkbuf_2_3__f_CLK100MHZ/A (sky130_fd_sc_hd__clkbuf_16)
     8    0.03    0.05    0.13    0.34 ^ clkbuf_2_3__f_CLK100MHZ/X (sky130_fd_sc_hd__clkbuf_16)
                                         clknet_2_3__leaf_CLK100MHZ (net)
                  0.05    0.00    0.34 ^ _274_/CLK (sky130_fd_sc_hd__dfrtp_2)
     5    0.03    0.16    0.42    0.76 ^ _274_/Q (sky130_fd_sc_hd__dfrtp_2)
                                         decoder.delay[24] (net)
                  0.16    0.00    0.76 ^ _137_/A1 (sky130_fd_sc_hd__a31o_1)
     1    0.01    0.10    0.19    0.96 ^ _137_/X (sky130_fd_sc_hd__a31o_1)
                                         _069_ (net)
                  0.10    0.00    0.96 ^ _138_/B1 (sky130_fd_sc_hd__o31ai_1)
     1    0.00    0.05    0.08    1.04 v _138_/Y (sky130_fd_sc_hd__o31ai_1)
                                         _056_ (net)
                  0.05    0.00    1.04 v _248_/D (sky130_fd_sc_hd__dfrtp_4)
                                  1.04   data arrival time

                          0.00    0.00   clock CLK100MHZ (rise edge)
                          0.00    0.00   clock source latency
     1    0.02    0.09    0.06    0.06 ^ CLK100MHZ (in)
                                         CLK100MHZ (net)
                  0.09    0.00    0.06 ^ clkbuf_0_CLK100MHZ/A (sky130_fd_sc_hd__clkbuf_16)
     4    0.04    0.06    0.17    0.23 ^ clkbuf_0_CLK100MHZ/X (sky130_fd_sc_hd__clkbuf_16)
                                         clknet_0_CLK100MHZ (net)
                  0.06    0.00    0.23 ^ clkbuf_2_0__f_CLK100MHZ/A (sky130_fd_sc_hd__clkbuf_16)
     8    0.03    0.05    0.15    0.38 ^ clkbuf_2_0__f_CLK100MHZ/X (sky130_fd_sc_hd__clkbuf_16)
                                         clknet_2_0__leaf_CLK100MHZ (net)
                  0.05    0.00    0.38 ^ _248_/CLK (sky130_fd_sc_hd__dfrtp_4)
                          0.25    0.63   clock uncertainty
                         -0.02    0.61   clock reconvergence pessimism
                         -0.04    0.57   library hold time
                                  0.57   data required time
-----------------------------------------------------------------------------
                                  0.57   data required time
                                 -1.04   data arrival time
-----------------------------------------------------------------------------
                                  0.47   slack (MET)


Startpoint: _265_ (rising edge-triggered flip-flop clocked by CLK100MHZ)
Endpoint: _265_ (rising edge-triggered flip-flop clocked by CLK100MHZ)
Path Group: CLK100MHZ
Path Type: min
Corner: Typical

Fanout     Cap    Slew   Delay    Time   Description
-----------------------------------------------------------------------------
                          0.00    0.00   clock CLK100MHZ (rise edge)
                          0.00    0.00   clock source latency
     1    0.02    0.09    0.06    0.06 ^ CLK100MHZ (in)
                                         CLK100MHZ (net)
                  0.09    0.00    0.06 ^ clkbuf_0_CLK100MHZ/A (sky130_fd_sc_hd__clkbuf_16)
     4    0.04    0.06    0.15    0.21 ^ clkbuf_0_CLK100MHZ/X (sky130_fd_sc_hd__clkbuf_16)
                                         clknet_0_CLK100MHZ (net)
                  0.06    0.00    0.21 ^ clkbuf_2_1__f_CLK100MHZ/A (sky130_fd_sc_hd__clkbuf_16)
     8    0.02    0.04    0.13    0.34 ^ clkbuf_2_1__f_CLK100MHZ/X (sky130_fd_sc_hd__clkbuf_16)
                                         clknet_2_1__leaf_CLK100MHZ (net)
                  0.04    0.00    0.34 ^ _265_/CLK (sky130_fd_sc_hd__dfrtp_1)
     2    0.02    0.12    0.42    0.76 v _265_/Q (sky130_fd_sc_hd__dfrtp_1)
                                         decoder.delay[15] (net)
                  0.12    0.00    0.76 v _205_/B1 (sky130_fd_sc_hd__a21oi_1)
     1    0.00    0.12    0.16    0.92 ^ _205_/Y (sky130_fd_sc_hd__a21oi_1)
                                         _108_ (net)
                  0.12    0.00    0.92 ^ _206_/B (sky130_fd_sc_hd__nor2_1)
     1    0.01    0.07    0.09    1.01 v _206_/Y (sky130_fd_sc_hd__nor2_1)
                                         _006_ (net)
                  0.07    0.00    1.01 v _265_/D (sky130_fd_sc_hd__dfrtp_1)
                                  1.01   data arrival time

                          0.00    0.00   clock CLK100MHZ (rise edge)
                          0.00    0.00   clock source latency
     1    0.02    0.09    0.06    0.06 ^ CLK100MHZ (in)
                                         CLK100MHZ (net)
                  0.09    0.00    0.06 ^ clkbuf_0_CLK100MHZ/A (sky130_fd_sc_hd__clkbuf_16)
     4    0.04    0.06    0.17    0.23 ^ clkbuf_0_CLK100MHZ/X (sky130_fd_sc_hd__clkbuf_16)
                                         clknet_0_CLK100MHZ (net)
                  0.06    0.00    0.23 ^ clkbuf_2_1__f_CLK100MHZ/A (sky130_fd_sc_hd__clkbuf_16)
     8    0.02    0.04    0.14    0.38 ^ clkbuf_2_1__f_CLK100MHZ/X (sky130_fd_sc_hd__clkbuf_16)
                                         clknet_2_1__leaf_CLK100MHZ (net)
                  0.04    0.00    0.38 ^ _265_/CLK (sky130_fd_sc_hd__dfrtp_1)
                          0.25    0.63   clock uncertainty
                         -0.04    0.59   clock reconvergence pessimism
                         -0.05    0.54   library hold time
                                  0.54   data required time
-----------------------------------------------------------------------------
                                  0.54   data required time
                                 -1.01   data arrival time
-----------------------------------------------------------------------------
                                  0.47   slack (MET)


Startpoint: _267_ (rising edge-triggered flip-flop clocked by CLK100MHZ)
Endpoint: _267_ (rising edge-triggered flip-flop clocked by CLK100MHZ)
Path Group: CLK100MHZ
Path Type: min
Corner: Typical

Fanout     Cap    Slew   Delay    Time   Description
-----------------------------------------------------------------------------
                          0.00    0.00   clock CLK100MHZ (rise edge)
                          0.00    0.00   clock source latency
     1    0.02    0.09    0.06    0.06 ^ CLK100MHZ (in)
                                         CLK100MHZ (net)
                  0.09    0.00    0.06 ^ clkbuf_0_CLK100MHZ/A (sky130_fd_sc_hd__clkbuf_16)
     4    0.04    0.06    0.15    0.21 ^ clkbuf_0_CLK100MHZ/X (sky130_fd_sc_hd__clkbuf_16)
                                         clknet_0_CLK100MHZ (net)
                  0.06    0.00    0.21 ^ clkbuf_2_3__f_CLK100MHZ/A (sky130_fd_sc_hd__clkbuf_16)
     8    0.03    0.05    0.13    0.34 ^ clkbuf_2_3__f_CLK100MHZ/X (sky130_fd_sc_hd__clkbuf_16)
                                         clknet_2_3__leaf_CLK100MHZ (net)
                  0.05    0.00    0.35 ^ _267_/CLK (sky130_fd_sc_hd__dfrtp_1)
     4    0.02    0.22    0.43    0.77 ^ _267_/Q (sky130_fd_sc_hd__dfrtp_1)
                                         decoder.delay[17] (net)
                  0.22    0.00    0.77 ^ _208_/B1 (sky130_fd_sc_hd__a21oi_1)
     1    0.00    0.07    0.08    0.85 v _208_/Y (sky130_fd_sc_hd__a21oi_1)
                                         _109_ (net)
                  0.07    0.00    0.85 v _210_/A (sky130_fd_sc_hd__nor2_1)
     1    0.01    0.16    0.16    1.01 ^ _210_/Y (sky130_fd_sc_hd__nor2_1)
                                         _008_ (net)
                  0.16    0.00    1.01 ^ _267_/D (sky130_fd_sc_hd__dfrtp_1)
                                  1.01   data arrival time

                          0.00    0.00   clock CLK100MHZ (rise edge)
                          0.00    0.00   clock source latency
     1    0.02    0.09    0.06    0.06 ^ CLK100MHZ (in)
                                         CLK100MHZ (net)
                  0.09    0.00    0.06 ^ clkbuf_0_CLK100MHZ/A (sky130_fd_sc_hd__clkbuf_16)
     4    0.04    0.06    0.17    0.23 ^ clkbuf_0_CLK100MHZ/X (sky130_fd_sc_hd__clkbuf_16)
                                         clknet_0_CLK100MHZ (net)
                  0.06    0.00    0.23 ^ clkbuf_2_3__f_CLK100MHZ/A (sky130_fd_sc_hd__clkbuf_16)
     8    0.03    0.05    0.15    0.38 ^ clkbuf_2_3__f_CLK100MHZ/X (sky130_fd_sc_hd__clkbuf_16)
                                         clknet_2_3__leaf_CLK100MHZ (net)
                  0.05    0.00    0.38 ^ _267_/CLK (sky130_fd_sc_hd__dfrtp_1)
                          0.25    0.63   clock uncertainty
                         -0.04    0.60   clock reconvergence pessimism
                         -0.06    0.54   library hold time
                                  0.54   data required time
-----------------------------------------------------------------------------
                                  0.54   data required time
                                 -1.01   data arrival time
-----------------------------------------------------------------------------
                                  0.48   slack (MET)


Startpoint: _263_ (rising edge-triggered flip-flop clocked by CLK100MHZ)
Endpoint: _263_ (rising edge-triggered flip-flop clocked by CLK100MHZ)
Path Group: CLK100MHZ
Path Type: min
Corner: Typical

Fanout     Cap    Slew   Delay    Time   Description
-----------------------------------------------------------------------------
                          0.00    0.00   clock CLK100MHZ (rise edge)
                          0.00    0.00   clock source latency
     1    0.02    0.09    0.06    0.06 ^ CLK100MHZ (in)
                                         CLK100MHZ (net)
                  0.09    0.00    0.06 ^ clkbuf_0_CLK100MHZ/A (sky130_fd_sc_hd__clkbuf_16)
     4    0.04    0.06    0.15    0.21 ^ clkbuf_0_CLK100MHZ/X (sky130_fd_sc_hd__clkbuf_16)
                                         clknet_0_CLK100MHZ (net)
                  0.06    0.00    0.21 ^ clkbuf_2_2__f_CLK100MHZ/A (sky130_fd_sc_hd__clkbuf_16)
     8    0.03    0.05    0.13    0.35 ^ clkbuf_2_2__f_CLK100MHZ/X (sky130_fd_sc_hd__clkbuf_16)
                                         clknet_2_2__leaf_CLK100MHZ (net)
                  0.05    0.00    0.35 ^ _263_/CLK (sky130_fd_sc_hd__dfrtp_1)
     4    0.03    0.26    0.46    0.81 ^ _263_/Q (sky130_fd_sc_hd__dfrtp_1)
                                         decoder.delay[13] (net)
                  0.26    0.00    0.81 ^ _202_/A1 (sky130_fd_sc_hd__o21ba_1)
     1    0.01    0.13    0.22    1.03 ^ _202_/X (sky130_fd_sc_hd__o21ba_1)
                                         _004_ (net)
                  0.13    0.00    1.03 ^ _263_/D (sky130_fd_sc_hd__dfrtp_1)
                                  1.03   data arrival time

                          0.00    0.00   clock CLK100MHZ (rise edge)
                          0.00    0.00   clock source latency
     1    0.02    0.09    0.06    0.06 ^ CLK100MHZ (in)
                                         CLK100MHZ (net)
                  0.09    0.00    0.06 ^ clkbuf_0_CLK100MHZ/A (sky130_fd_sc_hd__clkbuf_16)
     4    0.04    0.06    0.17    0.23 ^ clkbuf_0_CLK100MHZ/X (sky130_fd_sc_hd__clkbuf_16)
                                         clknet_0_CLK100MHZ (net)
                  0.06    0.00    0.23 ^ clkbuf_2_2__f_CLK100MHZ/A (sky130_fd_sc_hd__clkbuf_16)
     8    0.03    0.05    0.15    0.38 ^ clkbuf_2_2__f_CLK100MHZ/X (sky130_fd_sc_hd__clkbuf_16)
                                         clknet_2_2__leaf_CLK100MHZ (net)
                  0.05    0.00    0.38 ^ _263_/CLK (sky130_fd_sc_hd__dfrtp_1)
                          0.25    0.63   clock uncertainty
                         -0.04    0.60   clock reconvergence pessimism
                         -0.05    0.55   library hold time
                                  0.55   data required time
-----------------------------------------------------------------------------
                                  0.55   data required time
                                 -1.03   data arrival time
-----------------------------------------------------------------------------
                                  0.49   slack (MET)


Startpoint: _246_ (rising edge-triggered flip-flop clocked by CLK100MHZ)
Endpoint: _246_ (rising edge-triggered flip-flop clocked by CLK100MHZ)
Path Group: CLK100MHZ
Path Type: min
Corner: Typical

Fanout     Cap    Slew   Delay    Time   Description
-----------------------------------------------------------------------------
                          0.00    0.00   clock CLK100MHZ (rise edge)
                          0.00    0.00   clock source latency
     1    0.02    0.09    0.06    0.06 ^ CLK100MHZ (in)
                                         CLK100MHZ (net)
                  0.09    0.00    0.06 ^ clkbuf_0_CLK100MHZ/A (sky130_fd_sc_hd__clkbuf_16)
     4    0.04    0.06    0.15    0.21 ^ clkbuf_0_CLK100MHZ/X (sky130_fd_sc_hd__clkbuf_16)
                                         clknet_0_CLK100MHZ (net)
                  0.06    0.00    0.21 ^ clkbuf_2_1__f_CLK100MHZ/A (sky130_fd_sc_hd__clkbuf_16)
     8    0.02    0.04    0.13    0.34 ^ clkbuf_2_1__f_CLK100MHZ/X (sky130_fd_sc_hd__clkbuf_16)
                                         clknet_2_1__leaf_CLK100MHZ (net)
                  0.04    0.00    0.34 ^ _246_/CLK (sky130_fd_sc_hd__dfrtp_4)
     6    0.05    0.12    0.52    0.86 v _246_/Q (sky130_fd_sc_hd__dfrtp_4)
                                         decoder.count[0] (net)
                  0.12    0.00    0.86 v _141_/A (sky130_fd_sc_hd__inv_2)
     2    0.01    0.07    0.10    0.96 ^ _141_/Y (sky130_fd_sc_hd__inv_2)
                                         _071_ (net)
                  0.07    0.00    0.96 ^ _142_/A1 (sky130_fd_sc_hd__a21oi_1)
     1    0.01    0.08    0.09    1.05 v _142_/Y (sky130_fd_sc_hd__a21oi_1)
                                         _054_ (net)
                  0.08    0.00    1.05 v _246_/D (sky130_fd_sc_hd__dfrtp_4)
                                  1.05   data arrival time

                          0.00    0.00   clock CLK100MHZ (rise edge)
                          0.00    0.00   clock source latency
     1    0.02    0.09    0.06    0.06 ^ CLK100MHZ (in)
                                         CLK100MHZ (net)
                  0.09    0.00    0.06 ^ clkbuf_0_CLK100MHZ/A (sky130_fd_sc_hd__clkbuf_16)
     4    0.04    0.06    0.17    0.23 ^ clkbuf_0_CLK100MHZ/X (sky130_fd_sc_hd__clkbuf_16)
                                         clknet_0_CLK100MHZ (net)
                  0.06    0.00    0.23 ^ clkbuf_2_1__f_CLK100MHZ/A (sky130_fd_sc_hd__clkbuf_16)
     8    0.02    0.04    0.14    0.38 ^ clkbuf_2_1__f_CLK100MHZ/X (sky130_fd_sc_hd__clkbuf_16)
                                         clknet_2_1__leaf_CLK100MHZ (net)
                  0.04    0.00    0.38 ^ _246_/CLK (sky130_fd_sc_hd__dfrtp_4)
                          0.25    0.63   clock uncertainty
                         -0.04    0.59   clock reconvergence pessimism
                         -0.05    0.54   library hold time
                                  0.54   data required time
-----------------------------------------------------------------------------
                                  0.54   data required time
                                 -1.05   data arrival time
-----------------------------------------------------------------------------
                                  0.52   slack (MET)


Startpoint: _259_ (rising edge-triggered flip-flop clocked by CLK100MHZ)
Endpoint: _260_ (rising edge-triggered flip-flop clocked by CLK100MHZ)
Path Group: CLK100MHZ
Path Type: min
Corner: Typical

Fanout     Cap    Slew   Delay    Time   Description
-----------------------------------------------------------------------------
                          0.00    0.00   clock CLK100MHZ (rise edge)
                          0.00    0.00   clock source latency
     1    0.02    0.09    0.06    0.06 ^ CLK100MHZ (in)
                                         CLK100MHZ (net)
                  0.09    0.00    0.06 ^ clkbuf_0_CLK100MHZ/A (sky130_fd_sc_hd__clkbuf_16)
     4    0.04    0.06    0.15    0.21 ^ clkbuf_0_CLK100MHZ/X (sky130_fd_sc_hd__clkbuf_16)
                                         clknet_0_CLK100MHZ (net)
                  0.06    0.00    0.21 ^ clkbuf_2_1__f_CLK100MHZ/A (sky130_fd_sc_hd__clkbuf_16)
     8    0.02    0.04    0.13    0.34 ^ clkbuf_2_1__f_CLK100MHZ/X (sky130_fd_sc_hd__clkbuf_16)
                                         clknet_2_1__leaf_CLK100MHZ (net)
                  0.04    0.00    0.34 ^ _259_/CLK (sky130_fd_sc_hd__dfrtp_2)
     4    0.03    0.17    0.43    0.77 ^ _259_/Q (sky130_fd_sc_hd__dfrtp_2)
                                         decoder.delay[9] (net)
                  0.17    0.00    0.77 ^ _193_/A1 (sky130_fd_sc_hd__a31o_1)
     1    0.01    0.09    0.19    0.96 ^ _193_/X (sky130_fd_sc_hd__a31o_1)
                                         _101_ (net)
                  0.09    0.00    0.96 ^ _194_/B1_N (sky130_fd_sc_hd__a21boi_1)
     1    0.00    0.09    0.15    1.11 ^ _194_/Y (sky130_fd_sc_hd__a21boi_1)
                                         _001_ (net)
                  0.09    0.00    1.11 ^ _260_/D (sky130_fd_sc_hd__dfrtp_1)
                                  1.11   data arrival time

                          0.00    0.00   clock CLK100MHZ (rise edge)
                          0.00    0.00   clock source latency
     1    0.02    0.09    0.06    0.06 ^ CLK100MHZ (in)
                                         CLK100MHZ (net)
                  0.09    0.00    0.06 ^ clkbuf_0_CLK100MHZ/A (sky130_fd_sc_hd__clkbuf_16)
     4    0.04    0.06    0.17    0.23 ^ clkbuf_0_CLK100MHZ/X (sky130_fd_sc_hd__clkbuf_16)
                                         clknet_0_CLK100MHZ (net)
                  0.06    0.00    0.23 ^ clkbuf_2_1__f_CLK100MHZ/A (sky130_fd_sc_hd__clkbuf_16)
     8    0.02    0.04    0.14    0.38 ^ clkbuf_2_1__f_CLK100MHZ/X (sky130_fd_sc_hd__clkbuf_16)
                                         clknet_2_1__leaf_CLK100MHZ (net)
                  0.04    0.00    0.38 ^ _260_/CLK (sky130_fd_sc_hd__dfrtp_1)
                          0.25    0.63   clock uncertainty
                         -0.04    0.59   clock reconvergence pessimism
                         -0.04    0.55   library hold time
                                  0.55   data required time
-----------------------------------------------------------------------------
                                  0.55   data required time
                                 -1.11   data arrival time
-----------------------------------------------------------------------------
                                  0.56   slack (MET)


Startpoint: _251_ (rising edge-triggered flip-flop clocked by CLK100MHZ)
Endpoint: _251_ (rising edge-triggered flip-flop clocked by CLK100MHZ)
Path Group: CLK100MHZ
Path Type: min
Corner: Typical

Fanout     Cap    Slew   Delay    Time   Description
-----------------------------------------------------------------------------
                          0.00    0.00   clock CLK100MHZ (rise edge)
                          0.00    0.00   clock source latency
     1    0.02    0.09    0.06    0.06 ^ CLK100MHZ (in)
                                         CLK100MHZ (net)
                  0.09    0.00    0.06 ^ clkbuf_0_CLK100MHZ/A (sky130_fd_sc_hd__clkbuf_16)
     4    0.04    0.06    0.15    0.21 ^ clkbuf_0_CLK100MHZ/X (sky130_fd_sc_hd__clkbuf_16)
                                         clknet_0_CLK100MHZ (net)
                  0.06    0.00    0.21 ^ clkbuf_2_2__f_CLK100MHZ/A (sky130_fd_sc_hd__clkbuf_16)
     8    0.03    0.05    0.13    0.35 ^ clkbuf_2_2__f_CLK100MHZ/X (sky130_fd_sc_hd__clkbuf_16)
                                         clknet_2_2__leaf_CLK100MHZ (net)
                  0.05    0.00    0.35 ^ _251_/CLK (sky130_fd_sc_hd__dfrtp_2)
     4    0.03    0.15    0.41    0.76 ^ _251_/Q (sky130_fd_sc_hd__dfrtp_2)
                                         decoder.delay[1] (net)
                  0.15    0.00    0.76 ^ _167_/A (sky130_fd_sc_hd__or2_1)
     1    0.01    0.06    0.13    0.90 ^ _167_/X (sky130_fd_sc_hd__or2_1)
                                         _084_ (net)
                  0.06    0.00    0.90 ^ _168_/B (sky130_fd_sc_hd__and2_1)
     1    0.01    0.10    0.15    1.05 ^ _168_/X (sky130_fd_sc_hd__and2_1)
                                         _085_ (net)
                  0.10    0.00    1.05 ^ _169_/A (sky130_fd_sc_hd__clkbuf_1)
     1    0.01    0.11    0.14    1.19 ^ _169_/X (sky130_fd_sc_hd__clkbuf_1)
                                         _011_ (net)
                  0.11    0.00    1.19 ^ _251_/D (sky130_fd_sc_hd__dfrtp_2)
                                  1.19   data arrival time

                          0.00    0.00   clock CLK100MHZ (rise edge)
                          0.00    0.00   clock source latency
     1    0.02    0.09    0.06    0.06 ^ CLK100MHZ (in)
                                         CLK100MHZ (net)
                  0.09    0.00    0.06 ^ clkbuf_0_CLK100MHZ/A (sky130_fd_sc_hd__clkbuf_16)
     4    0.04    0.06    0.17    0.23 ^ clkbuf_0_CLK100MHZ/X (sky130_fd_sc_hd__clkbuf_16)
                                         clknet_0_CLK100MHZ (net)
                  0.06    0.00    0.23 ^ clkbuf_2_2__f_CLK100MHZ/A (sky130_fd_sc_hd__clkbuf_16)
     8    0.03    0.05    0.15    0.38 ^ clkbuf_2_2__f_CLK100MHZ/X (sky130_fd_sc_hd__clkbuf_16)
                                         clknet_2_2__leaf_CLK100MHZ (net)
                  0.05    0.00    0.38 ^ _251_/CLK (sky130_fd_sc_hd__dfrtp_2)
                          0.25    0.63   clock uncertainty
                         -0.04    0.60   clock reconvergence pessimism
                         -0.05    0.55   library hold time
                                  0.55   data required time
-----------------------------------------------------------------------------
                                  0.55   data required time
                                 -1.19   data arrival time
-----------------------------------------------------------------------------
                                  0.64   slack (MET)


Startpoint: _273_ (rising edge-triggered flip-flop clocked by CLK100MHZ)
Endpoint: _273_ (rising edge-triggered flip-flop clocked by CLK100MHZ)
Path Group: CLK100MHZ
Path Type: min
Corner: Typical

Fanout     Cap    Slew   Delay    Time   Description
-----------------------------------------------------------------------------
                          0.00    0.00   clock CLK100MHZ (rise edge)
                          0.00    0.00   clock source latency
     1    0.02    0.09    0.06    0.06 ^ CLK100MHZ (in)
                                         CLK100MHZ (net)
                  0.09    0.00    0.06 ^ clkbuf_0_CLK100MHZ/A (sky130_fd_sc_hd__clkbuf_16)
     4    0.04    0.06    0.15    0.21 ^ clkbuf_0_CLK100MHZ/X (sky130_fd_sc_hd__clkbuf_16)
                                         clknet_0_CLK100MHZ (net)
                  0.06    0.00    0.21 ^ clkbuf_2_3__f_CLK100MHZ/A (sky130_fd_sc_hd__clkbuf_16)
     8    0.03    0.05    0.13    0.34 ^ clkbuf_2_3__f_CLK100MHZ/X (sky130_fd_sc_hd__clkbuf_16)
                                         clknet_2_3__leaf_CLK100MHZ (net)
                  0.05    0.00    0.35 ^ _273_/CLK (sky130_fd_sc_hd__dfrtp_1)
     2    0.01    0.09    0.34    0.68 ^ _273_/Q (sky130_fd_sc_hd__dfrtp_1)
                                         decoder.delay[23] (net)
                  0.09    0.00    0.68 ^ _151_/B1 (sky130_fd_sc_hd__a21o_1)
     1    0.02    0.14    0.15    0.84 ^ _151_/X (sky130_fd_sc_hd__a21o_1)
                                         _077_ (net)
                  0.14    0.00    0.84 ^ _152_/B (sky130_fd_sc_hd__and2_1)
     1    0.01    0.11    0.18    1.02 ^ _152_/X (sky130_fd_sc_hd__and2_1)
                                         _078_ (net)
                  0.11    0.00    1.02 ^ _153_/A (sky130_fd_sc_hd__buf_1)
     1    0.01    0.17    0.18    1.19 ^ _153_/X (sky130_fd_sc_hd__buf_1)
                                         _015_ (net)
                  0.17    0.00    1.19 ^ _273_/D (sky130_fd_sc_hd__dfrtp_1)
                                  1.19   data arrival time

                          0.00    0.00   clock CLK100MHZ (rise edge)
                          0.00    0.00   clock source latency
     1    0.02    0.09    0.06    0.06 ^ CLK100MHZ (in)
                                         CLK100MHZ (net)
                  0.09    0.00    0.06 ^ clkbuf_0_CLK100MHZ/A (sky130_fd_sc_hd__clkbuf_16)
     4    0.04    0.06    0.17    0.23 ^ clkbuf_0_CLK100MHZ/X (sky130_fd_sc_hd__clkbuf_16)
                                         clknet_0_CLK100MHZ (net)
                  0.06    0.00    0.23 ^ clkbuf_2_3__f_CLK100MHZ/A (sky130_fd_sc_hd__clkbuf_16)
     8    0.03    0.05    0.15    0.38 ^ clkbuf_2_3__f_CLK100MHZ/X (sky130_fd_sc_hd__clkbuf_16)
                                         clknet_2_3__leaf_CLK100MHZ (net)
                  0.05    0.00    0.38 ^ _273_/CLK (sky130_fd_sc_hd__dfrtp_1)
                          0.25    0.63   clock uncertainty
                         -0.04    0.60   clock reconvergence pessimism
                         -0.06    0.54   library hold time
                                  0.54   data required time
-----------------------------------------------------------------------------
                                  0.54   data required time
                                 -1.19   data arrival time
-----------------------------------------------------------------------------
                                  0.66   slack (MET)


Startpoint: _253_ (rising edge-triggered flip-flop clocked by CLK100MHZ)
Endpoint: _253_ (rising edge-triggered flip-flop clocked by CLK100MHZ)
Path Group: CLK100MHZ
Path Type: min
Corner: Typical

Fanout     Cap    Slew   Delay    Time   Description
-----------------------------------------------------------------------------
                          0.00    0.00   clock CLK100MHZ (rise edge)
                          0.00    0.00   clock source latency
     1    0.02    0.09    0.06    0.06 ^ CLK100MHZ (in)
                                         CLK100MHZ (net)
                  0.09    0.00    0.06 ^ clkbuf_0_CLK100MHZ/A (sky130_fd_sc_hd__clkbuf_16)
     4    0.04    0.06    0.15    0.21 ^ clkbuf_0_CLK100MHZ/X (sky130_fd_sc_hd__clkbuf_16)
                                         clknet_0_CLK100MHZ (net)
                  0.06    0.00    0.21 ^ clkbuf_2_2__f_CLK100MHZ/A (sky130_fd_sc_hd__clkbuf_16)
     8    0.03    0.05    0.13    0.35 ^ clkbuf_2_2__f_CLK100MHZ/X (sky130_fd_sc_hd__clkbuf_16)
                                         clknet_2_2__leaf_CLK100MHZ (net)
                  0.05    0.00    0.35 ^ _253_/CLK (sky130_fd_sc_hd__dfrtp_1)
     2    0.02    0.16    0.39    0.74 ^ _253_/Q (sky130_fd_sc_hd__dfrtp_1)
                                         decoder.delay[3] (net)
                  0.16    0.00    0.74 ^ _171_/B1 (sky130_fd_sc_hd__a31o_1)
     1    0.01    0.08    0.14    0.88 ^ _171_/X (sky130_fd_sc_hd__a31o_1)
                                         _086_ (net)
                  0.08    0.00    0.88 ^ _172_/B (sky130_fd_sc_hd__and2b_1)
     1    0.02    0.17    0.21    1.08 ^ _172_/X (sky130_fd_sc_hd__and2b_1)
                                         _087_ (net)
                  0.17    0.00    1.08 ^ _173_/A (sky130_fd_sc_hd__clkbuf_1)
     1    0.01    0.10    0.14    1.23 ^ _173_/X (sky130_fd_sc_hd__clkbuf_1)
                                         _018_ (net)
                  0.10    0.00    1.23 ^ _253_/D (sky130_fd_sc_hd__dfrtp_1)
                                  1.23   data arrival time

                          0.00    0.00   clock CLK100MHZ (rise edge)
                          0.00    0.00   clock source latency
     1    0.02    0.09    0.06    0.06 ^ CLK100MHZ (in)
                                         CLK100MHZ (net)
                  0.09    0.00    0.06 ^ clkbuf_0_CLK100MHZ/A (sky130_fd_sc_hd__clkbuf_16)
     4    0.04    0.06    0.17    0.23 ^ clkbuf_0_CLK100MHZ/X (sky130_fd_sc_hd__clkbuf_16)
                                         clknet_0_CLK100MHZ (net)
                  0.06    0.00    0.23 ^ clkbuf_2_2__f_CLK100MHZ/A (sky130_fd_sc_hd__clkbuf_16)
     8    0.03    0.05    0.15    0.38 ^ clkbuf_2_2__f_CLK100MHZ/X (sky130_fd_sc_hd__clkbuf_16)
                                         clknet_2_2__leaf_CLK100MHZ (net)
                  0.05    0.00    0.38 ^ _253_/CLK (sky130_fd_sc_hd__dfrtp_1)
                          0.25    0.63   clock uncertainty
                         -0.04    0.60   clock reconvergence pessimism
                         -0.05    0.55   library hold time
                                  0.55   data required time
-----------------------------------------------------------------------------
                                  0.55   data required time
                                 -1.23   data arrival time
-----------------------------------------------------------------------------
                                  0.68   slack (MET)


Startpoint: _258_ (rising edge-triggered flip-flop clocked by CLK100MHZ)
Endpoint: _258_ (rising edge-triggered flip-flop clocked by CLK100MHZ)
Path Group: CLK100MHZ
Path Type: min
Corner: Typical

Fanout     Cap    Slew   Delay    Time   Description
-----------------------------------------------------------------------------
                          0.00    0.00   clock CLK100MHZ (rise edge)
                          0.00    0.00   clock source latency
     1    0.02    0.09    0.06    0.06 ^ CLK100MHZ (in)
                                         CLK100MHZ (net)
                  0.09    0.00    0.06 ^ clkbuf_0_CLK100MHZ/A (sky130_fd_sc_hd__clkbuf_16)
     4    0.04    0.06    0.15    0.21 ^ clkbuf_0_CLK100MHZ/X (sky130_fd_sc_hd__clkbuf_16)
                                         clknet_0_CLK100MHZ (net)
                  0.06    0.00    0.21 ^ clkbuf_2_3__f_CLK100MHZ/A (sky130_fd_sc_hd__clkbuf_16)
     8    0.03    0.05    0.13    0.34 ^ clkbuf_2_3__f_CLK100MHZ/X (sky130_fd_sc_hd__clkbuf_16)
                                         clknet_2_3__leaf_CLK100MHZ (net)
                  0.05    0.00    0.34 ^ _258_/CLK (sky130_fd_sc_hd__dfrtp_4)
     5    0.04    0.14    0.46    0.80 ^ _258_/Q (sky130_fd_sc_hd__dfrtp_4)
                                         decoder.delay[8] (net)
                  0.14    0.00    0.80 ^ _187_/A (sky130_fd_sc_hd__nor2_1)
     1    0.01    0.07    0.10    0.90 v _187_/Y (sky130_fd_sc_hd__nor2_1)
                                         _097_ (net)
                  0.07    0.00    0.90 v _189_/A_N (sky130_fd_sc_hd__and2b_1)
     1    0.01    0.07    0.20    1.11 ^ _189_/X (sky130_fd_sc_hd__and2b_1)
                                         _099_ (net)
                  0.07    0.00    1.11 ^ _190_/A (sky130_fd_sc_hd__buf_1)
     1    0.02    0.19    0.18    1.29 ^ _190_/X (sky130_fd_sc_hd__buf_1)
                                         _023_ (net)
                  0.19    0.00    1.29 ^ _258_/D (sky130_fd_sc_hd__dfrtp_4)
                                  1.29   data arrival time

                          0.00    0.00   clock CLK100MHZ (rise edge)
                          0.00    0.00   clock source latency
     1    0.02    0.09    0.06    0.06 ^ CLK100MHZ (in)
                                         CLK100MHZ (net)
                  0.09    0.00    0.06 ^ clkbuf_0_CLK100MHZ/A (sky130_fd_sc_hd__clkbuf_16)
     4    0.04    0.06    0.17    0.23 ^ clkbuf_0_CLK100MHZ/X (sky130_fd_sc_hd__clkbuf_16)
                                         clknet_0_CLK100MHZ (net)
                  0.06    0.00    0.23 ^ clkbuf_2_3__f_CLK100MHZ/A (sky130_fd_sc_hd__clkbuf_16)
     8    0.03    0.05    0.15    0.38 ^ clkbuf_2_3__f_CLK100MHZ/X (sky130_fd_sc_hd__clkbuf_16)
                                         clknet_2_3__leaf_CLK100MHZ (net)
                  0.05    0.00    0.38 ^ _258_/CLK (sky130_fd_sc_hd__dfrtp_4)
                          0.25    0.63   clock uncertainty
                         -0.04    0.60   clock reconvergence pessimism
                         -0.06    0.53   library hold time
                                  0.53   data required time
-----------------------------------------------------------------------------
                                  0.53   data required time
                                 -1.29   data arrival time
-----------------------------------------------------------------------------
                                  0.76   slack (MET)


Startpoint: _261_ (rising edge-triggered flip-flop clocked by CLK100MHZ)
Endpoint: _261_ (rising edge-triggered flip-flop clocked by CLK100MHZ)
Path Group: CLK100MHZ
Path Type: min
Corner: Typical

Fanout     Cap    Slew   Delay    Time   Description
-----------------------------------------------------------------------------
                          0.00    0.00   clock CLK100MHZ (rise edge)
                          0.00    0.00   clock source latency
     1    0.02    0.09    0.06    0.06 ^ CLK100MHZ (in)
                                         CLK100MHZ (net)
                  0.09    0.00    0.06 ^ clkbuf_0_CLK100MHZ/A (sky130_fd_sc_hd__clkbuf_16)
     4    0.04    0.06    0.15    0.21 ^ clkbuf_0_CLK100MHZ/X (sky130_fd_sc_hd__clkbuf_16)
                                         clknet_0_CLK100MHZ (net)
                  0.06    0.00    0.21 ^ clkbuf_2_3__f_CLK100MHZ/A (sky130_fd_sc_hd__clkbuf_16)
     8    0.03    0.05    0.13    0.34 ^ clkbuf_2_3__f_CLK100MHZ/X (sky130_fd_sc_hd__clkbuf_16)
                                         clknet_2_3__leaf_CLK100MHZ (net)
                  0.05    0.00    0.35 ^ _261_/CLK (sky130_fd_sc_hd__dfrtp_1)
     3    0.02    0.19    0.41    0.75 ^ _261_/Q (sky130_fd_sc_hd__dfrtp_1)
                                         decoder.delay[11] (net)
                  0.19    0.00    0.75 ^ _195_/B1 (sky130_fd_sc_hd__a21oi_1)
     1    0.02    0.10    0.13    0.88 v _195_/Y (sky130_fd_sc_hd__a21oi_1)
                                         _102_ (net)
                  0.10    0.00    0.88 v _197_/A_N (sky130_fd_sc_hd__and2b_1)
     1    0.01    0.11    0.25    1.13 ^ _197_/X (sky130_fd_sc_hd__and2b_1)
                                         _104_ (net)
                  0.11    0.00    1.13 ^ _198_/A (sky130_fd_sc_hd__buf_1)
     2    0.02    0.21    0.20    1.33 ^ _198_/X (sky130_fd_sc_hd__buf_1)
                                         _002_ (net)
                  0.21    0.00    1.33 ^ _261_/D (sky130_fd_sc_hd__dfrtp_1)
                                  1.33   data arrival time

                          0.00    0.00   clock CLK100MHZ (rise edge)
                          0.00    0.00   clock source latency
     1    0.02    0.09    0.06    0.06 ^ CLK100MHZ (in)
                                         CLK100MHZ (net)
                  0.09    0.00    0.06 ^ clkbuf_0_CLK100MHZ/A (sky130_fd_sc_hd__clkbuf_16)
     4    0.04    0.06    0.17    0.23 ^ clkbuf_0_CLK100MHZ/X (sky130_fd_sc_hd__clkbuf_16)
                                         clknet_0_CLK100MHZ (net)
                  0.06    0.00    0.23 ^ clkbuf_2_3__f_CLK100MHZ/A (sky130_fd_sc_hd__clkbuf_16)
     8    0.03    0.05    0.15    0.38 ^ clkbuf_2_3__f_CLK100MHZ/X (sky130_fd_sc_hd__clkbuf_16)
                                         clknet_2_3__leaf_CLK100MHZ (net)
                  0.05    0.00    0.38 ^ _261_/CLK (sky130_fd_sc_hd__dfrtp_1)
                          0.25    0.63   clock uncertainty
                         -0.04    0.60   clock reconvergence pessimism
                         -0.07    0.53   library hold time
                                  0.53   data required time
-----------------------------------------------------------------------------
                                  0.53   data required time
                                 -1.33   data arrival time
-----------------------------------------------------------------------------
                                  0.81   slack (MET)


Startpoint: _257_ (rising edge-triggered flip-flop clocked by CLK100MHZ)
Endpoint: _257_ (rising edge-triggered flip-flop clocked by CLK100MHZ)
Path Group: CLK100MHZ
Path Type: min
Corner: Typical

Fanout     Cap    Slew   Delay    Time   Description
-----------------------------------------------------------------------------
                          0.00    0.00   clock CLK100MHZ (rise edge)
                          0.00    0.00   clock source latency
     1    0.02    0.09    0.06    0.06 ^ CLK100MHZ (in)
                                         CLK100MHZ (net)
                  0.09    0.00    0.06 ^ clkbuf_0_CLK100MHZ/A (sky130_fd_sc_hd__clkbuf_16)
     4    0.04    0.06    0.15    0.21 ^ clkbuf_0_CLK100MHZ/X (sky130_fd_sc_hd__clkbuf_16)
                                         clknet_0_CLK100MHZ (net)
                  0.06    0.00    0.21 ^ clkbuf_2_3__f_CLK100MHZ/A (sky130_fd_sc_hd__clkbuf_16)
     8    0.03    0.05    0.13    0.34 ^ clkbuf_2_3__f_CLK100MHZ/X (sky130_fd_sc_hd__clkbuf_16)
                                         clknet_2_3__leaf_CLK100MHZ (net)
                  0.05    0.00    0.34 ^ _257_/CLK (sky130_fd_sc_hd__dfrtp_1)
     3    0.03    0.24    0.44    0.79 ^ _257_/Q (sky130_fd_sc_hd__dfrtp_1)
                                         decoder.delay[7] (net)
                  0.24    0.00    0.79 ^ _184_/B1 (sky130_fd_sc_hd__a21o_1)
     1    0.01    0.10    0.15    0.94 ^ _184_/X (sky130_fd_sc_hd__a21o_1)
                                         _095_ (net)
                  0.10    0.00    0.94 ^ _185_/B (sky130_fd_sc_hd__and2b_1)
     1    0.02    0.22    0.24    1.18 ^ _185_/X (sky130_fd_sc_hd__and2b_1)
                                         _096_ (net)
                  0.22    0.00    1.18 ^ _186_/A (sky130_fd_sc_hd__buf_1)
     1    0.01    0.18    0.20    1.38 ^ _186_/X (sky130_fd_sc_hd__buf_1)
                                         _022_ (net)
                  0.18    0.00    1.38 ^ _257_/D (sky130_fd_sc_hd__dfrtp_1)
                                  1.38   data arrival time

                          0.00    0.00   clock CLK100MHZ (rise edge)
                          0.00    0.00   clock source latency
     1    0.02    0.09    0.06    0.06 ^ CLK100MHZ (in)
                                         CLK100MHZ (net)
                  0.09    0.00    0.06 ^ clkbuf_0_CLK100MHZ/A (sky130_fd_sc_hd__clkbuf_16)
     4    0.04    0.06    0.17    0.23 ^ clkbuf_0_CLK100MHZ/X (sky130_fd_sc_hd__clkbuf_16)
                                         clknet_0_CLK100MHZ (net)
                  0.06    0.00    0.23 ^ clkbuf_2_3__f_CLK100MHZ/A (sky130_fd_sc_hd__clkbuf_16)
     8    0.03    0.05    0.15    0.38 ^ clkbuf_2_3__f_CLK100MHZ/X (sky130_fd_sc_hd__clkbuf_16)
                                         clknet_2_3__leaf_CLK100MHZ (net)
                  0.05    0.00    0.38 ^ _257_/CLK (sky130_fd_sc_hd__dfrtp_1)
                          0.25    0.63   clock uncertainty
                         -0.04    0.60   clock reconvergence pessimism
                         -0.06    0.53   library hold time
                                  0.53   data required time
-----------------------------------------------------------------------------
                                  0.53   data required time
                                 -1.38   data arrival time
-----------------------------------------------------------------------------
                                  0.85   slack (MET)


Startpoint: BTNC (input port clocked by CLK100MHZ)
Endpoint: _267_ (removal check against rising-edge clock CLK100MHZ)
Path Group: asynchronous
Path Type: min
Corner: Typical

Fanout     Cap    Slew   Delay    Time   Description
-----------------------------------------------------------------------------
                          0.00    0.00   clock CLK100MHZ (rise edge)
                          0.00    0.00   clock network delay (propagated)
                          2.00    2.00 v input external delay
     2    0.02    0.05    0.03    2.03 v BTNC (in)
                                         BTNC (net)
                  0.05    0.00    2.03 v _214_/A (sky130_fd_sc_hd__buf_4)
    10    0.07    0.09    0.19    2.22 v _214_/X (sky130_fd_sc_hd__buf_4)
                                         _112_ (net)
                  0.09    0.00    2.23 v _238_/A (sky130_fd_sc_hd__inv_2)
     1    0.00    0.04    0.06    2.29 ^ _238_/Y (sky130_fd_sc_hd__inv_2)
                                         _046_ (net)
                  0.04    0.00    2.29 ^ _267_/RESET_B (sky130_fd_sc_hd__dfrtp_1)
                                  2.29   data arrival time

                          0.00    0.00   clock CLK100MHZ (rise edge)
                          0.00    0.00   clock source latency
     1    0.02    0.09    0.06    0.06 ^ CLK100MHZ (in)
                                         CLK100MHZ (net)
                  0.09    0.00    0.06 ^ clkbuf_0_CLK100MHZ/A (sky130_fd_sc_hd__clkbuf_16)
     4    0.04    0.06    0.17    0.23 ^ clkbuf_0_CLK100MHZ/X (sky130_fd_sc_hd__clkbuf_16)
                                         clknet_0_CLK100MHZ (net)
                  0.06    0.00    0.23 ^ clkbuf_2_3__f_CLK100MHZ/A (sky130_fd_sc_hd__clkbuf_16)
     8    0.03    0.05    0.15    0.38 ^ clkbuf_2_3__f_CLK100MHZ/X (sky130_fd_sc_hd__clkbuf_16)
                                         clknet_2_3__leaf_CLK100MHZ (net)
                  0.05    0.00    0.38 ^ _267_/CLK (sky130_fd_sc_hd__dfrtp_1)
                          0.25    0.63   clock uncertainty
                          0.00    0.63   clock reconvergence pessimism
                          0.32    0.95   library removal time
                                  0.95   data required time
-----------------------------------------------------------------------------
                                  0.95   data required time
                                 -2.29   data arrival time
-----------------------------------------------------------------------------
                                  1.34   slack (MET)


Startpoint: BTNC (input port clocked by CLK100MHZ)
Endpoint: _272_ (removal check against rising-edge clock CLK100MHZ)
Path Group: asynchronous
Path Type: min
Corner: Typical

Fanout     Cap    Slew   Delay    Time   Description
-----------------------------------------------------------------------------
                          0.00    0.00   clock CLK100MHZ (rise edge)
                          0.00    0.00   clock network delay (propagated)
                          2.00    2.00 v input external delay
     2    0.02    0.05    0.03    2.03 v BTNC (in)
                                         BTNC (net)
                  0.05    0.00    2.03 v _214_/A (sky130_fd_sc_hd__buf_4)
    10    0.07    0.09    0.19    2.22 v _214_/X (sky130_fd_sc_hd__buf_4)
                                         _112_ (net)
                  0.09    0.00    2.23 v _243_/A (sky130_fd_sc_hd__inv_2)
     1    0.00    0.04    0.06    2.29 ^ _243_/Y (sky130_fd_sc_hd__inv_2)
                                         _051_ (net)
                  0.04    0.00    2.29 ^ _272_/RESET_B (sky130_fd_sc_hd__dfrtp_1)
                                  2.29   data arrival time

                          0.00    0.00   clock CLK100MHZ (rise edge)
                          0.00    0.00   clock source latency
     1    0.02    0.09    0.06    0.06 ^ CLK100MHZ (in)
                                         CLK100MHZ (net)
                  0.09    0.00    0.06 ^ clkbuf_0_CLK100MHZ/A (sky130_fd_sc_hd__clkbuf_16)
     4    0.04    0.06    0.17    0.23 ^ clkbuf_0_CLK100MHZ/X (sky130_fd_sc_hd__clkbuf_16)
                                         clknet_0_CLK100MHZ (net)
                  0.06    0.00    0.23 ^ clkbuf_2_1__f_CLK100MHZ/A (sky130_fd_sc_hd__clkbuf_16)
     8    0.02    0.04    0.14    0.38 ^ clkbuf_2_1__f_CLK100MHZ/X (sky130_fd_sc_hd__clkbuf_16)
                                         clknet_2_1__leaf_CLK100MHZ (net)
                  0.04    0.00    0.38 ^ _272_/CLK (sky130_fd_sc_hd__dfrtp_1)
                          0.25    0.63   clock uncertainty
                          0.00    0.63   clock reconvergence pessimism
                          0.32    0.95   library removal time
                                  0.95   data required time
-----------------------------------------------------------------------------
                                  0.95   data required time
                                 -2.29   data arrival time
-----------------------------------------------------------------------------
                                  1.34   slack (MET)


Startpoint: BTNC (input port clocked by CLK100MHZ)
Endpoint: _268_ (removal check against rising-edge clock CLK100MHZ)
Path Group: asynchronous
Path Type: min
Corner: Typical

Fanout     Cap    Slew   Delay    Time   Description
-----------------------------------------------------------------------------
                          0.00    0.00   clock CLK100MHZ (rise edge)
                          0.00    0.00   clock network delay (propagated)
                          2.00    2.00 v input external delay
     2    0.02    0.05    0.03    2.03 v BTNC (in)
                                         BTNC (net)
                  0.05    0.00    2.03 v _214_/A (sky130_fd_sc_hd__buf_4)
    10    0.07    0.09    0.19    2.22 v _214_/X (sky130_fd_sc_hd__buf_4)
                                         _112_ (net)
                  0.09    0.00    2.23 v _239_/A (sky130_fd_sc_hd__inv_2)
     1    0.01    0.04    0.07    2.29 ^ _239_/Y (sky130_fd_sc_hd__inv_2)
                                         _047_ (net)
                  0.04    0.00    2.29 ^ _268_/RESET_B (sky130_fd_sc_hd__dfrtp_2)
                                  2.29   data arrival time

                          0.00    0.00   clock CLK100MHZ (rise edge)
                          0.00    0.00   clock source latency
     1    0.02    0.09    0.06    0.06 ^ CLK100MHZ (in)
                                         CLK100MHZ (net)
                  0.09    0.00    0.06 ^ clkbuf_0_CLK100MHZ/A (sky130_fd_sc_hd__clkbuf_16)
     4    0.04    0.06    0.17    0.23 ^ clkbuf_0_CLK100MHZ/X (sky130_fd_sc_hd__clkbuf_16)
                                         clknet_0_CLK100MHZ (net)
                  0.06    0.00    0.23 ^ clkbuf_2_1__f_CLK100MHZ/A (sky130_fd_sc_hd__clkbuf_16)
     8    0.02    0.04    0.14    0.38 ^ clkbuf_2_1__f_CLK100MHZ/X (sky130_fd_sc_hd__clkbuf_16)
                                         clknet_2_1__leaf_CLK100MHZ (net)
                  0.04    0.00    0.38 ^ _268_/CLK (sky130_fd_sc_hd__dfrtp_2)
                          0.25    0.63   clock uncertainty
                          0.00    0.63   clock reconvergence pessimism
                          0.32    0.95   library removal time
                                  0.95   data required time
-----------------------------------------------------------------------------
                                  0.95   data required time
                                 -2.29   data arrival time
-----------------------------------------------------------------------------
                                  1.35   slack (MET)


Startpoint: BTNC (input port clocked by CLK100MHZ)
Endpoint: _270_ (removal check against rising-edge clock CLK100MHZ)
Path Group: asynchronous
Path Type: min
Corner: Typical

Fanout     Cap    Slew   Delay    Time   Description
-----------------------------------------------------------------------------
                          0.00    0.00   clock CLK100MHZ (rise edge)
                          0.00    0.00   clock network delay (propagated)
                          2.00    2.00 v input external delay
     2    0.02    0.05    0.03    2.03 v BTNC (in)
                                         BTNC (net)
                  0.05    0.00    2.03 v _214_/A (sky130_fd_sc_hd__buf_4)
    10    0.07    0.09    0.19    2.22 v _214_/X (sky130_fd_sc_hd__buf_4)
                                         _112_ (net)
                  0.09    0.00    2.22 v _241_/A (sky130_fd_sc_hd__inv_2)
     1    0.01    0.06    0.08    2.30 ^ _241_/Y (sky130_fd_sc_hd__inv_2)
                                         _049_ (net)
                  0.06    0.00    2.30 ^ _270_/RESET_B (sky130_fd_sc_hd__dfrtp_1)
                                  2.30   data arrival time

                          0.00    0.00   clock CLK100MHZ (rise edge)
                          0.00    0.00   clock source latency
     1    0.02    0.09    0.06    0.06 ^ CLK100MHZ (in)
                                         CLK100MHZ (net)
                  0.09    0.00    0.06 ^ clkbuf_0_CLK100MHZ/A (sky130_fd_sc_hd__clkbuf_16)
     4    0.04    0.06    0.17    0.23 ^ clkbuf_0_CLK100MHZ/X (sky130_fd_sc_hd__clkbuf_16)
                                         clknet_0_CLK100MHZ (net)
                  0.06    0.00    0.23 ^ clkbuf_2_0__f_CLK100MHZ/A (sky130_fd_sc_hd__clkbuf_16)
     8    0.03    0.05    0.15    0.38 ^ clkbuf_2_0__f_CLK100MHZ/X (sky130_fd_sc_hd__clkbuf_16)
                                         clknet_2_0__leaf_CLK100MHZ (net)
                  0.05    0.00    0.38 ^ _270_/CLK (sky130_fd_sc_hd__dfrtp_1)
                          0.25    0.63   clock uncertainty
                          0.00    0.63   clock reconvergence pessimism
                          0.32    0.96   library removal time
                                  0.96   data required time
-----------------------------------------------------------------------------
                                  0.96   data required time
                                 -2.30   data arrival time
-----------------------------------------------------------------------------
                                  1.35   slack (MET)


Startpoint: BTNC (input port clocked by CLK100MHZ)
Endpoint: _274_ (removal check against rising-edge clock CLK100MHZ)
Path Group: asynchronous
Path Type: min
Corner: Typical

Fanout     Cap    Slew   Delay    Time   Description
-----------------------------------------------------------------------------
                          0.00    0.00   clock CLK100MHZ (rise edge)
                          0.00    0.00   clock network delay (propagated)
                          2.00    2.00 v input external delay
     2    0.02    0.05    0.03    2.03 v BTNC (in)
                                         BTNC (net)
                  0.05    0.00    2.03 v _214_/A (sky130_fd_sc_hd__buf_4)
    10    0.07    0.09    0.19    2.22 v _214_/X (sky130_fd_sc_hd__buf_4)
                                         _112_ (net)
                  0.09    0.00    2.23 v _245_/A (sky130_fd_sc_hd__inv_2)
     1    0.01    0.06    0.08    2.31 ^ _245_/Y (sky130_fd_sc_hd__inv_2)
                                         _053_ (net)
                  0.06    0.00    2.31 ^ _274_/RESET_B (sky130_fd_sc_hd__dfrtp_2)
                                  2.31   data arrival time

                          0.00    0.00   clock CLK100MHZ (rise edge)
                          0.00    0.00   clock source latency
     1    0.02    0.09    0.06    0.06 ^ CLK100MHZ (in)
                                         CLK100MHZ (net)
                  0.09    0.00    0.06 ^ clkbuf_0_CLK100MHZ/A (sky130_fd_sc_hd__clkbuf_16)
     4    0.04    0.06    0.17    0.23 ^ clkbuf_0_CLK100MHZ/X (sky130_fd_sc_hd__clkbuf_16)
                                         clknet_0_CLK100MHZ (net)
                  0.06    0.00    0.23 ^ clkbuf_2_3__f_CLK100MHZ/A (sky130_fd_sc_hd__clkbuf_16)
     8    0.03    0.05    0.15    0.38 ^ clkbuf_2_3__f_CLK100MHZ/X (sky130_fd_sc_hd__clkbuf_16)
                                         clknet_2_3__leaf_CLK100MHZ (net)
                  0.05    0.00    0.38 ^ _274_/CLK (sky130_fd_sc_hd__dfrtp_2)
                          0.25    0.63   clock uncertainty
                          0.00    0.63   clock reconvergence pessimism
                          0.33    0.96   library removal time
                                  0.96   data required time
-----------------------------------------------------------------------------
                                  0.96   data required time
                                 -2.31   data arrival time
-----------------------------------------------------------------------------
                                  1.35   slack (MET)


Startpoint: BTNC (input port clocked by CLK100MHZ)
Endpoint: _271_ (removal check against rising-edge clock CLK100MHZ)
Path Group: asynchronous
Path Type: min
Corner: Typical

Fanout     Cap    Slew   Delay    Time   Description
-----------------------------------------------------------------------------
                          0.00    0.00   clock CLK100MHZ (rise edge)
                          0.00    0.00   clock network delay (propagated)
                          2.00    2.00 v input external delay
     2    0.02    0.05    0.03    2.03 v BTNC (in)
                                         BTNC (net)
                  0.05    0.00    2.03 v _214_/A (sky130_fd_sc_hd__buf_4)
    10    0.07    0.09    0.19    2.22 v _214_/X (sky130_fd_sc_hd__buf_4)
                                         _112_ (net)
                  0.09    0.00    2.23 v _242_/A (sky130_fd_sc_hd__inv_2)
     1    0.01    0.07    0.09    2.31 ^ _242_/Y (sky130_fd_sc_hd__inv_2)
                                         _050_ (net)
                  0.07    0.00    2.32 ^ _271_/RESET_B (sky130_fd_sc_hd__dfrtp_1)
                                  2.32   data arrival time

                          0.00    0.00   clock CLK100MHZ (rise edge)
                          0.00    0.00   clock source latency
     1    0.02    0.09    0.06    0.06 ^ CLK100MHZ (in)
                                         CLK100MHZ (net)
                  0.09    0.00    0.06 ^ clkbuf_0_CLK100MHZ/A (sky130_fd_sc_hd__clkbuf_16)
     4    0.04    0.06    0.17    0.23 ^ clkbuf_0_CLK100MHZ/X (sky130_fd_sc_hd__clkbuf_16)
                                         clknet_0_CLK100MHZ (net)
                  0.06    0.00    0.23 ^ clkbuf_2_0__f_CLK100MHZ/A (sky130_fd_sc_hd__clkbuf_16)
     8    0.03    0.05    0.15    0.38 ^ clkbuf_2_0__f_CLK100MHZ/X (sky130_fd_sc_hd__clkbuf_16)
                                         clknet_2_0__leaf_CLK100MHZ (net)
                  0.05    0.00    0.38 ^ _271_/CLK (sky130_fd_sc_hd__dfrtp_1)
                          0.25    0.63   clock uncertainty
                          0.00    0.63   clock reconvergence pessimism
                          0.33    0.96   library removal time
                                  0.96   data required time
-----------------------------------------------------------------------------
                                  0.96   data required time
                                 -2.32   data arrival time
-----------------------------------------------------------------------------
                                  1.36   slack (MET)


Startpoint: BTNC (input port clocked by CLK100MHZ)
Endpoint: _256_ (removal check against rising-edge clock CLK100MHZ)
Path Group: asynchronous
Path Type: min
Corner: Typical

Fanout     Cap    Slew   Delay    Time   Description
-----------------------------------------------------------------------------
                          0.00    0.00   clock CLK100MHZ (rise edge)
                          0.00    0.00   clock network delay (propagated)
                          2.00    2.00 v input external delay
     2    0.02    0.05    0.03    2.03 v BTNC (in)
                                         BTNC (net)
                  0.05    0.00    2.03 v _226_/A (sky130_fd_sc_hd__buf_4)
    10    0.08    0.11    0.20    2.23 v _226_/X (sky130_fd_sc_hd__buf_4)
                                         _114_ (net)
                  0.11    0.00    2.24 v _227_/A (sky130_fd_sc_hd__inv_2)
     1    0.01    0.05    0.08    2.31 ^ _227_/Y (sky130_fd_sc_hd__inv_2)
                                         _035_ (net)
                  0.05    0.00    2.31 ^ _256_/RESET_B (sky130_fd_sc_hd__dfrtp_4)
                                  2.31   data arrival time

                          0.00    0.00   clock CLK100MHZ (rise edge)
                          0.00    0.00   clock source latency
     1    0.02    0.09    0.06    0.06 ^ CLK100MHZ (in)
                                         CLK100MHZ (net)
                  0.09    0.00    0.06 ^ clkbuf_0_CLK100MHZ/A (sky130_fd_sc_hd__clkbuf_16)
     4    0.04    0.06    0.17    0.23 ^ clkbuf_0_CLK100MHZ/X (sky130_fd_sc_hd__clkbuf_16)
                                         clknet_0_CLK100MHZ (net)
                  0.06    0.00    0.23 ^ clkbuf_2_0__f_CLK100MHZ/A (sky130_fd_sc_hd__clkbuf_16)
     8    0.03    0.05    0.15    0.38 ^ clkbuf_2_0__f_CLK100MHZ/X (sky130_fd_sc_hd__clkbuf_16)
                                         clknet_2_0__leaf_CLK100MHZ (net)
                  0.05    0.00    0.38 ^ _256_/CLK (sky130_fd_sc_hd__dfrtp_4)
                          0.25    0.63   clock uncertainty
                          0.00    0.63   clock reconvergence pessimism
                          0.32    0.95   library removal time
                                  0.95   data required time
-----------------------------------------------------------------------------
                                  0.95   data required time
                                 -2.31   data arrival time
-----------------------------------------------------------------------------
                                  1.36   slack (MET)


Startpoint: BTNC (input port clocked by CLK100MHZ)
Endpoint: _273_ (removal check against rising-edge clock CLK100MHZ)
Path Group: asynchronous
Path Type: min
Corner: Typical

Fanout     Cap    Slew   Delay    Time   Description
-----------------------------------------------------------------------------
                          0.00    0.00   clock CLK100MHZ (rise edge)
                          0.00    0.00   clock network delay (propagated)
                          2.00    2.00 v input external delay
     2    0.02    0.05    0.03    2.03 v BTNC (in)
                                         BTNC (net)
                  0.05    0.00    2.03 v _214_/A (sky130_fd_sc_hd__buf_4)
    10    0.07    0.09    0.19    2.22 v _214_/X (sky130_fd_sc_hd__buf_4)
                                         _112_ (net)
                  0.09    0.00    2.23 v _244_/A (sky130_fd_sc_hd__inv_2)
     1    0.01    0.07    0.09    2.32 ^ _244_/Y (sky130_fd_sc_hd__inv_2)
                                         _052_ (net)
                  0.07    0.00    2.32 ^ _273_/RESET_B (sky130_fd_sc_hd__dfrtp_1)
                                  2.32   data arrival time

                          0.00    0.00   clock CLK100MHZ (rise edge)
                          0.00    0.00   clock source latency
     1    0.02    0.09    0.06    0.06 ^ CLK100MHZ (in)
                                         CLK100MHZ (net)
                  0.09    0.00    0.06 ^ clkbuf_0_CLK100MHZ/A (sky130_fd_sc_hd__clkbuf_16)
     4    0.04    0.06    0.17    0.23 ^ clkbuf_0_CLK100MHZ/X (sky130_fd_sc_hd__clkbuf_16)
                                         clknet_0_CLK100MHZ (net)
                  0.06    0.00    0.23 ^ clkbuf_2_3__f_CLK100MHZ/A (sky130_fd_sc_hd__clkbuf_16)
     8    0.03    0.05    0.15    0.38 ^ clkbuf_2_3__f_CLK100MHZ/X (sky130_fd_sc_hd__clkbuf_16)
                                         clknet_2_3__leaf_CLK100MHZ (net)
                  0.05    0.00    0.38 ^ _273_/CLK (sky130_fd_sc_hd__dfrtp_1)
                          0.25    0.63   clock uncertainty
                          0.00    0.63   clock reconvergence pessimism
                          0.33    0.96   library removal time
                                  0.96   data required time
-----------------------------------------------------------------------------
                                  0.96   data required time
                                 -2.32   data arrival time
-----------------------------------------------------------------------------
                                  1.36   slack (MET)


Startpoint: BTNC (input port clocked by CLK100MHZ)
Endpoint: _261_ (removal check against rising-edge clock CLK100MHZ)
Path Group: asynchronous
Path Type: min
Corner: Typical

Fanout     Cap    Slew   Delay    Time   Description
-----------------------------------------------------------------------------
                          0.00    0.00   clock CLK100MHZ (rise edge)
                          0.00    0.00   clock network delay (propagated)
                          2.00    2.00 v input external delay
     2    0.02    0.05    0.03    2.03 v BTNC (in)
                                         BTNC (net)
                  0.05    0.00    2.03 v _226_/A (sky130_fd_sc_hd__buf_4)
    10    0.08    0.11    0.20    2.23 v _226_/X (sky130_fd_sc_hd__buf_4)
                                         _114_ (net)
                  0.11    0.00    2.24 v _232_/A (sky130_fd_sc_hd__inv_2)
     1    0.01    0.05    0.07    2.31 ^ _232_/Y (sky130_fd_sc_hd__inv_2)
                                         _040_ (net)
                  0.05    0.00    2.31 ^ _261_/RESET_B (sky130_fd_sc_hd__dfrtp_1)
                                  2.31   data arrival time

                          0.00    0.00   clock CLK100MHZ (rise edge)
                          0.00    0.00   clock source latency
     1    0.02    0.09    0.06    0.06 ^ CLK100MHZ (in)
                                         CLK100MHZ (net)
                  0.09    0.00    0.06 ^ clkbuf_0_CLK100MHZ/A (sky130_fd_sc_hd__clkbuf_16)
     4    0.04    0.06    0.17    0.23 ^ clkbuf_0_CLK100MHZ/X (sky130_fd_sc_hd__clkbuf_16)
                                         clknet_0_CLK100MHZ (net)
                  0.06    0.00    0.23 ^ clkbuf_2_3__f_CLK100MHZ/A (sky130_fd_sc_hd__clkbuf_16)
     8    0.03    0.05    0.15    0.38 ^ clkbuf_2_3__f_CLK100MHZ/X (sky130_fd_sc_hd__clkbuf_16)
                                         clknet_2_3__leaf_CLK100MHZ (net)
                  0.05    0.00    0.38 ^ _261_/CLK (sky130_fd_sc_hd__dfrtp_1)
                          0.25    0.63   clock uncertainty
                          0.00    0.63   clock reconvergence pessimism
                          0.32    0.95   library removal time
                                  0.95   data required time
-----------------------------------------------------------------------------
                                  0.95   data required time
                                 -2.31   data arrival time
-----------------------------------------------------------------------------
                                  1.36   slack (MET)


Startpoint: BTNC (input port clocked by CLK100MHZ)
Endpoint: _259_ (removal check against rising-edge clock CLK100MHZ)
Path Group: asynchronous
Path Type: min
Corner: Typical

Fanout     Cap    Slew   Delay    Time   Description
-----------------------------------------------------------------------------
                          0.00    0.00   clock CLK100MHZ (rise edge)
                          0.00    0.00   clock network delay (propagated)
                          2.00    2.00 v input external delay
     2    0.02    0.05    0.03    2.03 v BTNC (in)
                                         BTNC (net)
                  0.05    0.00    2.03 v _226_/A (sky130_fd_sc_hd__buf_4)
    10    0.08    0.11    0.20    2.23 v _226_/X (sky130_fd_sc_hd__buf_4)
                                         _114_ (net)
                  0.11    0.00    2.24 v _230_/A (sky130_fd_sc_hd__inv_2)
     1    0.01    0.05    0.07    2.31 ^ _230_/Y (sky130_fd_sc_hd__inv_2)
                                         _038_ (net)
                  0.05    0.00    2.31 ^ _259_/RESET_B (sky130_fd_sc_hd__dfrtp_2)
                                  2.31   data arrival time

                          0.00    0.00   clock CLK100MHZ (rise edge)
                          0.00    0.00   clock source latency
     1    0.02    0.09    0.06    0.06 ^ CLK100MHZ (in)
                                         CLK100MHZ (net)
                  0.09    0.00    0.06 ^ clkbuf_0_CLK100MHZ/A (sky130_fd_sc_hd__clkbuf_16)
     4    0.04    0.06    0.17    0.23 ^ clkbuf_0_CLK100MHZ/X (sky130_fd_sc_hd__clkbuf_16)
                                         clknet_0_CLK100MHZ (net)
                  0.06    0.00    0.23 ^ clkbuf_2_1__f_CLK100MHZ/A (sky130_fd_sc_hd__clkbuf_16)
     8    0.02    0.04    0.14    0.38 ^ clkbuf_2_1__f_CLK100MHZ/X (sky130_fd_sc_hd__clkbuf_16)
                                         clknet_2_1__leaf_CLK100MHZ (net)
                  0.04    0.00    0.38 ^ _259_/CLK (sky130_fd_sc_hd__dfrtp_2)
                          0.25    0.63   clock uncertainty
                          0.00    0.63   clock reconvergence pessimism
                          0.32    0.95   library removal time
                                  0.95   data required time
-----------------------------------------------------------------------------
                                  0.95   data required time
                                 -2.31   data arrival time
-----------------------------------------------------------------------------
                                  1.36   slack (MET)


Startpoint: BTNC (input port clocked by CLK100MHZ)
Endpoint: _266_ (removal check against rising-edge clock CLK100MHZ)
Path Group: asynchronous
Path Type: min
Corner: Typical

Fanout     Cap    Slew   Delay    Time   Description
-----------------------------------------------------------------------------
                          0.00    0.00   clock CLK100MHZ (rise edge)
                          0.00    0.00   clock network delay (propagated)
                          2.00    2.00 v input external delay
     2    0.02    0.05    0.03    2.03 v BTNC (in)
                                         BTNC (net)
                  0.05    0.00    2.03 v _214_/A (sky130_fd_sc_hd__buf_4)
    10    0.07    0.09    0.19    2.22 v _214_/X (sky130_fd_sc_hd__buf_4)
                                         _112_ (net)
                  0.09    0.00    2.23 v _237_/A (sky130_fd_sc_hd__inv_2)
     1    0.02    0.09    0.10    2.33 ^ _237_/Y (sky130_fd_sc_hd__inv_2)
                                         _045_ (net)
                  0.09    0.00    2.33 ^ _266_/RESET_B (sky130_fd_sc_hd__dfrtp_2)
                                  2.33   data arrival time

                          0.00    0.00   clock CLK100MHZ (rise edge)
                          0.00    0.00   clock source latency
     1    0.02    0.09    0.06    0.06 ^ CLK100MHZ (in)
                                         CLK100MHZ (net)
                  0.09    0.00    0.06 ^ clkbuf_0_CLK100MHZ/A (sky130_fd_sc_hd__clkbuf_16)
     4    0.04    0.06    0.17    0.23 ^ clkbuf_0_CLK100MHZ/X (sky130_fd_sc_hd__clkbuf_16)
                                         clknet_0_CLK100MHZ (net)
                  0.06    0.00    0.23 ^ clkbuf_2_0__f_CLK100MHZ/A (sky130_fd_sc_hd__clkbuf_16)
     8    0.03    0.05    0.15    0.38 ^ clkbuf_2_0__f_CLK100MHZ/X (sky130_fd_sc_hd__clkbuf_16)
                                         clknet_2_0__leaf_CLK100MHZ (net)
                  0.05    0.00    0.38 ^ _266_/CLK (sky130_fd_sc_hd__dfrtp_2)
                          0.25    0.63   clock uncertainty
                          0.00    0.63   clock reconvergence pessimism
                          0.33    0.96   library removal time
                                  0.96   data required time
-----------------------------------------------------------------------------
                                  0.96   data required time
                                 -2.33   data arrival time
-----------------------------------------------------------------------------
                                  1.36   slack (MET)


Startpoint: BTNC (input port clocked by CLK100MHZ)
Endpoint: _264_ (removal check against rising-edge clock CLK100MHZ)
Path Group: asynchronous
Path Type: min
Corner: Typical

Fanout     Cap    Slew   Delay    Time   Description
-----------------------------------------------------------------------------
                          0.00    0.00   clock CLK100MHZ (rise edge)
                          0.00    0.00   clock network delay (propagated)
                          2.00    2.00 v input external delay
     2    0.02    0.05    0.03    2.03 v BTNC (in)
                                         BTNC (net)
                  0.05    0.00    2.03 v _226_/A (sky130_fd_sc_hd__buf_4)
    10    0.08    0.11    0.20    2.23 v _226_/X (sky130_fd_sc_hd__buf_4)
                                         _114_ (net)
                  0.11    0.00    2.24 v _235_/A (sky130_fd_sc_hd__inv_2)
     1    0.01    0.06    0.09    2.32 ^ _235_/Y (sky130_fd_sc_hd__inv_2)
                                         _043_ (net)
                  0.06    0.00    2.32 ^ _264_/RESET_B (sky130_fd_sc_hd__dfrtp_1)
                                  2.32   data arrival time

                          0.00    0.00   clock CLK100MHZ (rise edge)
                          0.00    0.00   clock source latency
     1    0.02    0.09    0.06    0.06 ^ CLK100MHZ (in)
                                         CLK100MHZ (net)
                  0.09    0.00    0.06 ^ clkbuf_0_CLK100MHZ/A (sky130_fd_sc_hd__clkbuf_16)
     4    0.04    0.06    0.17    0.23 ^ clkbuf_0_CLK100MHZ/X (sky130_fd_sc_hd__clkbuf_16)
                                         clknet_0_CLK100MHZ (net)
                  0.06    0.00    0.23 ^ clkbuf_2_0__f_CLK100MHZ/A (sky130_fd_sc_hd__clkbuf_16)
     8    0.03    0.05    0.15    0.38 ^ clkbuf_2_0__f_CLK100MHZ/X (sky130_fd_sc_hd__clkbuf_16)
                                         clknet_2_0__leaf_CLK100MHZ (net)
                  0.05    0.00    0.38 ^ _264_/CLK (sky130_fd_sc_hd__dfrtp_1)
                          0.25    0.63   clock uncertainty
                          0.00    0.63   clock reconvergence pessimism
                          0.33    0.96   library removal time
                                  0.96   data required time
-----------------------------------------------------------------------------
                                  0.96   data required time
                                 -2.32   data arrival time
-----------------------------------------------------------------------------
                                  1.37   slack (MET)


Startpoint: BTNC (input port clocked by CLK100MHZ)
Endpoint: _269_ (removal check against rising-edge clock CLK100MHZ)
Path Group: asynchronous
Path Type: min
Corner: Typical

Fanout     Cap    Slew   Delay    Time   Description
-----------------------------------------------------------------------------
                          0.00    0.00   clock CLK100MHZ (rise edge)
                          0.00    0.00   clock network delay (propagated)
                          2.00    2.00 v input external delay
     2    0.02    0.05    0.03    2.03 v BTNC (in)
                                         BTNC (net)
                  0.05    0.00    2.03 v _214_/A (sky130_fd_sc_hd__buf_4)
    10    0.07    0.09    0.19    2.22 v _214_/X (sky130_fd_sc_hd__buf_4)
                                         _112_ (net)
                  0.09    0.00    2.23 v _240_/A (sky130_fd_sc_hd__inv_2)
     1    0.02    0.10    0.11    2.33 ^ _240_/Y (sky130_fd_sc_hd__inv_2)
                                         _048_ (net)
                  0.10    0.00    2.34 ^ _269_/RESET_B (sky130_fd_sc_hd__dfrtp_1)
                                  2.34   data arrival time

                          0.00    0.00   clock CLK100MHZ (rise edge)
                          0.00    0.00   clock source latency
     1    0.02    0.09    0.06    0.06 ^ CLK100MHZ (in)
                                         CLK100MHZ (net)
                  0.09    0.00    0.06 ^ clkbuf_0_CLK100MHZ/A (sky130_fd_sc_hd__clkbuf_16)
     4    0.04    0.06    0.17    0.23 ^ clkbuf_0_CLK100MHZ/X (sky130_fd_sc_hd__clkbuf_16)
                                         clknet_0_CLK100MHZ (net)
                  0.06    0.00    0.23 ^ clkbuf_2_2__f_CLK100MHZ/A (sky130_fd_sc_hd__clkbuf_16)
     8    0.03    0.05    0.15    0.38 ^ clkbuf_2_2__f_CLK100MHZ/X (sky130_fd_sc_hd__clkbuf_16)
                                         clknet_2_2__leaf_CLK100MHZ (net)
                  0.05    0.00    0.38 ^ _269_/CLK (sky130_fd_sc_hd__dfrtp_1)
                          0.25    0.63   clock uncertainty
                          0.00    0.63   clock reconvergence pessimism
                          0.34    0.97   library removal time
                                  0.97   data required time
-----------------------------------------------------------------------------
                                  0.97   data required time
                                 -2.34   data arrival time
-----------------------------------------------------------------------------
                                  1.37   slack (MET)


Startpoint: BTNC (input port clocked by CLK100MHZ)
Endpoint: _257_ (removal check against rising-edge clock CLK100MHZ)
Path Group: asynchronous
Path Type: min
Corner: Typical

Fanout     Cap    Slew   Delay    Time   Description
-----------------------------------------------------------------------------
                          0.00    0.00   clock CLK100MHZ (rise edge)
                          0.00    0.00   clock network delay (propagated)
                          2.00    2.00 v input external delay
     2    0.02    0.05    0.03    2.03 v BTNC (in)
                                         BTNC (net)
                  0.05    0.00    2.03 v _226_/A (sky130_fd_sc_hd__buf_4)
    10    0.08    0.11    0.20    2.23 v _226_/X (sky130_fd_sc_hd__buf_4)
                                         _114_ (net)
                  0.11    0.00    2.24 v _228_/A (sky130_fd_sc_hd__inv_2)
     1    0.01    0.06    0.09    2.33 ^ _228_/Y (sky130_fd_sc_hd__inv_2)
                                         _036_ (net)
                  0.06    0.00    2.33 ^ _257_/RESET_B (sky130_fd_sc_hd__dfrtp_1)
                                  2.33   data arrival time

                          0.00    0.00   clock CLK100MHZ (rise edge)
                          0.00    0.00   clock source latency
     1    0.02    0.09    0.06    0.06 ^ CLK100MHZ (in)
                                         CLK100MHZ (net)
                  0.09    0.00    0.06 ^ clkbuf_0_CLK100MHZ/A (sky130_fd_sc_hd__clkbuf_16)
     4    0.04    0.06    0.17    0.23 ^ clkbuf_0_CLK100MHZ/X (sky130_fd_sc_hd__clkbuf_16)
                                         clknet_0_CLK100MHZ (net)
                  0.06    0.00    0.23 ^ clkbuf_2_3__f_CLK100MHZ/A (sky130_fd_sc_hd__clkbuf_16)
     8    0.03    0.05    0.15    0.38 ^ clkbuf_2_3__f_CLK100MHZ/X (sky130_fd_sc_hd__clkbuf_16)
                                         clknet_2_3__leaf_CLK100MHZ (net)
                  0.05    0.00    0.38 ^ _257_/CLK (sky130_fd_sc_hd__dfrtp_1)
                          0.25    0.63   clock uncertainty
                          0.00    0.63   clock reconvergence pessimism
                          0.33    0.96   library removal time
                                  0.96   data required time
-----------------------------------------------------------------------------
                                  0.96   data required time
                                 -2.33   data arrival time
-----------------------------------------------------------------------------
                                  1.37   slack (MET)


Startpoint: BTNC (input port clocked by CLK100MHZ)
Endpoint: _263_ (removal check against rising-edge clock CLK100MHZ)
Path Group: asynchronous
Path Type: min
Corner: Typical

Fanout     Cap    Slew   Delay    Time   Description
-----------------------------------------------------------------------------
                          0.00    0.00   clock CLK100MHZ (rise edge)
                          0.00    0.00   clock network delay (propagated)
                          2.00    2.00 v input external delay
     2    0.02    0.05    0.03    2.03 v BTNC (in)
                                         BTNC (net)
                  0.05    0.00    2.03 v _226_/A (sky130_fd_sc_hd__buf_4)
    10    0.08    0.11    0.20    2.23 v _226_/X (sky130_fd_sc_hd__buf_4)
                                         _114_ (net)
                  0.11    0.00    2.24 v _234_/A (sky130_fd_sc_hd__inv_2)
     1    0.01    0.07    0.10    2.33 ^ _234_/Y (sky130_fd_sc_hd__inv_2)
                                         _042_ (net)
                  0.07    0.00    2.33 ^ _263_/RESET_B (sky130_fd_sc_hd__dfrtp_1)
                                  2.33   data arrival time

                          0.00    0.00   clock CLK100MHZ (rise edge)
                          0.00    0.00   clock source latency
     1    0.02    0.09    0.06    0.06 ^ CLK100MHZ (in)
                                         CLK100MHZ (net)
                  0.09    0.00    0.06 ^ clkbuf_0_CLK100MHZ/A (sky130_fd_sc_hd__clkbuf_16)
     4    0.04    0.06    0.17    0.23 ^ clkbuf_0_CLK100MHZ/X (sky130_fd_sc_hd__clkbuf_16)
                                         clknet_0_CLK100MHZ (net)
                  0.06    0.00    0.23 ^ clkbuf_2_2__f_CLK100MHZ/A (sky130_fd_sc_hd__clkbuf_16)
     8    0.03    0.05    0.15    0.38 ^ clkbuf_2_2__f_CLK100MHZ/X (sky130_fd_sc_hd__clkbuf_16)
                                         clknet_2_2__leaf_CLK100MHZ (net)
                  0.05    0.00    0.38 ^ _263_/CLK (sky130_fd_sc_hd__dfrtp_1)
                          0.25    0.63   clock uncertainty
                          0.00    0.63   clock reconvergence pessimism
                          0.33    0.96   library removal time
                                  0.96   data required time
-----------------------------------------------------------------------------
                                  0.96   data required time
                                 -2.33   data arrival time
-----------------------------------------------------------------------------
                                  1.37   slack (MET)


Startpoint: BTNC (input port clocked by CLK100MHZ)
Endpoint: _262_ (removal check against rising-edge clock CLK100MHZ)
Path Group: asynchronous
Path Type: min
Corner: Typical

Fanout     Cap    Slew   Delay    Time   Description
-----------------------------------------------------------------------------
                          0.00    0.00   clock CLK100MHZ (rise edge)
                          0.00    0.00   clock network delay (propagated)
                          2.00    2.00 v input external delay
     2    0.02    0.05    0.03    2.03 v BTNC (in)
                                         BTNC (net)
                  0.05    0.00    2.03 v _226_/A (sky130_fd_sc_hd__buf_4)
    10    0.08    0.11    0.20    2.23 v _226_/X (sky130_fd_sc_hd__buf_4)
                                         _114_ (net)
                  0.11    0.00    2.24 v _233_/A (sky130_fd_sc_hd__inv_2)
     1    0.01    0.08    0.10    2.34 ^ _233_/Y (sky130_fd_sc_hd__inv_2)
                                         _041_ (net)
                  0.08    0.00    2.34 ^ _262_/RESET_B (sky130_fd_sc_hd__dfrtp_2)
                                  2.34   data arrival time

                          0.00    0.00   clock CLK100MHZ (rise edge)
                          0.00    0.00   clock source latency
     1    0.02    0.09    0.06    0.06 ^ CLK100MHZ (in)
                                         CLK100MHZ (net)
                  0.09    0.00    0.06 ^ clkbuf_0_CLK100MHZ/A (sky130_fd_sc_hd__clkbuf_16)
     4    0.04    0.06    0.17    0.23 ^ clkbuf_0_CLK100MHZ/X (sky130_fd_sc_hd__clkbuf_16)
                                         clknet_0_CLK100MHZ (net)
                  0.06    0.00    0.23 ^ clkbuf_2_2__f_CLK100MHZ/A (sky130_fd_sc_hd__clkbuf_16)
     8    0.03    0.05    0.15    0.38 ^ clkbuf_2_2__f_CLK100MHZ/X (sky130_fd_sc_hd__clkbuf_16)
                                         clknet_2_2__leaf_CLK100MHZ (net)
                  0.05    0.00    0.38 ^ _262_/CLK (sky130_fd_sc_hd__dfrtp_2)
                          0.25    0.63   clock uncertainty
                          0.00    0.63   clock reconvergence pessimism
                          0.33    0.96   library removal time
                                  0.96   data required time
-----------------------------------------------------------------------------
                                  0.96   data required time
                                 -2.34   data arrival time
-----------------------------------------------------------------------------
                                  1.37   slack (MET)


Startpoint: BTNC (input port clocked by CLK100MHZ)
Endpoint: _258_ (removal check against rising-edge clock CLK100MHZ)
Path Group: asynchronous
Path Type: min
Corner: Typical

Fanout     Cap    Slew   Delay    Time   Description
-----------------------------------------------------------------------------
                          0.00    0.00   clock CLK100MHZ (rise edge)
                          0.00    0.00   clock network delay (propagated)
                          2.00    2.00 v input external delay
     2    0.02    0.05    0.03    2.03 v BTNC (in)
                                         BTNC (net)
                  0.05    0.00    2.03 v _226_/A (sky130_fd_sc_hd__buf_4)
    10    0.08    0.11    0.20    2.23 v _226_/X (sky130_fd_sc_hd__buf_4)
                                         _114_ (net)
                  0.11    0.00    2.24 v _229_/A (sky130_fd_sc_hd__inv_2)
     1    0.01    0.07    0.10    2.33 ^ _229_/Y (sky130_fd_sc_hd__inv_2)
                                         _037_ (net)
                  0.07    0.00    2.34 ^ _258_/RESET_B (sky130_fd_sc_hd__dfrtp_4)
                                  2.34   data arrival time

                          0.00    0.00   clock CLK100MHZ (rise edge)
                          0.00    0.00   clock source latency
     1    0.02    0.09    0.06    0.06 ^ CLK100MHZ (in)
                                         CLK100MHZ (net)
                  0.09    0.00    0.06 ^ clkbuf_0_CLK100MHZ/A (sky130_fd_sc_hd__clkbuf_16)
     4    0.04    0.06    0.17    0.23 ^ clkbuf_0_CLK100MHZ/X (sky130_fd_sc_hd__clkbuf_16)
                                         clknet_0_CLK100MHZ (net)
                  0.06    0.00    0.23 ^ clkbuf_2_3__f_CLK100MHZ/A (sky130_fd_sc_hd__clkbuf_16)
     8    0.03    0.05    0.15    0.38 ^ clkbuf_2_3__f_CLK100MHZ/X (sky130_fd_sc_hd__clkbuf_16)
                                         clknet_2_3__leaf_CLK100MHZ (net)
                  0.05    0.00    0.38 ^ _258_/CLK (sky130_fd_sc_hd__dfrtp_4)
                          0.25    0.63   clock uncertainty
                          0.00    0.63   clock reconvergence pessimism
                          0.33    0.96   library removal time
                                  0.96   data required time
-----------------------------------------------------------------------------
                                  0.96   data required time
                                 -2.34   data arrival time
-----------------------------------------------------------------------------
                                  1.38   slack (MET)


Startpoint: BTNC (input port clocked by CLK100MHZ)
Endpoint: _260_ (removal check against rising-edge clock CLK100MHZ)
Path Group: asynchronous
Path Type: min
Corner: Typical

Fanout     Cap    Slew   Delay    Time   Description
-----------------------------------------------------------------------------
                          0.00    0.00   clock CLK100MHZ (rise edge)
                          0.00    0.00   clock network delay (propagated)
                          2.00    2.00 v input external delay
     2    0.02    0.05    0.03    2.03 v BTNC (in)
                                         BTNC (net)
                  0.05    0.00    2.03 v _226_/A (sky130_fd_sc_hd__buf_4)
    10    0.08    0.11    0.20    2.23 v _226_/X (sky130_fd_sc_hd__buf_4)
                                         _114_ (net)
                  0.11    0.00    2.24 v _231_/A (sky130_fd_sc_hd__inv_2)
     1    0.02    0.08    0.11    2.34 ^ _231_/Y (sky130_fd_sc_hd__inv_2)
                                         _039_ (net)
                  0.08    0.00    2.35 ^ _260_/RESET_B (sky130_fd_sc_hd__dfrtp_1)
                                  2.35   data arrival time

                          0.00    0.00   clock CLK100MHZ (rise edge)
                          0.00    0.00   clock source latency
     1    0.02    0.09    0.06    0.06 ^ CLK100MHZ (in)
                                         CLK100MHZ (net)
                  0.09    0.00    0.06 ^ clkbuf_0_CLK100MHZ/A (sky130_fd_sc_hd__clkbuf_16)
     4    0.04    0.06    0.17    0.23 ^ clkbuf_0_CLK100MHZ/X (sky130_fd_sc_hd__clkbuf_16)
                                         clknet_0_CLK100MHZ (net)
                  0.06    0.00    0.23 ^ clkbuf_2_1__f_CLK100MHZ/A (sky130_fd_sc_hd__clkbuf_16)
     8    0.02    0.04    0.14    0.38 ^ clkbuf_2_1__f_CLK100MHZ/X (sky130_fd_sc_hd__clkbuf_16)
                                         clknet_2_1__leaf_CLK100MHZ (net)
                  0.04    0.00    0.38 ^ _260_/CLK (sky130_fd_sc_hd__dfrtp_1)
                          0.25    0.63   clock uncertainty
                          0.00    0.63   clock reconvergence pessimism
                          0.33    0.96   library removal time
                                  0.96   data required time
-----------------------------------------------------------------------------
                                  0.96   data required time
                                 -2.35   data arrival time
-----------------------------------------------------------------------------
                                  1.39   slack (MET)


Startpoint: BTNC (input port clocked by CLK100MHZ)
Endpoint: _265_ (removal check against rising-edge clock CLK100MHZ)
Path Group: asynchronous
Path Type: min
Corner: Typical

Fanout     Cap    Slew   Delay    Time   Description
-----------------------------------------------------------------------------
                          0.00    0.00   clock CLK100MHZ (rise edge)
                          0.00    0.00   clock network delay (propagated)
                          2.00    2.00 v input external delay
     2    0.02    0.05    0.03    2.03 v BTNC (in)
                                         BTNC (net)
                  0.05    0.00    2.03 v _226_/A (sky130_fd_sc_hd__buf_4)
    10    0.08    0.11    0.20    2.23 v _226_/X (sky130_fd_sc_hd__buf_4)
                                         _114_ (net)
                  0.11    0.00    2.24 v _236_/A (sky130_fd_sc_hd__inv_2)
     1    0.02    0.09    0.11    2.35 ^ _236_/Y (sky130_fd_sc_hd__inv_2)
                                         _044_ (net)
                  0.09    0.00    2.35 ^ _265_/RESET_B (sky130_fd_sc_hd__dfrtp_1)
                                  2.35   data arrival time

                          0.00    0.00   clock CLK100MHZ (rise edge)
                          0.00    0.00   clock source latency
     1    0.02    0.09    0.06    0.06 ^ CLK100MHZ (in)
                                         CLK100MHZ (net)
                  0.09    0.00    0.06 ^ clkbuf_0_CLK100MHZ/A (sky130_fd_sc_hd__clkbuf_16)
     4    0.04    0.06    0.17    0.23 ^ clkbuf_0_CLK100MHZ/X (sky130_fd_sc_hd__clkbuf_16)
                                         clknet_0_CLK100MHZ (net)
                  0.06    0.00    0.23 ^ clkbuf_2_1__f_CLK100MHZ/A (sky130_fd_sc_hd__clkbuf_16)
     8    0.02    0.04    0.14    0.38 ^ clkbuf_2_1__f_CLK100MHZ/X (sky130_fd_sc_hd__clkbuf_16)
                                         clknet_2_1__leaf_CLK100MHZ (net)
                  0.04    0.00    0.38 ^ _265_/CLK (sky130_fd_sc_hd__dfrtp_1)
                          0.25    0.63   clock uncertainty
                          0.00    0.63   clock reconvergence pessimism
                          0.33    0.96   library removal time
                                  0.96   data required time
-----------------------------------------------------------------------------
                                  0.96   data required time
                                 -2.35   data arrival time
-----------------------------------------------------------------------------
                                  1.39   slack (MET)


Startpoint: BTNC (input port clocked by CLK100MHZ)
Endpoint: _251_ (removal check against rising-edge clock CLK100MHZ)
Path Group: asynchronous
Path Type: min
Corner: Typical

Fanout     Cap    Slew   Delay    Time   Description
-----------------------------------------------------------------------------
                          0.00    0.00   clock CLK100MHZ (rise edge)
                          0.00    0.00   clock network delay (propagated)
                          2.00    2.00 v input external delay
     2    0.02    0.05    0.03    2.03 v BTNC (in)
                                         BTNC (net)
                  0.05    0.00    2.03 v _214_/A (sky130_fd_sc_hd__buf_4)
    10    0.07    0.09    0.19    2.22 v _214_/X (sky130_fd_sc_hd__buf_4)
                                         _112_ (net)
                  0.09    0.00    2.23 v _215_/A (sky130_fd_sc_hd__buf_4)
    10    0.07    0.10    0.21    2.44 v _215_/X (sky130_fd_sc_hd__buf_4)
                                         _113_ (net)
                  0.10    0.00    2.44 v _221_/A (sky130_fd_sc_hd__inv_2)
     1    0.01    0.05    0.08    2.52 ^ _221_/Y (sky130_fd_sc_hd__inv_2)
                                         _030_ (net)
                  0.05    0.00    2.52 ^ _251_/RESET_B (sky130_fd_sc_hd__dfrtp_2)
                                  2.52   data arrival time

                          0.00    0.00   clock CLK100MHZ (rise edge)
                          0.00    0.00   clock source latency
     1    0.02    0.09    0.06    0.06 ^ CLK100MHZ (in)
                                         CLK100MHZ (net)
                  0.09    0.00    0.06 ^ clkbuf_0_CLK100MHZ/A (sky130_fd_sc_hd__clkbuf_16)
     4    0.04    0.06    0.17    0.23 ^ clkbuf_0_CLK100MHZ/X (sky130_fd_sc_hd__clkbuf_16)
                                         clknet_0_CLK100MHZ (net)
                  0.06    0.00    0.23 ^ clkbuf_2_2__f_CLK100MHZ/A (sky130_fd_sc_hd__clkbuf_16)
     8    0.03    0.05    0.15    0.38 ^ clkbuf_2_2__f_CLK100MHZ/X (sky130_fd_sc_hd__clkbuf_16)
                                         clknet_2_2__leaf_CLK100MHZ (net)
                  0.05    0.00    0.38 ^ _251_/CLK (sky130_fd_sc_hd__dfrtp_2)
                          0.25    0.63   clock uncertainty
                          0.00    0.63   clock reconvergence pessimism
                          0.32    0.96   library removal time
                                  0.96   data required time
-----------------------------------------------------------------------------
                                  0.96   data required time
                                 -2.52   data arrival time
-----------------------------------------------------------------------------
                                  1.56   slack (MET)


Startpoint: BTNC (input port clocked by CLK100MHZ)
Endpoint: _253_ (removal check against rising-edge clock CLK100MHZ)
Path Group: asynchronous
Path Type: min
Corner: Typical

Fanout     Cap    Slew   Delay    Time   Description
-----------------------------------------------------------------------------
                          0.00    0.00   clock CLK100MHZ (rise edge)
                          0.00    0.00   clock network delay (propagated)
                          2.00    2.00 v input external delay
     2    0.02    0.05    0.03    2.03 v BTNC (in)
                                         BTNC (net)
                  0.05    0.00    2.03 v _214_/A (sky130_fd_sc_hd__buf_4)
    10    0.07    0.09    0.19    2.22 v _214_/X (sky130_fd_sc_hd__buf_4)
                                         _112_ (net)
                  0.09    0.00    2.23 v _215_/A (sky130_fd_sc_hd__buf_4)
    10    0.07    0.10    0.21    2.44 v _215_/X (sky130_fd_sc_hd__buf_4)
                                         _113_ (net)
                  0.10    0.00    2.44 v _223_/A (sky130_fd_sc_hd__inv_2)
     1    0.01    0.05    0.07    2.52 ^ _223_/Y (sky130_fd_sc_hd__inv_2)
                                         _032_ (net)
                  0.05    0.00    2.52 ^ _253_/RESET_B (sky130_fd_sc_hd__dfrtp_1)
                                  2.52   data arrival time

                          0.00    0.00   clock CLK100MHZ (rise edge)
                          0.00    0.00   clock source latency
     1    0.02    0.09    0.06    0.06 ^ CLK100MHZ (in)
                                         CLK100MHZ (net)
                  0.09    0.00    0.06 ^ clkbuf_0_CLK100MHZ/A (sky130_fd_sc_hd__clkbuf_16)
     4    0.04    0.06    0.17    0.23 ^ clkbuf_0_CLK100MHZ/X (sky130_fd_sc_hd__clkbuf_16)
                                         clknet_0_CLK100MHZ (net)
                  0.06    0.00    0.23 ^ clkbuf_2_2__f_CLK100MHZ/A (sky130_fd_sc_hd__clkbuf_16)
     8    0.03    0.05    0.15    0.38 ^ clkbuf_2_2__f_CLK100MHZ/X (sky130_fd_sc_hd__clkbuf_16)
                                         clknet_2_2__leaf_CLK100MHZ (net)
                  0.05    0.00    0.38 ^ _253_/CLK (sky130_fd_sc_hd__dfrtp_1)
                          0.25    0.63   clock uncertainty
                          0.00    0.63   clock reconvergence pessimism
                          0.32    0.96   library removal time
                                  0.96   data required time
-----------------------------------------------------------------------------
                                  0.96   data required time
                                 -2.52   data arrival time
-----------------------------------------------------------------------------
                                  1.56   slack (MET)


Startpoint: BTNC (input port clocked by CLK100MHZ)
Endpoint: _249_ (removal check against rising-edge clock CLK100MHZ)
Path Group: asynchronous
Path Type: min
Corner: Typical

Fanout     Cap    Slew   Delay    Time   Description
-----------------------------------------------------------------------------
                          0.00    0.00   clock CLK100MHZ (rise edge)
                          0.00    0.00   clock network delay (propagated)
                          2.00    2.00 v input external delay
     2    0.02    0.05    0.03    2.03 v BTNC (in)
                                         BTNC (net)
                  0.05    0.00    2.03 v _214_/A (sky130_fd_sc_hd__buf_4)
    10    0.07    0.09    0.19    2.22 v _214_/X (sky130_fd_sc_hd__buf_4)
                                         _112_ (net)
                  0.09    0.00    2.23 v _215_/A (sky130_fd_sc_hd__buf_4)
    10    0.07    0.10    0.21    2.44 v _215_/X (sky130_fd_sc_hd__buf_4)
                                         _113_ (net)
                  0.10    0.01    2.44 v _219_/A (sky130_fd_sc_hd__inv_2)
     1    0.01    0.05    0.07    2.52 ^ _219_/Y (sky130_fd_sc_hd__inv_2)
                                         _028_ (net)
                  0.05    0.00    2.52 ^ _249_/RESET_B (sky130_fd_sc_hd__dfrtp_4)
                                  2.52   data arrival time

                          0.00    0.00   clock CLK100MHZ (rise edge)
                          0.00    0.00   clock source latency
     1    0.02    0.09    0.06    0.06 ^ CLK100MHZ (in)
                                         CLK100MHZ (net)
                  0.09    0.00    0.06 ^ clkbuf_0_CLK100MHZ/A (sky130_fd_sc_hd__clkbuf_16)
     4    0.04    0.06    0.17    0.23 ^ clkbuf_0_CLK100MHZ/X (sky130_fd_sc_hd__clkbuf_16)
                                         clknet_0_CLK100MHZ (net)
                  0.06    0.00    0.23 ^ clkbuf_2_3__f_CLK100MHZ/A (sky130_fd_sc_hd__clkbuf_16)
     8    0.03    0.05    0.15    0.38 ^ clkbuf_2_3__f_CLK100MHZ/X (sky130_fd_sc_hd__clkbuf_16)
                                         clknet_2_3__leaf_CLK100MHZ (net)
                  0.05    0.00    0.38 ^ _249_/CLK (sky130_fd_sc_hd__dfrtp_4)
                          0.25    0.63   clock uncertainty
                          0.00    0.63   clock reconvergence pessimism
                          0.32    0.95   library removal time
                                  0.95   data required time
-----------------------------------------------------------------------------
                                  0.95   data required time
                                 -2.52   data arrival time
-----------------------------------------------------------------------------
                                  1.56   slack (MET)


Startpoint: BTNC (input port clocked by CLK100MHZ)
Endpoint: _247_ (removal check against rising-edge clock CLK100MHZ)
Path Group: asynchronous
Path Type: min
Corner: Typical

Fanout     Cap    Slew   Delay    Time   Description
-----------------------------------------------------------------------------
                          0.00    0.00   clock CLK100MHZ (rise edge)
                          0.00    0.00   clock network delay (propagated)
                          2.00    2.00 v input external delay
     2    0.02    0.05    0.03    2.03 v BTNC (in)
                                         BTNC (net)
                  0.05    0.00    2.03 v _214_/A (sky130_fd_sc_hd__buf_4)
    10    0.07    0.09    0.19    2.22 v _214_/X (sky130_fd_sc_hd__buf_4)
                                         _112_ (net)
                  0.09    0.00    2.23 v _215_/A (sky130_fd_sc_hd__buf_4)
    10    0.07    0.10    0.21    2.44 v _215_/X (sky130_fd_sc_hd__buf_4)
                                         _113_ (net)
                  0.10    0.00    2.44 v _217_/A (sky130_fd_sc_hd__inv_2)
     1    0.01    0.05    0.08    2.52 ^ _217_/Y (sky130_fd_sc_hd__inv_2)
                                         _026_ (net)
                  0.05    0.00    2.52 ^ _247_/RESET_B (sky130_fd_sc_hd__dfrtp_4)
                                  2.52   data arrival time

                          0.00    0.00   clock CLK100MHZ (rise edge)
                          0.00    0.00   clock source latency
     1    0.02    0.09    0.06    0.06 ^ CLK100MHZ (in)
                                         CLK100MHZ (net)
                  0.09    0.00    0.06 ^ clkbuf_0_CLK100MHZ/A (sky130_fd_sc_hd__clkbuf_16)
     4    0.04    0.06    0.17    0.23 ^ clkbuf_0_CLK100MHZ/X (sky130_fd_sc_hd__clkbuf_16)
                                         clknet_0_CLK100MHZ (net)
                  0.06    0.00    0.23 ^ clkbuf_2_3__f_CLK100MHZ/A (sky130_fd_sc_hd__clkbuf_16)
     8    0.03    0.05    0.15    0.38 ^ clkbuf_2_3__f_CLK100MHZ/X (sky130_fd_sc_hd__clkbuf_16)
                                         clknet_2_3__leaf_CLK100MHZ (net)
                  0.05    0.00    0.38 ^ _247_/CLK (sky130_fd_sc_hd__dfrtp_4)
                          0.25    0.63   clock uncertainty
                          0.00    0.63   clock reconvergence pessimism
                          0.32    0.96   library removal time
                                  0.96   data required time
-----------------------------------------------------------------------------
                                  0.96   data required time
                                 -2.52   data arrival time
-----------------------------------------------------------------------------
                                  1.57   slack (MET)


Startpoint: BTNC (input port clocked by CLK100MHZ)
Endpoint: _246_ (removal check against rising-edge clock CLK100MHZ)
Path Group: asynchronous
Path Type: min
Corner: Typical

Fanout     Cap    Slew   Delay    Time   Description
-----------------------------------------------------------------------------
                          0.00    0.00   clock CLK100MHZ (rise edge)
                          0.00    0.00   clock network delay (propagated)
                          2.00    2.00 v input external delay
     2    0.02    0.05    0.03    2.03 v BTNC (in)
                                         BTNC (net)
                  0.05    0.00    2.03 v _214_/A (sky130_fd_sc_hd__buf_4)
    10    0.07    0.09    0.19    2.22 v _214_/X (sky130_fd_sc_hd__buf_4)
                                         _112_ (net)
                  0.09    0.00    2.23 v _215_/A (sky130_fd_sc_hd__buf_4)
    10    0.07    0.10    0.21    2.44 v _215_/X (sky130_fd_sc_hd__buf_4)
                                         _113_ (net)
                  0.10    0.00    2.44 v _216_/A (sky130_fd_sc_hd__inv_2)
     1    0.01    0.04    0.07    2.51 ^ _216_/Y (sky130_fd_sc_hd__inv_2)
                                         _025_ (net)
                  0.04    0.00    2.51 ^ _246_/RESET_B (sky130_fd_sc_hd__dfrtp_4)
                                  2.51   data arrival time

                          0.00    0.00   clock CLK100MHZ (rise edge)
                          0.00    0.00   clock source latency
     1    0.02    0.09    0.06    0.06 ^ CLK100MHZ (in)
                                         CLK100MHZ (net)
                  0.09    0.00    0.06 ^ clkbuf_0_CLK100MHZ/A (sky130_fd_sc_hd__clkbuf_16)
     4    0.04    0.06    0.17    0.23 ^ clkbuf_0_CLK100MHZ/X (sky130_fd_sc_hd__clkbuf_16)
                                         clknet_0_CLK100MHZ (net)
                  0.06    0.00    0.23 ^ clkbuf_2_1__f_CLK100MHZ/A (sky130_fd_sc_hd__clkbuf_16)
     8    0.02    0.04    0.14    0.38 ^ clkbuf_2_1__f_CLK100MHZ/X (sky130_fd_sc_hd__clkbuf_16)
                                         clknet_2_1__leaf_CLK100MHZ (net)
                  0.04    0.00    0.38 ^ _246_/CLK (sky130_fd_sc_hd__dfrtp_4)
                          0.25    0.63   clock uncertainty
                          0.00    0.63   clock reconvergence pessimism
                          0.32    0.95   library removal time
                                  0.95   data required time
-----------------------------------------------------------------------------
                                  0.95   data required time
                                 -2.51   data arrival time
-----------------------------------------------------------------------------
                                  1.57   slack (MET)


Startpoint: BTNC (input port clocked by CLK100MHZ)
Endpoint: _255_ (removal check against rising-edge clock CLK100MHZ)
Path Group: asynchronous
Path Type: min
Corner: Typical

Fanout     Cap    Slew   Delay    Time   Description
-----------------------------------------------------------------------------
                          0.00    0.00   clock CLK100MHZ (rise edge)
                          0.00    0.00   clock network delay (propagated)
                          2.00    2.00 v input external delay
     2    0.02    0.05    0.03    2.03 v BTNC (in)
                                         BTNC (net)
                  0.05    0.00    2.03 v _214_/A (sky130_fd_sc_hd__buf_4)
    10    0.07    0.09    0.19    2.22 v _214_/X (sky130_fd_sc_hd__buf_4)
                                         _112_ (net)
                  0.09    0.00    2.23 v _215_/A (sky130_fd_sc_hd__buf_4)
    10    0.07    0.10    0.21    2.44 v _215_/X (sky130_fd_sc_hd__buf_4)
                                         _113_ (net)
                  0.10    0.00    2.44 v _225_/A (sky130_fd_sc_hd__inv_2)
     1    0.01    0.07    0.09    2.53 ^ _225_/Y (sky130_fd_sc_hd__inv_2)
                                         _034_ (net)
                  0.07    0.00    2.53 ^ _255_/RESET_B (sky130_fd_sc_hd__dfrtp_2)
                                  2.53   data arrival time

                          0.00    0.00   clock CLK100MHZ (rise edge)
                          0.00    0.00   clock source latency
     1    0.02    0.09    0.06    0.06 ^ CLK100MHZ (in)
                                         CLK100MHZ (net)
                  0.09    0.00    0.06 ^ clkbuf_0_CLK100MHZ/A (sky130_fd_sc_hd__clkbuf_16)
     4    0.04    0.06    0.17    0.23 ^ clkbuf_0_CLK100MHZ/X (sky130_fd_sc_hd__clkbuf_16)
                                         clknet_0_CLK100MHZ (net)
                  0.06    0.00    0.23 ^ clkbuf_2_0__f_CLK100MHZ/A (sky130_fd_sc_hd__clkbuf_16)
     8    0.03    0.05    0.15    0.38 ^ clkbuf_2_0__f_CLK100MHZ/X (sky130_fd_sc_hd__clkbuf_16)
                                         clknet_2_0__leaf_CLK100MHZ (net)
                  0.05    0.00    0.38 ^ _255_/CLK (sky130_fd_sc_hd__dfrtp_2)
                          0.25    0.63   clock uncertainty
                          0.00    0.63   clock reconvergence pessimism
                          0.33    0.96   library removal time
                                  0.96   data required time
-----------------------------------------------------------------------------
                                  0.96   data required time
                                 -2.53   data arrival time
-----------------------------------------------------------------------------
                                  1.58   slack (MET)


Startpoint: BTNC (input port clocked by CLK100MHZ)
Endpoint: _250_ (removal check against rising-edge clock CLK100MHZ)
Path Group: asynchronous
Path Type: min
Corner: Typical

Fanout     Cap    Slew   Delay    Time   Description
-----------------------------------------------------------------------------
                          0.00    0.00   clock CLK100MHZ (rise edge)
                          0.00    0.00   clock network delay (propagated)
                          2.00    2.00 v input external delay
     2    0.02    0.05    0.03    2.03 v BTNC (in)
                                         BTNC (net)
                  0.05    0.00    2.03 v _214_/A (sky130_fd_sc_hd__buf_4)
    10    0.07    0.09    0.19    2.22 v _214_/X (sky130_fd_sc_hd__buf_4)
                                         _112_ (net)
                  0.09    0.00    2.23 v _215_/A (sky130_fd_sc_hd__buf_4)
    10    0.07    0.10    0.21    2.44 v _215_/X (sky130_fd_sc_hd__buf_4)
                                         _113_ (net)
                  0.10    0.00    2.44 v _220_/A (sky130_fd_sc_hd__inv_2)
     1    0.02    0.08    0.10    2.54 ^ _220_/Y (sky130_fd_sc_hd__inv_2)
                                         _029_ (net)
                  0.08    0.00    2.54 ^ _250_/RESET_B (sky130_fd_sc_hd__dfrtp_2)
                                  2.54   data arrival time

                          0.00    0.00   clock CLK100MHZ (rise edge)
                          0.00    0.00   clock source latency
     1    0.02    0.09    0.06    0.06 ^ CLK100MHZ (in)
                                         CLK100MHZ (net)
                  0.09    0.00    0.06 ^ clkbuf_0_CLK100MHZ/A (sky130_fd_sc_hd__clkbuf_16)
     4    0.04    0.06    0.17    0.23 ^ clkbuf_0_CLK100MHZ/X (sky130_fd_sc_hd__clkbuf_16)
                                         clknet_0_CLK100MHZ (net)
                  0.06    0.00    0.23 ^ clkbuf_2_2__f_CLK100MHZ/A (sky130_fd_sc_hd__clkbuf_16)
     8    0.03    0.05    0.15    0.38 ^ clkbuf_2_2__f_CLK100MHZ/X (sky130_fd_sc_hd__clkbuf_16)
                                         clknet_2_2__leaf_CLK100MHZ (net)
                  0.05    0.00    0.38 ^ _250_/CLK (sky130_fd_sc_hd__dfrtp_2)
                          0.25    0.63   clock uncertainty
                          0.00    0.63   clock reconvergence pessimism
                          0.33    0.97   library removal time
                                  0.97   data required time
-----------------------------------------------------------------------------
                                  0.97   data required time
                                 -2.54   data arrival time
-----------------------------------------------------------------------------
                                  1.58   slack (MET)


Startpoint: BTNC (input port clocked by CLK100MHZ)
Endpoint: _252_ (removal check against rising-edge clock CLK100MHZ)
Path Group: asynchronous
Path Type: min
Corner: Typical

Fanout     Cap    Slew   Delay    Time   Description
-----------------------------------------------------------------------------
                          0.00    0.00   clock CLK100MHZ (rise edge)
                          0.00    0.00   clock network delay (propagated)
                          2.00    2.00 v input external delay
     2    0.02    0.05    0.03    2.03 v BTNC (in)
                                         BTNC (net)
                  0.05    0.00    2.03 v _214_/A (sky130_fd_sc_hd__buf_4)
    10    0.07    0.09    0.19    2.22 v _214_/X (sky130_fd_sc_hd__buf_4)
                                         _112_ (net)
                  0.09    0.00    2.23 v _215_/A (sky130_fd_sc_hd__buf_4)
    10    0.07    0.10    0.21    2.44 v _215_/X (sky130_fd_sc_hd__buf_4)
                                         _113_ (net)
                  0.10    0.00    2.44 v _222_/A (sky130_fd_sc_hd__inv_2)
     1    0.02    0.09    0.11    2.55 ^ _222_/Y (sky130_fd_sc_hd__inv_2)
                                         _031_ (net)
                  0.09    0.00    2.55 ^ _252_/RESET_B (sky130_fd_sc_hd__dfrtp_2)
                                  2.55   data arrival time

                          0.00    0.00   clock CLK100MHZ (rise edge)
                          0.00    0.00   clock source latency
     1    0.02    0.09    0.06    0.06 ^ CLK100MHZ (in)
                                         CLK100MHZ (net)
                  0.09    0.00    0.06 ^ clkbuf_0_CLK100MHZ/A (sky130_fd_sc_hd__clkbuf_16)
     4    0.04    0.06    0.17    0.23 ^ clkbuf_0_CLK100MHZ/X (sky130_fd_sc_hd__clkbuf_16)
                                         clknet_0_CLK100MHZ (net)
                  0.06    0.00    0.23 ^ clkbuf_2_2__f_CLK100MHZ/A (sky130_fd_sc_hd__clkbuf_16)
     8    0.03    0.05    0.15    0.38 ^ clkbuf_2_2__f_CLK100MHZ/X (sky130_fd_sc_hd__clkbuf_16)
                                         clknet_2_2__leaf_CLK100MHZ (net)
                  0.05    0.00    0.38 ^ _252_/CLK (sky130_fd_sc_hd__dfrtp_2)
                          0.25    0.63   clock uncertainty
                          0.00    0.63   clock reconvergence pessimism
                          0.33    0.97   library removal time
                                  0.97   data required time
-----------------------------------------------------------------------------
                                  0.97   data required time
                                 -2.55   data arrival time
-----------------------------------------------------------------------------
                                  1.58   slack (MET)


Startpoint: BTNC (input port clocked by CLK100MHZ)
Endpoint: _254_ (removal check against rising-edge clock CLK100MHZ)
Path Group: asynchronous
Path Type: min
Corner: Typical

Fanout     Cap    Slew   Delay    Time   Description
-----------------------------------------------------------------------------
                          0.00    0.00   clock CLK100MHZ (rise edge)
                          0.00    0.00   clock network delay (propagated)
                          2.00    2.00 v input external delay
     2    0.02    0.05    0.03    2.03 v BTNC (in)
                                         BTNC (net)
                  0.05    0.00    2.03 v _214_/A (sky130_fd_sc_hd__buf_4)
    10    0.07    0.09    0.19    2.22 v _214_/X (sky130_fd_sc_hd__buf_4)
                                         _112_ (net)
                  0.09    0.00    2.23 v _215_/A (sky130_fd_sc_hd__buf_4)
    10    0.07    0.10    0.21    2.44 v _215_/X (sky130_fd_sc_hd__buf_4)
                                         _113_ (net)
                  0.10    0.00    2.44 v _224_/A (sky130_fd_sc_hd__inv_2)
     1    0.01    0.07    0.09    2.54 ^ _224_/Y (sky130_fd_sc_hd__inv_2)
                                         _033_ (net)
                  0.07    0.00    2.54 ^ _254_/RESET_B (sky130_fd_sc_hd__dfrtp_2)
                                  2.54   data arrival time

                          0.00    0.00   clock CLK100MHZ (rise edge)
                          0.00    0.00   clock source latency
     1    0.02    0.09    0.06    0.06 ^ CLK100MHZ (in)
                                         CLK100MHZ (net)
                  0.09    0.00    0.06 ^ clkbuf_0_CLK100MHZ/A (sky130_fd_sc_hd__clkbuf_16)
     4    0.04    0.06    0.17    0.23 ^ clkbuf_0_CLK100MHZ/X (sky130_fd_sc_hd__clkbuf_16)
                                         clknet_0_CLK100MHZ (net)
                  0.06    0.00    0.23 ^ clkbuf_2_1__f_CLK100MHZ/A (sky130_fd_sc_hd__clkbuf_16)
     8    0.02    0.04    0.14    0.38 ^ clkbuf_2_1__f_CLK100MHZ/X (sky130_fd_sc_hd__clkbuf_16)
                                         clknet_2_1__leaf_CLK100MHZ (net)
                  0.04    0.00    0.38 ^ _254_/CLK (sky130_fd_sc_hd__dfrtp_2)
                          0.25    0.63   clock uncertainty
                          0.00    0.63   clock reconvergence pessimism
                          0.33    0.95   library removal time
                                  0.95   data required time
-----------------------------------------------------------------------------
                                  0.95   data required time
                                 -2.54   data arrival time
-----------------------------------------------------------------------------
                                  1.58   slack (MET)


Startpoint: BTNC (input port clocked by CLK100MHZ)
Endpoint: _248_ (removal check against rising-edge clock CLK100MHZ)
Path Group: asynchronous
Path Type: min
Corner: Typical

Fanout     Cap    Slew   Delay    Time   Description
-----------------------------------------------------------------------------
                          0.00    0.00   clock CLK100MHZ (rise edge)
                          0.00    0.00   clock network delay (propagated)
                          2.00    2.00 v input external delay
     2    0.02    0.05    0.03    2.03 v BTNC (in)
                                         BTNC (net)
                  0.05    0.00    2.03 v _214_/A (sky130_fd_sc_hd__buf_4)
    10    0.07    0.09    0.19    2.22 v _214_/X (sky130_fd_sc_hd__buf_4)
                                         _112_ (net)
                  0.09    0.00    2.23 v _215_/A (sky130_fd_sc_hd__buf_4)
    10    0.07    0.10    0.21    2.44 v _215_/X (sky130_fd_sc_hd__buf_4)
                                         _113_ (net)
                  0.10    0.01    2.44 v _218_/A (sky130_fd_sc_hd__inv_2)
     1    0.02    0.09    0.10    2.55 ^ _218_/Y (sky130_fd_sc_hd__inv_2)
                                         _027_ (net)
                  0.09    0.00    2.55 ^ _248_/RESET_B (sky130_fd_sc_hd__dfrtp_4)
                                  2.55   data arrival time

                          0.00    0.00   clock CLK100MHZ (rise edge)
                          0.00    0.00   clock source latency
     1    0.02    0.09    0.06    0.06 ^ CLK100MHZ (in)
                                         CLK100MHZ (net)
                  0.09    0.00    0.06 ^ clkbuf_0_CLK100MHZ/A (sky130_fd_sc_hd__clkbuf_16)
     4    0.04    0.06    0.17    0.23 ^ clkbuf_0_CLK100MHZ/X (sky130_fd_sc_hd__clkbuf_16)
                                         clknet_0_CLK100MHZ (net)
                  0.06    0.00    0.23 ^ clkbuf_2_0__f_CLK100MHZ/A (sky130_fd_sc_hd__clkbuf_16)
     8    0.03    0.05    0.15    0.38 ^ clkbuf_2_0__f_CLK100MHZ/X (sky130_fd_sc_hd__clkbuf_16)
                                         clknet_2_0__leaf_CLK100MHZ (net)
                  0.05    0.00    0.38 ^ _248_/CLK (sky130_fd_sc_hd__dfrtp_4)
                          0.25    0.63   clock uncertainty
                          0.00    0.63   clock reconvergence pessimism
                          0.33    0.96   library removal time
                                  0.96   data required time
-----------------------------------------------------------------------------
                                  0.96   data required time
                                 -2.55   data arrival time
-----------------------------------------------------------------------------
                                  1.58   slack (MET)


Startpoint: _247_ (rising edge-triggered flip-flop clocked by CLK100MHZ)
Endpoint: seg[6] (output port clocked by CLK100MHZ)
Path Group: CLK100MHZ
Path Type: min
Corner: Typical

Fanout     Cap    Slew   Delay    Time   Description
-----------------------------------------------------------------------------
                          0.00    0.00   clock CLK100MHZ (rise edge)
                          0.00    0.00   clock source latency
     1    0.02    0.09    0.06    0.06 ^ CLK100MHZ (in)
                                         CLK100MHZ (net)
                  0.09    0.00    0.06 ^ clkbuf_0_CLK100MHZ/A (sky130_fd_sc_hd__clkbuf_16)
     4    0.04    0.06    0.15    0.21 ^ clkbuf_0_CLK100MHZ/X (sky130_fd_sc_hd__clkbuf_16)
                                         clknet_0_CLK100MHZ (net)
                  0.06    0.00    0.21 ^ clkbuf_2_3__f_CLK100MHZ/A (sky130_fd_sc_hd__clkbuf_16)
     8    0.03    0.05    0.13    0.34 ^ clkbuf_2_3__f_CLK100MHZ/X (sky130_fd_sc_hd__clkbuf_16)
                                         clknet_2_3__leaf_CLK100MHZ (net)
                  0.05    0.00    0.35 ^ _247_/CLK (sky130_fd_sc_hd__dfrtp_4)
     9    0.05    0.17    0.48    0.83 ^ _247_/Q (sky130_fd_sc_hd__dfrtp_4)
                                         decoder.count[1] (net)
                  0.17    0.00    0.83 ^ _164_/A1 (sky130_fd_sc_hd__a21boi_1)
     1    0.01    0.07    0.13    0.96 v _164_/Y (sky130_fd_sc_hd__a21boi_1)
                                         net7 (net)
                  0.07    0.00    0.96 v output7/A (sky130_fd_sc_hd__buf_1)
     1    0.03    0.20    0.22    1.18 v output7/X (sky130_fd_sc_hd__buf_1)
                                         seg[6] (net)
                  0.20    0.00    1.18 v seg[6] (out)
                                  1.18   data arrival time

                          0.00    0.00   clock CLK100MHZ (rise edge)
                          0.00    0.00   clock network delay (propagated)
                          0.25    0.25   clock uncertainty
                          0.00    0.25   clock reconvergence pessimism
                         -2.00   -1.75   output external delay
                                 -1.75   data required time
-----------------------------------------------------------------------------
                                 -1.75   data required time
                                 -1.18   data arrival time
-----------------------------------------------------------------------------
                                  2.93   slack (MET)


Startpoint: _246_ (rising edge-triggered flip-flop clocked by CLK100MHZ)
Endpoint: seg[4] (output port clocked by CLK100MHZ)
Path Group: CLK100MHZ
Path Type: min
Corner: Typical

Fanout     Cap    Slew   Delay    Time   Description
-----------------------------------------------------------------------------
                          0.00    0.00   clock CLK100MHZ (rise edge)
                          0.00    0.00   clock source latency
     1    0.02    0.09    0.06    0.06 ^ CLK100MHZ (in)
                                         CLK100MHZ (net)
                  0.09    0.00    0.06 ^ clkbuf_0_CLK100MHZ/A (sky130_fd_sc_hd__clkbuf_16)
     4    0.04    0.06    0.15    0.21 ^ clkbuf_0_CLK100MHZ/X (sky130_fd_sc_hd__clkbuf_16)
                                         clknet_0_CLK100MHZ (net)
                  0.06    0.00    0.21 ^ clkbuf_2_1__f_CLK100MHZ/A (sky130_fd_sc_hd__clkbuf_16)
     8    0.02    0.04    0.13    0.34 ^ clkbuf_2_1__f_CLK100MHZ/X (sky130_fd_sc_hd__clkbuf_16)
                                         clknet_2_1__leaf_CLK100MHZ (net)
                  0.04    0.00    0.34 ^ _246_/CLK (sky130_fd_sc_hd__dfrtp_4)
     6    0.05    0.12    0.52    0.86 v _246_/Q (sky130_fd_sc_hd__dfrtp_4)
                                         decoder.count[0] (net)
                  0.12    0.00    0.86 v _141_/A (sky130_fd_sc_hd__inv_2)
     2    0.01    0.07    0.10    0.96 ^ _141_/Y (sky130_fd_sc_hd__inv_2)
                                         _071_ (net)
                  0.07    0.00    0.96 ^ _161_/A (sky130_fd_sc_hd__nand2_1)
     1    0.01    0.08    0.09    1.05 v _161_/Y (sky130_fd_sc_hd__nand2_1)
                                         net5 (net)
                  0.08    0.00    1.05 v output5/A (sky130_fd_sc_hd__buf_1)
     1    0.03    0.20    0.23    1.28 v output5/X (sky130_fd_sc_hd__buf_1)
                                         seg[4] (net)
                  0.20    0.00    1.28 v seg[4] (out)
                                  1.28   data arrival time

                          0.00    0.00   clock CLK100MHZ (rise edge)
                          0.00    0.00   clock network delay (propagated)
                          0.25    0.25   clock uncertainty
                          0.00    0.25   clock reconvergence pessimism
                         -2.00   -1.75   output external delay
                                 -1.75   data required time
-----------------------------------------------------------------------------
                                 -1.75   data required time
                                 -1.28   data arrival time
-----------------------------------------------------------------------------
                                  3.03   slack (MET)


Startpoint: _249_ (rising edge-triggered flip-flop clocked by CLK100MHZ)
Endpoint: seg[2] (output port clocked by CLK100MHZ)
Path Group: CLK100MHZ
Path Type: min
Corner: Typical

Fanout     Cap    Slew   Delay    Time   Description
-----------------------------------------------------------------------------
                          0.00    0.00   clock CLK100MHZ (rise edge)
                          0.00    0.00   clock source latency
     1    0.02    0.09    0.06    0.06 ^ CLK100MHZ (in)
                                         CLK100MHZ (net)
                  0.09    0.00    0.06 ^ clkbuf_0_CLK100MHZ/A (sky130_fd_sc_hd__clkbuf_16)
     4    0.04    0.06    0.15    0.21 ^ clkbuf_0_CLK100MHZ/X (sky130_fd_sc_hd__clkbuf_16)
                                         clknet_0_CLK100MHZ (net)
                  0.06    0.00    0.21 ^ clkbuf_2_3__f_CLK100MHZ/A (sky130_fd_sc_hd__clkbuf_16)
     8    0.03    0.05    0.13    0.34 ^ clkbuf_2_3__f_CLK100MHZ/X (sky130_fd_sc_hd__clkbuf_16)
                                         clknet_2_3__leaf_CLK100MHZ (net)
                  0.05    0.00    0.34 ^ _249_/CLK (sky130_fd_sc_hd__dfrtp_4)
     6    0.04    0.11    0.51    0.86 v _249_/Q (sky130_fd_sc_hd__dfrtp_4)
                                         decoder.count[3] (net)
                  0.11    0.00    0.86 v _160_/A1 (sky130_fd_sc_hd__o21a_1)
     1    0.02    0.09    0.25    1.11 v _160_/X (sky130_fd_sc_hd__o21a_1)
                                         net3 (net)
                  0.09    0.00    1.11 v output3/A (sky130_fd_sc_hd__buf_1)
     1    0.03    0.20    0.23    1.34 v output3/X (sky130_fd_sc_hd__buf_1)
                                         seg[2] (net)
                  0.20    0.00    1.34 v seg[2] (out)
                                  1.34   data arrival time

                          0.00    0.00   clock CLK100MHZ (rise edge)
                          0.00    0.00   clock network delay (propagated)
                          0.25    0.25   clock uncertainty
                          0.00    0.25   clock reconvergence pessimism
                         -2.00   -1.75   output external delay
                                 -1.75   data required time
-----------------------------------------------------------------------------
                                 -1.75   data required time
                                 -1.34   data arrival time
-----------------------------------------------------------------------------
                                  3.09   slack (MET)


Startpoint: _249_ (rising edge-triggered flip-flop clocked by CLK100MHZ)
Endpoint: seg[3] (output port clocked by CLK100MHZ)
Path Group: CLK100MHZ
Path Type: min
Corner: Typical

Fanout     Cap    Slew   Delay    Time   Description
-----------------------------------------------------------------------------
                          0.00    0.00   clock CLK100MHZ (rise edge)
                          0.00    0.00   clock source latency
     1    0.02    0.09    0.06    0.06 ^ CLK100MHZ (in)
                                         CLK100MHZ (net)
                  0.09    0.00    0.06 ^ clkbuf_0_CLK100MHZ/A (sky130_fd_sc_hd__clkbuf_16)
     4    0.04    0.06    0.15    0.21 ^ clkbuf_0_CLK100MHZ/X (sky130_fd_sc_hd__clkbuf_16)
                                         clknet_0_CLK100MHZ (net)
                  0.06    0.00    0.21 ^ clkbuf_2_3__f_CLK100MHZ/A (sky130_fd_sc_hd__clkbuf_16)
     8    0.03    0.05    0.13    0.34 ^ clkbuf_2_3__f_CLK100MHZ/X (sky130_fd_sc_hd__clkbuf_16)
                                         clknet_2_3__leaf_CLK100MHZ (net)
                  0.05    0.00    0.34 ^ _249_/CLK (sky130_fd_sc_hd__dfrtp_4)
     6    0.04    0.15    0.47    0.81 ^ _249_/Q (sky130_fd_sc_hd__dfrtp_4)
                                         decoder.count[3] (net)
                  0.15    0.00    0.81 ^ _158_/D1 (sky130_fd_sc_hd__a2111o_1)
     2    0.02    0.16    0.19    1.00 ^ _158_/X (sky130_fd_sc_hd__a2111o_1)
                                         net4 (net)
                  0.16    0.00    1.00 ^ output4/A (sky130_fd_sc_hd__buf_1)
     1    0.03    0.40    0.34    1.34 ^ output4/X (sky130_fd_sc_hd__buf_1)
                                         seg[3] (net)
                  0.40    0.00    1.34 ^ seg[3] (out)
                                  1.34   data arrival time

                          0.00    0.00   clock CLK100MHZ (rise edge)
                          0.00    0.00   clock network delay (propagated)
                          0.25    0.25   clock uncertainty
                          0.00    0.25   clock reconvergence pessimism
                         -2.00   -1.75   output external delay
                                 -1.75   data required time
-----------------------------------------------------------------------------
                                 -1.75   data required time
                                 -1.34   data arrival time
-----------------------------------------------------------------------------
                                  3.09   slack (MET)


Startpoint: _248_ (rising edge-triggered flip-flop clocked by CLK100MHZ)
Endpoint: seg[1] (output port clocked by CLK100MHZ)
Path Group: CLK100MHZ
Path Type: min
Corner: Typical

Fanout     Cap    Slew   Delay    Time   Description
-----------------------------------------------------------------------------
                          0.00    0.00   clock CLK100MHZ (rise edge)
                          0.00    0.00   clock source latency
     1    0.02    0.09    0.06    0.06 ^ CLK100MHZ (in)
                                         CLK100MHZ (net)
                  0.09    0.00    0.06 ^ clkbuf_0_CLK100MHZ/A (sky130_fd_sc_hd__clkbuf_16)
     4    0.04    0.06    0.15    0.21 ^ clkbuf_0_CLK100MHZ/X (sky130_fd_sc_hd__clkbuf_16)
                                         clknet_0_CLK100MHZ (net)
                  0.06    0.00    0.21 ^ clkbuf_2_0__f_CLK100MHZ/A (sky130_fd_sc_hd__clkbuf_16)
     8    0.03    0.05    0.13    0.35 ^ clkbuf_2_0__f_CLK100MHZ/X (sky130_fd_sc_hd__clkbuf_16)
                                         clknet_2_0__leaf_CLK100MHZ (net)
                  0.05    0.00    0.35 ^ _248_/CLK (sky130_fd_sc_hd__dfrtp_4)
     6    0.04    0.14    0.46    0.80 ^ _248_/Q (sky130_fd_sc_hd__dfrtp_4)
                                         decoder.count[2] (net)
                  0.14    0.00    0.80 ^ _155_/B (sky130_fd_sc_hd__nor2_2)
     4    0.03    0.09    0.11    0.91 v _155_/Y (sky130_fd_sc_hd__nor2_2)
                                         _079_ (net)
                  0.09    0.00    0.91 v _159_/B (sky130_fd_sc_hd__nor2_1)
     1    0.01    0.11    0.12    1.03 ^ _159_/Y (sky130_fd_sc_hd__nor2_1)
                                         net2 (net)
                  0.11    0.00    1.04 ^ output2/A (sky130_fd_sc_hd__buf_1)
     1    0.03    0.40    0.33    1.37 ^ output2/X (sky130_fd_sc_hd__buf_1)
                                         seg[1] (net)
                  0.40    0.00    1.37 ^ seg[1] (out)
                                  1.37   data arrival time

                          0.00    0.00   clock CLK100MHZ (rise edge)
                          0.00    0.00   clock network delay (propagated)
                          0.25    0.25   clock uncertainty
                          0.00    0.25   clock reconvergence pessimism
                         -2.00   -1.75   output external delay
                                 -1.75   data required time
-----------------------------------------------------------------------------
                                 -1.75   data required time
                                 -1.37   data arrival time
-----------------------------------------------------------------------------
                                  3.12   slack (MET)


Startpoint: _249_ (rising edge-triggered flip-flop clocked by CLK100MHZ)
Endpoint: seg[5] (output port clocked by CLK100MHZ)
Path Group: CLK100MHZ
Path Type: min
Corner: Typical

Fanout     Cap    Slew   Delay    Time   Description
-----------------------------------------------------------------------------
                          0.00    0.00   clock CLK100MHZ (rise edge)
                          0.00    0.00   clock source latency
     1    0.02    0.09    0.06    0.06 ^ CLK100MHZ (in)
                                         CLK100MHZ (net)
                  0.09    0.00    0.06 ^ clkbuf_0_CLK100MHZ/A (sky130_fd_sc_hd__clkbuf_16)
     4    0.04    0.06    0.15    0.21 ^ clkbuf_0_CLK100MHZ/X (sky130_fd_sc_hd__clkbuf_16)
                                         clknet_0_CLK100MHZ (net)
                  0.06    0.00    0.21 ^ clkbuf_2_3__f_CLK100MHZ/A (sky130_fd_sc_hd__clkbuf_16)
     8    0.03    0.05    0.13    0.34 ^ clkbuf_2_3__f_CLK100MHZ/X (sky130_fd_sc_hd__clkbuf_16)
                                         clknet_2_3__leaf_CLK100MHZ (net)
                  0.05    0.00    0.34 ^ _249_/CLK (sky130_fd_sc_hd__dfrtp_4)
     6    0.04    0.15    0.47    0.81 ^ _249_/Q (sky130_fd_sc_hd__dfrtp_4)
                                         decoder.count[3] (net)
                  0.15    0.00    0.81 ^ _162_/A (sky130_fd_sc_hd__or3_1)
     1    0.01    0.10    0.17    0.98 ^ _162_/X (sky130_fd_sc_hd__or3_1)
                                         _082_ (net)
                  0.10    0.00    0.98 ^ _163_/A (sky130_fd_sc_hd__clkbuf_1)
     1    0.01    0.18    0.18    1.16 ^ _163_/X (sky130_fd_sc_hd__clkbuf_1)
                                         net6 (net)
                  0.18    0.00    1.17 ^ output6/A (sky130_fd_sc_hd__buf_1)
     1    0.03    0.40    0.34    1.51 ^ output6/X (sky130_fd_sc_hd__buf_1)
                                         seg[5] (net)
                  0.40    0.00    1.51 ^ seg[5] (out)
                                  1.51   data arrival time

                          0.00    0.00   clock CLK100MHZ (rise edge)
                          0.00    0.00   clock network delay (propagated)
                          0.25    0.25   clock uncertainty
                          0.00    0.25   clock reconvergence pessimism
                         -2.00   -1.75   output external delay
                                 -1.75   data required time
-----------------------------------------------------------------------------
                                 -1.75   data required time
                                 -1.51   data arrival time
-----------------------------------------------------------------------------
                                  3.26   slack (MET)


Startpoint: _249_ (rising edge-triggered flip-flop clocked by CLK100MHZ)
Endpoint: seg[0] (output port clocked by CLK100MHZ)
Path Group: CLK100MHZ
Path Type: min
Corner: Typical

Fanout     Cap    Slew   Delay    Time   Description
-----------------------------------------------------------------------------
                          0.00    0.00   clock CLK100MHZ (rise edge)
                          0.00    0.00   clock source latency
     1    0.02    0.09    0.06    0.06 ^ CLK100MHZ (in)
                                         CLK100MHZ (net)
                  0.09    0.00    0.06 ^ clkbuf_0_CLK100MHZ/A (sky130_fd_sc_hd__clkbuf_16)
     4    0.04    0.06    0.15    0.21 ^ clkbuf_0_CLK100MHZ/X (sky130_fd_sc_hd__clkbuf_16)
                                         clknet_0_CLK100MHZ (net)
                  0.06    0.00    0.21 ^ clkbuf_2_3__f_CLK100MHZ/A (sky130_fd_sc_hd__clkbuf_16)
     8    0.03    0.05    0.13    0.34 ^ clkbuf_2_3__f_CLK100MHZ/X (sky130_fd_sc_hd__clkbuf_16)
                                         clknet_2_3__leaf_CLK100MHZ (net)
                  0.05    0.00    0.34 ^ _249_/CLK (sky130_fd_sc_hd__dfrtp_4)
     6    0.04    0.15    0.47    0.81 ^ _249_/Q (sky130_fd_sc_hd__dfrtp_4)
                                         decoder.count[3] (net)
                  0.15    0.00    0.81 ^ _158_/D1 (sky130_fd_sc_hd__a2111o_1)
     2    0.02    0.16    0.19    1.00 ^ _158_/X (sky130_fd_sc_hd__a2111o_1)
                                         net4 (net)
                  0.16    0.00    1.00 ^ _279_/A (sky130_fd_sc_hd__buf_1)
     1    0.01    0.14    0.17    1.17 ^ _279_/X (sky130_fd_sc_hd__buf_1)
                                         net1 (net)
                  0.14    0.00    1.17 ^ output1/A (sky130_fd_sc_hd__buf_1)
     1    0.03    0.40    0.34    1.51 ^ output1/X (sky130_fd_sc_hd__buf_1)
                                         seg[0] (net)
                  0.40    0.00    1.51 ^ seg[0] (out)
                                  1.51   data arrival time

                          0.00    0.00   clock CLK100MHZ (rise edge)
                          0.00    0.00   clock network delay (propagated)
                          0.25    0.25   clock uncertainty
                          0.00    0.25   clock reconvergence pessimism
                         -2.00   -1.75   output external delay
                                 -1.75   data required time
-----------------------------------------------------------------------------
                                 -1.75   data required time
                                 -1.51   data arrival time
-----------------------------------------------------------------------------
                                  3.26   slack (MET)



worst slack corner Typical: 0.2764
