
===========================================================================
report_checks -path_delay max (Setup)
============================================================================
======================= Fastest Corner ===================================

Startpoint: _249_ (rising edge-triggered flip-flop clocked by CLK100MHZ)
Endpoint: seg[0] (output port clocked by CLK100MHZ)
Path Group: CLK100MHZ
Path Type: max
Corner: Fastest

Fanout     Cap    Slew   Delay    Time   Description
-----------------------------------------------------------------------------
                          0.00    0.00   clock CLK100MHZ (rise edge)
                          0.00    0.00   clock source latency
     1    0.02    0.06    0.05    0.05 ^ CLK100MHZ (in)
                                         CLK100MHZ (net)
                  0.06    0.00    0.05 ^ clkbuf_0_CLK100MHZ/A (sky130_fd_sc_hd__clkbuf_16)
     4    0.04    0.05    0.11    0.16 ^ clkbuf_0_CLK100MHZ/X (sky130_fd_sc_hd__clkbuf_16)
                                         clknet_0_CLK100MHZ (net)
                  0.05    0.00    0.16 ^ clkbuf_2_3__f_CLK100MHZ/A (sky130_fd_sc_hd__clkbuf_16)
     8    0.03    0.04    0.10    0.26 ^ clkbuf_2_3__f_CLK100MHZ/X (sky130_fd_sc_hd__clkbuf_16)
                                         clknet_2_3__leaf_CLK100MHZ (net)
                  0.04    0.00    0.26 ^ _249_/CLK (sky130_fd_sc_hd__dfrtp_4)
     6    0.04    0.08    0.35    0.61 v _249_/Q (sky130_fd_sc_hd__dfrtp_4)
                                         decoder.count[3] (net)
                  0.08    0.00    0.61 v _155_/A (sky130_fd_sc_hd__nor2_2)
     4    0.03    0.26    0.25    0.86 ^ _155_/Y (sky130_fd_sc_hd__nor2_2)
                                         _079_ (net)
                  0.26    0.00    0.86 ^ _156_/B (sky130_fd_sc_hd__nand2_1)
     2    0.02    0.12    0.13    0.99 v _156_/Y (sky130_fd_sc_hd__nand2_1)
                                         _080_ (net)
                  0.12    0.00    0.99 v _157_/B (sky130_fd_sc_hd__nor2_1)
     2    0.01    0.20    0.20    1.19 ^ _157_/Y (sky130_fd_sc_hd__nor2_1)
                                         _081_ (net)
                  0.20    0.00    1.20 ^ _158_/C1 (sky130_fd_sc_hd__a2111o_1)
     2    0.02    0.11    0.14    1.33 ^ _158_/X (sky130_fd_sc_hd__a2111o_1)
                                         net4 (net)
                  0.11    0.00    1.33 ^ _279_/A (sky130_fd_sc_hd__buf_1)
     1    0.01    0.10    0.11    1.45 ^ _279_/X (sky130_fd_sc_hd__buf_1)
                                         net1 (net)
                  0.10    0.00    1.45 ^ output1/A (sky130_fd_sc_hd__buf_1)
     1    0.03    0.30    0.26    1.70 ^ output1/X (sky130_fd_sc_hd__buf_1)
                                         seg[0] (net)
                  0.30    0.00    1.70 ^ seg[0] (out)
                                  1.70   data arrival time

                         10.00   10.00   clock CLK100MHZ (rise edge)
                          0.00   10.00   clock network delay (propagated)
                         -0.25    9.75   clock uncertainty
                          0.00    9.75   clock reconvergence pessimism
                         -2.00    7.75   output external delay
                                  7.75   data required time
-----------------------------------------------------------------------------
                                  7.75   data required time
                                 -1.70   data arrival time
-----------------------------------------------------------------------------
                                  6.05   slack (MET)


Startpoint: _249_ (rising edge-triggered flip-flop clocked by CLK100MHZ)
Endpoint: seg[5] (output port clocked by CLK100MHZ)
Path Group: CLK100MHZ
Path Type: max
Corner: Fastest

Fanout     Cap    Slew   Delay    Time   Description
-----------------------------------------------------------------------------
                          0.00    0.00   clock CLK100MHZ (rise edge)
                          0.00    0.00   clock source latency
     1    0.02    0.06    0.05    0.05 ^ CLK100MHZ (in)
                                         CLK100MHZ (net)
                  0.06    0.00    0.05 ^ clkbuf_0_CLK100MHZ/A (sky130_fd_sc_hd__clkbuf_16)
     4    0.04    0.05    0.11    0.16 ^ clkbuf_0_CLK100MHZ/X (sky130_fd_sc_hd__clkbuf_16)
                                         clknet_0_CLK100MHZ (net)
                  0.05    0.00    0.16 ^ clkbuf_2_3__f_CLK100MHZ/A (sky130_fd_sc_hd__clkbuf_16)
     8    0.03    0.04    0.10    0.26 ^ clkbuf_2_3__f_CLK100MHZ/X (sky130_fd_sc_hd__clkbuf_16)
                                         clknet_2_3__leaf_CLK100MHZ (net)
                  0.04    0.00    0.26 ^ _249_/CLK (sky130_fd_sc_hd__dfrtp_4)
     6    0.04    0.08    0.35    0.61 v _249_/Q (sky130_fd_sc_hd__dfrtp_4)
                                         decoder.count[3] (net)
                  0.08    0.00    0.61 v _155_/A (sky130_fd_sc_hd__nor2_2)
     4    0.03    0.26    0.25    0.86 ^ _155_/Y (sky130_fd_sc_hd__nor2_2)
                                         _079_ (net)
                  0.26    0.00    0.86 ^ _156_/B (sky130_fd_sc_hd__nand2_1)
     2    0.02    0.12    0.13    0.99 v _156_/Y (sky130_fd_sc_hd__nand2_1)
                                         _080_ (net)
                  0.12    0.00    0.99 v _157_/B (sky130_fd_sc_hd__nor2_1)
     2    0.01    0.20    0.20    1.19 ^ _157_/Y (sky130_fd_sc_hd__nor2_1)
                                         _081_ (net)
                  0.20    0.00    1.20 ^ _162_/C (sky130_fd_sc_hd__or3_1)
     1    0.01    0.07    0.12    1.32 ^ _162_/X (sky130_fd_sc_hd__or3_1)
                                         _082_ (net)
                  0.07    0.00    1.32 ^ _163_/A (sky130_fd_sc_hd__clkbuf_1)
     1    0.01    0.12    0.12    1.44 ^ _163_/X (sky130_fd_sc_hd__clkbuf_1)
                                         net6 (net)
                  0.12    0.00    1.44 ^ output6/A (sky130_fd_sc_hd__buf_1)
     1    0.03    0.30    0.26    1.70 ^ output6/X (sky130_fd_sc_hd__buf_1)
                                         seg[5] (net)
                  0.30    0.00    1.70 ^ seg[5] (out)
                                  1.70   data arrival time

                         10.00   10.00   clock CLK100MHZ (rise edge)
                          0.00   10.00   clock network delay (propagated)
                         -0.25    9.75   clock uncertainty
                          0.00    9.75   clock reconvergence pessimism
                         -2.00    7.75   output external delay
                                  7.75   data required time
-----------------------------------------------------------------------------
                                  7.75   data required time
                                 -1.70   data arrival time
-----------------------------------------------------------------------------
                                  6.05   slack (MET)


Startpoint: _249_ (rising edge-triggered flip-flop clocked by CLK100MHZ)
Endpoint: seg[3] (output port clocked by CLK100MHZ)
Path Group: CLK100MHZ
Path Type: max
Corner: Fastest

Fanout     Cap    Slew   Delay    Time   Description
-----------------------------------------------------------------------------
                          0.00    0.00   clock CLK100MHZ (rise edge)
                          0.00    0.00   clock source latency
     1    0.02    0.06    0.05    0.05 ^ CLK100MHZ (in)
                                         CLK100MHZ (net)
                  0.06    0.00    0.05 ^ clkbuf_0_CLK100MHZ/A (sky130_fd_sc_hd__clkbuf_16)
     4    0.04    0.05    0.11    0.16 ^ clkbuf_0_CLK100MHZ/X (sky130_fd_sc_hd__clkbuf_16)
                                         clknet_0_CLK100MHZ (net)
                  0.05    0.00    0.16 ^ clkbuf_2_3__f_CLK100MHZ/A (sky130_fd_sc_hd__clkbuf_16)
     8    0.03    0.04    0.10    0.26 ^ clkbuf_2_3__f_CLK100MHZ/X (sky130_fd_sc_hd__clkbuf_16)
                                         clknet_2_3__leaf_CLK100MHZ (net)
                  0.04    0.00    0.26 ^ _249_/CLK (sky130_fd_sc_hd__dfrtp_4)
     6    0.04    0.08    0.35    0.61 v _249_/Q (sky130_fd_sc_hd__dfrtp_4)
                                         decoder.count[3] (net)
                  0.08    0.00    0.61 v _155_/A (sky130_fd_sc_hd__nor2_2)
     4    0.03    0.26    0.25    0.86 ^ _155_/Y (sky130_fd_sc_hd__nor2_2)
                                         _079_ (net)
                  0.26    0.00    0.86 ^ _156_/B (sky130_fd_sc_hd__nand2_1)
     2    0.02    0.12    0.13    0.99 v _156_/Y (sky130_fd_sc_hd__nand2_1)
                                         _080_ (net)
                  0.12    0.00    0.99 v _157_/B (sky130_fd_sc_hd__nor2_1)
     2    0.01    0.20    0.20    1.19 ^ _157_/Y (sky130_fd_sc_hd__nor2_1)
                                         _081_ (net)
                  0.20    0.00    1.20 ^ _158_/C1 (sky130_fd_sc_hd__a2111o_1)
     2    0.02    0.11    0.14    1.33 ^ _158_/X (sky130_fd_sc_hd__a2111o_1)
                                         net4 (net)
                  0.11    0.00    1.33 ^ output4/A (sky130_fd_sc_hd__buf_1)
     1    0.03    0.30    0.26    1.59 ^ output4/X (sky130_fd_sc_hd__buf_1)
                                         seg[3] (net)
                  0.30    0.00    1.59 ^ seg[3] (out)
                                  1.59   data arrival time

                         10.00   10.00   clock CLK100MHZ (rise edge)
                          0.00   10.00   clock network delay (propagated)
                         -0.25    9.75   clock uncertainty
                          0.00    9.75   clock reconvergence pessimism
                         -2.00    7.75   output external delay
                                  7.75   data required time
-----------------------------------------------------------------------------
                                  7.75   data required time
                                 -1.59   data arrival time
-----------------------------------------------------------------------------
                                  6.16   slack (MET)


Startpoint: _249_ (rising edge-triggered flip-flop clocked by CLK100MHZ)
Endpoint: seg[1] (output port clocked by CLK100MHZ)
Path Group: CLK100MHZ
Path Type: max
Corner: Fastest

Fanout     Cap    Slew   Delay    Time   Description
-----------------------------------------------------------------------------
                          0.00    0.00   clock CLK100MHZ (rise edge)
                          0.00    0.00   clock source latency
     1    0.02    0.06    0.05    0.05 ^ CLK100MHZ (in)
                                         CLK100MHZ (net)
                  0.06    0.00    0.05 ^ clkbuf_0_CLK100MHZ/A (sky130_fd_sc_hd__clkbuf_16)
     4    0.04    0.05    0.11    0.16 ^ clkbuf_0_CLK100MHZ/X (sky130_fd_sc_hd__clkbuf_16)
                                         clknet_0_CLK100MHZ (net)
                  0.05    0.00    0.16 ^ clkbuf_2_3__f_CLK100MHZ/A (sky130_fd_sc_hd__clkbuf_16)
     8    0.03    0.04    0.10    0.26 ^ clkbuf_2_3__f_CLK100MHZ/X (sky130_fd_sc_hd__clkbuf_16)
                                         clknet_2_3__leaf_CLK100MHZ (net)
                  0.04    0.00    0.26 ^ _249_/CLK (sky130_fd_sc_hd__dfrtp_4)
     6    0.04    0.08    0.35    0.61 v _249_/Q (sky130_fd_sc_hd__dfrtp_4)
                                         decoder.count[3] (net)
                  0.08    0.00    0.61 v _132_/A (sky130_fd_sc_hd__or3b_2)
     2    0.02    0.09    0.35    0.96 v _132_/X (sky130_fd_sc_hd__or3b_2)
                                         _064_ (net)
                  0.09    0.00    0.96 v _133_/B (sky130_fd_sc_hd__nor2_1)
     3    0.02    0.24    0.22    1.18 ^ _133_/Y (sky130_fd_sc_hd__nor2_1)
                                         _065_ (net)
                  0.24    0.00    1.18 ^ _159_/A (sky130_fd_sc_hd__nor2_1)
     1    0.00    0.06    0.04    1.23 v _159_/Y (sky130_fd_sc_hd__nor2_1)
                                         net2 (net)
                  0.06    0.00    1.23 v output2/A (sky130_fd_sc_hd__buf_1)
     1    0.03    0.13    0.17    1.40 v output2/X (sky130_fd_sc_hd__buf_1)
                                         seg[1] (net)
                  0.13    0.00    1.40 v seg[1] (out)
                                  1.40   data arrival time

                         10.00   10.00   clock CLK100MHZ (rise edge)
                          0.00   10.00   clock network delay (propagated)
                         -0.25    9.75   clock uncertainty
                          0.00    9.75   clock reconvergence pessimism
                         -2.00    7.75   output external delay
                                  7.75   data required time
-----------------------------------------------------------------------------
                                  7.75   data required time
                                 -1.40   data arrival time
-----------------------------------------------------------------------------
                                  6.35   slack (MET)


Startpoint: _249_ (rising edge-triggered flip-flop clocked by CLK100MHZ)
Endpoint: seg[2] (output port clocked by CLK100MHZ)
Path Group: CLK100MHZ
Path Type: max
Corner: Fastest

Fanout     Cap    Slew   Delay    Time   Description
-----------------------------------------------------------------------------
                          0.00    0.00   clock CLK100MHZ (rise edge)
                          0.00    0.00   clock source latency
     1    0.02    0.06    0.05    0.05 ^ CLK100MHZ (in)
                                         CLK100MHZ (net)
                  0.06    0.00    0.05 ^ clkbuf_0_CLK100MHZ/A (sky130_fd_sc_hd__clkbuf_16)
     4    0.04    0.05    0.11    0.16 ^ clkbuf_0_CLK100MHZ/X (sky130_fd_sc_hd__clkbuf_16)
                                         clknet_0_CLK100MHZ (net)
                  0.05    0.00    0.16 ^ clkbuf_2_3__f_CLK100MHZ/A (sky130_fd_sc_hd__clkbuf_16)
     8    0.03    0.04    0.10    0.26 ^ clkbuf_2_3__f_CLK100MHZ/X (sky130_fd_sc_hd__clkbuf_16)
                                         clknet_2_3__leaf_CLK100MHZ (net)
                  0.04    0.00    0.26 ^ _249_/CLK (sky130_fd_sc_hd__dfrtp_4)
     6    0.04    0.08    0.35    0.61 v _249_/Q (sky130_fd_sc_hd__dfrtp_4)
                                         decoder.count[3] (net)
                  0.08    0.00    0.61 v _155_/A (sky130_fd_sc_hd__nor2_2)
     4    0.03    0.26    0.25    0.86 ^ _155_/Y (sky130_fd_sc_hd__nor2_2)
                                         _079_ (net)
                  0.26    0.00    0.86 ^ _156_/B (sky130_fd_sc_hd__nand2_1)
     2    0.02    0.12    0.13    0.99 v _156_/Y (sky130_fd_sc_hd__nand2_1)
                                         _080_ (net)
                  0.12    0.00    0.99 v _160_/B1 (sky130_fd_sc_hd__o21a_1)
     1    0.01    0.06    0.13    1.12 v _160_/X (sky130_fd_sc_hd__o21a_1)
                                         net3 (net)
                  0.06    0.00    1.13 v output3/A (sky130_fd_sc_hd__buf_1)
     1    0.03    0.14    0.17    1.29 v output3/X (sky130_fd_sc_hd__buf_1)
                                         seg[2] (net)
                  0.14    0.00    1.29 v seg[2] (out)
                                  1.29   data arrival time

                         10.00   10.00   clock CLK100MHZ (rise edge)
                          0.00   10.00   clock network delay (propagated)
                         -0.25    9.75   clock uncertainty
                          0.00    9.75   clock reconvergence pessimism
                         -2.00    7.75   output external delay
                                  7.75   data required time
-----------------------------------------------------------------------------
                                  7.75   data required time
                                 -1.29   data arrival time
-----------------------------------------------------------------------------
                                  6.46   slack (MET)


Startpoint: _249_ (rising edge-triggered flip-flop clocked by CLK100MHZ)
Endpoint: seg[6] (output port clocked by CLK100MHZ)
Path Group: CLK100MHZ
Path Type: max
Corner: Fastest

Fanout     Cap    Slew   Delay    Time   Description
-----------------------------------------------------------------------------
                          0.00    0.00   clock CLK100MHZ (rise edge)
                          0.00    0.00   clock source latency
     1    0.02    0.06    0.05    0.05 ^ CLK100MHZ (in)
                                         CLK100MHZ (net)
                  0.06    0.00    0.05 ^ clkbuf_0_CLK100MHZ/A (sky130_fd_sc_hd__clkbuf_16)
     4    0.04    0.05    0.11    0.16 ^ clkbuf_0_CLK100MHZ/X (sky130_fd_sc_hd__clkbuf_16)
                                         clknet_0_CLK100MHZ (net)
                  0.05    0.00    0.16 ^ clkbuf_2_3__f_CLK100MHZ/A (sky130_fd_sc_hd__clkbuf_16)
     8    0.03    0.04    0.10    0.26 ^ clkbuf_2_3__f_CLK100MHZ/X (sky130_fd_sc_hd__clkbuf_16)
                                         clknet_2_3__leaf_CLK100MHZ (net)
                  0.04    0.00    0.26 ^ _249_/CLK (sky130_fd_sc_hd__dfrtp_4)
     6    0.04    0.08    0.35    0.61 v _249_/Q (sky130_fd_sc_hd__dfrtp_4)
                                         decoder.count[3] (net)
                  0.08    0.00    0.61 v _132_/A (sky130_fd_sc_hd__or3b_2)
     2    0.02    0.09    0.35    0.96 v _132_/X (sky130_fd_sc_hd__or3b_2)
                                         _064_ (net)
                  0.09    0.00    0.96 v _164_/B1_N (sky130_fd_sc_hd__a21boi_1)
     1    0.01    0.08    0.13    1.09 v _164_/Y (sky130_fd_sc_hd__a21boi_1)
                                         net7 (net)
                  0.08    0.00    1.09 v output7/A (sky130_fd_sc_hd__buf_1)
     1    0.03    0.14    0.18    1.27 v output7/X (sky130_fd_sc_hd__buf_1)
                                         seg[6] (net)
                  0.14    0.00    1.27 v seg[6] (out)
                                  1.27   data arrival time

                         10.00   10.00   clock CLK100MHZ (rise edge)
                          0.00   10.00   clock network delay (propagated)
                         -0.25    9.75   clock uncertainty
                          0.00    9.75   clock reconvergence pessimism
                         -2.00    7.75   output external delay
                                  7.75   data required time
-----------------------------------------------------------------------------
                                  7.75   data required time
                                 -1.27   data arrival time
-----------------------------------------------------------------------------
                                  6.48   slack (MET)


Startpoint: _249_ (rising edge-triggered flip-flop clocked by CLK100MHZ)
Endpoint: seg[4] (output port clocked by CLK100MHZ)
Path Group: CLK100MHZ
Path Type: max
Corner: Fastest

Fanout     Cap    Slew   Delay    Time   Description
-----------------------------------------------------------------------------
                          0.00    0.00   clock CLK100MHZ (rise edge)
                          0.00    0.00   clock source latency
     1    0.02    0.06    0.05    0.05 ^ CLK100MHZ (in)
                                         CLK100MHZ (net)
                  0.06    0.00    0.05 ^ clkbuf_0_CLK100MHZ/A (sky130_fd_sc_hd__clkbuf_16)
     4    0.04    0.05    0.11    0.16 ^ clkbuf_0_CLK100MHZ/X (sky130_fd_sc_hd__clkbuf_16)
                                         clknet_0_CLK100MHZ (net)
                  0.05    0.00    0.16 ^ clkbuf_2_3__f_CLK100MHZ/A (sky130_fd_sc_hd__clkbuf_16)
     8    0.03    0.04    0.10    0.26 ^ clkbuf_2_3__f_CLK100MHZ/X (sky130_fd_sc_hd__clkbuf_16)
                                         clknet_2_3__leaf_CLK100MHZ (net)
                  0.04    0.00    0.26 ^ _249_/CLK (sky130_fd_sc_hd__dfrtp_4)
     6    0.04    0.08    0.35    0.61 v _249_/Q (sky130_fd_sc_hd__dfrtp_4)
                                         decoder.count[3] (net)
                  0.08    0.00    0.61 v _155_/A (sky130_fd_sc_hd__nor2_2)
     4    0.03    0.26    0.25    0.86 ^ _155_/Y (sky130_fd_sc_hd__nor2_2)
                                         _079_ (net)
                  0.26    0.00    0.86 ^ _161_/B (sky130_fd_sc_hd__nand2_1)
     1    0.01    0.08    0.08    0.95 v _161_/Y (sky130_fd_sc_hd__nand2_1)
                                         net5 (net)
                  0.08    0.00    0.95 v output5/A (sky130_fd_sc_hd__buf_1)
     1    0.03    0.14    0.18    1.12 v output5/X (sky130_fd_sc_hd__buf_1)
                                         seg[4] (net)
                  0.14    0.00    1.12 v seg[4] (out)
                                  1.12   data arrival time

                         10.00   10.00   clock CLK100MHZ (rise edge)
                          0.00   10.00   clock network delay (propagated)
                         -0.25    9.75   clock uncertainty
                          0.00    9.75   clock reconvergence pessimism
                         -2.00    7.75   output external delay
                                  7.75   data required time
-----------------------------------------------------------------------------
                                  7.75   data required time
                                 -1.12   data arrival time
-----------------------------------------------------------------------------
                                  6.63   slack (MET)


Startpoint: BTNC (input port clocked by CLK100MHZ)
Endpoint: _248_ (recovery check against rising-edge clock CLK100MHZ)
Path Group: asynchronous
Path Type: max
Corner: Fastest

Fanout     Cap    Slew   Delay    Time   Description
-----------------------------------------------------------------------------
                          0.00    0.00   clock CLK100MHZ (rise edge)
                          0.00    0.00   clock network delay (propagated)
                          2.00    2.00 v input external delay
     2    0.02    0.03    0.02    2.02 v BTNC (in)
                                         BTNC (net)
                  0.03    0.00    2.02 v _214_/A (sky130_fd_sc_hd__buf_4)
    10    0.07    0.06    0.14    2.16 v _214_/X (sky130_fd_sc_hd__buf_4)
                                         _112_ (net)
                  0.06    0.00    2.16 v _215_/A (sky130_fd_sc_hd__buf_4)
    10    0.07    0.07    0.16    2.32 v _215_/X (sky130_fd_sc_hd__buf_4)
                                         _113_ (net)
                  0.07    0.00    2.32 v _218_/A (sky130_fd_sc_hd__inv_2)
     1    0.02    0.06    0.08    2.40 ^ _218_/Y (sky130_fd_sc_hd__inv_2)
                                         _027_ (net)
                  0.06    0.00    2.40 ^ _248_/RESET_B (sky130_fd_sc_hd__dfrtp_4)
                                  2.40   data arrival time

                         10.00   10.00   clock CLK100MHZ (rise edge)
                          0.00   10.00   clock source latency
     1    0.02    0.06    0.04   10.04 ^ CLK100MHZ (in)
                                         CLK100MHZ (net)
                  0.06    0.00   10.04 ^ clkbuf_0_CLK100MHZ/A (sky130_fd_sc_hd__clkbuf_16)
     4    0.04    0.05    0.10   10.14 ^ clkbuf_0_CLK100MHZ/X (sky130_fd_sc_hd__clkbuf_16)
                                         clknet_0_CLK100MHZ (net)
                  0.05    0.00   10.14 ^ clkbuf_2_0__f_CLK100MHZ/A (sky130_fd_sc_hd__clkbuf_16)
     8    0.03    0.04    0.09   10.23 ^ clkbuf_2_0__f_CLK100MHZ/X (sky130_fd_sc_hd__clkbuf_16)
                                         clknet_2_0__leaf_CLK100MHZ (net)
                  0.04    0.00   10.23 ^ _248_/CLK (sky130_fd_sc_hd__dfrtp_4)
                         -0.25    9.98   clock uncertainty
                          0.00    9.98   clock reconvergence pessimism
                          0.12   10.11   library recovery time
                                 10.11   data required time
-----------------------------------------------------------------------------
                                 10.11   data required time
                                 -2.40   data arrival time
-----------------------------------------------------------------------------
                                  7.71   slack (MET)


Startpoint: BTNC (input port clocked by CLK100MHZ)
Endpoint: _252_ (recovery check against rising-edge clock CLK100MHZ)
Path Group: asynchronous
Path Type: max
Corner: Fastest

Fanout     Cap    Slew   Delay    Time   Description
-----------------------------------------------------------------------------
                          0.00    0.00   clock CLK100MHZ (rise edge)
                          0.00    0.00   clock network delay (propagated)
                          2.00    2.00 v input external delay
     2    0.02    0.03    0.02    2.02 v BTNC (in)
                                         BTNC (net)
                  0.03    0.00    2.02 v _214_/A (sky130_fd_sc_hd__buf_4)
    10    0.07    0.06    0.14    2.16 v _214_/X (sky130_fd_sc_hd__buf_4)
                                         _112_ (net)
                  0.06    0.00    2.16 v _215_/A (sky130_fd_sc_hd__buf_4)
    10    0.07    0.07    0.16    2.32 v _215_/X (sky130_fd_sc_hd__buf_4)
                                         _113_ (net)
                  0.07    0.00    2.32 v _222_/A (sky130_fd_sc_hd__inv_2)
     1    0.02    0.06    0.08    2.40 ^ _222_/Y (sky130_fd_sc_hd__inv_2)
                                         _031_ (net)
                  0.06    0.00    2.40 ^ _252_/RESET_B (sky130_fd_sc_hd__dfrtp_2)
                                  2.40   data arrival time

                         10.00   10.00   clock CLK100MHZ (rise edge)
                          0.00   10.00   clock source latency
     1    0.02    0.06    0.04   10.04 ^ CLK100MHZ (in)
                                         CLK100MHZ (net)
                  0.06    0.00   10.04 ^ clkbuf_0_CLK100MHZ/A (sky130_fd_sc_hd__clkbuf_16)
     4    0.04    0.05    0.10   10.14 ^ clkbuf_0_CLK100MHZ/X (sky130_fd_sc_hd__clkbuf_16)
                                         clknet_0_CLK100MHZ (net)
                  0.05    0.00   10.14 ^ clkbuf_2_2__f_CLK100MHZ/A (sky130_fd_sc_hd__clkbuf_16)
     8    0.03    0.04    0.09   10.24 ^ clkbuf_2_2__f_CLK100MHZ/X (sky130_fd_sc_hd__clkbuf_16)
                                         clknet_2_2__leaf_CLK100MHZ (net)
                  0.04    0.00   10.24 ^ _252_/CLK (sky130_fd_sc_hd__dfrtp_2)
                         -0.25    9.99   clock uncertainty
                          0.00    9.99   clock reconvergence pessimism
                          0.13   10.11   library recovery time
                                 10.11   data required time
-----------------------------------------------------------------------------
                                 10.11   data required time
                                 -2.40   data arrival time
-----------------------------------------------------------------------------
                                  7.71   slack (MET)


Startpoint: BTNC (input port clocked by CLK100MHZ)
Endpoint: _250_ (recovery check against rising-edge clock CLK100MHZ)
Path Group: asynchronous
Path Type: max
Corner: Fastest

Fanout     Cap    Slew   Delay    Time   Description
-----------------------------------------------------------------------------
                          0.00    0.00   clock CLK100MHZ (rise edge)
                          0.00    0.00   clock network delay (propagated)
                          2.00    2.00 v input external delay
     2    0.02    0.03    0.02    2.02 v BTNC (in)
                                         BTNC (net)
                  0.03    0.00    2.02 v _214_/A (sky130_fd_sc_hd__buf_4)
    10    0.07    0.06    0.14    2.16 v _214_/X (sky130_fd_sc_hd__buf_4)
                                         _112_ (net)
                  0.06    0.00    2.16 v _215_/A (sky130_fd_sc_hd__buf_4)
    10    0.07    0.07    0.16    2.32 v _215_/X (sky130_fd_sc_hd__buf_4)
                                         _113_ (net)
                  0.07    0.00    2.32 v _220_/A (sky130_fd_sc_hd__inv_2)
     1    0.02    0.06    0.08    2.40 ^ _220_/Y (sky130_fd_sc_hd__inv_2)
                                         _029_ (net)
                  0.06    0.00    2.40 ^ _250_/RESET_B (sky130_fd_sc_hd__dfrtp_2)
                                  2.40   data arrival time

                         10.00   10.00   clock CLK100MHZ (rise edge)
                          0.00   10.00   clock source latency
     1    0.02    0.06    0.04   10.04 ^ CLK100MHZ (in)
                                         CLK100MHZ (net)
                  0.06    0.00   10.04 ^ clkbuf_0_CLK100MHZ/A (sky130_fd_sc_hd__clkbuf_16)
     4    0.04    0.05    0.10   10.14 ^ clkbuf_0_CLK100MHZ/X (sky130_fd_sc_hd__clkbuf_16)
                                         clknet_0_CLK100MHZ (net)
                  0.05    0.00   10.14 ^ clkbuf_2_2__f_CLK100MHZ/A (sky130_fd_sc_hd__clkbuf_16)
     8    0.03    0.04    0.09   10.24 ^ clkbuf_2_2__f_CLK100MHZ/X (sky130_fd_sc_hd__clkbuf_16)
                                         clknet_2_2__leaf_CLK100MHZ (net)
                  0.04    0.00   10.24 ^ _250_/CLK (sky130_fd_sc_hd__dfrtp_2)
                         -0.25    9.99   clock uncertainty
                          0.00    9.99   clock reconvergence pessimism
                          0.13   10.11   library recovery time
                                 10.11   data required time
-----------------------------------------------------------------------------
                                 10.11   data required time
                                 -2.40   data arrival time
-----------------------------------------------------------------------------
                                  7.71   slack (MET)


Startpoint: BTNC (input port clocked by CLK100MHZ)
Endpoint: _254_ (recovery check against rising-edge clock CLK100MHZ)
Path Group: asynchronous
Path Type: max
Corner: Fastest

Fanout     Cap    Slew   Delay    Time   Description
-----------------------------------------------------------------------------
                          0.00    0.00   clock CLK100MHZ (rise edge)
                          0.00    0.00   clock network delay (propagated)
                          2.00    2.00 v input external delay
     2    0.02    0.03    0.02    2.02 v BTNC (in)
                                         BTNC (net)
                  0.03    0.00    2.02 v _214_/A (sky130_fd_sc_hd__buf_4)
    10    0.07    0.06    0.14    2.16 v _214_/X (sky130_fd_sc_hd__buf_4)
                                         _112_ (net)
                  0.06    0.00    2.16 v _215_/A (sky130_fd_sc_hd__buf_4)
    10    0.07    0.07    0.16    2.32 v _215_/X (sky130_fd_sc_hd__buf_4)
                                         _113_ (net)
                  0.07    0.00    2.32 v _224_/A (sky130_fd_sc_hd__inv_2)
     1    0.01    0.05    0.07    2.39 ^ _224_/Y (sky130_fd_sc_hd__inv_2)
                                         _033_ (net)
                  0.05    0.00    2.39 ^ _254_/RESET_B (sky130_fd_sc_hd__dfrtp_2)
                                  2.39   data arrival time

                         10.00   10.00   clock CLK100MHZ (rise edge)
                          0.00   10.00   clock source latency
     1    0.02    0.06    0.04   10.04 ^ CLK100MHZ (in)
                                         CLK100MHZ (net)
                  0.06    0.00   10.04 ^ clkbuf_0_CLK100MHZ/A (sky130_fd_sc_hd__clkbuf_16)
     4    0.04    0.05    0.10   10.14 ^ clkbuf_0_CLK100MHZ/X (sky130_fd_sc_hd__clkbuf_16)
                                         clknet_0_CLK100MHZ (net)
                  0.05    0.00   10.14 ^ clkbuf_2_1__f_CLK100MHZ/A (sky130_fd_sc_hd__clkbuf_16)
     8    0.02    0.03    0.09   10.23 ^ clkbuf_2_1__f_CLK100MHZ/X (sky130_fd_sc_hd__clkbuf_16)
                                         clknet_2_1__leaf_CLK100MHZ (net)
                  0.03    0.00   10.23 ^ _254_/CLK (sky130_fd_sc_hd__dfrtp_2)
                         -0.25    9.98   clock uncertainty
                          0.00    9.98   clock reconvergence pessimism
                          0.13   10.11   library recovery time
                                 10.11   data required time
-----------------------------------------------------------------------------
                                 10.11   data required time
                                 -2.39   data arrival time
-----------------------------------------------------------------------------
                                  7.72   slack (MET)


Startpoint: BTNC (input port clocked by CLK100MHZ)
Endpoint: _255_ (recovery check against rising-edge clock CLK100MHZ)
Path Group: asynchronous
Path Type: max
Corner: Fastest

Fanout     Cap    Slew   Delay    Time   Description
-----------------------------------------------------------------------------
                          0.00    0.00   clock CLK100MHZ (rise edge)
                          0.00    0.00   clock network delay (propagated)
                          2.00    2.00 v input external delay
     2    0.02    0.03    0.02    2.02 v BTNC (in)
                                         BTNC (net)
                  0.03    0.00    2.02 v _214_/A (sky130_fd_sc_hd__buf_4)
    10    0.07    0.06    0.14    2.16 v _214_/X (sky130_fd_sc_hd__buf_4)
                                         _112_ (net)
                  0.06    0.00    2.16 v _215_/A (sky130_fd_sc_hd__buf_4)
    10    0.07    0.07    0.16    2.32 v _215_/X (sky130_fd_sc_hd__buf_4)
                                         _113_ (net)
                  0.07    0.00    2.32 v _225_/A (sky130_fd_sc_hd__inv_2)
     1    0.01    0.05    0.07    2.39 ^ _225_/Y (sky130_fd_sc_hd__inv_2)
                                         _034_ (net)
                  0.05    0.00    2.39 ^ _255_/RESET_B (sky130_fd_sc_hd__dfrtp_2)
                                  2.39   data arrival time

                         10.00   10.00   clock CLK100MHZ (rise edge)
                          0.00   10.00   clock source latency
     1    0.02    0.06    0.04   10.04 ^ CLK100MHZ (in)
                                         CLK100MHZ (net)
                  0.06    0.00   10.04 ^ clkbuf_0_CLK100MHZ/A (sky130_fd_sc_hd__clkbuf_16)
     4    0.04    0.05    0.10   10.14 ^ clkbuf_0_CLK100MHZ/X (sky130_fd_sc_hd__clkbuf_16)
                                         clknet_0_CLK100MHZ (net)
                  0.05    0.00   10.14 ^ clkbuf_2_0__f_CLK100MHZ/A (sky130_fd_sc_hd__clkbuf_16)
     8    0.03    0.04    0.09   10.23 ^ clkbuf_2_0__f_CLK100MHZ/X (sky130_fd_sc_hd__clkbuf_16)
                                         clknet_2_0__leaf_CLK100MHZ (net)
                  0.04    0.00   10.23 ^ _255_/CLK (sky130_fd_sc_hd__dfrtp_2)
                         -0.25    9.98   clock uncertainty
                          0.00    9.98   clock reconvergence pessimism
                          0.13   10.11   library recovery time
                                 10.11   data required time
-----------------------------------------------------------------------------
                                 10.11   data required time
                                 -2.39   data arrival time
-----------------------------------------------------------------------------
                                  7.72   slack (MET)


Startpoint: BTNC (input port clocked by CLK100MHZ)
Endpoint: _247_ (recovery check against rising-edge clock CLK100MHZ)
Path Group: asynchronous
Path Type: max
Corner: Fastest

Fanout     Cap    Slew   Delay    Time   Description
-----------------------------------------------------------------------------
                          0.00    0.00   clock CLK100MHZ (rise edge)
                          0.00    0.00   clock network delay (propagated)
                          2.00    2.00 v input external delay
     2    0.02    0.03    0.02    2.02 v BTNC (in)
                                         BTNC (net)
                  0.03    0.00    2.02 v _214_/A (sky130_fd_sc_hd__buf_4)
    10    0.07    0.06    0.14    2.16 v _214_/X (sky130_fd_sc_hd__buf_4)
                                         _112_ (net)
                  0.06    0.00    2.16 v _215_/A (sky130_fd_sc_hd__buf_4)
    10    0.07    0.07    0.16    2.32 v _215_/X (sky130_fd_sc_hd__buf_4)
                                         _113_ (net)
                  0.07    0.00    2.32 v _217_/A (sky130_fd_sc_hd__inv_2)
     1    0.01    0.04    0.06    2.38 ^ _217_/Y (sky130_fd_sc_hd__inv_2)
                                         _026_ (net)
                  0.04    0.00    2.38 ^ _247_/RESET_B (sky130_fd_sc_hd__dfrtp_4)
                                  2.38   data arrival time

                         10.00   10.00   clock CLK100MHZ (rise edge)
                          0.00   10.00   clock source latency
     1    0.02    0.06    0.04   10.04 ^ CLK100MHZ (in)
                                         CLK100MHZ (net)
                  0.06    0.00   10.04 ^ clkbuf_0_CLK100MHZ/A (sky130_fd_sc_hd__clkbuf_16)
     4    0.04    0.05    0.10   10.14 ^ clkbuf_0_CLK100MHZ/X (sky130_fd_sc_hd__clkbuf_16)
                                         clknet_0_CLK100MHZ (net)
                  0.05    0.00   10.14 ^ clkbuf_2_3__f_CLK100MHZ/A (sky130_fd_sc_hd__clkbuf_16)
     8    0.03    0.04    0.09   10.23 ^ clkbuf_2_3__f_CLK100MHZ/X (sky130_fd_sc_hd__clkbuf_16)
                                         clknet_2_3__leaf_CLK100MHZ (net)
                  0.04    0.00   10.23 ^ _247_/CLK (sky130_fd_sc_hd__dfrtp_4)
                         -0.25    9.98   clock uncertainty
                          0.00    9.98   clock reconvergence pessimism
                          0.13   10.11   library recovery time
                                 10.11   data required time
-----------------------------------------------------------------------------
                                 10.11   data required time
                                 -2.38   data arrival time
-----------------------------------------------------------------------------
                                  7.73   slack (MET)


Startpoint: BTNC (input port clocked by CLK100MHZ)
Endpoint: _249_ (recovery check against rising-edge clock CLK100MHZ)
Path Group: asynchronous
Path Type: max
Corner: Fastest

Fanout     Cap    Slew   Delay    Time   Description
-----------------------------------------------------------------------------
                          0.00    0.00   clock CLK100MHZ (rise edge)
                          0.00    0.00   clock network delay (propagated)
                          2.00    2.00 v input external delay
     2    0.02    0.03    0.02    2.02 v BTNC (in)
                                         BTNC (net)
                  0.03    0.00    2.02 v _214_/A (sky130_fd_sc_hd__buf_4)
    10    0.07    0.06    0.14    2.16 v _214_/X (sky130_fd_sc_hd__buf_4)
                                         _112_ (net)
                  0.06    0.00    2.16 v _215_/A (sky130_fd_sc_hd__buf_4)
    10    0.07    0.07    0.16    2.32 v _215_/X (sky130_fd_sc_hd__buf_4)
                                         _113_ (net)
                  0.07    0.00    2.32 v _219_/A (sky130_fd_sc_hd__inv_2)
     1    0.01    0.04    0.05    2.38 ^ _219_/Y (sky130_fd_sc_hd__inv_2)
                                         _028_ (net)
                  0.04    0.00    2.38 ^ _249_/RESET_B (sky130_fd_sc_hd__dfrtp_4)
                                  2.38   data arrival time

                         10.00   10.00   clock CLK100MHZ (rise edge)
                          0.00   10.00   clock source latency
     1    0.02    0.06    0.04   10.04 ^ CLK100MHZ (in)
                                         CLK100MHZ (net)
                  0.06    0.00   10.04 ^ clkbuf_0_CLK100MHZ/A (sky130_fd_sc_hd__clkbuf_16)
     4    0.04    0.05    0.10   10.14 ^ clkbuf_0_CLK100MHZ/X (sky130_fd_sc_hd__clkbuf_16)
                                         clknet_0_CLK100MHZ (net)
                  0.05    0.00   10.14 ^ clkbuf_2_3__f_CLK100MHZ/A (sky130_fd_sc_hd__clkbuf_16)
     8    0.03    0.04    0.09   10.23 ^ clkbuf_2_3__f_CLK100MHZ/X (sky130_fd_sc_hd__clkbuf_16)
                                         clknet_2_3__leaf_CLK100MHZ (net)
                  0.04    0.00   10.23 ^ _249_/CLK (sky130_fd_sc_hd__dfrtp_4)
                         -0.25    9.98   clock uncertainty
                          0.00    9.98   clock reconvergence pessimism
                          0.13   10.11   library recovery time
                                 10.11   data required time
-----------------------------------------------------------------------------
                                 10.11   data required time
                                 -2.38   data arrival time
-----------------------------------------------------------------------------
                                  7.74   slack (MET)


Startpoint: BTNC (input port clocked by CLK100MHZ)
Endpoint: _246_ (recovery check against rising-edge clock CLK100MHZ)
Path Group: asynchronous
Path Type: max
Corner: Fastest

Fanout     Cap    Slew   Delay    Time   Description
-----------------------------------------------------------------------------
                          0.00    0.00   clock CLK100MHZ (rise edge)
                          0.00    0.00   clock network delay (propagated)
                          2.00    2.00 v input external delay
     2    0.02    0.03    0.02    2.02 v BTNC (in)
                                         BTNC (net)
                  0.03    0.00    2.02 v _214_/A (sky130_fd_sc_hd__buf_4)
    10    0.07    0.06    0.14    2.16 v _214_/X (sky130_fd_sc_hd__buf_4)
                                         _112_ (net)
                  0.06    0.00    2.16 v _215_/A (sky130_fd_sc_hd__buf_4)
    10    0.07    0.07    0.16    2.32 v _215_/X (sky130_fd_sc_hd__buf_4)
                                         _113_ (net)
                  0.07    0.00    2.32 v _216_/A (sky130_fd_sc_hd__inv_2)
     1    0.01    0.03    0.05    2.37 ^ _216_/Y (sky130_fd_sc_hd__inv_2)
                                         _025_ (net)
                  0.03    0.00    2.37 ^ _246_/RESET_B (sky130_fd_sc_hd__dfrtp_4)
                                  2.37   data arrival time

                         10.00   10.00   clock CLK100MHZ (rise edge)
                          0.00   10.00   clock source latency
     1    0.02    0.06    0.04   10.04 ^ CLK100MHZ (in)
                                         CLK100MHZ (net)
                  0.06    0.00   10.04 ^ clkbuf_0_CLK100MHZ/A (sky130_fd_sc_hd__clkbuf_16)
     4    0.04    0.05    0.10   10.14 ^ clkbuf_0_CLK100MHZ/X (sky130_fd_sc_hd__clkbuf_16)
                                         clknet_0_CLK100MHZ (net)
                  0.05    0.00   10.14 ^ clkbuf_2_1__f_CLK100MHZ/A (sky130_fd_sc_hd__clkbuf_16)
     8    0.02    0.03    0.09   10.23 ^ clkbuf_2_1__f_CLK100MHZ/X (sky130_fd_sc_hd__clkbuf_16)
                                         clknet_2_1__leaf_CLK100MHZ (net)
                  0.03    0.00   10.23 ^ _246_/CLK (sky130_fd_sc_hd__dfrtp_4)
                         -0.25    9.98   clock uncertainty
                          0.00    9.98   clock reconvergence pessimism
                          0.13   10.11   library recovery time
                                 10.11   data required time
-----------------------------------------------------------------------------
                                 10.11   data required time
                                 -2.37   data arrival time
-----------------------------------------------------------------------------
                                  7.74   slack (MET)


Startpoint: BTNC (input port clocked by CLK100MHZ)
Endpoint: _251_ (recovery check against rising-edge clock CLK100MHZ)
Path Group: asynchronous
Path Type: max
Corner: Fastest

Fanout     Cap    Slew   Delay    Time   Description
-----------------------------------------------------------------------------
                          0.00    0.00   clock CLK100MHZ (rise edge)
                          0.00    0.00   clock network delay (propagated)
                          2.00    2.00 v input external delay
     2    0.02    0.03    0.02    2.02 v BTNC (in)
                                         BTNC (net)
                  0.03    0.00    2.02 v _214_/A (sky130_fd_sc_hd__buf_4)
    10    0.07    0.06    0.14    2.16 v _214_/X (sky130_fd_sc_hd__buf_4)
                                         _112_ (net)
                  0.06    0.00    2.16 v _215_/A (sky130_fd_sc_hd__buf_4)
    10    0.07    0.07    0.16    2.32 v _215_/X (sky130_fd_sc_hd__buf_4)
                                         _113_ (net)
                  0.07    0.00    2.32 v _221_/A (sky130_fd_sc_hd__inv_2)
     1    0.01    0.04    0.06    2.38 ^ _221_/Y (sky130_fd_sc_hd__inv_2)
                                         _030_ (net)
                  0.04    0.00    2.38 ^ _251_/RESET_B (sky130_fd_sc_hd__dfrtp_2)
                                  2.38   data arrival time

                         10.00   10.00   clock CLK100MHZ (rise edge)
                          0.00   10.00   clock source latency
     1    0.02    0.06    0.04   10.04 ^ CLK100MHZ (in)
                                         CLK100MHZ (net)
                  0.06    0.00   10.04 ^ clkbuf_0_CLK100MHZ/A (sky130_fd_sc_hd__clkbuf_16)
     4    0.04    0.05    0.10   10.14 ^ clkbuf_0_CLK100MHZ/X (sky130_fd_sc_hd__clkbuf_16)
                                         clknet_0_CLK100MHZ (net)
                  0.05    0.00   10.14 ^ clkbuf_2_2__f_CLK100MHZ/A (sky130_fd_sc_hd__clkbuf_16)
     8    0.03    0.04    0.09   10.24 ^ clkbuf_2_2__f_CLK100MHZ/X (sky130_fd_sc_hd__clkbuf_16)
                                         clknet_2_2__leaf_CLK100MHZ (net)
                  0.04    0.00   10.24 ^ _251_/CLK (sky130_fd_sc_hd__dfrtp_2)
                         -0.25    9.99   clock uncertainty
                          0.00    9.99   clock reconvergence pessimism
                          0.13   10.12   library recovery time
                                 10.12   data required time
-----------------------------------------------------------------------------
                                 10.12   data required time
                                 -2.38   data arrival time
-----------------------------------------------------------------------------
                                  7.74   slack (MET)


Startpoint: BTNC (input port clocked by CLK100MHZ)
Endpoint: _253_ (recovery check against rising-edge clock CLK100MHZ)
Path Group: asynchronous
Path Type: max
Corner: Fastest

Fanout     Cap    Slew   Delay    Time   Description
-----------------------------------------------------------------------------
                          0.00    0.00   clock CLK100MHZ (rise edge)
                          0.00    0.00   clock network delay (propagated)
                          2.00    2.00 v input external delay
     2    0.02    0.03    0.02    2.02 v BTNC (in)
                                         BTNC (net)
                  0.03    0.00    2.02 v _214_/A (sky130_fd_sc_hd__buf_4)
    10    0.07    0.06    0.14    2.16 v _214_/X (sky130_fd_sc_hd__buf_4)
                                         _112_ (net)
                  0.06    0.00    2.16 v _215_/A (sky130_fd_sc_hd__buf_4)
    10    0.07    0.07    0.16    2.32 v _215_/X (sky130_fd_sc_hd__buf_4)
                                         _113_ (net)
                  0.07    0.00    2.32 v _223_/A (sky130_fd_sc_hd__inv_2)
     1    0.01    0.04    0.06    2.38 ^ _223_/Y (sky130_fd_sc_hd__inv_2)
                                         _032_ (net)
                  0.04    0.00    2.38 ^ _253_/RESET_B (sky130_fd_sc_hd__dfrtp_1)
                                  2.38   data arrival time

                         10.00   10.00   clock CLK100MHZ (rise edge)
                          0.00   10.00   clock source latency
     1    0.02    0.06    0.04   10.04 ^ CLK100MHZ (in)
                                         CLK100MHZ (net)
                  0.06    0.00   10.04 ^ clkbuf_0_CLK100MHZ/A (sky130_fd_sc_hd__clkbuf_16)
     4    0.04    0.05    0.10   10.14 ^ clkbuf_0_CLK100MHZ/X (sky130_fd_sc_hd__clkbuf_16)
                                         clknet_0_CLK100MHZ (net)
                  0.05    0.00   10.14 ^ clkbuf_2_2__f_CLK100MHZ/A (sky130_fd_sc_hd__clkbuf_16)
     8    0.03    0.04    0.09   10.24 ^ clkbuf_2_2__f_CLK100MHZ/X (sky130_fd_sc_hd__clkbuf_16)
                                         clknet_2_2__leaf_CLK100MHZ (net)
                  0.04    0.00   10.24 ^ _253_/CLK (sky130_fd_sc_hd__dfrtp_1)
                         -0.25    9.99   clock uncertainty
                          0.00    9.99   clock reconvergence pessimism
                          0.14   10.13   library recovery time
                                 10.13   data required time
-----------------------------------------------------------------------------
                                 10.13   data required time
                                 -2.38   data arrival time
-----------------------------------------------------------------------------
                                  7.75   slack (MET)


Startpoint: BTNC (input port clocked by CLK100MHZ)
Endpoint: _265_ (recovery check against rising-edge clock CLK100MHZ)
Path Group: asynchronous
Path Type: max
Corner: Fastest

Fanout     Cap    Slew   Delay    Time   Description
-----------------------------------------------------------------------------
                          0.00    0.00   clock CLK100MHZ (rise edge)
                          0.00    0.00   clock network delay (propagated)
                          2.00    2.00 v input external delay
     2    0.02    0.03    0.02    2.02 v BTNC (in)
                                         BTNC (net)
                  0.03    0.00    2.02 v _226_/A (sky130_fd_sc_hd__buf_4)
    10    0.08    0.07    0.15    2.17 v _226_/X (sky130_fd_sc_hd__buf_4)
                                         _114_ (net)
                  0.07    0.00    2.17 v _236_/A (sky130_fd_sc_hd__inv_2)
     1    0.02    0.06    0.08    2.25 ^ _236_/Y (sky130_fd_sc_hd__inv_2)
                                         _044_ (net)
                  0.06    0.00    2.25 ^ _265_/RESET_B (sky130_fd_sc_hd__dfrtp_1)
                                  2.25   data arrival time

                         10.00   10.00   clock CLK100MHZ (rise edge)
                          0.00   10.00   clock source latency
     1    0.02    0.06    0.04   10.04 ^ CLK100MHZ (in)
                                         CLK100MHZ (net)
                  0.06    0.00   10.04 ^ clkbuf_0_CLK100MHZ/A (sky130_fd_sc_hd__clkbuf_16)
     4    0.04    0.05    0.10   10.14 ^ clkbuf_0_CLK100MHZ/X (sky130_fd_sc_hd__clkbuf_16)
                                         clknet_0_CLK100MHZ (net)
                  0.05    0.00   10.14 ^ clkbuf_2_1__f_CLK100MHZ/A (sky130_fd_sc_hd__clkbuf_16)
     8    0.02    0.03    0.09   10.23 ^ clkbuf_2_1__f_CLK100MHZ/X (sky130_fd_sc_hd__clkbuf_16)
                                         clknet_2_1__leaf_CLK100MHZ (net)
                  0.03    0.00   10.23 ^ _265_/CLK (sky130_fd_sc_hd__dfrtp_1)
                         -0.25    9.98   clock uncertainty
                          0.00    9.98   clock reconvergence pessimism
                          0.14   10.12   library recovery time
                                 10.12   data required time
-----------------------------------------------------------------------------
                                 10.12   data required time
                                 -2.25   data arrival time
-----------------------------------------------------------------------------
                                  7.86   slack (MET)


Startpoint: BTNC (input port clocked by CLK100MHZ)
Endpoint: _258_ (recovery check against rising-edge clock CLK100MHZ)
Path Group: asynchronous
Path Type: max
Corner: Fastest

Fanout     Cap    Slew   Delay    Time   Description
-----------------------------------------------------------------------------
                          0.00    0.00   clock CLK100MHZ (rise edge)
                          0.00    0.00   clock network delay (propagated)
                          2.00    2.00 v input external delay
     2    0.02    0.03    0.02    2.02 v BTNC (in)
                                         BTNC (net)
                  0.03    0.00    2.02 v _226_/A (sky130_fd_sc_hd__buf_4)
    10    0.08    0.07    0.15    2.17 v _226_/X (sky130_fd_sc_hd__buf_4)
                                         _114_ (net)
                  0.07    0.00    2.17 v _229_/A (sky130_fd_sc_hd__inv_2)
     1    0.01    0.05    0.07    2.24 ^ _229_/Y (sky130_fd_sc_hd__inv_2)
                                         _037_ (net)
                  0.05    0.00    2.24 ^ _258_/RESET_B (sky130_fd_sc_hd__dfrtp_4)
                                  2.24   data arrival time

                         10.00   10.00   clock CLK100MHZ (rise edge)
                          0.00   10.00   clock source latency
     1    0.02    0.06    0.04   10.04 ^ CLK100MHZ (in)
                                         CLK100MHZ (net)
                  0.06    0.00   10.04 ^ clkbuf_0_CLK100MHZ/A (sky130_fd_sc_hd__clkbuf_16)
     4    0.04    0.05    0.10   10.14 ^ clkbuf_0_CLK100MHZ/X (sky130_fd_sc_hd__clkbuf_16)
                                         clknet_0_CLK100MHZ (net)
                  0.05    0.00   10.14 ^ clkbuf_2_3__f_CLK100MHZ/A (sky130_fd_sc_hd__clkbuf_16)
     8    0.03    0.04    0.09   10.23 ^ clkbuf_2_3__f_CLK100MHZ/X (sky130_fd_sc_hd__clkbuf_16)
                                         clknet_2_3__leaf_CLK100MHZ (net)
                  0.04    0.00   10.23 ^ _258_/CLK (sky130_fd_sc_hd__dfrtp_4)
                         -0.25    9.98   clock uncertainty
                          0.00    9.98   clock reconvergence pessimism
                          0.13   10.11   library recovery time
                                 10.11   data required time
-----------------------------------------------------------------------------
                                 10.11   data required time
                                 -2.24   data arrival time
-----------------------------------------------------------------------------
                                  7.87   slack (MET)


Startpoint: BTNC (input port clocked by CLK100MHZ)
Endpoint: _260_ (recovery check against rising-edge clock CLK100MHZ)
Path Group: asynchronous
Path Type: max
Corner: Fastest

Fanout     Cap    Slew   Delay    Time   Description
-----------------------------------------------------------------------------
                          0.00    0.00   clock CLK100MHZ (rise edge)
                          0.00    0.00   clock network delay (propagated)
                          2.00    2.00 v input external delay
     2    0.02    0.03    0.02    2.02 v BTNC (in)
                                         BTNC (net)
                  0.03    0.00    2.02 v _226_/A (sky130_fd_sc_hd__buf_4)
    10    0.08    0.07    0.15    2.17 v _226_/X (sky130_fd_sc_hd__buf_4)
                                         _114_ (net)
                  0.07    0.00    2.17 v _231_/A (sky130_fd_sc_hd__inv_2)
     1    0.02    0.06    0.08    2.25 ^ _231_/Y (sky130_fd_sc_hd__inv_2)
                                         _039_ (net)
                  0.06    0.00    2.25 ^ _260_/RESET_B (sky130_fd_sc_hd__dfrtp_1)
                                  2.25   data arrival time

                         10.00   10.00   clock CLK100MHZ (rise edge)
                          0.00   10.00   clock source latency
     1    0.02    0.06    0.04   10.04 ^ CLK100MHZ (in)
                                         CLK100MHZ (net)
                  0.06    0.00   10.04 ^ clkbuf_0_CLK100MHZ/A (sky130_fd_sc_hd__clkbuf_16)
     4    0.04    0.05    0.10   10.14 ^ clkbuf_0_CLK100MHZ/X (sky130_fd_sc_hd__clkbuf_16)
                                         clknet_0_CLK100MHZ (net)
                  0.05    0.00   10.14 ^ clkbuf_2_1__f_CLK100MHZ/A (sky130_fd_sc_hd__clkbuf_16)
     8    0.02    0.03    0.09   10.23 ^ clkbuf_2_1__f_CLK100MHZ/X (sky130_fd_sc_hd__clkbuf_16)
                                         clknet_2_1__leaf_CLK100MHZ (net)
                  0.03    0.00   10.23 ^ _260_/CLK (sky130_fd_sc_hd__dfrtp_1)
                         -0.25    9.98   clock uncertainty
                          0.00    9.98   clock reconvergence pessimism
                          0.14   10.12   library recovery time
                                 10.12   data required time
-----------------------------------------------------------------------------
                                 10.12   data required time
                                 -2.25   data arrival time
-----------------------------------------------------------------------------
                                  7.87   slack (MET)


Startpoint: BTNC (input port clocked by CLK100MHZ)
Endpoint: _262_ (recovery check against rising-edge clock CLK100MHZ)
Path Group: asynchronous
Path Type: max
Corner: Fastest

Fanout     Cap    Slew   Delay    Time   Description
-----------------------------------------------------------------------------
                          0.00    0.00   clock CLK100MHZ (rise edge)
                          0.00    0.00   clock network delay (propagated)
                          2.00    2.00 v input external delay
     2    0.02    0.03    0.02    2.02 v BTNC (in)
                                         BTNC (net)
                  0.03    0.00    2.02 v _226_/A (sky130_fd_sc_hd__buf_4)
    10    0.08    0.07    0.15    2.17 v _226_/X (sky130_fd_sc_hd__buf_4)
                                         _114_ (net)
                  0.07    0.00    2.17 v _233_/A (sky130_fd_sc_hd__inv_2)
     1    0.01    0.05    0.07    2.24 ^ _233_/Y (sky130_fd_sc_hd__inv_2)
                                         _041_ (net)
                  0.05    0.00    2.24 ^ _262_/RESET_B (sky130_fd_sc_hd__dfrtp_2)
                                  2.24   data arrival time

                         10.00   10.00   clock CLK100MHZ (rise edge)
                          0.00   10.00   clock source latency
     1    0.02    0.06    0.04   10.04 ^ CLK100MHZ (in)
                                         CLK100MHZ (net)
                  0.06    0.00   10.04 ^ clkbuf_0_CLK100MHZ/A (sky130_fd_sc_hd__clkbuf_16)
     4    0.04    0.05    0.10   10.14 ^ clkbuf_0_CLK100MHZ/X (sky130_fd_sc_hd__clkbuf_16)
                                         clknet_0_CLK100MHZ (net)
                  0.05    0.00   10.14 ^ clkbuf_2_2__f_CLK100MHZ/A (sky130_fd_sc_hd__clkbuf_16)
     8    0.03    0.04    0.09   10.24 ^ clkbuf_2_2__f_CLK100MHZ/X (sky130_fd_sc_hd__clkbuf_16)
                                         clknet_2_2__leaf_CLK100MHZ (net)
                  0.04    0.00   10.24 ^ _262_/CLK (sky130_fd_sc_hd__dfrtp_2)
                         -0.25    9.99   clock uncertainty
                          0.00    9.99   clock reconvergence pessimism
                          0.13   10.11   library recovery time
                                 10.11   data required time
-----------------------------------------------------------------------------
                                 10.11   data required time
                                 -2.24   data arrival time
-----------------------------------------------------------------------------
                                  7.87   slack (MET)


Startpoint: BTNC (input port clocked by CLK100MHZ)
Endpoint: _266_ (recovery check against rising-edge clock CLK100MHZ)
Path Group: asynchronous
Path Type: max
Corner: Fastest

Fanout     Cap    Slew   Delay    Time   Description
-----------------------------------------------------------------------------
                          0.00    0.00   clock CLK100MHZ (rise edge)
                          0.00    0.00   clock network delay (propagated)
                          2.00    2.00 v input external delay
     2    0.02    0.03    0.02    2.02 v BTNC (in)
                                         BTNC (net)
                  0.03    0.00    2.02 v _214_/A (sky130_fd_sc_hd__buf_4)
    10    0.07    0.06    0.14    2.16 v _214_/X (sky130_fd_sc_hd__buf_4)
                                         _112_ (net)
                  0.06    0.00    2.16 v _237_/A (sky130_fd_sc_hd__inv_2)
     1    0.02    0.06    0.08    2.24 ^ _237_/Y (sky130_fd_sc_hd__inv_2)
                                         _045_ (net)
                  0.06    0.00    2.24 ^ _266_/RESET_B (sky130_fd_sc_hd__dfrtp_2)
                                  2.24   data arrival time

                         10.00   10.00   clock CLK100MHZ (rise edge)
                          0.00   10.00   clock source latency
     1    0.02    0.06    0.04   10.04 ^ CLK100MHZ (in)
                                         CLK100MHZ (net)
                  0.06    0.00   10.04 ^ clkbuf_0_CLK100MHZ/A (sky130_fd_sc_hd__clkbuf_16)
     4    0.04    0.05    0.10   10.14 ^ clkbuf_0_CLK100MHZ/X (sky130_fd_sc_hd__clkbuf_16)
                                         clknet_0_CLK100MHZ (net)
                  0.05    0.00   10.14 ^ clkbuf_2_0__f_CLK100MHZ/A (sky130_fd_sc_hd__clkbuf_16)
     8    0.03    0.04    0.09   10.23 ^ clkbuf_2_0__f_CLK100MHZ/X (sky130_fd_sc_hd__clkbuf_16)
                                         clknet_2_0__leaf_CLK100MHZ (net)
                  0.04    0.00   10.23 ^ _266_/CLK (sky130_fd_sc_hd__dfrtp_2)
                         -0.25    9.98   clock uncertainty
                          0.00    9.98   clock reconvergence pessimism
                          0.13   10.11   library recovery time
                                 10.11   data required time
-----------------------------------------------------------------------------
                                 10.11   data required time
                                 -2.24   data arrival time
-----------------------------------------------------------------------------
                                  7.87   slack (MET)


Startpoint: BTNC (input port clocked by CLK100MHZ)
Endpoint: _269_ (recovery check against rising-edge clock CLK100MHZ)
Path Group: asynchronous
Path Type: max
Corner: Fastest

Fanout     Cap    Slew   Delay    Time   Description
-----------------------------------------------------------------------------
                          0.00    0.00   clock CLK100MHZ (rise edge)
                          0.00    0.00   clock network delay (propagated)
                          2.00    2.00 v input external delay
     2    0.02    0.03    0.02    2.02 v BTNC (in)
                                         BTNC (net)
                  0.03    0.00    2.02 v _214_/A (sky130_fd_sc_hd__buf_4)
    10    0.07    0.06    0.14    2.16 v _214_/X (sky130_fd_sc_hd__buf_4)
                                         _112_ (net)
                  0.06    0.00    2.16 v _240_/A (sky130_fd_sc_hd__inv_2)
     1    0.02    0.07    0.08    2.24 ^ _240_/Y (sky130_fd_sc_hd__inv_2)
                                         _048_ (net)
                  0.07    0.00    2.25 ^ _269_/RESET_B (sky130_fd_sc_hd__dfrtp_1)
                                  2.25   data arrival time

                         10.00   10.00   clock CLK100MHZ (rise edge)
                          0.00   10.00   clock source latency
     1    0.02    0.06    0.04   10.04 ^ CLK100MHZ (in)
                                         CLK100MHZ (net)
                  0.06    0.00   10.04 ^ clkbuf_0_CLK100MHZ/A (sky130_fd_sc_hd__clkbuf_16)
     4    0.04    0.05    0.10   10.14 ^ clkbuf_0_CLK100MHZ/X (sky130_fd_sc_hd__clkbuf_16)
                                         clknet_0_CLK100MHZ (net)
                  0.05    0.00   10.14 ^ clkbuf_2_2__f_CLK100MHZ/A (sky130_fd_sc_hd__clkbuf_16)
     8    0.03    0.04    0.09   10.24 ^ clkbuf_2_2__f_CLK100MHZ/X (sky130_fd_sc_hd__clkbuf_16)
                                         clknet_2_2__leaf_CLK100MHZ (net)
                  0.04    0.00   10.24 ^ _269_/CLK (sky130_fd_sc_hd__dfrtp_1)
                         -0.25    9.99   clock uncertainty
                          0.00    9.99   clock reconvergence pessimism
                          0.14   10.12   library recovery time
                                 10.12   data required time
-----------------------------------------------------------------------------
                                 10.12   data required time
                                 -2.25   data arrival time
-----------------------------------------------------------------------------
                                  7.88   slack (MET)


Startpoint: BTNC (input port clocked by CLK100MHZ)
Endpoint: _263_ (recovery check against rising-edge clock CLK100MHZ)
Path Group: asynchronous
Path Type: max
Corner: Fastest

Fanout     Cap    Slew   Delay    Time   Description
-----------------------------------------------------------------------------
                          0.00    0.00   clock CLK100MHZ (rise edge)
                          0.00    0.00   clock network delay (propagated)
                          2.00    2.00 v input external delay
     2    0.02    0.03    0.02    2.02 v BTNC (in)
                                         BTNC (net)
                  0.03    0.00    2.02 v _226_/A (sky130_fd_sc_hd__buf_4)
    10    0.08    0.07    0.15    2.17 v _226_/X (sky130_fd_sc_hd__buf_4)
                                         _114_ (net)
                  0.07    0.00    2.17 v _234_/A (sky130_fd_sc_hd__inv_2)
     1    0.01    0.05    0.07    2.24 ^ _234_/Y (sky130_fd_sc_hd__inv_2)
                                         _042_ (net)
                  0.05    0.00    2.24 ^ _263_/RESET_B (sky130_fd_sc_hd__dfrtp_1)
                                  2.24   data arrival time

                         10.00   10.00   clock CLK100MHZ (rise edge)
                          0.00   10.00   clock source latency
     1    0.02    0.06    0.04   10.04 ^ CLK100MHZ (in)
                                         CLK100MHZ (net)
                  0.06    0.00   10.04 ^ clkbuf_0_CLK100MHZ/A (sky130_fd_sc_hd__clkbuf_16)
     4    0.04    0.05    0.10   10.14 ^ clkbuf_0_CLK100MHZ/X (sky130_fd_sc_hd__clkbuf_16)
                                         clknet_0_CLK100MHZ (net)
                  0.05    0.00   10.14 ^ clkbuf_2_2__f_CLK100MHZ/A (sky130_fd_sc_hd__clkbuf_16)
     8    0.03    0.04    0.09   10.24 ^ clkbuf_2_2__f_CLK100MHZ/X (sky130_fd_sc_hd__clkbuf_16)
                                         clknet_2_2__leaf_CLK100MHZ (net)
                  0.04    0.00   10.24 ^ _263_/CLK (sky130_fd_sc_hd__dfrtp_1)
                         -0.25    9.99   clock uncertainty
                          0.00    9.99   clock reconvergence pessimism
                          0.14   10.13   library recovery time
                                 10.13   data required time
-----------------------------------------------------------------------------
                                 10.13   data required time
                                 -2.24   data arrival time
-----------------------------------------------------------------------------
                                  7.89   slack (MET)


Startpoint: BTNC (input port clocked by CLK100MHZ)
Endpoint: _256_ (recovery check against rising-edge clock CLK100MHZ)
Path Group: asynchronous
Path Type: max
Corner: Fastest

Fanout     Cap    Slew   Delay    Time   Description
-----------------------------------------------------------------------------
                          0.00    0.00   clock CLK100MHZ (rise edge)
                          0.00    0.00   clock network delay (propagated)
                          2.00    2.00 v input external delay
     2    0.02    0.03    0.02    2.02 v BTNC (in)
                                         BTNC (net)
                  0.03    0.00    2.02 v _226_/A (sky130_fd_sc_hd__buf_4)
    10    0.08    0.07    0.15    2.17 v _226_/X (sky130_fd_sc_hd__buf_4)
                                         _114_ (net)
                  0.07    0.00    2.17 v _227_/A (sky130_fd_sc_hd__inv_2)
     1    0.01    0.04    0.06    2.23 ^ _227_/Y (sky130_fd_sc_hd__inv_2)
                                         _035_ (net)
                  0.04    0.00    2.23 ^ _256_/RESET_B (sky130_fd_sc_hd__dfrtp_4)
                                  2.23   data arrival time

                         10.00   10.00   clock CLK100MHZ (rise edge)
                          0.00   10.00   clock source latency
     1    0.02    0.06    0.04   10.04 ^ CLK100MHZ (in)
                                         CLK100MHZ (net)
                  0.06    0.00   10.04 ^ clkbuf_0_CLK100MHZ/A (sky130_fd_sc_hd__clkbuf_16)
     4    0.04    0.05    0.10   10.14 ^ clkbuf_0_CLK100MHZ/X (sky130_fd_sc_hd__clkbuf_16)
                                         clknet_0_CLK100MHZ (net)
                  0.05    0.00   10.14 ^ clkbuf_2_0__f_CLK100MHZ/A (sky130_fd_sc_hd__clkbuf_16)
     8    0.03    0.04    0.09   10.23 ^ clkbuf_2_0__f_CLK100MHZ/X (sky130_fd_sc_hd__clkbuf_16)
                                         clknet_2_0__leaf_CLK100MHZ (net)
                  0.04    0.00   10.23 ^ _256_/CLK (sky130_fd_sc_hd__dfrtp_4)
                         -0.25    9.98   clock uncertainty
                          0.00    9.98   clock reconvergence pessimism
                          0.13   10.11   library recovery time
                                 10.11   data required time
-----------------------------------------------------------------------------
                                 10.11   data required time
                                 -2.23   data arrival time
-----------------------------------------------------------------------------
                                  7.89   slack (MET)


Startpoint: BTNC (input port clocked by CLK100MHZ)
Endpoint: _257_ (recovery check against rising-edge clock CLK100MHZ)
Path Group: asynchronous
Path Type: max
Corner: Fastest

Fanout     Cap    Slew   Delay    Time   Description
-----------------------------------------------------------------------------
                          0.00    0.00   clock CLK100MHZ (rise edge)
                          0.00    0.00   clock network delay (propagated)
                          2.00    2.00 v input external delay
     2    0.02    0.03    0.02    2.02 v BTNC (in)
                                         BTNC (net)
                  0.03    0.00    2.02 v _226_/A (sky130_fd_sc_hd__buf_4)
    10    0.08    0.07    0.15    2.17 v _226_/X (sky130_fd_sc_hd__buf_4)
                                         _114_ (net)
                  0.07    0.00    2.17 v _228_/A (sky130_fd_sc_hd__inv_2)
     1    0.01    0.04    0.06    2.23 ^ _228_/Y (sky130_fd_sc_hd__inv_2)
                                         _036_ (net)
                  0.04    0.00    2.24 ^ _257_/RESET_B (sky130_fd_sc_hd__dfrtp_1)
                                  2.24   data arrival time

                         10.00   10.00   clock CLK100MHZ (rise edge)
                          0.00   10.00   clock source latency
     1    0.02    0.06    0.04   10.04 ^ CLK100MHZ (in)
                                         CLK100MHZ (net)
                  0.06    0.00   10.04 ^ clkbuf_0_CLK100MHZ/A (sky130_fd_sc_hd__clkbuf_16)
     4    0.04    0.05    0.10   10.14 ^ clkbuf_0_CLK100MHZ/X (sky130_fd_sc_hd__clkbuf_16)
                                         clknet_0_CLK100MHZ (net)
                  0.05    0.00   10.14 ^ clkbuf_2_3__f_CLK100MHZ/A (sky130_fd_sc_hd__clkbuf_16)
     8    0.03    0.04    0.09   10.23 ^ clkbuf_2_3__f_CLK100MHZ/X (sky130_fd_sc_hd__clkbuf_16)
                                         clknet_2_3__leaf_CLK100MHZ (net)
                  0.04    0.00   10.23 ^ _257_/CLK (sky130_fd_sc_hd__dfrtp_1)
                         -0.25    9.98   clock uncertainty
                          0.00    9.98   clock reconvergence pessimism
                          0.14   10.13   library recovery time
                                 10.13   data required time
-----------------------------------------------------------------------------
                                 10.13   data required time
                                 -2.24   data arrival time
-----------------------------------------------------------------------------
                                  7.89   slack (MET)


Startpoint: BTNC (input port clocked by CLK100MHZ)
Endpoint: _259_ (recovery check against rising-edge clock CLK100MHZ)
Path Group: asynchronous
Path Type: max
Corner: Fastest

Fanout     Cap    Slew   Delay    Time   Description
-----------------------------------------------------------------------------
                          0.00    0.00   clock CLK100MHZ (rise edge)
                          0.00    0.00   clock network delay (propagated)
                          2.00    2.00 v input external delay
     2    0.02    0.03    0.02    2.02 v BTNC (in)
                                         BTNC (net)
                  0.03    0.00    2.02 v _226_/A (sky130_fd_sc_hd__buf_4)
    10    0.08    0.07    0.15    2.17 v _226_/X (sky130_fd_sc_hd__buf_4)
                                         _114_ (net)
                  0.07    0.00    2.17 v _230_/A (sky130_fd_sc_hd__inv_2)
     1    0.01    0.03    0.05    2.22 ^ _230_/Y (sky130_fd_sc_hd__inv_2)
                                         _038_ (net)
                  0.03    0.00    2.22 ^ _259_/RESET_B (sky130_fd_sc_hd__dfrtp_2)
                                  2.22   data arrival time

                         10.00   10.00   clock CLK100MHZ (rise edge)
                          0.00   10.00   clock source latency
     1    0.02    0.06    0.04   10.04 ^ CLK100MHZ (in)
                                         CLK100MHZ (net)
                  0.06    0.00   10.04 ^ clkbuf_0_CLK100MHZ/A (sky130_fd_sc_hd__clkbuf_16)
     4    0.04    0.05    0.10   10.14 ^ clkbuf_0_CLK100MHZ/X (sky130_fd_sc_hd__clkbuf_16)
                                         clknet_0_CLK100MHZ (net)
                  0.05    0.00   10.14 ^ clkbuf_2_1__f_CLK100MHZ/A (sky130_fd_sc_hd__clkbuf_16)
     8    0.02    0.03    0.09   10.23 ^ clkbuf_2_1__f_CLK100MHZ/X (sky130_fd_sc_hd__clkbuf_16)
                                         clknet_2_1__leaf_CLK100MHZ (net)
                  0.03    0.00   10.23 ^ _259_/CLK (sky130_fd_sc_hd__dfrtp_2)
                         -0.25    9.98   clock uncertainty
                          0.00    9.98   clock reconvergence pessimism
                          0.13   10.11   library recovery time
                                 10.11   data required time
-----------------------------------------------------------------------------
                                 10.11   data required time
                                 -2.22   data arrival time
-----------------------------------------------------------------------------
                                  7.89   slack (MET)


Startpoint: BTNC (input port clocked by CLK100MHZ)
Endpoint: _274_ (recovery check against rising-edge clock CLK100MHZ)
Path Group: asynchronous
Path Type: max
Corner: Fastest

Fanout     Cap    Slew   Delay    Time   Description
-----------------------------------------------------------------------------
                          0.00    0.00   clock CLK100MHZ (rise edge)
                          0.00    0.00   clock network delay (propagated)
                          2.00    2.00 v input external delay
     2    0.02    0.03    0.02    2.02 v BTNC (in)
                                         BTNC (net)
                  0.03    0.00    2.02 v _214_/A (sky130_fd_sc_hd__buf_4)
    10    0.07    0.06    0.14    2.16 v _214_/X (sky130_fd_sc_hd__buf_4)
                                         _112_ (net)
                  0.06    0.00    2.16 v _245_/A (sky130_fd_sc_hd__inv_2)
     1    0.01    0.04    0.06    2.22 ^ _245_/Y (sky130_fd_sc_hd__inv_2)
                                         _053_ (net)
                  0.04    0.00    2.22 ^ _274_/RESET_B (sky130_fd_sc_hd__dfrtp_2)
                                  2.22   data arrival time

                         10.00   10.00   clock CLK100MHZ (rise edge)
                          0.00   10.00   clock source latency
     1    0.02    0.06    0.04   10.04 ^ CLK100MHZ (in)
                                         CLK100MHZ (net)
                  0.06    0.00   10.04 ^ clkbuf_0_CLK100MHZ/A (sky130_fd_sc_hd__clkbuf_16)
     4    0.04    0.05    0.10   10.14 ^ clkbuf_0_CLK100MHZ/X (sky130_fd_sc_hd__clkbuf_16)
                                         clknet_0_CLK100MHZ (net)
                  0.05    0.00   10.14 ^ clkbuf_2_3__f_CLK100MHZ/A (sky130_fd_sc_hd__clkbuf_16)
     8    0.03    0.04    0.09   10.23 ^ clkbuf_2_3__f_CLK100MHZ/X (sky130_fd_sc_hd__clkbuf_16)
                                         clknet_2_3__leaf_CLK100MHZ (net)
                  0.04    0.00   10.23 ^ _274_/CLK (sky130_fd_sc_hd__dfrtp_2)
                         -0.25    9.98   clock uncertainty
                          0.00    9.98   clock reconvergence pessimism
                          0.13   10.12   library recovery time
                                 10.12   data required time
-----------------------------------------------------------------------------
                                 10.12   data required time
                                 -2.22   data arrival time
-----------------------------------------------------------------------------
                                  7.89   slack (MET)


Startpoint: BTNC (input port clocked by CLK100MHZ)
Endpoint: _264_ (recovery check against rising-edge clock CLK100MHZ)
Path Group: asynchronous
Path Type: max
Corner: Fastest

Fanout     Cap    Slew   Delay    Time   Description
-----------------------------------------------------------------------------
                          0.00    0.00   clock CLK100MHZ (rise edge)
                          0.00    0.00   clock network delay (propagated)
                          2.00    2.00 v input external delay
     2    0.02    0.03    0.02    2.02 v BTNC (in)
                                         BTNC (net)
                  0.03    0.00    2.02 v _226_/A (sky130_fd_sc_hd__buf_4)
    10    0.08    0.07    0.15    2.17 v _226_/X (sky130_fd_sc_hd__buf_4)
                                         _114_ (net)
                  0.07    0.00    2.17 v _235_/A (sky130_fd_sc_hd__inv_2)
     1    0.01    0.04    0.06    2.23 ^ _235_/Y (sky130_fd_sc_hd__inv_2)
                                         _043_ (net)
                  0.04    0.00    2.23 ^ _264_/RESET_B (sky130_fd_sc_hd__dfrtp_1)
                                  2.23   data arrival time

                         10.00   10.00   clock CLK100MHZ (rise edge)
                          0.00   10.00   clock source latency
     1    0.02    0.06    0.04   10.04 ^ CLK100MHZ (in)
                                         CLK100MHZ (net)
                  0.06    0.00   10.04 ^ clkbuf_0_CLK100MHZ/A (sky130_fd_sc_hd__clkbuf_16)
     4    0.04    0.05    0.10   10.14 ^ clkbuf_0_CLK100MHZ/X (sky130_fd_sc_hd__clkbuf_16)
                                         clknet_0_CLK100MHZ (net)
                  0.05    0.00   10.14 ^ clkbuf_2_0__f_CLK100MHZ/A (sky130_fd_sc_hd__clkbuf_16)
     8    0.03    0.04    0.09   10.23 ^ clkbuf_2_0__f_CLK100MHZ/X (sky130_fd_sc_hd__clkbuf_16)
                                         clknet_2_0__leaf_CLK100MHZ (net)
                  0.04    0.00   10.23 ^ _264_/CLK (sky130_fd_sc_hd__dfrtp_1)
                         -0.25    9.98   clock uncertainty
                          0.00    9.98   clock reconvergence pessimism
                          0.14   10.13   library recovery time
                                 10.13   data required time
-----------------------------------------------------------------------------
                                 10.13   data required time
                                 -2.23   data arrival time
-----------------------------------------------------------------------------
                                  7.89   slack (MET)


Startpoint: BTNC (input port clocked by CLK100MHZ)
Endpoint: _273_ (recovery check against rising-edge clock CLK100MHZ)
Path Group: asynchronous
Path Type: max
Corner: Fastest

Fanout     Cap    Slew   Delay    Time   Description
-----------------------------------------------------------------------------
                          0.00    0.00   clock CLK100MHZ (rise edge)
                          0.00    0.00   clock network delay (propagated)
                          2.00    2.00 v input external delay
     2    0.02    0.03    0.02    2.02 v BTNC (in)
                                         BTNC (net)
                  0.03    0.00    2.02 v _214_/A (sky130_fd_sc_hd__buf_4)
    10    0.07    0.06    0.14    2.16 v _214_/X (sky130_fd_sc_hd__buf_4)
                                         _112_ (net)
                  0.06    0.00    2.16 v _244_/A (sky130_fd_sc_hd__inv_2)
     1    0.01    0.05    0.07    2.23 ^ _244_/Y (sky130_fd_sc_hd__inv_2)
                                         _052_ (net)
                  0.05    0.00    2.23 ^ _273_/RESET_B (sky130_fd_sc_hd__dfrtp_1)
                                  2.23   data arrival time

                         10.00   10.00   clock CLK100MHZ (rise edge)
                          0.00   10.00   clock source latency
     1    0.02    0.06    0.04   10.04 ^ CLK100MHZ (in)
                                         CLK100MHZ (net)
                  0.06    0.00   10.04 ^ clkbuf_0_CLK100MHZ/A (sky130_fd_sc_hd__clkbuf_16)
     4    0.04    0.05    0.10   10.14 ^ clkbuf_0_CLK100MHZ/X (sky130_fd_sc_hd__clkbuf_16)
                                         clknet_0_CLK100MHZ (net)
                  0.05    0.00   10.14 ^ clkbuf_2_3__f_CLK100MHZ/A (sky130_fd_sc_hd__clkbuf_16)
     8    0.03    0.04    0.09   10.23 ^ clkbuf_2_3__f_CLK100MHZ/X (sky130_fd_sc_hd__clkbuf_16)
                                         clknet_2_3__leaf_CLK100MHZ (net)
                  0.04    0.00   10.23 ^ _273_/CLK (sky130_fd_sc_hd__dfrtp_1)
                         -0.25    9.98   clock uncertainty
                          0.00    9.98   clock reconvergence pessimism
                          0.14   10.12   library recovery time
                                 10.12   data required time
-----------------------------------------------------------------------------
                                 10.12   data required time
                                 -2.23   data arrival time
-----------------------------------------------------------------------------
                                  7.89   slack (MET)


Startpoint: BTNC (input port clocked by CLK100MHZ)
Endpoint: _271_ (recovery check against rising-edge clock CLK100MHZ)
Path Group: asynchronous
Path Type: max
Corner: Fastest

Fanout     Cap    Slew   Delay    Time   Description
-----------------------------------------------------------------------------
                          0.00    0.00   clock CLK100MHZ (rise edge)
                          0.00    0.00   clock network delay (propagated)
                          2.00    2.00 v input external delay
     2    0.02    0.03    0.02    2.02 v BTNC (in)
                                         BTNC (net)
                  0.03    0.00    2.02 v _214_/A (sky130_fd_sc_hd__buf_4)
    10    0.07    0.06    0.14    2.16 v _214_/X (sky130_fd_sc_hd__buf_4)
                                         _112_ (net)
                  0.06    0.00    2.16 v _242_/A (sky130_fd_sc_hd__inv_2)
     1    0.01    0.05    0.06    2.23 ^ _242_/Y (sky130_fd_sc_hd__inv_2)
                                         _050_ (net)
                  0.05    0.00    2.23 ^ _271_/RESET_B (sky130_fd_sc_hd__dfrtp_1)
                                  2.23   data arrival time

                         10.00   10.00   clock CLK100MHZ (rise edge)
                          0.00   10.00   clock source latency
     1    0.02    0.06    0.04   10.04 ^ CLK100MHZ (in)
                                         CLK100MHZ (net)
                  0.06    0.00   10.04 ^ clkbuf_0_CLK100MHZ/A (sky130_fd_sc_hd__clkbuf_16)
     4    0.04    0.05    0.10   10.14 ^ clkbuf_0_CLK100MHZ/X (sky130_fd_sc_hd__clkbuf_16)
                                         clknet_0_CLK100MHZ (net)
                  0.05    0.00   10.14 ^ clkbuf_2_0__f_CLK100MHZ/A (sky130_fd_sc_hd__clkbuf_16)
     8    0.03    0.04    0.09   10.23 ^ clkbuf_2_0__f_CLK100MHZ/X (sky130_fd_sc_hd__clkbuf_16)
                                         clknet_2_0__leaf_CLK100MHZ (net)
                  0.04    0.00   10.23 ^ _271_/CLK (sky130_fd_sc_hd__dfrtp_1)
                         -0.25    9.98   clock uncertainty
                          0.00    9.98   clock reconvergence pessimism
                          0.14   10.13   library recovery time
                                 10.13   data required time
-----------------------------------------------------------------------------
                                 10.13   data required time
                                 -2.23   data arrival time
-----------------------------------------------------------------------------
                                  7.90   slack (MET)


Startpoint: BTNC (input port clocked by CLK100MHZ)
Endpoint: _268_ (recovery check against rising-edge clock CLK100MHZ)
Path Group: asynchronous
Path Type: max
Corner: Fastest

Fanout     Cap    Slew   Delay    Time   Description
-----------------------------------------------------------------------------
                          0.00    0.00   clock CLK100MHZ (rise edge)
                          0.00    0.00   clock network delay (propagated)
                          2.00    2.00 v input external delay
     2    0.02    0.03    0.02    2.02 v BTNC (in)
                                         BTNC (net)
                  0.03    0.00    2.02 v _214_/A (sky130_fd_sc_hd__buf_4)
    10    0.07    0.06    0.14    2.16 v _214_/X (sky130_fd_sc_hd__buf_4)
                                         _112_ (net)
                  0.06    0.00    2.16 v _239_/A (sky130_fd_sc_hd__inv_2)
     1    0.01    0.03    0.05    2.21 ^ _239_/Y (sky130_fd_sc_hd__inv_2)
                                         _047_ (net)
                  0.03    0.00    2.21 ^ _268_/RESET_B (sky130_fd_sc_hd__dfrtp_2)
                                  2.21   data arrival time

                         10.00   10.00   clock CLK100MHZ (rise edge)
                          0.00   10.00   clock source latency
     1    0.02    0.06    0.04   10.04 ^ CLK100MHZ (in)
                                         CLK100MHZ (net)
                  0.06    0.00   10.04 ^ clkbuf_0_CLK100MHZ/A (sky130_fd_sc_hd__clkbuf_16)
     4    0.04    0.05    0.10   10.14 ^ clkbuf_0_CLK100MHZ/X (sky130_fd_sc_hd__clkbuf_16)
                                         clknet_0_CLK100MHZ (net)
                  0.05    0.00   10.14 ^ clkbuf_2_1__f_CLK100MHZ/A (sky130_fd_sc_hd__clkbuf_16)
     8    0.02    0.03    0.09   10.23 ^ clkbuf_2_1__f_CLK100MHZ/X (sky130_fd_sc_hd__clkbuf_16)
                                         clknet_2_1__leaf_CLK100MHZ (net)
                  0.03    0.00   10.23 ^ _268_/CLK (sky130_fd_sc_hd__dfrtp_2)
                         -0.25    9.98   clock uncertainty
                          0.00    9.98   clock reconvergence pessimism
                          0.13   10.12   library recovery time
                                 10.12   data required time
-----------------------------------------------------------------------------
                                 10.12   data required time
                                 -2.21   data arrival time
-----------------------------------------------------------------------------
                                  7.90   slack (MET)


Startpoint: BTNC (input port clocked by CLK100MHZ)
Endpoint: _261_ (recovery check against rising-edge clock CLK100MHZ)
Path Group: asynchronous
Path Type: max
Corner: Fastest

Fanout     Cap    Slew   Delay    Time   Description
-----------------------------------------------------------------------------
                          0.00    0.00   clock CLK100MHZ (rise edge)
                          0.00    0.00   clock network delay (propagated)
                          2.00    2.00 v input external delay
     2    0.02    0.03    0.02    2.02 v BTNC (in)
                                         BTNC (net)
                  0.03    0.00    2.02 v _226_/A (sky130_fd_sc_hd__buf_4)
    10    0.08    0.07    0.15    2.17 v _226_/X (sky130_fd_sc_hd__buf_4)
                                         _114_ (net)
                  0.07    0.00    2.17 v _232_/A (sky130_fd_sc_hd__inv_2)
     1    0.01    0.04    0.06    2.23 ^ _232_/Y (sky130_fd_sc_hd__inv_2)
                                         _040_ (net)
                  0.04    0.00    2.23 ^ _261_/RESET_B (sky130_fd_sc_hd__dfrtp_1)
                                  2.23   data arrival time

                         10.00   10.00   clock CLK100MHZ (rise edge)
                          0.00   10.00   clock source latency
     1    0.02    0.06    0.04   10.04 ^ CLK100MHZ (in)
                                         CLK100MHZ (net)
                  0.06    0.00   10.04 ^ clkbuf_0_CLK100MHZ/A (sky130_fd_sc_hd__clkbuf_16)
     4    0.04    0.05    0.10   10.14 ^ clkbuf_0_CLK100MHZ/X (sky130_fd_sc_hd__clkbuf_16)
                                         clknet_0_CLK100MHZ (net)
                  0.05    0.00   10.14 ^ clkbuf_2_3__f_CLK100MHZ/A (sky130_fd_sc_hd__clkbuf_16)
     8    0.03    0.04    0.09   10.23 ^ clkbuf_2_3__f_CLK100MHZ/X (sky130_fd_sc_hd__clkbuf_16)
                                         clknet_2_3__leaf_CLK100MHZ (net)
                  0.04    0.00   10.23 ^ _261_/CLK (sky130_fd_sc_hd__dfrtp_1)
                         -0.25    9.98   clock uncertainty
                          0.00    9.98   clock reconvergence pessimism
                          0.14   10.13   library recovery time
                                 10.13   data required time
-----------------------------------------------------------------------------
                                 10.13   data required time
                                 -2.23   data arrival time
-----------------------------------------------------------------------------
                                  7.90   slack (MET)


Startpoint: BTNC (input port clocked by CLK100MHZ)
Endpoint: _270_ (recovery check against rising-edge clock CLK100MHZ)
Path Group: asynchronous
Path Type: max
Corner: Fastest

Fanout     Cap    Slew   Delay    Time   Description
-----------------------------------------------------------------------------
                          0.00    0.00   clock CLK100MHZ (rise edge)
                          0.00    0.00   clock network delay (propagated)
                          2.00    2.00 v input external delay
     2    0.02    0.03    0.02    2.02 v BTNC (in)
                                         BTNC (net)
                  0.03    0.00    2.02 v _214_/A (sky130_fd_sc_hd__buf_4)
    10    0.07    0.06    0.14    2.16 v _214_/X (sky130_fd_sc_hd__buf_4)
                                         _112_ (net)
                  0.06    0.00    2.16 v _241_/A (sky130_fd_sc_hd__inv_2)
     1    0.01    0.04    0.06    2.22 ^ _241_/Y (sky130_fd_sc_hd__inv_2)
                                         _049_ (net)
                  0.04    0.00    2.22 ^ _270_/RESET_B (sky130_fd_sc_hd__dfrtp_1)
                                  2.22   data arrival time

                         10.00   10.00   clock CLK100MHZ (rise edge)
                          0.00   10.00   clock source latency
     1    0.02    0.06    0.04   10.04 ^ CLK100MHZ (in)
                                         CLK100MHZ (net)
                  0.06    0.00   10.04 ^ clkbuf_0_CLK100MHZ/A (sky130_fd_sc_hd__clkbuf_16)
     4    0.04    0.05    0.10   10.14 ^ clkbuf_0_CLK100MHZ/X (sky130_fd_sc_hd__clkbuf_16)
                                         clknet_0_CLK100MHZ (net)
                  0.05    0.00   10.14 ^ clkbuf_2_0__f_CLK100MHZ/A (sky130_fd_sc_hd__clkbuf_16)
     8    0.03    0.04    0.09   10.23 ^ clkbuf_2_0__f_CLK100MHZ/X (sky130_fd_sc_hd__clkbuf_16)
                                         clknet_2_0__leaf_CLK100MHZ (net)
                  0.04    0.00   10.23 ^ _270_/CLK (sky130_fd_sc_hd__dfrtp_1)
                         -0.25    9.98   clock uncertainty
                          0.00    9.98   clock reconvergence pessimism
                          0.14   10.13   library recovery time
                                 10.13   data required time
-----------------------------------------------------------------------------
                                 10.13   data required time
                                 -2.22   data arrival time
-----------------------------------------------------------------------------
                                  7.91   slack (MET)


Startpoint: BTNC (input port clocked by CLK100MHZ)
Endpoint: _272_ (recovery check against rising-edge clock CLK100MHZ)
Path Group: asynchronous
Path Type: max
Corner: Fastest

Fanout     Cap    Slew   Delay    Time   Description
-----------------------------------------------------------------------------
                          0.00    0.00   clock CLK100MHZ (rise edge)
                          0.00    0.00   clock network delay (propagated)
                          2.00    2.00 v input external delay
     2    0.02    0.03    0.02    2.02 v BTNC (in)
                                         BTNC (net)
                  0.03    0.00    2.02 v _214_/A (sky130_fd_sc_hd__buf_4)
    10    0.07    0.06    0.14    2.16 v _214_/X (sky130_fd_sc_hd__buf_4)
                                         _112_ (net)
                  0.06    0.00    2.16 v _243_/A (sky130_fd_sc_hd__inv_2)
     1    0.00    0.03    0.05    2.21 ^ _243_/Y (sky130_fd_sc_hd__inv_2)
                                         _051_ (net)
                  0.03    0.00    2.21 ^ _272_/RESET_B (sky130_fd_sc_hd__dfrtp_1)
                                  2.21   data arrival time

                         10.00   10.00   clock CLK100MHZ (rise edge)
                          0.00   10.00   clock source latency
     1    0.02    0.06    0.04   10.04 ^ CLK100MHZ (in)
                                         CLK100MHZ (net)
                  0.06    0.00   10.04 ^ clkbuf_0_CLK100MHZ/A (sky130_fd_sc_hd__clkbuf_16)
     4    0.04    0.05    0.10   10.14 ^ clkbuf_0_CLK100MHZ/X (sky130_fd_sc_hd__clkbuf_16)
                                         clknet_0_CLK100MHZ (net)
                  0.05    0.00   10.14 ^ clkbuf_2_1__f_CLK100MHZ/A (sky130_fd_sc_hd__clkbuf_16)
     8    0.02    0.03    0.09   10.23 ^ clkbuf_2_1__f_CLK100MHZ/X (sky130_fd_sc_hd__clkbuf_16)
                                         clknet_2_1__leaf_CLK100MHZ (net)
                  0.03    0.00   10.23 ^ _272_/CLK (sky130_fd_sc_hd__dfrtp_1)
                         -0.25    9.98   clock uncertainty
                          0.00    9.98   clock reconvergence pessimism
                          0.14   10.13   library recovery time
                                 10.13   data required time
-----------------------------------------------------------------------------
                                 10.13   data required time
                                 -2.21   data arrival time
-----------------------------------------------------------------------------
                                  7.92   slack (MET)


Startpoint: BTNC (input port clocked by CLK100MHZ)
Endpoint: _267_ (recovery check against rising-edge clock CLK100MHZ)
Path Group: asynchronous
Path Type: max
Corner: Fastest

Fanout     Cap    Slew   Delay    Time   Description
-----------------------------------------------------------------------------
                          0.00    0.00   clock CLK100MHZ (rise edge)
                          0.00    0.00   clock network delay (propagated)
                          2.00    2.00 v input external delay
     2    0.02    0.03    0.02    2.02 v BTNC (in)
                                         BTNC (net)
                  0.03    0.00    2.02 v _214_/A (sky130_fd_sc_hd__buf_4)
    10    0.07    0.06    0.14    2.16 v _214_/X (sky130_fd_sc_hd__buf_4)
                                         _112_ (net)
                  0.06    0.00    2.16 v _238_/A (sky130_fd_sc_hd__inv_2)
     1    0.00    0.03    0.04    2.21 ^ _238_/Y (sky130_fd_sc_hd__inv_2)
                                         _046_ (net)
                  0.03    0.00    2.21 ^ _267_/RESET_B (sky130_fd_sc_hd__dfrtp_1)
                                  2.21   data arrival time

                         10.00   10.00   clock CLK100MHZ (rise edge)
                          0.00   10.00   clock source latency
     1    0.02    0.06    0.04   10.04 ^ CLK100MHZ (in)
                                         CLK100MHZ (net)
                  0.06    0.00   10.04 ^ clkbuf_0_CLK100MHZ/A (sky130_fd_sc_hd__clkbuf_16)
     4    0.04    0.05    0.10   10.14 ^ clkbuf_0_CLK100MHZ/X (sky130_fd_sc_hd__clkbuf_16)
                                         clknet_0_CLK100MHZ (net)
                  0.05    0.00   10.14 ^ clkbuf_2_3__f_CLK100MHZ/A (sky130_fd_sc_hd__clkbuf_16)
     8    0.03    0.04    0.09   10.23 ^ clkbuf_2_3__f_CLK100MHZ/X (sky130_fd_sc_hd__clkbuf_16)
                                         clknet_2_3__leaf_CLK100MHZ (net)
                  0.04    0.00   10.23 ^ _267_/CLK (sky130_fd_sc_hd__dfrtp_1)
                         -0.25    9.98   clock uncertainty
                          0.00    9.98   clock reconvergence pessimism
                          0.15   10.13   library recovery time
                                 10.13   data required time
-----------------------------------------------------------------------------
                                 10.13   data required time
                                 -2.21   data arrival time
-----------------------------------------------------------------------------
                                  7.92   slack (MET)


Startpoint: _260_ (rising edge-triggered flip-flop clocked by CLK100MHZ)
Endpoint: _271_ (rising edge-triggered flip-flop clocked by CLK100MHZ)
Path Group: CLK100MHZ
Path Type: max
Corner: Fastest

Fanout     Cap    Slew   Delay    Time   Description
-----------------------------------------------------------------------------
                          0.00    0.00   clock CLK100MHZ (rise edge)
                          0.00    0.00   clock source latency
     1    0.02    0.06    0.05    0.05 ^ CLK100MHZ (in)
                                         CLK100MHZ (net)
                  0.06    0.00    0.05 ^ clkbuf_0_CLK100MHZ/A (sky130_fd_sc_hd__clkbuf_16)
     4    0.04    0.05    0.11    0.16 ^ clkbuf_0_CLK100MHZ/X (sky130_fd_sc_hd__clkbuf_16)
                                         clknet_0_CLK100MHZ (net)
                  0.05    0.00    0.16 ^ clkbuf_2_1__f_CLK100MHZ/A (sky130_fd_sc_hd__clkbuf_16)
     8    0.02    0.03    0.10    0.26 ^ clkbuf_2_1__f_CLK100MHZ/X (sky130_fd_sc_hd__clkbuf_16)
                                         clknet_2_1__leaf_CLK100MHZ (net)
                  0.03    0.00    0.26 ^ _260_/CLK (sky130_fd_sc_hd__dfrtp_1)
     3    0.03    0.18    0.32    0.58 ^ _260_/Q (sky130_fd_sc_hd__dfrtp_1)
                                         decoder.delay[10] (net)
                  0.18    0.00    0.58 ^ _124_/D (sky130_fd_sc_hd__and4_1)
     4    0.03    0.19    0.25    0.83 ^ _124_/X (sky130_fd_sc_hd__and4_1)
                                         _119_ (net)
                  0.19    0.00    0.83 ^ _128_/A (sky130_fd_sc_hd__and4_2)
     7    0.04    0.17    0.27    1.10 ^ _128_/X (sky130_fd_sc_hd__and4_2)
                                         _061_ (net)
                  0.17    0.00    1.10 ^ _134_/A (sky130_fd_sc_hd__clkbuf_4)
    10    0.06    0.13    0.20    1.30 ^ _134_/X (sky130_fd_sc_hd__clkbuf_4)
                                         _066_ (net)
                  0.13    0.00    1.31 ^ _146_/C (sky130_fd_sc_hd__and3_1)
     2    0.01    0.12    0.17    1.48 ^ _146_/X (sky130_fd_sc_hd__and3_1)
                                         _074_ (net)
                  0.12    0.00    1.48 ^ _147_/B1_N (sky130_fd_sc_hd__o21ba_1)
     1    0.02    0.06    0.14    1.62 v _147_/X (sky130_fd_sc_hd__o21ba_1)
                                         _013_ (net)
                  0.06    0.00    1.62 v _271_/D (sky130_fd_sc_hd__dfrtp_1)
                                  1.62   data arrival time

                         10.00   10.00   clock CLK100MHZ (rise edge)
                          0.00   10.00   clock source latency
     1    0.02    0.06    0.04   10.04 ^ CLK100MHZ (in)
                                         CLK100MHZ (net)
                  0.06    0.00   10.04 ^ clkbuf_0_CLK100MHZ/A (sky130_fd_sc_hd__clkbuf_16)
     4    0.04    0.05    0.10   10.14 ^ clkbuf_0_CLK100MHZ/X (sky130_fd_sc_hd__clkbuf_16)
                                         clknet_0_CLK100MHZ (net)
                  0.05    0.00   10.14 ^ clkbuf_2_0__f_CLK100MHZ/A (sky130_fd_sc_hd__clkbuf_16)
     8    0.03    0.04    0.09   10.23 ^ clkbuf_2_0__f_CLK100MHZ/X (sky130_fd_sc_hd__clkbuf_16)
                                         clknet_2_0__leaf_CLK100MHZ (net)
                  0.04    0.00   10.23 ^ _271_/CLK (sky130_fd_sc_hd__dfrtp_1)
                         -0.25    9.98   clock uncertainty
                          0.02   10.00   clock reconvergence pessimism
                         -0.08    9.92   library setup time
                                  9.92   data required time
-----------------------------------------------------------------------------
                                  9.92   data required time
                                 -1.62   data arrival time
-----------------------------------------------------------------------------
                                  8.29   slack (MET)


Startpoint: _252_ (rising edge-triggered flip-flop clocked by CLK100MHZ)
Endpoint: _261_ (rising edge-triggered flip-flop clocked by CLK100MHZ)
Path Group: CLK100MHZ
Path Type: max
Corner: Fastest

Fanout     Cap    Slew   Delay    Time   Description
-----------------------------------------------------------------------------
                          0.00    0.00   clock CLK100MHZ (rise edge)
                          0.00    0.00   clock source latency
     1    0.02    0.06    0.05    0.05 ^ CLK100MHZ (in)
                                         CLK100MHZ (net)
                  0.06    0.00    0.05 ^ clkbuf_0_CLK100MHZ/A (sky130_fd_sc_hd__clkbuf_16)
     4    0.04    0.05    0.11    0.16 ^ clkbuf_0_CLK100MHZ/X (sky130_fd_sc_hd__clkbuf_16)
                                         clknet_0_CLK100MHZ (net)
                  0.05    0.00    0.16 ^ clkbuf_2_2__f_CLK100MHZ/A (sky130_fd_sc_hd__clkbuf_16)
     8    0.03    0.04    0.10    0.26 ^ clkbuf_2_2__f_CLK100MHZ/X (sky130_fd_sc_hd__clkbuf_16)
                                         clknet_2_2__leaf_CLK100MHZ (net)
                  0.04    0.00    0.26 ^ _252_/CLK (sky130_fd_sc_hd__dfrtp_2)
     3    0.03    0.08    0.31    0.57 v _252_/Q (sky130_fd_sc_hd__dfrtp_2)
                                         decoder.delay[2] (net)
                  0.08    0.00    0.57 v _126_/C (sky130_fd_sc_hd__and4_2)
     6    0.03    0.08    0.22    0.80 v _126_/X (sky130_fd_sc_hd__and4_2)
                                         _059_ (net)
                  0.08    0.00    0.80 v _182_/B (sky130_fd_sc_hd__and3_1)
     2    0.01    0.05    0.15    0.95 v _182_/X (sky130_fd_sc_hd__and3_1)
                                         _093_ (net)
                  0.05    0.00    0.95 v _183_/A (sky130_fd_sc_hd__buf_2)
    10    0.05    0.08    0.15    1.10 v _183_/X (sky130_fd_sc_hd__buf_2)
                                         _094_ (net)
                  0.08    0.00    1.10 v _195_/A2 (sky130_fd_sc_hd__a21oi_1)
     1    0.02    0.25    0.25    1.35 ^ _195_/Y (sky130_fd_sc_hd__a21oi_1)
                                         _102_ (net)
                  0.25    0.00    1.35 ^ _197_/A_N (sky130_fd_sc_hd__and2b_1)
     1    0.01    0.05    0.15    1.51 v _197_/X (sky130_fd_sc_hd__and2b_1)
                                         _104_ (net)
                  0.05    0.00    1.51 v _198_/A (sky130_fd_sc_hd__buf_1)
     2    0.02    0.06    0.11    1.61 v _198_/X (sky130_fd_sc_hd__buf_1)
                                         _002_ (net)
                  0.06    0.00    1.61 v _261_/D (sky130_fd_sc_hd__dfrtp_1)
                                  1.61   data arrival time

                         10.00   10.00   clock CLK100MHZ (rise edge)
                          0.00   10.00   clock source latency
     1    0.02    0.06    0.04   10.04 ^ CLK100MHZ (in)
                                         CLK100MHZ (net)
                  0.06    0.00   10.04 ^ clkbuf_0_CLK100MHZ/A (sky130_fd_sc_hd__clkbuf_16)
     4    0.04    0.05    0.10   10.14 ^ clkbuf_0_CLK100MHZ/X (sky130_fd_sc_hd__clkbuf_16)
                                         clknet_0_CLK100MHZ (net)
                  0.05    0.00   10.14 ^ clkbuf_2_3__f_CLK100MHZ/A (sky130_fd_sc_hd__clkbuf_16)
     8    0.03    0.04    0.09   10.23 ^ clkbuf_2_3__f_CLK100MHZ/X (sky130_fd_sc_hd__clkbuf_16)
                                         clknet_2_3__leaf_CLK100MHZ (net)
                  0.04    0.00   10.23 ^ _261_/CLK (sky130_fd_sc_hd__dfrtp_1)
                         -0.25    9.98   clock uncertainty
                          0.02   10.00   clock reconvergence pessimism
                         -0.08    9.92   library setup time
                                  9.92   data required time
-----------------------------------------------------------------------------
                                  9.92   data required time
                                 -1.61   data arrival time
-----------------------------------------------------------------------------
                                  8.30   slack (MET)


Startpoint: _260_ (rising edge-triggered flip-flop clocked by CLK100MHZ)
Endpoint: _246_ (rising edge-triggered flip-flop clocked by CLK100MHZ)
Path Group: CLK100MHZ
Path Type: max
Corner: Fastest

Fanout     Cap    Slew   Delay    Time   Description
-----------------------------------------------------------------------------
                          0.00    0.00   clock CLK100MHZ (rise edge)
                          0.00    0.00   clock source latency
     1    0.02    0.06    0.05    0.05 ^ CLK100MHZ (in)
                                         CLK100MHZ (net)
                  0.06    0.00    0.05 ^ clkbuf_0_CLK100MHZ/A (sky130_fd_sc_hd__clkbuf_16)
     4    0.04    0.05    0.11    0.16 ^ clkbuf_0_CLK100MHZ/X (sky130_fd_sc_hd__clkbuf_16)
                                         clknet_0_CLK100MHZ (net)
                  0.05    0.00    0.16 ^ clkbuf_2_1__f_CLK100MHZ/A (sky130_fd_sc_hd__clkbuf_16)
     8    0.02    0.03    0.10    0.26 ^ clkbuf_2_1__f_CLK100MHZ/X (sky130_fd_sc_hd__clkbuf_16)
                                         clknet_2_1__leaf_CLK100MHZ (net)
                  0.03    0.00    0.26 ^ _260_/CLK (sky130_fd_sc_hd__dfrtp_1)
     3    0.03    0.18    0.32    0.58 ^ _260_/Q (sky130_fd_sc_hd__dfrtp_1)
                                         decoder.delay[10] (net)
                  0.18    0.00    0.58 ^ _124_/D (sky130_fd_sc_hd__and4_1)
     4    0.03    0.19    0.25    0.83 ^ _124_/X (sky130_fd_sc_hd__and4_1)
                                         _119_ (net)
                  0.19    0.00    0.83 ^ _128_/A (sky130_fd_sc_hd__and4_2)
     7    0.04    0.17    0.27    1.10 ^ _128_/X (sky130_fd_sc_hd__and4_2)
                                         _061_ (net)
                  0.17    0.00    1.10 ^ _134_/A (sky130_fd_sc_hd__clkbuf_4)
    10    0.06    0.13    0.20    1.30 ^ _134_/X (sky130_fd_sc_hd__clkbuf_4)
                                         _066_ (net)
                  0.13    0.00    1.31 ^ _135_/B (sky130_fd_sc_hd__nand4b_2)
     2    0.02    0.12    0.13    1.44 v _135_/Y (sky130_fd_sc_hd__nand4b_2)
                                         _067_ (net)
                  0.12    0.00    1.44 v _142_/A2 (sky130_fd_sc_hd__a21oi_1)
     1    0.01    0.15    0.19    1.63 ^ _142_/Y (sky130_fd_sc_hd__a21oi_1)
                                         _054_ (net)
                  0.15    0.00    1.63 ^ _246_/D (sky130_fd_sc_hd__dfrtp_4)
                                  1.63   data arrival time

                         10.00   10.00   clock CLK100MHZ (rise edge)
                          0.00   10.00   clock source latency
     1    0.02    0.06    0.04   10.04 ^ CLK100MHZ (in)
                                         CLK100MHZ (net)
                  0.06    0.00   10.04 ^ clkbuf_0_CLK100MHZ/A (sky130_fd_sc_hd__clkbuf_16)
     4    0.04    0.05    0.10   10.14 ^ clkbuf_0_CLK100MHZ/X (sky130_fd_sc_hd__clkbuf_16)
                                         clknet_0_CLK100MHZ (net)
                  0.05    0.00   10.14 ^ clkbuf_2_1__f_CLK100MHZ/A (sky130_fd_sc_hd__clkbuf_16)
     8    0.02    0.03    0.09   10.23 ^ clkbuf_2_1__f_CLK100MHZ/X (sky130_fd_sc_hd__clkbuf_16)
                                         clknet_2_1__leaf_CLK100MHZ (net)
                  0.03    0.00   10.23 ^ _246_/CLK (sky130_fd_sc_hd__dfrtp_4)
                         -0.25    9.98   clock uncertainty
                          0.02   10.01   clock reconvergence pessimism
                         -0.05    9.96   library setup time
                                  9.96   data required time
-----------------------------------------------------------------------------
                                  9.96   data required time
                                 -1.63   data arrival time
-----------------------------------------------------------------------------
                                  8.32   slack (MET)


Startpoint: _260_ (rising edge-triggered flip-flop clocked by CLK100MHZ)
Endpoint: _248_ (rising edge-triggered flip-flop clocked by CLK100MHZ)
Path Group: CLK100MHZ
Path Type: max
Corner: Fastest

Fanout     Cap    Slew   Delay    Time   Description
-----------------------------------------------------------------------------
                          0.00    0.00   clock CLK100MHZ (rise edge)
                          0.00    0.00   clock source latency
     1    0.02    0.06    0.05    0.05 ^ CLK100MHZ (in)
                                         CLK100MHZ (net)
                  0.06    0.00    0.05 ^ clkbuf_0_CLK100MHZ/A (sky130_fd_sc_hd__clkbuf_16)
     4    0.04    0.05    0.11    0.16 ^ clkbuf_0_CLK100MHZ/X (sky130_fd_sc_hd__clkbuf_16)
                                         clknet_0_CLK100MHZ (net)
                  0.05    0.00    0.16 ^ clkbuf_2_1__f_CLK100MHZ/A (sky130_fd_sc_hd__clkbuf_16)
     8    0.02    0.03    0.10    0.26 ^ clkbuf_2_1__f_CLK100MHZ/X (sky130_fd_sc_hd__clkbuf_16)
                                         clknet_2_1__leaf_CLK100MHZ (net)
                  0.03    0.00    0.26 ^ _260_/CLK (sky130_fd_sc_hd__dfrtp_1)
     3    0.03    0.18    0.32    0.58 ^ _260_/Q (sky130_fd_sc_hd__dfrtp_1)
                                         decoder.delay[10] (net)
                  0.18    0.00    0.58 ^ _124_/D (sky130_fd_sc_hd__and4_1)
     4    0.03    0.19    0.25    0.83 ^ _124_/X (sky130_fd_sc_hd__and4_1)
                                         _119_ (net)
                  0.19    0.00    0.83 ^ _128_/A (sky130_fd_sc_hd__and4_2)
     7    0.04    0.17    0.27    1.10 ^ _128_/X (sky130_fd_sc_hd__and4_2)
                                         _061_ (net)
                  0.17    0.00    1.10 ^ _134_/A (sky130_fd_sc_hd__clkbuf_4)
    10    0.06    0.13    0.20    1.30 ^ _134_/X (sky130_fd_sc_hd__clkbuf_4)
                                         _066_ (net)
                  0.13    0.00    1.31 ^ _135_/B (sky130_fd_sc_hd__nand4b_2)
     2    0.02    0.12    0.13    1.44 v _135_/Y (sky130_fd_sc_hd__nand4b_2)
                                         _067_ (net)
                  0.12    0.00    1.44 v _138_/A3 (sky130_fd_sc_hd__o31ai_1)
     1    0.00    0.14    0.17    1.61 ^ _138_/Y (sky130_fd_sc_hd__o31ai_1)
                                         _056_ (net)
                  0.14    0.00    1.61 ^ _248_/D (sky130_fd_sc_hd__dfrtp_4)
                                  1.61   data arrival time

                         10.00   10.00   clock CLK100MHZ (rise edge)
                          0.00   10.00   clock source latency
     1    0.02    0.06    0.04   10.04 ^ CLK100MHZ (in)
                                         CLK100MHZ (net)
                  0.06    0.00   10.04 ^ clkbuf_0_CLK100MHZ/A (sky130_fd_sc_hd__clkbuf_16)
     4    0.04    0.05    0.10   10.14 ^ clkbuf_0_CLK100MHZ/X (sky130_fd_sc_hd__clkbuf_16)
                                         clknet_0_CLK100MHZ (net)
                  0.05    0.00   10.14 ^ clkbuf_2_0__f_CLK100MHZ/A (sky130_fd_sc_hd__clkbuf_16)
     8    0.03    0.04    0.09   10.23 ^ clkbuf_2_0__f_CLK100MHZ/X (sky130_fd_sc_hd__clkbuf_16)
                                         clknet_2_0__leaf_CLK100MHZ (net)
                  0.04    0.00   10.23 ^ _248_/CLK (sky130_fd_sc_hd__dfrtp_4)
                         -0.25    9.98   clock uncertainty
                          0.02   10.00   clock reconvergence pessimism
                         -0.05    9.95   library setup time
                                  9.95   data required time
-----------------------------------------------------------------------------
                                  9.95   data required time
                                 -1.61   data arrival time
-----------------------------------------------------------------------------
                                  8.34   slack (MET)


Startpoint: _252_ (rising edge-triggered flip-flop clocked by CLK100MHZ)
Endpoint: _272_ (rising edge-triggered flip-flop clocked by CLK100MHZ)
Path Group: CLK100MHZ
Path Type: max
Corner: Fastest

Fanout     Cap    Slew   Delay    Time   Description
-----------------------------------------------------------------------------
                          0.00    0.00   clock CLK100MHZ (rise edge)
                          0.00    0.00   clock source latency
     1    0.02    0.06    0.05    0.05 ^ CLK100MHZ (in)
                                         CLK100MHZ (net)
                  0.06    0.00    0.05 ^ clkbuf_0_CLK100MHZ/A (sky130_fd_sc_hd__clkbuf_16)
     4    0.04    0.05    0.11    0.16 ^ clkbuf_0_CLK100MHZ/X (sky130_fd_sc_hd__clkbuf_16)
                                         clknet_0_CLK100MHZ (net)
                  0.05    0.00    0.16 ^ clkbuf_2_2__f_CLK100MHZ/A (sky130_fd_sc_hd__clkbuf_16)
     8    0.03    0.04    0.10    0.26 ^ clkbuf_2_2__f_CLK100MHZ/X (sky130_fd_sc_hd__clkbuf_16)
                                         clknet_2_2__leaf_CLK100MHZ (net)
                  0.04    0.00    0.26 ^ _252_/CLK (sky130_fd_sc_hd__dfrtp_2)
     3    0.03    0.08    0.31    0.57 v _252_/Q (sky130_fd_sc_hd__dfrtp_2)
                                         decoder.delay[2] (net)
                  0.08    0.00    0.57 v _126_/C (sky130_fd_sc_hd__and4_2)
     6    0.03    0.08    0.22    0.80 v _126_/X (sky130_fd_sc_hd__and4_2)
                                         _059_ (net)
                  0.08    0.00    0.80 v _128_/C (sky130_fd_sc_hd__and4_2)
     7    0.04    0.09    0.23    1.03 v _128_/X (sky130_fd_sc_hd__and4_2)
                                         _061_ (net)
                  0.09    0.00    1.03 v _134_/A (sky130_fd_sc_hd__clkbuf_4)
    10    0.05    0.08    0.18    1.21 v _134_/X (sky130_fd_sc_hd__clkbuf_4)
                                         _066_ (net)
                  0.08    0.00    1.21 v _146_/C (sky130_fd_sc_hd__and3_1)
     2    0.01    0.06    0.18    1.39 v _146_/X (sky130_fd_sc_hd__and3_1)
                                         _074_ (net)
                  0.06    0.00    1.39 v _149_/B1 (sky130_fd_sc_hd__o2bb2a_1)
     1    0.00    0.04    0.19    1.58 v _149_/X (sky130_fd_sc_hd__o2bb2a_1)
                                         _014_ (net)
                  0.04    0.00    1.58 v _272_/D (sky130_fd_sc_hd__dfrtp_1)
                                  1.58   data arrival time

                         10.00   10.00   clock CLK100MHZ (rise edge)
                          0.00   10.00   clock source latency
     1    0.02    0.06    0.04   10.04 ^ CLK100MHZ (in)
                                         CLK100MHZ (net)
                  0.06    0.00   10.04 ^ clkbuf_0_CLK100MHZ/A (sky130_fd_sc_hd__clkbuf_16)
     4    0.04    0.05    0.10   10.14 ^ clkbuf_0_CLK100MHZ/X (sky130_fd_sc_hd__clkbuf_16)
                                         clknet_0_CLK100MHZ (net)
                  0.05    0.00   10.14 ^ clkbuf_2_1__f_CLK100MHZ/A (sky130_fd_sc_hd__clkbuf_16)
     8    0.02    0.03    0.09   10.23 ^ clkbuf_2_1__f_CLK100MHZ/X (sky130_fd_sc_hd__clkbuf_16)
                                         clknet_2_1__leaf_CLK100MHZ (net)
                  0.03    0.00   10.23 ^ _272_/CLK (sky130_fd_sc_hd__dfrtp_1)
                         -0.25    9.98   clock uncertainty
                          0.02   10.00   clock reconvergence pessimism
                         -0.08    9.92   library setup time
                                  9.92   data required time
-----------------------------------------------------------------------------
                                  9.92   data required time
                                 -1.58   data arrival time
-----------------------------------------------------------------------------
                                  8.34   slack (MET)


Startpoint: _260_ (rising edge-triggered flip-flop clocked by CLK100MHZ)
Endpoint: _270_ (rising edge-triggered flip-flop clocked by CLK100MHZ)
Path Group: CLK100MHZ
Path Type: max
Corner: Fastest

Fanout     Cap    Slew   Delay    Time   Description
-----------------------------------------------------------------------------
                          0.00    0.00   clock CLK100MHZ (rise edge)
                          0.00    0.00   clock source latency
     1    0.02    0.06    0.05    0.05 ^ CLK100MHZ (in)
                                         CLK100MHZ (net)
                  0.06    0.00    0.05 ^ clkbuf_0_CLK100MHZ/A (sky130_fd_sc_hd__clkbuf_16)
     4    0.04    0.05    0.11    0.16 ^ clkbuf_0_CLK100MHZ/X (sky130_fd_sc_hd__clkbuf_16)
                                         clknet_0_CLK100MHZ (net)
                  0.05    0.00    0.16 ^ clkbuf_2_1__f_CLK100MHZ/A (sky130_fd_sc_hd__clkbuf_16)
     8    0.02    0.03    0.10    0.26 ^ clkbuf_2_1__f_CLK100MHZ/X (sky130_fd_sc_hd__clkbuf_16)
                                         clknet_2_1__leaf_CLK100MHZ (net)
                  0.03    0.00    0.26 ^ _260_/CLK (sky130_fd_sc_hd__dfrtp_1)
     3    0.03    0.18    0.32    0.58 ^ _260_/Q (sky130_fd_sc_hd__dfrtp_1)
                                         decoder.delay[10] (net)
                  0.18    0.00    0.58 ^ _124_/D (sky130_fd_sc_hd__and4_1)
     4    0.03    0.19    0.25    0.83 ^ _124_/X (sky130_fd_sc_hd__and4_1)
                                         _119_ (net)
                  0.19    0.00    0.83 ^ _128_/A (sky130_fd_sc_hd__and4_2)
     7    0.04    0.17    0.27    1.10 ^ _128_/X (sky130_fd_sc_hd__and4_2)
                                         _061_ (net)
                  0.17    0.00    1.10 ^ _134_/A (sky130_fd_sc_hd__clkbuf_4)
    10    0.06    0.13    0.20    1.30 ^ _134_/X (sky130_fd_sc_hd__clkbuf_4)
                                         _066_ (net)
                  0.13    0.00    1.30 ^ _144_/C (sky130_fd_sc_hd__and3_1)
     2    0.02    0.15    0.20    1.50 ^ _144_/X (sky130_fd_sc_hd__and3_1)
                                         _073_ (net)
                  0.15    0.00    1.50 ^ _145_/B (sky130_fd_sc_hd__nor2_1)
     1    0.01    0.05    0.06    1.56 v _145_/Y (sky130_fd_sc_hd__nor2_1)
                                         _012_ (net)
                  0.05    0.00    1.56 v _270_/D (sky130_fd_sc_hd__dfrtp_1)
                                  1.56   data arrival time

                         10.00   10.00   clock CLK100MHZ (rise edge)
                          0.00   10.00   clock source latency
     1    0.02    0.06    0.04   10.04 ^ CLK100MHZ (in)
                                         CLK100MHZ (net)
                  0.06    0.00   10.04 ^ clkbuf_0_CLK100MHZ/A (sky130_fd_sc_hd__clkbuf_16)
     4    0.04    0.05    0.10   10.14 ^ clkbuf_0_CLK100MHZ/X (sky130_fd_sc_hd__clkbuf_16)
                                         clknet_0_CLK100MHZ (net)
                  0.05    0.00   10.14 ^ clkbuf_2_0__f_CLK100MHZ/A (sky130_fd_sc_hd__clkbuf_16)
     8    0.03    0.04    0.09   10.23 ^ clkbuf_2_0__f_CLK100MHZ/X (sky130_fd_sc_hd__clkbuf_16)
                                         clknet_2_0__leaf_CLK100MHZ (net)
                  0.04    0.00   10.23 ^ _270_/CLK (sky130_fd_sc_hd__dfrtp_1)
                         -0.25    9.98   clock uncertainty
                          0.02   10.00   clock reconvergence pessimism
                         -0.08    9.92   library setup time
                                  9.92   data required time
-----------------------------------------------------------------------------
                                  9.92   data required time
                                 -1.56   data arrival time
-----------------------------------------------------------------------------
                                  8.36   slack (MET)


Startpoint: _250_ (rising edge-triggered flip-flop clocked by CLK100MHZ)
Endpoint: _258_ (rising edge-triggered flip-flop clocked by CLK100MHZ)
Path Group: CLK100MHZ
Path Type: max
Corner: Fastest

Fanout     Cap    Slew   Delay    Time   Description
-----------------------------------------------------------------------------
                          0.00    0.00   clock CLK100MHZ (rise edge)
                          0.00    0.00   clock source latency
     1    0.02    0.06    0.05    0.05 ^ CLK100MHZ (in)
                                         CLK100MHZ (net)
                  0.06    0.00    0.05 ^ clkbuf_0_CLK100MHZ/A (sky130_fd_sc_hd__clkbuf_16)
     4    0.04    0.05    0.11    0.16 ^ clkbuf_0_CLK100MHZ/X (sky130_fd_sc_hd__clkbuf_16)
                                         clknet_0_CLK100MHZ (net)
                  0.05    0.00    0.16 ^ clkbuf_2_2__f_CLK100MHZ/A (sky130_fd_sc_hd__clkbuf_16)
     8    0.03    0.04    0.10    0.26 ^ clkbuf_2_2__f_CLK100MHZ/X (sky130_fd_sc_hd__clkbuf_16)
                                         clknet_2_2__leaf_CLK100MHZ (net)
                  0.04    0.00    0.26 ^ _250_/CLK (sky130_fd_sc_hd__dfrtp_2)
     5    0.04    0.14    0.32    0.58 ^ _250_/Q (sky130_fd_sc_hd__dfrtp_2)
                                         decoder.delay[0] (net)
                  0.14    0.00    0.58 ^ _126_/B (sky130_fd_sc_hd__and4_2)
     6    0.03    0.14    0.24    0.82 ^ _126_/X (sky130_fd_sc_hd__and4_2)
                                         _059_ (net)
                  0.14    0.00    0.82 ^ _182_/B (sky130_fd_sc_hd__and3_1)
     2    0.01    0.09    0.16    0.98 ^ _182_/X (sky130_fd_sc_hd__and3_1)
                                         _093_ (net)
                  0.09    0.00    0.98 ^ _183_/A (sky130_fd_sc_hd__buf_2)
    10    0.05    0.19    0.21    1.18 ^ _183_/X (sky130_fd_sc_hd__buf_2)
                                         _094_ (net)
                  0.19    0.00    1.19 ^ _188_/B (sky130_fd_sc_hd__nand2_1)
     2    0.02    0.11    0.12    1.31 v _188_/Y (sky130_fd_sc_hd__nand2_1)
                                         _098_ (net)
                  0.11    0.00    1.31 v _189_/B (sky130_fd_sc_hd__and2b_1)
     1    0.01    0.03    0.14    1.45 v _189_/X (sky130_fd_sc_hd__and2b_1)
                                         _099_ (net)
                  0.03    0.00    1.45 v _190_/A (sky130_fd_sc_hd__buf_1)
     1    0.01    0.06    0.10    1.55 v _190_/X (sky130_fd_sc_hd__buf_1)
                                         _023_ (net)
                  0.06    0.00    1.55 v _258_/D (sky130_fd_sc_hd__dfrtp_4)
                                  1.55   data arrival time

                         10.00   10.00   clock CLK100MHZ (rise edge)
                          0.00   10.00   clock source latency
     1    0.02    0.06    0.04   10.04 ^ CLK100MHZ (in)
                                         CLK100MHZ (net)
                  0.06    0.00   10.04 ^ clkbuf_0_CLK100MHZ/A (sky130_fd_sc_hd__clkbuf_16)
     4    0.04    0.05    0.10   10.14 ^ clkbuf_0_CLK100MHZ/X (sky130_fd_sc_hd__clkbuf_16)
                                         clknet_0_CLK100MHZ (net)
                  0.05    0.00   10.14 ^ clkbuf_2_3__f_CLK100MHZ/A (sky130_fd_sc_hd__clkbuf_16)
     8    0.03    0.04    0.09   10.23 ^ clkbuf_2_3__f_CLK100MHZ/X (sky130_fd_sc_hd__clkbuf_16)
                                         clknet_2_3__leaf_CLK100MHZ (net)
                  0.04    0.00   10.23 ^ _258_/CLK (sky130_fd_sc_hd__dfrtp_4)
                         -0.25    9.98   clock uncertainty
                          0.02   10.00   clock reconvergence pessimism
                         -0.08    9.92   library setup time
                                  9.92   data required time
-----------------------------------------------------------------------------
                                  9.92   data required time
                                 -1.55   data arrival time
-----------------------------------------------------------------------------
                                  8.37   slack (MET)


Startpoint: _260_ (rising edge-triggered flip-flop clocked by CLK100MHZ)
Endpoint: _249_ (rising edge-triggered flip-flop clocked by CLK100MHZ)
Path Group: CLK100MHZ
Path Type: max
Corner: Fastest

Fanout     Cap    Slew   Delay    Time   Description
-----------------------------------------------------------------------------
                          0.00    0.00   clock CLK100MHZ (rise edge)
                          0.00    0.00   clock source latency
     1    0.02    0.06    0.05    0.05 ^ CLK100MHZ (in)
                                         CLK100MHZ (net)
                  0.06    0.00    0.05 ^ clkbuf_0_CLK100MHZ/A (sky130_fd_sc_hd__clkbuf_16)
     4    0.04    0.05    0.11    0.16 ^ clkbuf_0_CLK100MHZ/X (sky130_fd_sc_hd__clkbuf_16)
                                         clknet_0_CLK100MHZ (net)
                  0.05    0.00    0.16 ^ clkbuf_2_1__f_CLK100MHZ/A (sky130_fd_sc_hd__clkbuf_16)
     8    0.02    0.03    0.10    0.26 ^ clkbuf_2_1__f_CLK100MHZ/X (sky130_fd_sc_hd__clkbuf_16)
                                         clknet_2_1__leaf_CLK100MHZ (net)
                  0.03    0.00    0.26 ^ _260_/CLK (sky130_fd_sc_hd__dfrtp_1)
     3    0.03    0.18    0.32    0.58 ^ _260_/Q (sky130_fd_sc_hd__dfrtp_1)
                                         decoder.delay[10] (net)
                  0.18    0.00    0.58 ^ _124_/D (sky130_fd_sc_hd__and4_1)
     4    0.03    0.19    0.25    0.83 ^ _124_/X (sky130_fd_sc_hd__and4_1)
                                         _119_ (net)
                  0.19    0.00    0.83 ^ _128_/A (sky130_fd_sc_hd__and4_2)
     7    0.04    0.17    0.27    1.10 ^ _128_/X (sky130_fd_sc_hd__and4_2)
                                         _061_ (net)
                  0.17    0.00    1.10 ^ _129_/D (sky130_fd_sc_hd__and4_1)
     1    0.02    0.15    0.22    1.32 ^ _129_/X (sky130_fd_sc_hd__and4_1)
                                         _062_ (net)
                  0.15    0.00    1.32 ^ _130_/B (sky130_fd_sc_hd__xor2_1)
     1    0.01    0.22    0.21    1.53 ^ _130_/X (sky130_fd_sc_hd__xor2_1)
                                         _057_ (net)
                  0.22    0.00    1.53 ^ _249_/D (sky130_fd_sc_hd__dfrtp_4)
                                  1.53   data arrival time

                         10.00   10.00   clock CLK100MHZ (rise edge)
                          0.00   10.00   clock source latency
     1    0.02    0.06    0.04   10.04 ^ CLK100MHZ (in)
                                         CLK100MHZ (net)
                  0.06    0.00   10.04 ^ clkbuf_0_CLK100MHZ/A (sky130_fd_sc_hd__clkbuf_16)
     4    0.04    0.05    0.10   10.14 ^ clkbuf_0_CLK100MHZ/X (sky130_fd_sc_hd__clkbuf_16)
                                         clknet_0_CLK100MHZ (net)
                  0.05    0.00   10.14 ^ clkbuf_2_3__f_CLK100MHZ/A (sky130_fd_sc_hd__clkbuf_16)
     8    0.03    0.04    0.09   10.23 ^ clkbuf_2_3__f_CLK100MHZ/X (sky130_fd_sc_hd__clkbuf_16)
                                         clknet_2_3__leaf_CLK100MHZ (net)
                  0.04    0.00   10.23 ^ _249_/CLK (sky130_fd_sc_hd__dfrtp_4)
                         -0.25    9.98   clock uncertainty
                          0.02   10.00   clock reconvergence pessimism
                         -0.06    9.94   library setup time
                                  9.94   data required time
-----------------------------------------------------------------------------
                                  9.94   data required time
                                 -1.53   data arrival time
-----------------------------------------------------------------------------
                                  8.41   slack (MET)


Startpoint: _252_ (rising edge-triggered flip-flop clocked by CLK100MHZ)
Endpoint: _264_ (rising edge-triggered flip-flop clocked by CLK100MHZ)
Path Group: CLK100MHZ
Path Type: max
Corner: Fastest

Fanout     Cap    Slew   Delay    Time   Description
-----------------------------------------------------------------------------
                          0.00    0.00   clock CLK100MHZ (rise edge)
                          0.00    0.00   clock source latency
     1    0.02    0.06    0.05    0.05 ^ CLK100MHZ (in)
                                         CLK100MHZ (net)
                  0.06    0.00    0.05 ^ clkbuf_0_CLK100MHZ/A (sky130_fd_sc_hd__clkbuf_16)
     4    0.04    0.05    0.11    0.16 ^ clkbuf_0_CLK100MHZ/X (sky130_fd_sc_hd__clkbuf_16)
                                         clknet_0_CLK100MHZ (net)
                  0.05    0.00    0.16 ^ clkbuf_2_2__f_CLK100MHZ/A (sky130_fd_sc_hd__clkbuf_16)
     8    0.03    0.04    0.10    0.26 ^ clkbuf_2_2__f_CLK100MHZ/X (sky130_fd_sc_hd__clkbuf_16)
                                         clknet_2_2__leaf_CLK100MHZ (net)
                  0.04    0.00    0.26 ^ _252_/CLK (sky130_fd_sc_hd__dfrtp_2)
     3    0.03    0.08    0.31    0.57 v _252_/Q (sky130_fd_sc_hd__dfrtp_2)
                                         decoder.delay[2] (net)
                  0.08    0.00    0.57 v _126_/C (sky130_fd_sc_hd__and4_2)
     6    0.03    0.08    0.22    0.80 v _126_/X (sky130_fd_sc_hd__and4_2)
                                         _059_ (net)
                  0.08    0.00    0.80 v _182_/B (sky130_fd_sc_hd__and3_1)
     2    0.01    0.05    0.15    0.95 v _182_/X (sky130_fd_sc_hd__and3_1)
                                         _093_ (net)
                  0.05    0.00    0.95 v _183_/A (sky130_fd_sc_hd__buf_2)
    10    0.05    0.08    0.15    1.10 v _183_/X (sky130_fd_sc_hd__buf_2)
                                         _094_ (net)
                  0.08    0.00    1.10 v _201_/D (sky130_fd_sc_hd__and4_1)
     2    0.01    0.05    0.18    1.28 v _201_/X (sky130_fd_sc_hd__and4_1)
                                         _106_ (net)
                  0.05    0.00    1.28 v _204_/B1 (sky130_fd_sc_hd__o2bb2a_1)
     1    0.01    0.05    0.20    1.49 v _204_/X (sky130_fd_sc_hd__o2bb2a_1)
                                         _005_ (net)
                  0.05    0.00    1.49 v _264_/D (sky130_fd_sc_hd__dfrtp_1)
                                  1.49   data arrival time

                         10.00   10.00   clock CLK100MHZ (rise edge)
                          0.00   10.00   clock source latency
     1    0.02    0.06    0.04   10.04 ^ CLK100MHZ (in)
                                         CLK100MHZ (net)
                  0.06    0.00   10.04 ^ clkbuf_0_CLK100MHZ/A (sky130_fd_sc_hd__clkbuf_16)
     4    0.04    0.05    0.10   10.14 ^ clkbuf_0_CLK100MHZ/X (sky130_fd_sc_hd__clkbuf_16)
                                         clknet_0_CLK100MHZ (net)
                  0.05    0.00   10.14 ^ clkbuf_2_0__f_CLK100MHZ/A (sky130_fd_sc_hd__clkbuf_16)
     8    0.03    0.04    0.09   10.23 ^ clkbuf_2_0__f_CLK100MHZ/X (sky130_fd_sc_hd__clkbuf_16)
                                         clknet_2_0__leaf_CLK100MHZ (net)
                  0.04    0.00   10.23 ^ _264_/CLK (sky130_fd_sc_hd__dfrtp_1)
                         -0.25    9.98   clock uncertainty
                          0.02   10.00   clock reconvergence pessimism
                         -0.08    9.92   library setup time
                                  9.92   data required time
-----------------------------------------------------------------------------
                                  9.92   data required time
                                 -1.49   data arrival time
-----------------------------------------------------------------------------
                                  8.43   slack (MET)


Startpoint: _260_ (rising edge-triggered flip-flop clocked by CLK100MHZ)
Endpoint: _273_ (rising edge-triggered flip-flop clocked by CLK100MHZ)
Path Group: CLK100MHZ
Path Type: max
Corner: Fastest

Fanout     Cap    Slew   Delay    Time   Description
-----------------------------------------------------------------------------
                          0.00    0.00   clock CLK100MHZ (rise edge)
                          0.00    0.00   clock source latency
     1    0.02    0.06    0.05    0.05 ^ CLK100MHZ (in)
                                         CLK100MHZ (net)
                  0.06    0.00    0.05 ^ clkbuf_0_CLK100MHZ/A (sky130_fd_sc_hd__clkbuf_16)
     4    0.04    0.05    0.11    0.16 ^ clkbuf_0_CLK100MHZ/X (sky130_fd_sc_hd__clkbuf_16)
                                         clknet_0_CLK100MHZ (net)
                  0.05    0.00    0.16 ^ clkbuf_2_1__f_CLK100MHZ/A (sky130_fd_sc_hd__clkbuf_16)
     8    0.02    0.03    0.10    0.26 ^ clkbuf_2_1__f_CLK100MHZ/X (sky130_fd_sc_hd__clkbuf_16)
                                         clknet_2_1__leaf_CLK100MHZ (net)
                  0.03    0.00    0.26 ^ _260_/CLK (sky130_fd_sc_hd__dfrtp_1)
     3    0.03    0.18    0.32    0.58 ^ _260_/Q (sky130_fd_sc_hd__dfrtp_1)
                                         decoder.delay[10] (net)
                  0.18    0.00    0.58 ^ _124_/D (sky130_fd_sc_hd__and4_1)
     4    0.03    0.19    0.25    0.83 ^ _124_/X (sky130_fd_sc_hd__and4_1)
                                         _119_ (net)
                  0.19    0.00    0.83 ^ _128_/A (sky130_fd_sc_hd__and4_2)
     7    0.04    0.17    0.27    1.10 ^ _128_/X (sky130_fd_sc_hd__and4_2)
                                         _061_ (net)
                  0.17    0.00    1.10 ^ _150_/B (sky130_fd_sc_hd__nand2_1)
     2    0.03    0.12    0.14    1.24 v _150_/Y (sky130_fd_sc_hd__nand2_1)
                                         _076_ (net)
                  0.12    0.00    1.24 v _152_/A (sky130_fd_sc_hd__and2_1)
     1    0.01    0.04    0.15    1.39 v _152_/X (sky130_fd_sc_hd__and2_1)
                                         _078_ (net)
                  0.04    0.00    1.39 v _153_/A (sky130_fd_sc_hd__buf_1)
     1    0.01    0.05    0.10    1.48 v _153_/X (sky130_fd_sc_hd__buf_1)
                                         _015_ (net)
                  0.05    0.00    1.48 v _273_/D (sky130_fd_sc_hd__dfrtp_1)
                                  1.48   data arrival time

                         10.00   10.00   clock CLK100MHZ (rise edge)
                          0.00   10.00   clock source latency
     1    0.02    0.06    0.04   10.04 ^ CLK100MHZ (in)
                                         CLK100MHZ (net)
                  0.06    0.00   10.04 ^ clkbuf_0_CLK100MHZ/A (sky130_fd_sc_hd__clkbuf_16)
     4    0.04    0.05    0.10   10.14 ^ clkbuf_0_CLK100MHZ/X (sky130_fd_sc_hd__clkbuf_16)
                                         clknet_0_CLK100MHZ (net)
                  0.05    0.00   10.14 ^ clkbuf_2_3__f_CLK100MHZ/A (sky130_fd_sc_hd__clkbuf_16)
     8    0.03    0.04    0.09   10.23 ^ clkbuf_2_3__f_CLK100MHZ/X (sky130_fd_sc_hd__clkbuf_16)
                                         clknet_2_3__leaf_CLK100MHZ (net)
                  0.04    0.00   10.23 ^ _273_/CLK (sky130_fd_sc_hd__dfrtp_1)
                         -0.25    9.98   clock uncertainty
                          0.02   10.00   clock reconvergence pessimism
                         -0.08    9.92   library setup time
                                  9.92   data required time
-----------------------------------------------------------------------------
                                  9.92   data required time
                                 -1.48   data arrival time
-----------------------------------------------------------------------------
                                  8.44   slack (MET)


Startpoint: _250_ (rising edge-triggered flip-flop clocked by CLK100MHZ)
Endpoint: _257_ (rising edge-triggered flip-flop clocked by CLK100MHZ)
Path Group: CLK100MHZ
Path Type: max
Corner: Fastest

Fanout     Cap    Slew   Delay    Time   Description
-----------------------------------------------------------------------------
                          0.00    0.00   clock CLK100MHZ (rise edge)
                          0.00    0.00   clock source latency
     1    0.02    0.06    0.05    0.05 ^ CLK100MHZ (in)
                                         CLK100MHZ (net)
                  0.06    0.00    0.05 ^ clkbuf_0_CLK100MHZ/A (sky130_fd_sc_hd__clkbuf_16)
     4    0.04    0.05    0.11    0.16 ^ clkbuf_0_CLK100MHZ/X (sky130_fd_sc_hd__clkbuf_16)
                                         clknet_0_CLK100MHZ (net)
                  0.05    0.00    0.16 ^ clkbuf_2_2__f_CLK100MHZ/A (sky130_fd_sc_hd__clkbuf_16)
     8    0.03    0.04    0.10    0.26 ^ clkbuf_2_2__f_CLK100MHZ/X (sky130_fd_sc_hd__clkbuf_16)
                                         clknet_2_2__leaf_CLK100MHZ (net)
                  0.04    0.00    0.26 ^ _250_/CLK (sky130_fd_sc_hd__dfrtp_2)
     5    0.04    0.14    0.32    0.58 ^ _250_/Q (sky130_fd_sc_hd__dfrtp_2)
                                         decoder.delay[0] (net)
                  0.14    0.00    0.58 ^ _126_/B (sky130_fd_sc_hd__and4_2)
     6    0.03    0.14    0.24    0.82 ^ _126_/X (sky130_fd_sc_hd__and4_2)
                                         _059_ (net)
                  0.14    0.00    0.82 ^ _182_/B (sky130_fd_sc_hd__and3_1)
     2    0.01    0.09    0.16    0.98 ^ _182_/X (sky130_fd_sc_hd__and3_1)
                                         _093_ (net)
                  0.09    0.00    0.98 ^ _183_/A (sky130_fd_sc_hd__buf_2)
    10    0.05    0.19    0.21    1.18 ^ _183_/X (sky130_fd_sc_hd__buf_2)
                                         _094_ (net)
                  0.19    0.00    1.19 ^ _185_/A_N (sky130_fd_sc_hd__and2b_1)
     1    0.02    0.08    0.18    1.37 v _185_/X (sky130_fd_sc_hd__and2b_1)
                                         _096_ (net)
                  0.08    0.00    1.37 v _186_/A (sky130_fd_sc_hd__buf_1)
     1    0.01    0.06    0.11    1.48 v _186_/X (sky130_fd_sc_hd__buf_1)
                                         _022_ (net)
                  0.06    0.00    1.48 v _257_/D (sky130_fd_sc_hd__dfrtp_1)
                                  1.48   data arrival time

                         10.00   10.00   clock CLK100MHZ (rise edge)
                          0.00   10.00   clock source latency
     1    0.02    0.06    0.04   10.04 ^ CLK100MHZ (in)
                                         CLK100MHZ (net)
                  0.06    0.00   10.04 ^ clkbuf_0_CLK100MHZ/A (sky130_fd_sc_hd__clkbuf_16)
     4    0.04    0.05    0.10   10.14 ^ clkbuf_0_CLK100MHZ/X (sky130_fd_sc_hd__clkbuf_16)
                                         clknet_0_CLK100MHZ (net)
                  0.05    0.00   10.14 ^ clkbuf_2_3__f_CLK100MHZ/A (sky130_fd_sc_hd__clkbuf_16)
     8    0.03    0.04    0.09   10.23 ^ clkbuf_2_3__f_CLK100MHZ/X (sky130_fd_sc_hd__clkbuf_16)
                                         clknet_2_3__leaf_CLK100MHZ (net)
                  0.04    0.00   10.23 ^ _257_/CLK (sky130_fd_sc_hd__dfrtp_1)
                         -0.25    9.98   clock uncertainty
                          0.02   10.00   clock reconvergence pessimism
                         -0.08    9.92   library setup time
                                  9.92   data required time
-----------------------------------------------------------------------------
                                  9.92   data required time
                                 -1.48   data arrival time
-----------------------------------------------------------------------------
                                  8.44   slack (MET)


Startpoint: _250_ (rising edge-triggered flip-flop clocked by CLK100MHZ)
Endpoint: _263_ (rising edge-triggered flip-flop clocked by CLK100MHZ)
Path Group: CLK100MHZ
Path Type: max
Corner: Fastest

Fanout     Cap    Slew   Delay    Time   Description
-----------------------------------------------------------------------------
                          0.00    0.00   clock CLK100MHZ (rise edge)
                          0.00    0.00   clock source latency
     1    0.02    0.06    0.05    0.05 ^ CLK100MHZ (in)
                                         CLK100MHZ (net)
                  0.06    0.00    0.05 ^ clkbuf_0_CLK100MHZ/A (sky130_fd_sc_hd__clkbuf_16)
     4    0.04    0.05    0.11    0.16 ^ clkbuf_0_CLK100MHZ/X (sky130_fd_sc_hd__clkbuf_16)
                                         clknet_0_CLK100MHZ (net)
                  0.05    0.00    0.16 ^ clkbuf_2_2__f_CLK100MHZ/A (sky130_fd_sc_hd__clkbuf_16)
     8    0.03    0.04    0.10    0.26 ^ clkbuf_2_2__f_CLK100MHZ/X (sky130_fd_sc_hd__clkbuf_16)
                                         clknet_2_2__leaf_CLK100MHZ (net)
                  0.04    0.00    0.26 ^ _250_/CLK (sky130_fd_sc_hd__dfrtp_2)
     5    0.04    0.14    0.32    0.58 ^ _250_/Q (sky130_fd_sc_hd__dfrtp_2)
                                         decoder.delay[0] (net)
                  0.14    0.00    0.58 ^ _126_/B (sky130_fd_sc_hd__and4_2)
     6    0.03    0.14    0.24    0.82 ^ _126_/X (sky130_fd_sc_hd__and4_2)
                                         _059_ (net)
                  0.14    0.00    0.82 ^ _182_/B (sky130_fd_sc_hd__and3_1)
     2    0.01    0.09    0.16    0.98 ^ _182_/X (sky130_fd_sc_hd__and3_1)
                                         _093_ (net)
                  0.09    0.00    0.98 ^ _183_/A (sky130_fd_sc_hd__buf_2)
    10    0.05    0.19    0.21    1.18 ^ _183_/X (sky130_fd_sc_hd__buf_2)
                                         _094_ (net)
                  0.19    0.00    1.19 ^ _201_/D (sky130_fd_sc_hd__and4_1)
     2    0.01    0.09    0.18    1.36 ^ _201_/X (sky130_fd_sc_hd__and4_1)
                                         _106_ (net)
                  0.09    0.00    1.36 ^ _202_/B1_N (sky130_fd_sc_hd__o21ba_1)
     1    0.01    0.05    0.12    1.48 v _202_/X (sky130_fd_sc_hd__o21ba_1)
                                         _004_ (net)
                  0.05    0.00    1.49 v _263_/D (sky130_fd_sc_hd__dfrtp_1)
                                  1.49   data arrival time

                         10.00   10.00   clock CLK100MHZ (rise edge)
                          0.00   10.00   clock source latency
     1    0.02    0.06    0.04   10.04 ^ CLK100MHZ (in)
                                         CLK100MHZ (net)
                  0.06    0.00   10.04 ^ clkbuf_0_CLK100MHZ/A (sky130_fd_sc_hd__clkbuf_16)
     4    0.04    0.05    0.10   10.14 ^ clkbuf_0_CLK100MHZ/X (sky130_fd_sc_hd__clkbuf_16)
                                         clknet_0_CLK100MHZ (net)
                  0.05    0.00   10.14 ^ clkbuf_2_2__f_CLK100MHZ/A (sky130_fd_sc_hd__clkbuf_16)
     8    0.03    0.04    0.09   10.24 ^ clkbuf_2_2__f_CLK100MHZ/X (sky130_fd_sc_hd__clkbuf_16)
                                         clknet_2_2__leaf_CLK100MHZ (net)
                  0.04    0.00   10.24 ^ _263_/CLK (sky130_fd_sc_hd__dfrtp_1)
                         -0.25    9.99   clock uncertainty
                          0.02   10.01   clock reconvergence pessimism
                         -0.08    9.93   library setup time
                                  9.93   data required time
-----------------------------------------------------------------------------
                                  9.93   data required time
                                 -1.49   data arrival time
-----------------------------------------------------------------------------
                                  8.45   slack (MET)


Startpoint: _260_ (rising edge-triggered flip-flop clocked by CLK100MHZ)
Endpoint: _269_ (rising edge-triggered flip-flop clocked by CLK100MHZ)
Path Group: CLK100MHZ
Path Type: max
Corner: Fastest

Fanout     Cap    Slew   Delay    Time   Description
-----------------------------------------------------------------------------
                          0.00    0.00   clock CLK100MHZ (rise edge)
                          0.00    0.00   clock source latency
     1    0.02    0.06    0.05    0.05 ^ CLK100MHZ (in)
                                         CLK100MHZ (net)
                  0.06    0.00    0.05 ^ clkbuf_0_CLK100MHZ/A (sky130_fd_sc_hd__clkbuf_16)
     4    0.04    0.05    0.11    0.16 ^ clkbuf_0_CLK100MHZ/X (sky130_fd_sc_hd__clkbuf_16)
                                         clknet_0_CLK100MHZ (net)
                  0.05    0.00    0.16 ^ clkbuf_2_1__f_CLK100MHZ/A (sky130_fd_sc_hd__clkbuf_16)
     8    0.02    0.03    0.10    0.26 ^ clkbuf_2_1__f_CLK100MHZ/X (sky130_fd_sc_hd__clkbuf_16)
                                         clknet_2_1__leaf_CLK100MHZ (net)
                  0.03    0.00    0.26 ^ _260_/CLK (sky130_fd_sc_hd__dfrtp_1)
     3    0.03    0.18    0.32    0.58 ^ _260_/Q (sky130_fd_sc_hd__dfrtp_1)
                                         decoder.delay[10] (net)
                  0.18    0.00    0.58 ^ _124_/D (sky130_fd_sc_hd__and4_1)
     4    0.03    0.19    0.25    0.83 ^ _124_/X (sky130_fd_sc_hd__and4_1)
                                         _119_ (net)
                  0.19    0.00    0.83 ^ _128_/A (sky130_fd_sc_hd__and4_2)
     7    0.04    0.17    0.27    1.10 ^ _128_/X (sky130_fd_sc_hd__and4_2)
                                         _061_ (net)
                  0.17    0.00    1.10 ^ _134_/A (sky130_fd_sc_hd__clkbuf_4)
    10    0.06    0.13    0.20    1.30 ^ _134_/X (sky130_fd_sc_hd__clkbuf_4)
                                         _066_ (net)
                  0.13    0.00    1.31 ^ _213_/A2_N (sky130_fd_sc_hd__o2bb2a_1)
     1    0.01    0.05    0.16    1.46 v _213_/X (sky130_fd_sc_hd__o2bb2a_1)
                                         _010_ (net)
                  0.05    0.00    1.46 v _269_/D (sky130_fd_sc_hd__dfrtp_1)
                                  1.46   data arrival time

                         10.00   10.00   clock CLK100MHZ (rise edge)
                          0.00   10.00   clock source latency
     1    0.02    0.06    0.04   10.04 ^ CLK100MHZ (in)
                                         CLK100MHZ (net)
                  0.06    0.00   10.04 ^ clkbuf_0_CLK100MHZ/A (sky130_fd_sc_hd__clkbuf_16)
     4    0.04    0.05    0.10   10.14 ^ clkbuf_0_CLK100MHZ/X (sky130_fd_sc_hd__clkbuf_16)
                                         clknet_0_CLK100MHZ (net)
                  0.05    0.00   10.14 ^ clkbuf_2_2__f_CLK100MHZ/A (sky130_fd_sc_hd__clkbuf_16)
     8    0.03    0.04    0.09   10.24 ^ clkbuf_2_2__f_CLK100MHZ/X (sky130_fd_sc_hd__clkbuf_16)
                                         clknet_2_2__leaf_CLK100MHZ (net)
                  0.04    0.00   10.24 ^ _269_/CLK (sky130_fd_sc_hd__dfrtp_1)
                         -0.25    9.99   clock uncertainty
                          0.02   10.00   clock reconvergence pessimism
                         -0.08    9.92   library setup time
                                  9.92   data required time
-----------------------------------------------------------------------------
                                  9.92   data required time
                                 -1.46   data arrival time
-----------------------------------------------------------------------------
                                  8.46   slack (MET)


Startpoint: _250_ (rising edge-triggered flip-flop clocked by CLK100MHZ)
Endpoint: _259_ (rising edge-triggered flip-flop clocked by CLK100MHZ)
Path Group: CLK100MHZ
Path Type: max
Corner: Fastest

Fanout     Cap    Slew   Delay    Time   Description
-----------------------------------------------------------------------------
                          0.00    0.00   clock CLK100MHZ (rise edge)
                          0.00    0.00   clock source latency
     1    0.02    0.06    0.05    0.05 ^ CLK100MHZ (in)
                                         CLK100MHZ (net)
                  0.06    0.00    0.05 ^ clkbuf_0_CLK100MHZ/A (sky130_fd_sc_hd__clkbuf_16)
     4    0.04    0.05    0.11    0.16 ^ clkbuf_0_CLK100MHZ/X (sky130_fd_sc_hd__clkbuf_16)
                                         clknet_0_CLK100MHZ (net)
                  0.05    0.00    0.16 ^ clkbuf_2_2__f_CLK100MHZ/A (sky130_fd_sc_hd__clkbuf_16)
     8    0.03    0.04    0.10    0.26 ^ clkbuf_2_2__f_CLK100MHZ/X (sky130_fd_sc_hd__clkbuf_16)
                                         clknet_2_2__leaf_CLK100MHZ (net)
                  0.04    0.00    0.26 ^ _250_/CLK (sky130_fd_sc_hd__dfrtp_2)
     5    0.04    0.14    0.32    0.58 ^ _250_/Q (sky130_fd_sc_hd__dfrtp_2)
                                         decoder.delay[0] (net)
                  0.14    0.00    0.58 ^ _126_/B (sky130_fd_sc_hd__and4_2)
     6    0.03    0.14    0.24    0.82 ^ _126_/X (sky130_fd_sc_hd__and4_2)
                                         _059_ (net)
                  0.14    0.00    0.82 ^ _182_/B (sky130_fd_sc_hd__and3_1)
     2    0.01    0.09    0.16    0.98 ^ _182_/X (sky130_fd_sc_hd__and3_1)
                                         _093_ (net)
                  0.09    0.00    0.98 ^ _183_/A (sky130_fd_sc_hd__buf_2)
    10    0.05    0.19    0.21    1.18 ^ _183_/X (sky130_fd_sc_hd__buf_2)
                                         _094_ (net)
                  0.19    0.00    1.19 ^ _188_/B (sky130_fd_sc_hd__nand2_1)
     2    0.02    0.11    0.12    1.31 v _188_/Y (sky130_fd_sc_hd__nand2_1)
                                         _098_ (net)
                  0.11    0.00    1.31 v _191_/B (sky130_fd_sc_hd__xnor2_1)
     1    0.01    0.15    0.17    1.48 ^ _191_/Y (sky130_fd_sc_hd__xnor2_1)
                                         _024_ (net)
                  0.15    0.00    1.48 ^ _259_/D (sky130_fd_sc_hd__dfrtp_2)
                                  1.48   data arrival time

                         10.00   10.00   clock CLK100MHZ (rise edge)
                          0.00   10.00   clock source latency
     1    0.02    0.06    0.04   10.04 ^ CLK100MHZ (in)
                                         CLK100MHZ (net)
                  0.06    0.00   10.04 ^ clkbuf_0_CLK100MHZ/A (sky130_fd_sc_hd__clkbuf_16)
     4    0.04    0.05    0.10   10.14 ^ clkbuf_0_CLK100MHZ/X (sky130_fd_sc_hd__clkbuf_16)
                                         clknet_0_CLK100MHZ (net)
                  0.05    0.00   10.14 ^ clkbuf_2_1__f_CLK100MHZ/A (sky130_fd_sc_hd__clkbuf_16)
     8    0.02    0.03    0.09   10.23 ^ clkbuf_2_1__f_CLK100MHZ/X (sky130_fd_sc_hd__clkbuf_16)
                                         clknet_2_1__leaf_CLK100MHZ (net)
                  0.03    0.00   10.23 ^ _259_/CLK (sky130_fd_sc_hd__dfrtp_2)
                         -0.25    9.98   clock uncertainty
                          0.02   10.00   clock reconvergence pessimism
                         -0.05    9.95   library setup time
                                  9.95   data required time
-----------------------------------------------------------------------------
                                  9.95   data required time
                                 -1.48   data arrival time
-----------------------------------------------------------------------------
                                  8.47   slack (MET)


Startpoint: _260_ (rising edge-triggered flip-flop clocked by CLK100MHZ)
Endpoint: _267_ (rising edge-triggered flip-flop clocked by CLK100MHZ)
Path Group: CLK100MHZ
Path Type: max
Corner: Fastest

Fanout     Cap    Slew   Delay    Time   Description
-----------------------------------------------------------------------------
                          0.00    0.00   clock CLK100MHZ (rise edge)
                          0.00    0.00   clock source latency
     1    0.02    0.06    0.05    0.05 ^ CLK100MHZ (in)
                                         CLK100MHZ (net)
                  0.06    0.00    0.05 ^ clkbuf_0_CLK100MHZ/A (sky130_fd_sc_hd__clkbuf_16)
     4    0.04    0.05    0.11    0.16 ^ clkbuf_0_CLK100MHZ/X (sky130_fd_sc_hd__clkbuf_16)
                                         clknet_0_CLK100MHZ (net)
                  0.05    0.00    0.16 ^ clkbuf_2_1__f_CLK100MHZ/A (sky130_fd_sc_hd__clkbuf_16)
     8    0.02    0.03    0.10    0.26 ^ clkbuf_2_1__f_CLK100MHZ/X (sky130_fd_sc_hd__clkbuf_16)
                                         clknet_2_1__leaf_CLK100MHZ (net)
                  0.03    0.00    0.26 ^ _260_/CLK (sky130_fd_sc_hd__dfrtp_1)
     3    0.03    0.18    0.32    0.58 ^ _260_/Q (sky130_fd_sc_hd__dfrtp_1)
                                         decoder.delay[10] (net)
                  0.18    0.00    0.58 ^ _124_/D (sky130_fd_sc_hd__and4_1)
     4    0.03    0.19    0.25    0.83 ^ _124_/X (sky130_fd_sc_hd__and4_1)
                                         _119_ (net)
                  0.19    0.00    0.83 ^ _128_/A (sky130_fd_sc_hd__and4_2)
     7    0.04    0.17    0.27    1.10 ^ _128_/X (sky130_fd_sc_hd__and4_2)
                                         _061_ (net)
                  0.17    0.00    1.10 ^ _134_/A (sky130_fd_sc_hd__clkbuf_4)
    10    0.06    0.13    0.20    1.30 ^ _134_/X (sky130_fd_sc_hd__clkbuf_4)
                                         _066_ (net)
                  0.13    0.00    1.31 ^ _208_/A2 (sky130_fd_sc_hd__a21oi_1)
     1    0.00    0.05    0.06    1.37 v _208_/Y (sky130_fd_sc_hd__a21oi_1)
                                         _109_ (net)
                  0.05    0.00    1.37 v _210_/A (sky130_fd_sc_hd__nor2_1)
     1    0.01    0.11    0.12    1.49 ^ _210_/Y (sky130_fd_sc_hd__nor2_1)
                                         _008_ (net)
                  0.11    0.00    1.49 ^ _267_/D (sky130_fd_sc_hd__dfrtp_1)
                                  1.49   data arrival time

                         10.00   10.00   clock CLK100MHZ (rise edge)
                          0.00   10.00   clock source latency
     1    0.02    0.06    0.04   10.04 ^ CLK100MHZ (in)
                                         CLK100MHZ (net)
                  0.06    0.00   10.04 ^ clkbuf_0_CLK100MHZ/A (sky130_fd_sc_hd__clkbuf_16)
     4    0.04    0.05    0.10   10.14 ^ clkbuf_0_CLK100MHZ/X (sky130_fd_sc_hd__clkbuf_16)
                                         clknet_0_CLK100MHZ (net)
                  0.05    0.00   10.14 ^ clkbuf_2_3__f_CLK100MHZ/A (sky130_fd_sc_hd__clkbuf_16)
     8    0.03    0.04    0.09   10.23 ^ clkbuf_2_3__f_CLK100MHZ/X (sky130_fd_sc_hd__clkbuf_16)
                                         clknet_2_3__leaf_CLK100MHZ (net)
                  0.04    0.00   10.23 ^ _267_/CLK (sky130_fd_sc_hd__dfrtp_1)
                         -0.25    9.98   clock uncertainty
                          0.02   10.00   clock reconvergence pessimism
                         -0.04    9.96   library setup time
                                  9.96   data required time
-----------------------------------------------------------------------------
                                  9.96   data required time
                                 -1.49   data arrival time
-----------------------------------------------------------------------------
                                  8.47   slack (MET)


Startpoint: _260_ (rising edge-triggered flip-flop clocked by CLK100MHZ)
Endpoint: _247_ (rising edge-triggered flip-flop clocked by CLK100MHZ)
Path Group: CLK100MHZ
Path Type: max
Corner: Fastest

Fanout     Cap    Slew   Delay    Time   Description
-----------------------------------------------------------------------------
                          0.00    0.00   clock CLK100MHZ (rise edge)
                          0.00    0.00   clock source latency
     1    0.02    0.06    0.05    0.05 ^ CLK100MHZ (in)
                                         CLK100MHZ (net)
                  0.06    0.00    0.05 ^ clkbuf_0_CLK100MHZ/A (sky130_fd_sc_hd__clkbuf_16)
     4    0.04    0.05    0.11    0.16 ^ clkbuf_0_CLK100MHZ/X (sky130_fd_sc_hd__clkbuf_16)
                                         clknet_0_CLK100MHZ (net)
                  0.05    0.00    0.16 ^ clkbuf_2_1__f_CLK100MHZ/A (sky130_fd_sc_hd__clkbuf_16)
     8    0.02    0.03    0.10    0.26 ^ clkbuf_2_1__f_CLK100MHZ/X (sky130_fd_sc_hd__clkbuf_16)
                                         clknet_2_1__leaf_CLK100MHZ (net)
                  0.03    0.00    0.26 ^ _260_/CLK (sky130_fd_sc_hd__dfrtp_1)
     3    0.03    0.18    0.32    0.58 ^ _260_/Q (sky130_fd_sc_hd__dfrtp_1)
                                         decoder.delay[10] (net)
                  0.18    0.00    0.58 ^ _124_/D (sky130_fd_sc_hd__and4_1)
     4    0.03    0.19    0.25    0.83 ^ _124_/X (sky130_fd_sc_hd__and4_1)
                                         _119_ (net)
                  0.19    0.00    0.83 ^ _128_/A (sky130_fd_sc_hd__and4_2)
     7    0.04    0.17    0.27    1.10 ^ _128_/X (sky130_fd_sc_hd__and4_2)
                                         _061_ (net)
                  0.17    0.00    1.10 ^ _139_/D (sky130_fd_sc_hd__and4_1)
     2    0.02    0.12    0.20    1.30 ^ _139_/X (sky130_fd_sc_hd__and4_1)
                                         _070_ (net)
                  0.12    0.00    1.30 ^ _140_/B (sky130_fd_sc_hd__xor2_1)
     1    0.01    0.16    0.16    1.46 ^ _140_/X (sky130_fd_sc_hd__xor2_1)
                                         _055_ (net)
                  0.16    0.00    1.47 ^ _247_/D (sky130_fd_sc_hd__dfrtp_4)
                                  1.47   data arrival time

                         10.00   10.00   clock CLK100MHZ (rise edge)
                          0.00   10.00   clock source latency
     1    0.02    0.06    0.04   10.04 ^ CLK100MHZ (in)
                                         CLK100MHZ (net)
                  0.06    0.00   10.04 ^ clkbuf_0_CLK100MHZ/A (sky130_fd_sc_hd__clkbuf_16)
     4    0.04    0.05    0.10   10.14 ^ clkbuf_0_CLK100MHZ/X (sky130_fd_sc_hd__clkbuf_16)
                                         clknet_0_CLK100MHZ (net)
                  0.05    0.00   10.14 ^ clkbuf_2_3__f_CLK100MHZ/A (sky130_fd_sc_hd__clkbuf_16)
     8    0.03    0.04    0.09   10.23 ^ clkbuf_2_3__f_CLK100MHZ/X (sky130_fd_sc_hd__clkbuf_16)
                                         clknet_2_3__leaf_CLK100MHZ (net)
                  0.04    0.00   10.23 ^ _247_/CLK (sky130_fd_sc_hd__dfrtp_4)
                         -0.25    9.98   clock uncertainty
                          0.02   10.00   clock reconvergence pessimism
                         -0.05    9.95   library setup time
                                  9.95   data required time
-----------------------------------------------------------------------------
                                  9.95   data required time
                                 -1.47   data arrival time
-----------------------------------------------------------------------------
                                  8.48   slack (MET)


Startpoint: _260_ (rising edge-triggered flip-flop clocked by CLK100MHZ)
Endpoint: _274_ (rising edge-triggered flip-flop clocked by CLK100MHZ)
Path Group: CLK100MHZ
Path Type: max
Corner: Fastest

Fanout     Cap    Slew   Delay    Time   Description
-----------------------------------------------------------------------------
                          0.00    0.00   clock CLK100MHZ (rise edge)
                          0.00    0.00   clock source latency
     1    0.02    0.06    0.05    0.05 ^ CLK100MHZ (in)
                                         CLK100MHZ (net)
                  0.06    0.00    0.05 ^ clkbuf_0_CLK100MHZ/A (sky130_fd_sc_hd__clkbuf_16)
     4    0.04    0.05    0.11    0.16 ^ clkbuf_0_CLK100MHZ/X (sky130_fd_sc_hd__clkbuf_16)
                                         clknet_0_CLK100MHZ (net)
                  0.05    0.00    0.16 ^ clkbuf_2_1__f_CLK100MHZ/A (sky130_fd_sc_hd__clkbuf_16)
     8    0.02    0.03    0.10    0.26 ^ clkbuf_2_1__f_CLK100MHZ/X (sky130_fd_sc_hd__clkbuf_16)
                                         clknet_2_1__leaf_CLK100MHZ (net)
                  0.03    0.00    0.26 ^ _260_/CLK (sky130_fd_sc_hd__dfrtp_1)
     3    0.03    0.18    0.32    0.58 ^ _260_/Q (sky130_fd_sc_hd__dfrtp_1)
                                         decoder.delay[10] (net)
                  0.18    0.00    0.58 ^ _124_/D (sky130_fd_sc_hd__and4_1)
     4    0.03    0.19    0.25    0.83 ^ _124_/X (sky130_fd_sc_hd__and4_1)
                                         _119_ (net)
                  0.19    0.00    0.83 ^ _128_/A (sky130_fd_sc_hd__and4_2)
     7    0.04    0.17    0.27    1.10 ^ _128_/X (sky130_fd_sc_hd__and4_2)
                                         _061_ (net)
                  0.17    0.00    1.10 ^ _150_/B (sky130_fd_sc_hd__nand2_1)
     2    0.03    0.12    0.14    1.24 v _150_/Y (sky130_fd_sc_hd__nand2_1)
                                         _076_ (net)
                  0.12    0.00    1.24 v _154_/B (sky130_fd_sc_hd__xnor2_1)
     1    0.01    0.16    0.19    1.43 ^ _154_/Y (sky130_fd_sc_hd__xnor2_1)
                                         _016_ (net)
                  0.16    0.00    1.43 ^ _274_/D (sky130_fd_sc_hd__dfrtp_2)
                                  1.43   data arrival time

                         10.00   10.00   clock CLK100MHZ (rise edge)
                          0.00   10.00   clock source latency
     1    0.02    0.06    0.04   10.04 ^ CLK100MHZ (in)
                                         CLK100MHZ (net)
                  0.06    0.00   10.04 ^ clkbuf_0_CLK100MHZ/A (sky130_fd_sc_hd__clkbuf_16)
     4    0.04    0.05    0.10   10.14 ^ clkbuf_0_CLK100MHZ/X (sky130_fd_sc_hd__clkbuf_16)
                                         clknet_0_CLK100MHZ (net)
                  0.05    0.00   10.14 ^ clkbuf_2_3__f_CLK100MHZ/A (sky130_fd_sc_hd__clkbuf_16)
     8    0.03    0.04    0.09   10.23 ^ clkbuf_2_3__f_CLK100MHZ/X (sky130_fd_sc_hd__clkbuf_16)
                                         clknet_2_3__leaf_CLK100MHZ (net)
                  0.04    0.00   10.23 ^ _274_/CLK (sky130_fd_sc_hd__dfrtp_2)
                         -0.25    9.98   clock uncertainty
                          0.02   10.00   clock reconvergence pessimism
                         -0.05    9.95   library setup time
                                  9.95   data required time
-----------------------------------------------------------------------------
                                  9.95   data required time
                                 -1.43   data arrival time
-----------------------------------------------------------------------------
                                  8.52   slack (MET)


Startpoint: _260_ (rising edge-triggered flip-flop clocked by CLK100MHZ)
Endpoint: _266_ (rising edge-triggered flip-flop clocked by CLK100MHZ)
Path Group: CLK100MHZ
Path Type: max
Corner: Fastest

Fanout     Cap    Slew   Delay    Time   Description
-----------------------------------------------------------------------------
                          0.00    0.00   clock CLK100MHZ (rise edge)
                          0.00    0.00   clock source latency
     1    0.02    0.06    0.05    0.05 ^ CLK100MHZ (in)
                                         CLK100MHZ (net)
                  0.06    0.00    0.05 ^ clkbuf_0_CLK100MHZ/A (sky130_fd_sc_hd__clkbuf_16)
     4    0.04    0.05    0.11    0.16 ^ clkbuf_0_CLK100MHZ/X (sky130_fd_sc_hd__clkbuf_16)
                                         clknet_0_CLK100MHZ (net)
                  0.05    0.00    0.16 ^ clkbuf_2_1__f_CLK100MHZ/A (sky130_fd_sc_hd__clkbuf_16)
     8    0.02    0.03    0.10    0.26 ^ clkbuf_2_1__f_CLK100MHZ/X (sky130_fd_sc_hd__clkbuf_16)
                                         clknet_2_1__leaf_CLK100MHZ (net)
                  0.03    0.00    0.26 ^ _260_/CLK (sky130_fd_sc_hd__dfrtp_1)
     3    0.03    0.18    0.32    0.58 ^ _260_/Q (sky130_fd_sc_hd__dfrtp_1)
                                         decoder.delay[10] (net)
                  0.18    0.00    0.58 ^ _124_/D (sky130_fd_sc_hd__and4_1)
     4    0.03    0.19    0.25    0.83 ^ _124_/X (sky130_fd_sc_hd__and4_1)
                                         _119_ (net)
                  0.19    0.00    0.83 ^ _128_/A (sky130_fd_sc_hd__and4_2)
     7    0.04    0.17    0.27    1.10 ^ _128_/X (sky130_fd_sc_hd__and4_2)
                                         _061_ (net)
                  0.17    0.00    1.10 ^ _134_/A (sky130_fd_sc_hd__clkbuf_4)
    10    0.06    0.13    0.20    1.30 ^ _134_/X (sky130_fd_sc_hd__clkbuf_4)
                                         _066_ (net)
                  0.13    0.00    1.30 ^ _207_/B (sky130_fd_sc_hd__xor2_1)
     1    0.00    0.10    0.11    1.41 ^ _207_/X (sky130_fd_sc_hd__xor2_1)
                                         _007_ (net)
                  0.10    0.00    1.42 ^ _266_/D (sky130_fd_sc_hd__dfrtp_2)
                                  1.42   data arrival time

                         10.00   10.00   clock CLK100MHZ (rise edge)
                          0.00   10.00   clock source latency
     1    0.02    0.06    0.04   10.04 ^ CLK100MHZ (in)
                                         CLK100MHZ (net)
                  0.06    0.00   10.04 ^ clkbuf_0_CLK100MHZ/A (sky130_fd_sc_hd__clkbuf_16)
     4    0.04    0.05    0.10   10.14 ^ clkbuf_0_CLK100MHZ/X (sky130_fd_sc_hd__clkbuf_16)
                                         clknet_0_CLK100MHZ (net)
                  0.05    0.00   10.14 ^ clkbuf_2_0__f_CLK100MHZ/A (sky130_fd_sc_hd__clkbuf_16)
     8    0.03    0.04    0.09   10.23 ^ clkbuf_2_0__f_CLK100MHZ/X (sky130_fd_sc_hd__clkbuf_16)
                                         clknet_2_0__leaf_CLK100MHZ (net)
                  0.04    0.00   10.23 ^ _266_/CLK (sky130_fd_sc_hd__dfrtp_2)
                         -0.25    9.98   clock uncertainty
                          0.02   10.00   clock reconvergence pessimism
                         -0.04    9.96   library setup time
                                  9.96   data required time
-----------------------------------------------------------------------------
                                  9.96   data required time
                                 -1.42   data arrival time
-----------------------------------------------------------------------------
                                  8.54   slack (MET)


Startpoint: _260_ (rising edge-triggered flip-flop clocked by CLK100MHZ)
Endpoint: _265_ (rising edge-triggered flip-flop clocked by CLK100MHZ)
Path Group: CLK100MHZ
Path Type: max
Corner: Fastest

Fanout     Cap    Slew   Delay    Time   Description
-----------------------------------------------------------------------------
                          0.00    0.00   clock CLK100MHZ (rise edge)
                          0.00    0.00   clock source latency
     1    0.02    0.06    0.05    0.05 ^ CLK100MHZ (in)
                                         CLK100MHZ (net)
                  0.06    0.00    0.05 ^ clkbuf_0_CLK100MHZ/A (sky130_fd_sc_hd__clkbuf_16)
     4    0.04    0.05    0.11    0.16 ^ clkbuf_0_CLK100MHZ/X (sky130_fd_sc_hd__clkbuf_16)
                                         clknet_0_CLK100MHZ (net)
                  0.05    0.00    0.16 ^ clkbuf_2_1__f_CLK100MHZ/A (sky130_fd_sc_hd__clkbuf_16)
     8    0.02    0.03    0.10    0.26 ^ clkbuf_2_1__f_CLK100MHZ/X (sky130_fd_sc_hd__clkbuf_16)
                                         clknet_2_1__leaf_CLK100MHZ (net)
                  0.03    0.00    0.26 ^ _260_/CLK (sky130_fd_sc_hd__dfrtp_1)
     3    0.03    0.18    0.32    0.58 ^ _260_/Q (sky130_fd_sc_hd__dfrtp_1)
                                         decoder.delay[10] (net)
                  0.18    0.00    0.58 ^ _124_/D (sky130_fd_sc_hd__and4_1)
     4    0.03    0.19    0.25    0.83 ^ _124_/X (sky130_fd_sc_hd__and4_1)
                                         _119_ (net)
                  0.19    0.00    0.83 ^ _128_/A (sky130_fd_sc_hd__and4_2)
     7    0.04    0.17    0.27    1.10 ^ _128_/X (sky130_fd_sc_hd__and4_2)
                                         _061_ (net)
                  0.17    0.00    1.10 ^ _134_/A (sky130_fd_sc_hd__clkbuf_4)
    10    0.06    0.13    0.20    1.30 ^ _134_/X (sky130_fd_sc_hd__clkbuf_4)
                                         _066_ (net)
                  0.13    0.00    1.31 ^ _206_/A (sky130_fd_sc_hd__nor2_1)
     1    0.01    0.06    0.07    1.37 v _206_/Y (sky130_fd_sc_hd__nor2_1)
                                         _006_ (net)
                  0.06    0.00    1.38 v _265_/D (sky130_fd_sc_hd__dfrtp_1)
                                  1.38   data arrival time

                         10.00   10.00   clock CLK100MHZ (rise edge)
                          0.00   10.00   clock source latency
     1    0.02    0.06    0.04   10.04 ^ CLK100MHZ (in)
                                         CLK100MHZ (net)
                  0.06    0.00   10.04 ^ clkbuf_0_CLK100MHZ/A (sky130_fd_sc_hd__clkbuf_16)
     4    0.04    0.05    0.10   10.14 ^ clkbuf_0_CLK100MHZ/X (sky130_fd_sc_hd__clkbuf_16)
                                         clknet_0_CLK100MHZ (net)
                  0.05    0.00   10.14 ^ clkbuf_2_1__f_CLK100MHZ/A (sky130_fd_sc_hd__clkbuf_16)
     8    0.02    0.03    0.09   10.23 ^ clkbuf_2_1__f_CLK100MHZ/X (sky130_fd_sc_hd__clkbuf_16)
                                         clknet_2_1__leaf_CLK100MHZ (net)
                  0.03    0.00   10.23 ^ _265_/CLK (sky130_fd_sc_hd__dfrtp_1)
                         -0.25    9.98   clock uncertainty
                          0.02   10.01   clock reconvergence pessimism
                         -0.08    9.92   library setup time
                                  9.92   data required time
-----------------------------------------------------------------------------
                                  9.92   data required time
                                 -1.38   data arrival time
-----------------------------------------------------------------------------
                                  8.55   slack (MET)


Startpoint: _252_ (rising edge-triggered flip-flop clocked by CLK100MHZ)
Endpoint: _260_ (rising edge-triggered flip-flop clocked by CLK100MHZ)
Path Group: CLK100MHZ
Path Type: max
Corner: Fastest

Fanout     Cap    Slew   Delay    Time   Description
-----------------------------------------------------------------------------
                          0.00    0.00   clock CLK100MHZ (rise edge)
                          0.00    0.00   clock source latency
     1    0.02    0.06    0.05    0.05 ^ CLK100MHZ (in)
                                         CLK100MHZ (net)
                  0.06    0.00    0.05 ^ clkbuf_0_CLK100MHZ/A (sky130_fd_sc_hd__clkbuf_16)
     4    0.04    0.05    0.11    0.16 ^ clkbuf_0_CLK100MHZ/X (sky130_fd_sc_hd__clkbuf_16)
                                         clknet_0_CLK100MHZ (net)
                  0.05    0.00    0.16 ^ clkbuf_2_2__f_CLK100MHZ/A (sky130_fd_sc_hd__clkbuf_16)
     8    0.03    0.04    0.10    0.26 ^ clkbuf_2_2__f_CLK100MHZ/X (sky130_fd_sc_hd__clkbuf_16)
                                         clknet_2_2__leaf_CLK100MHZ (net)
                  0.04    0.00    0.26 ^ _252_/CLK (sky130_fd_sc_hd__dfrtp_2)
     3    0.03    0.08    0.31    0.57 v _252_/Q (sky130_fd_sc_hd__dfrtp_2)
                                         decoder.delay[2] (net)
                  0.08    0.00    0.57 v _126_/C (sky130_fd_sc_hd__and4_2)
     6    0.03    0.08    0.22    0.80 v _126_/X (sky130_fd_sc_hd__and4_2)
                                         _059_ (net)
                  0.08    0.00    0.80 v _182_/B (sky130_fd_sc_hd__and3_1)
     2    0.01    0.05    0.15    0.95 v _182_/X (sky130_fd_sc_hd__and3_1)
                                         _093_ (net)
                  0.05    0.00    0.95 v _183_/A (sky130_fd_sc_hd__buf_2)
    10    0.05    0.08    0.15    1.10 v _183_/X (sky130_fd_sc_hd__buf_2)
                                         _094_ (net)
                  0.08    0.00    1.10 v _193_/A3 (sky130_fd_sc_hd__a31o_1)
     1    0.01    0.04    0.18    1.28 v _193_/X (sky130_fd_sc_hd__a31o_1)
                                         _101_ (net)
                  0.04    0.00    1.28 v _194_/B1_N (sky130_fd_sc_hd__a21boi_1)
     1    0.00    0.05    0.09    1.37 v _194_/Y (sky130_fd_sc_hd__a21boi_1)
                                         _001_ (net)
                  0.05    0.00    1.37 v _260_/D (sky130_fd_sc_hd__dfrtp_1)
                                  1.37   data arrival time

                         10.00   10.00   clock CLK100MHZ (rise edge)
                          0.00   10.00   clock source latency
     1    0.02    0.06    0.04   10.04 ^ CLK100MHZ (in)
                                         CLK100MHZ (net)
                  0.06    0.00   10.04 ^ clkbuf_0_CLK100MHZ/A (sky130_fd_sc_hd__clkbuf_16)
     4    0.04    0.05    0.10   10.14 ^ clkbuf_0_CLK100MHZ/X (sky130_fd_sc_hd__clkbuf_16)
                                         clknet_0_CLK100MHZ (net)
                  0.05    0.00   10.14 ^ clkbuf_2_1__f_CLK100MHZ/A (sky130_fd_sc_hd__clkbuf_16)
     8    0.02    0.03    0.09   10.23 ^ clkbuf_2_1__f_CLK100MHZ/X (sky130_fd_sc_hd__clkbuf_16)
                                         clknet_2_1__leaf_CLK100MHZ (net)
                  0.03    0.00   10.23 ^ _260_/CLK (sky130_fd_sc_hd__dfrtp_1)
                         -0.25    9.98   clock uncertainty
                          0.02   10.00   clock reconvergence pessimism
                         -0.08    9.92   library setup time
                                  9.92   data required time
-----------------------------------------------------------------------------
                                  9.92   data required time
                                 -1.37   data arrival time
-----------------------------------------------------------------------------
                                  8.55   slack (MET)


Startpoint: _260_ (rising edge-triggered flip-flop clocked by CLK100MHZ)
Endpoint: _268_ (rising edge-triggered flip-flop clocked by CLK100MHZ)
Path Group: CLK100MHZ
Path Type: max
Corner: Fastest

Fanout     Cap    Slew   Delay    Time   Description
-----------------------------------------------------------------------------
                          0.00    0.00   clock CLK100MHZ (rise edge)
                          0.00    0.00   clock source latency
     1    0.02    0.06    0.05    0.05 ^ CLK100MHZ (in)
                                         CLK100MHZ (net)
                  0.06    0.00    0.05 ^ clkbuf_0_CLK100MHZ/A (sky130_fd_sc_hd__clkbuf_16)
     4    0.04    0.05    0.11    0.16 ^ clkbuf_0_CLK100MHZ/X (sky130_fd_sc_hd__clkbuf_16)
                                         clknet_0_CLK100MHZ (net)
                  0.05    0.00    0.16 ^ clkbuf_2_1__f_CLK100MHZ/A (sky130_fd_sc_hd__clkbuf_16)
     8    0.02    0.03    0.10    0.26 ^ clkbuf_2_1__f_CLK100MHZ/X (sky130_fd_sc_hd__clkbuf_16)
                                         clknet_2_1__leaf_CLK100MHZ (net)
                  0.03    0.00    0.26 ^ _260_/CLK (sky130_fd_sc_hd__dfrtp_1)
     3    0.03    0.18    0.32    0.58 ^ _260_/Q (sky130_fd_sc_hd__dfrtp_1)
                                         decoder.delay[10] (net)
                  0.18    0.00    0.58 ^ _124_/D (sky130_fd_sc_hd__and4_1)
     4    0.03    0.19    0.25    0.83 ^ _124_/X (sky130_fd_sc_hd__and4_1)
                                         _119_ (net)
                  0.19    0.00    0.83 ^ _128_/A (sky130_fd_sc_hd__and4_2)
     7    0.04    0.17    0.27    1.10 ^ _128_/X (sky130_fd_sc_hd__and4_2)
                                         _061_ (net)
                  0.17    0.00    1.10 ^ _209_/C (sky130_fd_sc_hd__and3_1)
     2    0.02    0.14    0.19    1.29 ^ _209_/X (sky130_fd_sc_hd__and3_1)
                                         _110_ (net)
                  0.14    0.00    1.30 ^ _211_/B (sky130_fd_sc_hd__xor2_1)
     1    0.00    0.09    0.10    1.40 ^ _211_/X (sky130_fd_sc_hd__xor2_1)
                                         _009_ (net)
                  0.09    0.00    1.40 ^ _268_/D (sky130_fd_sc_hd__dfrtp_2)
                                  1.40   data arrival time

                         10.00   10.00   clock CLK100MHZ (rise edge)
                          0.00   10.00   clock source latency
     1    0.02    0.06    0.04   10.04 ^ CLK100MHZ (in)
                                         CLK100MHZ (net)
                  0.06    0.00   10.04 ^ clkbuf_0_CLK100MHZ/A (sky130_fd_sc_hd__clkbuf_16)
     4    0.04    0.05    0.10   10.14 ^ clkbuf_0_CLK100MHZ/X (sky130_fd_sc_hd__clkbuf_16)
                                         clknet_0_CLK100MHZ (net)
                  0.05    0.00   10.14 ^ clkbuf_2_1__f_CLK100MHZ/A (sky130_fd_sc_hd__clkbuf_16)
     8    0.02    0.03    0.09   10.23 ^ clkbuf_2_1__f_CLK100MHZ/X (sky130_fd_sc_hd__clkbuf_16)
                                         clknet_2_1__leaf_CLK100MHZ (net)
                  0.03    0.00   10.23 ^ _268_/CLK (sky130_fd_sc_hd__dfrtp_2)
                         -0.25    9.98   clock uncertainty
                          0.02   10.01   clock reconvergence pessimism
                         -0.04    9.96   library setup time
                                  9.96   data required time
-----------------------------------------------------------------------------
                                  9.96   data required time
                                 -1.40   data arrival time
-----------------------------------------------------------------------------
                                  8.57   slack (MET)


Startpoint: _250_ (rising edge-triggered flip-flop clocked by CLK100MHZ)
Endpoint: _262_ (rising edge-triggered flip-flop clocked by CLK100MHZ)
Path Group: CLK100MHZ
Path Type: max
Corner: Fastest

Fanout     Cap    Slew   Delay    Time   Description
-----------------------------------------------------------------------------
                          0.00    0.00   clock CLK100MHZ (rise edge)
                          0.00    0.00   clock source latency
     1    0.02    0.06    0.05    0.05 ^ CLK100MHZ (in)
                                         CLK100MHZ (net)
                  0.06    0.00    0.05 ^ clkbuf_0_CLK100MHZ/A (sky130_fd_sc_hd__clkbuf_16)
     4    0.04    0.05    0.11    0.16 ^ clkbuf_0_CLK100MHZ/X (sky130_fd_sc_hd__clkbuf_16)
                                         clknet_0_CLK100MHZ (net)
                  0.05    0.00    0.16 ^ clkbuf_2_2__f_CLK100MHZ/A (sky130_fd_sc_hd__clkbuf_16)
     8    0.03    0.04    0.10    0.26 ^ clkbuf_2_2__f_CLK100MHZ/X (sky130_fd_sc_hd__clkbuf_16)
                                         clknet_2_2__leaf_CLK100MHZ (net)
                  0.04    0.00    0.26 ^ _250_/CLK (sky130_fd_sc_hd__dfrtp_2)
     5    0.04    0.14    0.32    0.58 ^ _250_/Q (sky130_fd_sc_hd__dfrtp_2)
                                         decoder.delay[0] (net)
                  0.14    0.00    0.58 ^ _126_/B (sky130_fd_sc_hd__and4_2)
     6    0.03    0.14    0.24    0.82 ^ _126_/X (sky130_fd_sc_hd__and4_2)
                                         _059_ (net)
                  0.14    0.00    0.82 ^ _182_/B (sky130_fd_sc_hd__and3_1)
     2    0.01    0.09    0.16    0.98 ^ _182_/X (sky130_fd_sc_hd__and3_1)
                                         _093_ (net)
                  0.09    0.00    0.98 ^ _196_/B (sky130_fd_sc_hd__nand2_1)
     2    0.02    0.11    0.10    1.08 v _196_/Y (sky130_fd_sc_hd__nand2_1)
                                         _103_ (net)
                  0.11    0.00    1.08 v _199_/B (sky130_fd_sc_hd__xnor2_1)
     1    0.01    0.05    0.12    1.20 v _199_/Y (sky130_fd_sc_hd__xnor2_1)
                                         _003_ (net)
                  0.05    0.00    1.20 v _262_/D (sky130_fd_sc_hd__dfrtp_2)
                                  1.20   data arrival time

                         10.00   10.00   clock CLK100MHZ (rise edge)
                          0.00   10.00   clock source latency
     1    0.02    0.06    0.04   10.04 ^ CLK100MHZ (in)
                                         CLK100MHZ (net)
                  0.06    0.00   10.04 ^ clkbuf_0_CLK100MHZ/A (sky130_fd_sc_hd__clkbuf_16)
     4    0.04    0.05    0.10   10.14 ^ clkbuf_0_CLK100MHZ/X (sky130_fd_sc_hd__clkbuf_16)
                                         clknet_0_CLK100MHZ (net)
                  0.05    0.00   10.14 ^ clkbuf_2_2__f_CLK100MHZ/A (sky130_fd_sc_hd__clkbuf_16)
     8    0.03    0.04    0.09   10.24 ^ clkbuf_2_2__f_CLK100MHZ/X (sky130_fd_sc_hd__clkbuf_16)
                                         clknet_2_2__leaf_CLK100MHZ (net)
                  0.04    0.00   10.24 ^ _262_/CLK (sky130_fd_sc_hd__dfrtp_2)
                         -0.25    9.99   clock uncertainty
                          0.02   10.01   clock reconvergence pessimism
                         -0.08    9.93   library setup time
                                  9.93   data required time
-----------------------------------------------------------------------------
                                  9.93   data required time
                                 -1.20   data arrival time
-----------------------------------------------------------------------------
                                  8.73   slack (MET)


Startpoint: _250_ (rising edge-triggered flip-flop clocked by CLK100MHZ)
Endpoint: _256_ (rising edge-triggered flip-flop clocked by CLK100MHZ)
Path Group: CLK100MHZ
Path Type: max
Corner: Fastest

Fanout     Cap    Slew   Delay    Time   Description
-----------------------------------------------------------------------------
                          0.00    0.00   clock CLK100MHZ (rise edge)
                          0.00    0.00   clock source latency
     1    0.02    0.06    0.05    0.05 ^ CLK100MHZ (in)
                                         CLK100MHZ (net)
                  0.06    0.00    0.05 ^ clkbuf_0_CLK100MHZ/A (sky130_fd_sc_hd__clkbuf_16)
     4    0.04    0.05    0.11    0.16 ^ clkbuf_0_CLK100MHZ/X (sky130_fd_sc_hd__clkbuf_16)
                                         clknet_0_CLK100MHZ (net)
                  0.05    0.00    0.16 ^ clkbuf_2_2__f_CLK100MHZ/A (sky130_fd_sc_hd__clkbuf_16)
     8    0.03    0.04    0.10    0.26 ^ clkbuf_2_2__f_CLK100MHZ/X (sky130_fd_sc_hd__clkbuf_16)
                                         clknet_2_2__leaf_CLK100MHZ (net)
                  0.04    0.00    0.26 ^ _250_/CLK (sky130_fd_sc_hd__dfrtp_2)
     5    0.04    0.14    0.32    0.58 ^ _250_/Q (sky130_fd_sc_hd__dfrtp_2)
                                         decoder.delay[0] (net)
                  0.14    0.00    0.58 ^ _126_/B (sky130_fd_sc_hd__and4_2)
     6    0.03    0.14    0.24    0.82 ^ _126_/X (sky130_fd_sc_hd__and4_2)
                                         _059_ (net)
                  0.14    0.00    0.82 ^ _177_/C (sky130_fd_sc_hd__and3_2)
     3    0.03    0.12    0.20    1.02 ^ _177_/X (sky130_fd_sc_hd__and3_2)
                                         _090_ (net)
                  0.12    0.00    1.02 ^ _180_/B (sky130_fd_sc_hd__xor2_1)
     1    0.01    0.12    0.13    1.15 ^ _180_/X (sky130_fd_sc_hd__xor2_1)
                                         _021_ (net)
                  0.12    0.00    1.15 ^ _256_/D (sky130_fd_sc_hd__dfrtp_4)
                                  1.15   data arrival time

                         10.00   10.00   clock CLK100MHZ (rise edge)
                          0.00   10.00   clock source latency
     1    0.02    0.06    0.04   10.04 ^ CLK100MHZ (in)
                                         CLK100MHZ (net)
                  0.06    0.00   10.04 ^ clkbuf_0_CLK100MHZ/A (sky130_fd_sc_hd__clkbuf_16)
     4    0.04    0.05    0.10   10.14 ^ clkbuf_0_CLK100MHZ/X (sky130_fd_sc_hd__clkbuf_16)
                                         clknet_0_CLK100MHZ (net)
                  0.05    0.00   10.14 ^ clkbuf_2_0__f_CLK100MHZ/A (sky130_fd_sc_hd__clkbuf_16)
     8    0.03    0.04    0.09   10.23 ^ clkbuf_2_0__f_CLK100MHZ/X (sky130_fd_sc_hd__clkbuf_16)
                                         clknet_2_0__leaf_CLK100MHZ (net)
                  0.04    0.00   10.23 ^ _256_/CLK (sky130_fd_sc_hd__dfrtp_4)
                         -0.25    9.98   clock uncertainty
                          0.02   10.00   clock reconvergence pessimism
                         -0.05    9.95   library setup time
                                  9.95   data required time
-----------------------------------------------------------------------------
                                  9.95   data required time
                                 -1.15   data arrival time
-----------------------------------------------------------------------------
                                  8.80   slack (MET)


Startpoint: _252_ (rising edge-triggered flip-flop clocked by CLK100MHZ)
Endpoint: _255_ (rising edge-triggered flip-flop clocked by CLK100MHZ)
Path Group: CLK100MHZ
Path Type: max
Corner: Fastest

Fanout     Cap    Slew   Delay    Time   Description
-----------------------------------------------------------------------------
                          0.00    0.00   clock CLK100MHZ (rise edge)
                          0.00    0.00   clock source latency
     1    0.02    0.06    0.05    0.05 ^ CLK100MHZ (in)
                                         CLK100MHZ (net)
                  0.06    0.00    0.05 ^ clkbuf_0_CLK100MHZ/A (sky130_fd_sc_hd__clkbuf_16)
     4    0.04    0.05    0.11    0.16 ^ clkbuf_0_CLK100MHZ/X (sky130_fd_sc_hd__clkbuf_16)
                                         clknet_0_CLK100MHZ (net)
                  0.05    0.00    0.16 ^ clkbuf_2_2__f_CLK100MHZ/A (sky130_fd_sc_hd__clkbuf_16)
     8    0.03    0.04    0.10    0.26 ^ clkbuf_2_2__f_CLK100MHZ/X (sky130_fd_sc_hd__clkbuf_16)
                                         clknet_2_2__leaf_CLK100MHZ (net)
                  0.04    0.00    0.26 ^ _252_/CLK (sky130_fd_sc_hd__dfrtp_2)
     3    0.03    0.08    0.31    0.57 v _252_/Q (sky130_fd_sc_hd__dfrtp_2)
                                         decoder.delay[2] (net)
                  0.08    0.00    0.57 v _126_/C (sky130_fd_sc_hd__and4_2)
     6    0.03    0.08    0.22    0.80 v _126_/X (sky130_fd_sc_hd__and4_2)
                                         _059_ (net)
                  0.08    0.00    0.80 v _174_/B (sky130_fd_sc_hd__and2_1)
     2    0.01    0.05    0.15    0.94 v _174_/X (sky130_fd_sc_hd__and2_1)
                                         _088_ (net)
                  0.05    0.00    0.94 v _178_/B (sky130_fd_sc_hd__nor2_1)
     1    0.01    0.10    0.10    1.05 ^ _178_/Y (sky130_fd_sc_hd__nor2_1)
                                         _091_ (net)
                  0.10    0.00    1.05 ^ _179_/B (sky130_fd_sc_hd__nor2_1)
     1    0.00    0.04    0.04    1.09 v _179_/Y (sky130_fd_sc_hd__nor2_1)
                                         _020_ (net)
                  0.04    0.00    1.09 v _255_/D (sky130_fd_sc_hd__dfrtp_2)
                                  1.09   data arrival time

                         10.00   10.00   clock CLK100MHZ (rise edge)
                          0.00   10.00   clock source latency
     1    0.02    0.06    0.04   10.04 ^ CLK100MHZ (in)
                                         CLK100MHZ (net)
                  0.06    0.00   10.04 ^ clkbuf_0_CLK100MHZ/A (sky130_fd_sc_hd__clkbuf_16)
     4    0.04    0.05    0.10   10.14 ^ clkbuf_0_CLK100MHZ/X (sky130_fd_sc_hd__clkbuf_16)
                                         clknet_0_CLK100MHZ (net)
                  0.05    0.00   10.14 ^ clkbuf_2_0__f_CLK100MHZ/A (sky130_fd_sc_hd__clkbuf_16)
     8    0.03    0.04    0.09   10.23 ^ clkbuf_2_0__f_CLK100MHZ/X (sky130_fd_sc_hd__clkbuf_16)
                                         clknet_2_0__leaf_CLK100MHZ (net)
                  0.04    0.00   10.23 ^ _255_/CLK (sky130_fd_sc_hd__dfrtp_2)
                         -0.25    9.98   clock uncertainty
                          0.02   10.00   clock reconvergence pessimism
                         -0.08    9.92   library setup time
                                  9.92   data required time
-----------------------------------------------------------------------------
                                  9.92   data required time
                                 -1.09   data arrival time
-----------------------------------------------------------------------------
                                  8.84   slack (MET)


Startpoint: _250_ (rising edge-triggered flip-flop clocked by CLK100MHZ)
Endpoint: _253_ (rising edge-triggered flip-flop clocked by CLK100MHZ)
Path Group: CLK100MHZ
Path Type: max
Corner: Fastest

Fanout     Cap    Slew   Delay    Time   Description
-----------------------------------------------------------------------------
                          0.00    0.00   clock CLK100MHZ (rise edge)
                          0.00    0.00   clock source latency
     1    0.02    0.06    0.05    0.05 ^ CLK100MHZ (in)
                                         CLK100MHZ (net)
                  0.06    0.00    0.05 ^ clkbuf_0_CLK100MHZ/A (sky130_fd_sc_hd__clkbuf_16)
     4    0.04    0.05    0.11    0.16 ^ clkbuf_0_CLK100MHZ/X (sky130_fd_sc_hd__clkbuf_16)
                                         clknet_0_CLK100MHZ (net)
                  0.05    0.00    0.16 ^ clkbuf_2_2__f_CLK100MHZ/A (sky130_fd_sc_hd__clkbuf_16)
     8    0.03    0.04    0.10    0.26 ^ clkbuf_2_2__f_CLK100MHZ/X (sky130_fd_sc_hd__clkbuf_16)
                                         clknet_2_2__leaf_CLK100MHZ (net)
                  0.04    0.00    0.26 ^ _250_/CLK (sky130_fd_sc_hd__dfrtp_2)
     5    0.04    0.14    0.32    0.58 ^ _250_/Q (sky130_fd_sc_hd__dfrtp_2)
                                         decoder.delay[0] (net)
                  0.14    0.00    0.58 ^ _126_/B (sky130_fd_sc_hd__and4_2)
     6    0.03    0.14    0.24    0.82 ^ _126_/X (sky130_fd_sc_hd__and4_2)
                                         _059_ (net)
                  0.14    0.00    0.82 ^ _172_/A_N (sky130_fd_sc_hd__and2b_1)
     1    0.02    0.06    0.17    0.99 v _172_/X (sky130_fd_sc_hd__and2b_1)
                                         _087_ (net)
                  0.06    0.00    0.99 v _173_/A (sky130_fd_sc_hd__clkbuf_1)
     1    0.01    0.03    0.09    1.08 v _173_/X (sky130_fd_sc_hd__clkbuf_1)
                                         _018_ (net)
                  0.03    0.00    1.08 v _253_/D (sky130_fd_sc_hd__dfrtp_1)
                                  1.08   data arrival time

                         10.00   10.00   clock CLK100MHZ (rise edge)
                          0.00   10.00   clock source latency
     1    0.02    0.06    0.04   10.04 ^ CLK100MHZ (in)
                                         CLK100MHZ (net)
                  0.06    0.00   10.04 ^ clkbuf_0_CLK100MHZ/A (sky130_fd_sc_hd__clkbuf_16)
     4    0.04    0.05    0.10   10.14 ^ clkbuf_0_CLK100MHZ/X (sky130_fd_sc_hd__clkbuf_16)
                                         clknet_0_CLK100MHZ (net)
                  0.05    0.00   10.14 ^ clkbuf_2_2__f_CLK100MHZ/A (sky130_fd_sc_hd__clkbuf_16)
     8    0.03    0.04    0.09   10.24 ^ clkbuf_2_2__f_CLK100MHZ/X (sky130_fd_sc_hd__clkbuf_16)
                                         clknet_2_2__leaf_CLK100MHZ (net)
                  0.04    0.00   10.24 ^ _253_/CLK (sky130_fd_sc_hd__dfrtp_1)
                         -0.25    9.99   clock uncertainty
                          0.02   10.01   clock reconvergence pessimism
                         -0.07    9.94   library setup time
                                  9.94   data required time
-----------------------------------------------------------------------------
                                  9.94   data required time
                                 -1.08   data arrival time
-----------------------------------------------------------------------------
                                  8.86   slack (MET)


Startpoint: _250_ (rising edge-triggered flip-flop clocked by CLK100MHZ)
Endpoint: _254_ (rising edge-triggered flip-flop clocked by CLK100MHZ)
Path Group: CLK100MHZ
Path Type: max
Corner: Fastest

Fanout     Cap    Slew   Delay    Time   Description
-----------------------------------------------------------------------------
                          0.00    0.00   clock CLK100MHZ (rise edge)
                          0.00    0.00   clock source latency
     1    0.02    0.06    0.05    0.05 ^ CLK100MHZ (in)
                                         CLK100MHZ (net)
                  0.06    0.00    0.05 ^ clkbuf_0_CLK100MHZ/A (sky130_fd_sc_hd__clkbuf_16)
     4    0.04    0.05    0.11    0.16 ^ clkbuf_0_CLK100MHZ/X (sky130_fd_sc_hd__clkbuf_16)
                                         clknet_0_CLK100MHZ (net)
                  0.05    0.00    0.16 ^ clkbuf_2_2__f_CLK100MHZ/A (sky130_fd_sc_hd__clkbuf_16)
     8    0.03    0.04    0.10    0.26 ^ clkbuf_2_2__f_CLK100MHZ/X (sky130_fd_sc_hd__clkbuf_16)
                                         clknet_2_2__leaf_CLK100MHZ (net)
                  0.04    0.00    0.26 ^ _250_/CLK (sky130_fd_sc_hd__dfrtp_2)
     5    0.04    0.14    0.32    0.58 ^ _250_/Q (sky130_fd_sc_hd__dfrtp_2)
                                         decoder.delay[0] (net)
                  0.14    0.00    0.58 ^ _126_/B (sky130_fd_sc_hd__and4_2)
     6    0.03    0.14    0.24    0.82 ^ _126_/X (sky130_fd_sc_hd__and4_2)
                                         _059_ (net)
                  0.14    0.00    0.82 ^ _174_/B (sky130_fd_sc_hd__and2_1)
     2    0.01    0.10    0.14    0.97 ^ _174_/X (sky130_fd_sc_hd__and2_1)
                                         _088_ (net)
                  0.10    0.00    0.97 ^ _176_/A (sky130_fd_sc_hd__nor2_1)
     1    0.00    0.04    0.04    1.00 v _176_/Y (sky130_fd_sc_hd__nor2_1)
                                         _019_ (net)
                  0.04    0.00    1.00 v _254_/D (sky130_fd_sc_hd__dfrtp_2)
                                  1.00   data arrival time

                         10.00   10.00   clock CLK100MHZ (rise edge)
                          0.00   10.00   clock source latency
     1    0.02    0.06    0.04   10.04 ^ CLK100MHZ (in)
                                         CLK100MHZ (net)
                  0.06    0.00   10.04 ^ clkbuf_0_CLK100MHZ/A (sky130_fd_sc_hd__clkbuf_16)
     4    0.04    0.05    0.10   10.14 ^ clkbuf_0_CLK100MHZ/X (sky130_fd_sc_hd__clkbuf_16)
                                         clknet_0_CLK100MHZ (net)
                  0.05    0.00   10.14 ^ clkbuf_2_1__f_CLK100MHZ/A (sky130_fd_sc_hd__clkbuf_16)
     8    0.02    0.03    0.09   10.23 ^ clkbuf_2_1__f_CLK100MHZ/X (sky130_fd_sc_hd__clkbuf_16)
                                         clknet_2_1__leaf_CLK100MHZ (net)
                  0.03    0.00   10.23 ^ _254_/CLK (sky130_fd_sc_hd__dfrtp_2)
                         -0.25    9.98   clock uncertainty
                          0.02   10.00   clock reconvergence pessimism
                         -0.07    9.92   library setup time
                                  9.92   data required time
-----------------------------------------------------------------------------
                                  9.92   data required time
                                 -1.00   data arrival time
-----------------------------------------------------------------------------
                                  8.92   slack (MET)


Startpoint: _250_ (rising edge-triggered flip-flop clocked by CLK100MHZ)
Endpoint: _252_ (rising edge-triggered flip-flop clocked by CLK100MHZ)
Path Group: CLK100MHZ
Path Type: max
Corner: Fastest

Fanout     Cap    Slew   Delay    Time   Description
-----------------------------------------------------------------------------
                          0.00    0.00   clock CLK100MHZ (rise edge)
                          0.00    0.00   clock source latency
     1    0.02    0.06    0.05    0.05 ^ CLK100MHZ (in)
                                         CLK100MHZ (net)
                  0.06    0.00    0.05 ^ clkbuf_0_CLK100MHZ/A (sky130_fd_sc_hd__clkbuf_16)
     4    0.04    0.05    0.11    0.16 ^ clkbuf_0_CLK100MHZ/X (sky130_fd_sc_hd__clkbuf_16)
                                         clknet_0_CLK100MHZ (net)
                  0.05    0.00    0.16 ^ clkbuf_2_2__f_CLK100MHZ/A (sky130_fd_sc_hd__clkbuf_16)
     8    0.03    0.04    0.10    0.26 ^ clkbuf_2_2__f_CLK100MHZ/X (sky130_fd_sc_hd__clkbuf_16)
                                         clknet_2_2__leaf_CLK100MHZ (net)
                  0.04    0.00    0.26 ^ _250_/CLK (sky130_fd_sc_hd__dfrtp_2)
     5    0.04    0.14    0.32    0.58 ^ _250_/Q (sky130_fd_sc_hd__dfrtp_2)
                                         decoder.delay[0] (net)
                  0.14    0.00    0.58 ^ _166_/B (sky130_fd_sc_hd__nand2_1)
     2    0.02    0.09    0.11    0.68 v _166_/Y (sky130_fd_sc_hd__nand2_1)
                                         _083_ (net)
                  0.09    0.00    0.68 v _170_/B (sky130_fd_sc_hd__xnor2_1)
     1    0.02    0.30    0.28    0.96 ^ _170_/Y (sky130_fd_sc_hd__xnor2_1)
                                         _017_ (net)
                  0.30    0.00    0.97 ^ _252_/D (sky130_fd_sc_hd__dfrtp_2)
                                  0.97   data arrival time

                         10.00   10.00   clock CLK100MHZ (rise edge)
                          0.00   10.00   clock source latency
     1    0.02    0.06    0.04   10.04 ^ CLK100MHZ (in)
                                         CLK100MHZ (net)
                  0.06    0.00   10.04 ^ clkbuf_0_CLK100MHZ/A (sky130_fd_sc_hd__clkbuf_16)
     4    0.04    0.05    0.10   10.14 ^ clkbuf_0_CLK100MHZ/X (sky130_fd_sc_hd__clkbuf_16)
                                         clknet_0_CLK100MHZ (net)
                  0.05    0.00   10.14 ^ clkbuf_2_2__f_CLK100MHZ/A (sky130_fd_sc_hd__clkbuf_16)
     8    0.03    0.04    0.09   10.24 ^ clkbuf_2_2__f_CLK100MHZ/X (sky130_fd_sc_hd__clkbuf_16)
                                         clknet_2_2__leaf_CLK100MHZ (net)
                  0.04    0.00   10.24 ^ _252_/CLK (sky130_fd_sc_hd__dfrtp_2)
                         -0.25    9.99   clock uncertainty
                          0.02   10.01   clock reconvergence pessimism
                         -0.06    9.95   library setup time
                                  9.95   data required time
-----------------------------------------------------------------------------
                                  9.95   data required time
                                 -0.97   data arrival time
-----------------------------------------------------------------------------
                                  8.98   slack (MET)


Startpoint: _250_ (rising edge-triggered flip-flop clocked by CLK100MHZ)
Endpoint: _251_ (rising edge-triggered flip-flop clocked by CLK100MHZ)
Path Group: CLK100MHZ
Path Type: max
Corner: Fastest

Fanout     Cap    Slew   Delay    Time   Description
-----------------------------------------------------------------------------
                          0.00    0.00   clock CLK100MHZ (rise edge)
                          0.00    0.00   clock source latency
     1    0.02    0.06    0.05    0.05 ^ CLK100MHZ (in)
                                         CLK100MHZ (net)
                  0.06    0.00    0.05 ^ clkbuf_0_CLK100MHZ/A (sky130_fd_sc_hd__clkbuf_16)
     4    0.04    0.05    0.11    0.16 ^ clkbuf_0_CLK100MHZ/X (sky130_fd_sc_hd__clkbuf_16)
                                         clknet_0_CLK100MHZ (net)
                  0.05    0.00    0.16 ^ clkbuf_2_2__f_CLK100MHZ/A (sky130_fd_sc_hd__clkbuf_16)
     8    0.03    0.04    0.10    0.26 ^ clkbuf_2_2__f_CLK100MHZ/X (sky130_fd_sc_hd__clkbuf_16)
                                         clknet_2_2__leaf_CLK100MHZ (net)
                  0.04    0.00    0.26 ^ _250_/CLK (sky130_fd_sc_hd__dfrtp_2)
     5    0.04    0.08    0.32    0.58 v _250_/Q (sky130_fd_sc_hd__dfrtp_2)
                                         decoder.delay[0] (net)
                  0.08    0.00    0.58 v _167_/B (sky130_fd_sc_hd__or2_1)
     1    0.01    0.04    0.15    0.74 v _167_/X (sky130_fd_sc_hd__or2_1)
                                         _084_ (net)
                  0.04    0.00    0.74 v _168_/B (sky130_fd_sc_hd__and2_1)
     1    0.01    0.04    0.12    0.86 v _168_/X (sky130_fd_sc_hd__and2_1)
                                         _085_ (net)
                  0.04    0.00    0.86 v _169_/A (sky130_fd_sc_hd__clkbuf_1)
     1    0.01    0.04    0.08    0.94 v _169_/X (sky130_fd_sc_hd__clkbuf_1)
                                         _011_ (net)
                  0.04    0.00    0.94 v _251_/D (sky130_fd_sc_hd__dfrtp_2)
                                  0.94   data arrival time

                         10.00   10.00   clock CLK100MHZ (rise edge)
                          0.00   10.00   clock source latency
     1    0.02    0.06    0.04   10.04 ^ CLK100MHZ (in)
                                         CLK100MHZ (net)
                  0.06    0.00   10.04 ^ clkbuf_0_CLK100MHZ/A (sky130_fd_sc_hd__clkbuf_16)
     4    0.04    0.05    0.10   10.14 ^ clkbuf_0_CLK100MHZ/X (sky130_fd_sc_hd__clkbuf_16)
                                         clknet_0_CLK100MHZ (net)
                  0.05    0.00   10.14 ^ clkbuf_2_2__f_CLK100MHZ/A (sky130_fd_sc_hd__clkbuf_16)
     8    0.03    0.04    0.09   10.24 ^ clkbuf_2_2__f_CLK100MHZ/X (sky130_fd_sc_hd__clkbuf_16)
                                         clknet_2_2__leaf_CLK100MHZ (net)
                  0.04    0.00   10.24 ^ _251_/CLK (sky130_fd_sc_hd__dfrtp_2)
                         -0.25    9.99   clock uncertainty
                          0.02   10.01   clock reconvergence pessimism
                         -0.08    9.93   library setup time
                                  9.93   data required time
-----------------------------------------------------------------------------
                                  9.93   data required time
                                 -0.94   data arrival time
-----------------------------------------------------------------------------
                                  9.00   slack (MET)


Startpoint: _250_ (rising edge-triggered flip-flop clocked by CLK100MHZ)
Endpoint: _250_ (rising edge-triggered flip-flop clocked by CLK100MHZ)
Path Group: CLK100MHZ
Path Type: max
Corner: Fastest

Fanout     Cap    Slew   Delay    Time   Description
-----------------------------------------------------------------------------
                          0.00    0.00   clock CLK100MHZ (rise edge)
                          0.00    0.00   clock source latency
     1    0.02    0.06    0.05    0.05 ^ CLK100MHZ (in)
                                         CLK100MHZ (net)
                  0.06    0.00    0.05 ^ clkbuf_0_CLK100MHZ/A (sky130_fd_sc_hd__clkbuf_16)
     4    0.04    0.05    0.11    0.16 ^ clkbuf_0_CLK100MHZ/X (sky130_fd_sc_hd__clkbuf_16)
                                         clknet_0_CLK100MHZ (net)
                  0.05    0.00    0.16 ^ clkbuf_2_2__f_CLK100MHZ/A (sky130_fd_sc_hd__clkbuf_16)
     8    0.03    0.04    0.10    0.26 ^ clkbuf_2_2__f_CLK100MHZ/X (sky130_fd_sc_hd__clkbuf_16)
                                         clknet_2_2__leaf_CLK100MHZ (net)
                  0.04    0.00    0.26 ^ _250_/CLK (sky130_fd_sc_hd__dfrtp_2)
     5    0.04    0.08    0.32    0.58 v _250_/Q (sky130_fd_sc_hd__dfrtp_2)
                                         decoder.delay[0] (net)
                  0.08    0.00    0.58 v _165_/A (sky130_fd_sc_hd__inv_2)
     1    0.00    0.03    0.05    0.63 ^ _165_/Y (sky130_fd_sc_hd__inv_2)
                                         _000_ (net)
                  0.03    0.00    0.63 ^ _250_/D (sky130_fd_sc_hd__dfrtp_2)
                                  0.63   data arrival time

                         10.00   10.00   clock CLK100MHZ (rise edge)
                          0.00   10.00   clock source latency
     1    0.02    0.06    0.04   10.04 ^ CLK100MHZ (in)
                                         CLK100MHZ (net)
                  0.06    0.00   10.04 ^ clkbuf_0_CLK100MHZ/A (sky130_fd_sc_hd__clkbuf_16)
     4    0.04    0.05    0.10   10.14 ^ clkbuf_0_CLK100MHZ/X (sky130_fd_sc_hd__clkbuf_16)
                                         clknet_0_CLK100MHZ (net)
                  0.05    0.00   10.14 ^ clkbuf_2_2__f_CLK100MHZ/A (sky130_fd_sc_hd__clkbuf_16)
     8    0.03    0.04    0.09   10.24 ^ clkbuf_2_2__f_CLK100MHZ/X (sky130_fd_sc_hd__clkbuf_16)
                                         clknet_2_2__leaf_CLK100MHZ (net)
                  0.04    0.00   10.24 ^ _250_/CLK (sky130_fd_sc_hd__dfrtp_2)
                         -0.25    9.99   clock uncertainty
                          0.02   10.01   clock reconvergence pessimism
                         -0.04    9.97   library setup time
                                  9.97   data required time
-----------------------------------------------------------------------------
                                  9.97   data required time
                                 -0.63   data arrival time
-----------------------------------------------------------------------------
                                  9.35   slack (MET)



worst slack corner Fastest: 6.0488
======================= Slowest Corner ===================================

Startpoint: _249_ (rising edge-triggered flip-flop clocked by CLK100MHZ)
Endpoint: seg[0] (output port clocked by CLK100MHZ)
Path Group: CLK100MHZ
Path Type: max
Corner: Slowest

Fanout     Cap    Slew   Delay    Time   Description
-----------------------------------------------------------------------------
                          0.00    0.00   clock CLK100MHZ (rise edge)
                          0.00    0.00   clock source latency
     1    0.02    0.13    0.10    0.10 ^ CLK100MHZ (in)
                                         CLK100MHZ (net)
                  0.13    0.00    0.10 ^ clkbuf_0_CLK100MHZ/A (sky130_fd_sc_hd__clkbuf_16)
     4    0.04    0.10    0.30    0.39 ^ clkbuf_0_CLK100MHZ/X (sky130_fd_sc_hd__clkbuf_16)
                                         clknet_0_CLK100MHZ (net)
                  0.10    0.00    0.39 ^ clkbuf_2_3__f_CLK100MHZ/A (sky130_fd_sc_hd__clkbuf_16)
     8    0.03    0.07    0.25    0.65 ^ clkbuf_2_3__f_CLK100MHZ/X (sky130_fd_sc_hd__clkbuf_16)
                                         clknet_2_3__leaf_CLK100MHZ (net)
                  0.07    0.00    0.65 ^ _249_/CLK (sky130_fd_sc_hd__dfrtp_4)
     6    0.04    0.20    1.17    1.81 v _249_/Q (sky130_fd_sc_hd__dfrtp_4)
                                         decoder.count[3] (net)
                  0.20    0.00    1.81 v _132_/A (sky130_fd_sc_hd__or3b_2)
     2    0.02    0.27    1.36    3.18 v _132_/X (sky130_fd_sc_hd__or3b_2)
                                         _064_ (net)
                  0.27    0.00    3.18 v _133_/B (sky130_fd_sc_hd__nor2_1)
     3    0.02    0.56    0.57    3.75 ^ _133_/Y (sky130_fd_sc_hd__nor2_1)
                                         _065_ (net)
                  0.56    0.00    3.75 ^ _158_/B1 (sky130_fd_sc_hd__a2111o_1)
     2    0.02    0.24    0.51    4.26 ^ _158_/X (sky130_fd_sc_hd__a2111o_1)
                                         net4 (net)
                  0.24    0.00    4.26 ^ _279_/A (sky130_fd_sc_hd__buf_1)
     1    0.01    0.21    0.34    4.60 ^ _279_/X (sky130_fd_sc_hd__buf_1)
                                         net1 (net)
                  0.21    0.00    4.60 ^ output1/A (sky130_fd_sc_hd__buf_1)
     1    0.03    0.64    0.65    5.24 ^ output1/X (sky130_fd_sc_hd__buf_1)
                                         seg[0] (net)
                  0.64    0.00    5.24 ^ seg[0] (out)
                                  5.24   data arrival time

                         10.00   10.00   clock CLK100MHZ (rise edge)
                          0.00   10.00   clock network delay (propagated)
                         -0.25    9.75   clock uncertainty
                          0.00    9.75   clock reconvergence pessimism
                         -2.00    7.75   output external delay
                                  7.75   data required time
-----------------------------------------------------------------------------
                                  7.75   data required time
                                 -5.24   data arrival time
-----------------------------------------------------------------------------
                                  2.51   slack (MET)


Startpoint: _249_ (rising edge-triggered flip-flop clocked by CLK100MHZ)
Endpoint: seg[3] (output port clocked by CLK100MHZ)
Path Group: CLK100MHZ
Path Type: max
Corner: Slowest

Fanout     Cap    Slew   Delay    Time   Description
-----------------------------------------------------------------------------
                          0.00    0.00   clock CLK100MHZ (rise edge)
                          0.00    0.00   clock source latency
     1    0.02    0.13    0.10    0.10 ^ CLK100MHZ (in)
                                         CLK100MHZ (net)
                  0.13    0.00    0.10 ^ clkbuf_0_CLK100MHZ/A (sky130_fd_sc_hd__clkbuf_16)
     4    0.04    0.10    0.30    0.39 ^ clkbuf_0_CLK100MHZ/X (sky130_fd_sc_hd__clkbuf_16)
                                         clknet_0_CLK100MHZ (net)
                  0.10    0.00    0.39 ^ clkbuf_2_3__f_CLK100MHZ/A (sky130_fd_sc_hd__clkbuf_16)
     8    0.03    0.07    0.25    0.65 ^ clkbuf_2_3__f_CLK100MHZ/X (sky130_fd_sc_hd__clkbuf_16)
                                         clknet_2_3__leaf_CLK100MHZ (net)
                  0.07    0.00    0.65 ^ _249_/CLK (sky130_fd_sc_hd__dfrtp_4)
     6    0.04    0.20    1.17    1.81 v _249_/Q (sky130_fd_sc_hd__dfrtp_4)
                                         decoder.count[3] (net)
                  0.20    0.00    1.81 v _132_/A (sky130_fd_sc_hd__or3b_2)
     2    0.02    0.27    1.36    3.18 v _132_/X (sky130_fd_sc_hd__or3b_2)
                                         _064_ (net)
                  0.27    0.00    3.18 v _133_/B (sky130_fd_sc_hd__nor2_1)
     3    0.02    0.56    0.57    3.75 ^ _133_/Y (sky130_fd_sc_hd__nor2_1)
                                         _065_ (net)
                  0.56    0.00    3.75 ^ _158_/B1 (sky130_fd_sc_hd__a2111o_1)
     2    0.02    0.24    0.51    4.26 ^ _158_/X (sky130_fd_sc_hd__a2111o_1)
                                         net4 (net)
                  0.24    0.00    4.26 ^ output4/A (sky130_fd_sc_hd__buf_1)
     1    0.03    0.64    0.66    4.92 ^ output4/X (sky130_fd_sc_hd__buf_1)
                                         seg[3] (net)
                  0.64    0.00    4.92 ^ seg[3] (out)
                                  4.92   data arrival time

                         10.00   10.00   clock CLK100MHZ (rise edge)
                          0.00   10.00   clock network delay (propagated)
                         -0.25    9.75   clock uncertainty
                          0.00    9.75   clock reconvergence pessimism
                         -2.00    7.75   output external delay
                                  7.75   data required time
-----------------------------------------------------------------------------
                                  7.75   data required time
                                 -4.92   data arrival time
-----------------------------------------------------------------------------
                                  2.83   slack (MET)


Startpoint: _249_ (rising edge-triggered flip-flop clocked by CLK100MHZ)
Endpoint: seg[5] (output port clocked by CLK100MHZ)
Path Group: CLK100MHZ
Path Type: max
Corner: Slowest

Fanout     Cap    Slew   Delay    Time   Description
-----------------------------------------------------------------------------
                          0.00    0.00   clock CLK100MHZ (rise edge)
                          0.00    0.00   clock source latency
     1    0.02    0.13    0.10    0.10 ^ CLK100MHZ (in)
                                         CLK100MHZ (net)
                  0.13    0.00    0.10 ^ clkbuf_0_CLK100MHZ/A (sky130_fd_sc_hd__clkbuf_16)
     4    0.04    0.10    0.30    0.39 ^ clkbuf_0_CLK100MHZ/X (sky130_fd_sc_hd__clkbuf_16)
                                         clknet_0_CLK100MHZ (net)
                  0.10    0.00    0.39 ^ clkbuf_2_3__f_CLK100MHZ/A (sky130_fd_sc_hd__clkbuf_16)
     8    0.03    0.07    0.25    0.65 ^ clkbuf_2_3__f_CLK100MHZ/X (sky130_fd_sc_hd__clkbuf_16)
                                         clknet_2_3__leaf_CLK100MHZ (net)
                  0.07    0.00    0.65 ^ _249_/CLK (sky130_fd_sc_hd__dfrtp_4)
     6    0.04    0.20    1.17    1.81 v _249_/Q (sky130_fd_sc_hd__dfrtp_4)
                                         decoder.count[3] (net)
                  0.20    0.00    1.81 v _155_/A (sky130_fd_sc_hd__nor2_2)
     4    0.03    0.59    0.61    2.42 ^ _155_/Y (sky130_fd_sc_hd__nor2_2)
                                         _079_ (net)
                  0.59    0.00    2.42 ^ _156_/B (sky130_fd_sc_hd__nand2_1)
     2    0.02    0.35    0.53    2.95 v _156_/Y (sky130_fd_sc_hd__nand2_1)
                                         _080_ (net)
                  0.35    0.00    2.95 v _157_/B (sky130_fd_sc_hd__nor2_1)
     2    0.01    0.46    0.53    3.47 ^ _157_/Y (sky130_fd_sc_hd__nor2_1)
                                         _081_ (net)
                  0.46    0.00    3.48 ^ _162_/C (sky130_fd_sc_hd__or3_1)
     1    0.01    0.15    0.40    3.88 ^ _162_/X (sky130_fd_sc_hd__or3_1)
                                         _082_ (net)
                  0.15    0.00    3.88 ^ _163_/A (sky130_fd_sc_hd__clkbuf_1)
     1    0.01    0.26    0.34    4.22 ^ _163_/X (sky130_fd_sc_hd__clkbuf_1)
                                         net6 (net)
                  0.26    0.00    4.22 ^ output6/A (sky130_fd_sc_hd__buf_1)
     1    0.03    0.64    0.66    4.88 ^ output6/X (sky130_fd_sc_hd__buf_1)
                                         seg[5] (net)
                  0.64    0.00    4.88 ^ seg[5] (out)
                                  4.88   data arrival time

                         10.00   10.00   clock CLK100MHZ (rise edge)
                          0.00   10.00   clock network delay (propagated)
                         -0.25    9.75   clock uncertainty
                          0.00    9.75   clock reconvergence pessimism
                         -2.00    7.75   output external delay
                                  7.75   data required time
-----------------------------------------------------------------------------
                                  7.75   data required time
                                 -4.88   data arrival time
-----------------------------------------------------------------------------
                                  2.87   slack (MET)


Startpoint: _249_ (rising edge-triggered flip-flop clocked by CLK100MHZ)
Endpoint: seg[1] (output port clocked by CLK100MHZ)
Path Group: CLK100MHZ
Path Type: max
Corner: Slowest

Fanout     Cap    Slew   Delay    Time   Description
-----------------------------------------------------------------------------
                          0.00    0.00   clock CLK100MHZ (rise edge)
                          0.00    0.00   clock source latency
     1    0.02    0.13    0.10    0.10 ^ CLK100MHZ (in)
                                         CLK100MHZ (net)
                  0.13    0.00    0.10 ^ clkbuf_0_CLK100MHZ/A (sky130_fd_sc_hd__clkbuf_16)
     4    0.04    0.10    0.30    0.39 ^ clkbuf_0_CLK100MHZ/X (sky130_fd_sc_hd__clkbuf_16)
                                         clknet_0_CLK100MHZ (net)
                  0.10    0.00    0.39 ^ clkbuf_2_3__f_CLK100MHZ/A (sky130_fd_sc_hd__clkbuf_16)
     8    0.03    0.07    0.25    0.65 ^ clkbuf_2_3__f_CLK100MHZ/X (sky130_fd_sc_hd__clkbuf_16)
                                         clknet_2_3__leaf_CLK100MHZ (net)
                  0.07    0.00    0.65 ^ _249_/CLK (sky130_fd_sc_hd__dfrtp_4)
     6    0.04    0.20    1.17    1.81 v _249_/Q (sky130_fd_sc_hd__dfrtp_4)
                                         decoder.count[3] (net)
                  0.20    0.00    1.81 v _132_/A (sky130_fd_sc_hd__or3b_2)
     2    0.02    0.27    1.36    3.18 v _132_/X (sky130_fd_sc_hd__or3b_2)
                                         _064_ (net)
                  0.27    0.00    3.18 v _133_/B (sky130_fd_sc_hd__nor2_1)
     3    0.02    0.56    0.57    3.75 ^ _133_/Y (sky130_fd_sc_hd__nor2_1)
                                         _065_ (net)
                  0.56    0.00    3.75 ^ _159_/A (sky130_fd_sc_hd__nor2_1)
     1    0.00    0.14    0.28    4.02 v _159_/Y (sky130_fd_sc_hd__nor2_1)
                                         net2 (net)
                  0.14    0.00    4.02 v output2/A (sky130_fd_sc_hd__buf_1)
     1    0.03    0.39    0.47    4.49 v output2/X (sky130_fd_sc_hd__buf_1)
                                         seg[1] (net)
                  0.39    0.00    4.49 v seg[1] (out)
                                  4.49   data arrival time

                         10.00   10.00   clock CLK100MHZ (rise edge)
                          0.00   10.00   clock network delay (propagated)
                         -0.25    9.75   clock uncertainty
                          0.00    9.75   clock reconvergence pessimism
                         -2.00    7.75   output external delay
                                  7.75   data required time
-----------------------------------------------------------------------------
                                  7.75   data required time
                                 -4.49   data arrival time
-----------------------------------------------------------------------------
                                  3.26   slack (MET)


Startpoint: _249_ (rising edge-triggered flip-flop clocked by CLK100MHZ)
Endpoint: seg[6] (output port clocked by CLK100MHZ)
Path Group: CLK100MHZ
Path Type: max
Corner: Slowest

Fanout     Cap    Slew   Delay    Time   Description
-----------------------------------------------------------------------------
                          0.00    0.00   clock CLK100MHZ (rise edge)
                          0.00    0.00   clock source latency
     1    0.02    0.13    0.10    0.10 ^ CLK100MHZ (in)
                                         CLK100MHZ (net)
                  0.13    0.00    0.10 ^ clkbuf_0_CLK100MHZ/A (sky130_fd_sc_hd__clkbuf_16)
     4    0.04    0.10    0.30    0.39 ^ clkbuf_0_CLK100MHZ/X (sky130_fd_sc_hd__clkbuf_16)
                                         clknet_0_CLK100MHZ (net)
                  0.10    0.00    0.39 ^ clkbuf_2_3__f_CLK100MHZ/A (sky130_fd_sc_hd__clkbuf_16)
     8    0.03    0.07    0.25    0.65 ^ clkbuf_2_3__f_CLK100MHZ/X (sky130_fd_sc_hd__clkbuf_16)
                                         clknet_2_3__leaf_CLK100MHZ (net)
                  0.07    0.00    0.65 ^ _249_/CLK (sky130_fd_sc_hd__dfrtp_4)
     6    0.04    0.20    1.17    1.81 v _249_/Q (sky130_fd_sc_hd__dfrtp_4)
                                         decoder.count[3] (net)
                  0.20    0.00    1.81 v _132_/A (sky130_fd_sc_hd__or3b_2)
     2    0.02    0.27    1.36    3.18 v _132_/X (sky130_fd_sc_hd__or3b_2)
                                         _064_ (net)
                  0.27    0.00    3.18 v _164_/B1_N (sky130_fd_sc_hd__a21boi_1)
     1    0.01    0.22    0.42    3.60 v _164_/Y (sky130_fd_sc_hd__a21boi_1)
                                         net7 (net)
                  0.22    0.00    3.60 v output7/A (sky130_fd_sc_hd__buf_1)
     1    0.03    0.39    0.51    4.11 v output7/X (sky130_fd_sc_hd__buf_1)
                                         seg[6] (net)
                  0.39    0.00    4.11 v seg[6] (out)
                                  4.11   data arrival time

                         10.00   10.00   clock CLK100MHZ (rise edge)
                          0.00   10.00   clock network delay (propagated)
                         -0.25    9.75   clock uncertainty
                          0.00    9.75   clock reconvergence pessimism
                         -2.00    7.75   output external delay
                                  7.75   data required time
-----------------------------------------------------------------------------
                                  7.75   data required time
                                 -4.11   data arrival time
-----------------------------------------------------------------------------
                                  3.64   slack (MET)


Startpoint: _249_ (rising edge-triggered flip-flop clocked by CLK100MHZ)
Endpoint: seg[2] (output port clocked by CLK100MHZ)
Path Group: CLK100MHZ
Path Type: max
Corner: Slowest

Fanout     Cap    Slew   Delay    Time   Description
-----------------------------------------------------------------------------
                          0.00    0.00   clock CLK100MHZ (rise edge)
                          0.00    0.00   clock source latency
     1    0.02    0.13    0.10    0.10 ^ CLK100MHZ (in)
                                         CLK100MHZ (net)
                  0.13    0.00    0.10 ^ clkbuf_0_CLK100MHZ/A (sky130_fd_sc_hd__clkbuf_16)
     4    0.04    0.10    0.30    0.39 ^ clkbuf_0_CLK100MHZ/X (sky130_fd_sc_hd__clkbuf_16)
                                         clknet_0_CLK100MHZ (net)
                  0.10    0.00    0.39 ^ clkbuf_2_3__f_CLK100MHZ/A (sky130_fd_sc_hd__clkbuf_16)
     8    0.03    0.07    0.25    0.65 ^ clkbuf_2_3__f_CLK100MHZ/X (sky130_fd_sc_hd__clkbuf_16)
                                         clknet_2_3__leaf_CLK100MHZ (net)
                  0.07    0.00    0.65 ^ _249_/CLK (sky130_fd_sc_hd__dfrtp_4)
     6    0.04    0.20    1.17    1.81 v _249_/Q (sky130_fd_sc_hd__dfrtp_4)
                                         decoder.count[3] (net)
                  0.20    0.00    1.81 v _155_/A (sky130_fd_sc_hd__nor2_2)
     4    0.03    0.59    0.61    2.42 ^ _155_/Y (sky130_fd_sc_hd__nor2_2)
                                         _079_ (net)
                  0.59    0.00    2.42 ^ _156_/B (sky130_fd_sc_hd__nand2_1)
     2    0.02    0.35    0.53    2.95 v _156_/Y (sky130_fd_sc_hd__nand2_1)
                                         _080_ (net)
                  0.35    0.00    2.95 v _160_/B1 (sky130_fd_sc_hd__o21a_1)
     1    0.01    0.16    0.43    3.38 v _160_/X (sky130_fd_sc_hd__o21a_1)
                                         net3 (net)
                  0.16    0.00    3.38 v output3/A (sky130_fd_sc_hd__buf_1)
     1    0.03    0.39    0.48    3.86 v output3/X (sky130_fd_sc_hd__buf_1)
                                         seg[2] (net)
                  0.39    0.00    3.86 v seg[2] (out)
                                  3.86   data arrival time

                         10.00   10.00   clock CLK100MHZ (rise edge)
                          0.00   10.00   clock network delay (propagated)
                         -0.25    9.75   clock uncertainty
                          0.00    9.75   clock reconvergence pessimism
                         -2.00    7.75   output external delay
                                  7.75   data required time
-----------------------------------------------------------------------------
                                  7.75   data required time
                                 -3.86   data arrival time
-----------------------------------------------------------------------------
                                  3.89   slack (MET)


Startpoint: _249_ (rising edge-triggered flip-flop clocked by CLK100MHZ)
Endpoint: seg[4] (output port clocked by CLK100MHZ)
Path Group: CLK100MHZ
Path Type: max
Corner: Slowest

Fanout     Cap    Slew   Delay    Time   Description
-----------------------------------------------------------------------------
                          0.00    0.00   clock CLK100MHZ (rise edge)
                          0.00    0.00   clock source latency
     1    0.02    0.13    0.10    0.10 ^ CLK100MHZ (in)
                                         CLK100MHZ (net)
                  0.13    0.00    0.10 ^ clkbuf_0_CLK100MHZ/A (sky130_fd_sc_hd__clkbuf_16)
     4    0.04    0.10    0.30    0.39 ^ clkbuf_0_CLK100MHZ/X (sky130_fd_sc_hd__clkbuf_16)
                                         clknet_0_CLK100MHZ (net)
                  0.10    0.00    0.39 ^ clkbuf_2_3__f_CLK100MHZ/A (sky130_fd_sc_hd__clkbuf_16)
     8    0.03    0.07    0.25    0.65 ^ clkbuf_2_3__f_CLK100MHZ/X (sky130_fd_sc_hd__clkbuf_16)
                                         clknet_2_3__leaf_CLK100MHZ (net)
                  0.07    0.00    0.65 ^ _249_/CLK (sky130_fd_sc_hd__dfrtp_4)
     6    0.04    0.20    1.17    1.81 v _249_/Q (sky130_fd_sc_hd__dfrtp_4)
                                         decoder.count[3] (net)
                  0.20    0.00    1.81 v _155_/A (sky130_fd_sc_hd__nor2_2)
     4    0.03    0.59    0.61    2.42 ^ _155_/Y (sky130_fd_sc_hd__nor2_2)
                                         _079_ (net)
                  0.59    0.00    2.42 ^ _161_/B (sky130_fd_sc_hd__nand2_1)
     1    0.01    0.21    0.39    2.81 v _161_/Y (sky130_fd_sc_hd__nand2_1)
                                         net5 (net)
                  0.21    0.00    2.81 v output5/A (sky130_fd_sc_hd__buf_1)
     1    0.03    0.39    0.51    3.32 v output5/X (sky130_fd_sc_hd__buf_1)
                                         seg[4] (net)
                  0.39    0.00    3.32 v seg[4] (out)
                                  3.32   data arrival time

                         10.00   10.00   clock CLK100MHZ (rise edge)
                          0.00   10.00   clock network delay (propagated)
                         -0.25    9.75   clock uncertainty
                          0.00    9.75   clock reconvergence pessimism
                         -2.00    7.75   output external delay
                                  7.75   data required time
-----------------------------------------------------------------------------
                                  7.75   data required time
                                 -3.32   data arrival time
-----------------------------------------------------------------------------
                                  4.43   slack (MET)


Startpoint: _252_ (rising edge-triggered flip-flop clocked by CLK100MHZ)
Endpoint: _261_ (rising edge-triggered flip-flop clocked by CLK100MHZ)
Path Group: CLK100MHZ
Path Type: max
Corner: Slowest

Fanout     Cap    Slew   Delay    Time   Description
-----------------------------------------------------------------------------
                          0.00    0.00   clock CLK100MHZ (rise edge)
                          0.00    0.00   clock source latency
     1    0.02    0.13    0.10    0.10 ^ CLK100MHZ (in)
                                         CLK100MHZ (net)
                  0.13    0.00    0.10 ^ clkbuf_0_CLK100MHZ/A (sky130_fd_sc_hd__clkbuf_16)
     4    0.04    0.10    0.30    0.39 ^ clkbuf_0_CLK100MHZ/X (sky130_fd_sc_hd__clkbuf_16)
                                         clknet_0_CLK100MHZ (net)
                  0.10    0.00    0.39 ^ clkbuf_2_2__f_CLK100MHZ/A (sky130_fd_sc_hd__clkbuf_16)
     8    0.03    0.08    0.26    0.65 ^ clkbuf_2_2__f_CLK100MHZ/X (sky130_fd_sc_hd__clkbuf_16)
                                         clknet_2_2__leaf_CLK100MHZ (net)
                  0.08    0.00    0.65 ^ _252_/CLK (sky130_fd_sc_hd__dfrtp_2)
     3    0.03    0.20    1.01    1.66 v _252_/Q (sky130_fd_sc_hd__dfrtp_2)
                                         decoder.delay[2] (net)
                  0.20    0.00    1.66 v _126_/C (sky130_fd_sc_hd__and4_2)
     6    0.03    0.20    0.71    2.37 v _126_/X (sky130_fd_sc_hd__and4_2)
                                         _059_ (net)
                  0.20    0.00    2.37 v _182_/B (sky130_fd_sc_hd__and3_1)
     2    0.01    0.14    0.49    2.85 v _182_/X (sky130_fd_sc_hd__and3_1)
                                         _093_ (net)
                  0.14    0.00    2.85 v _183_/A (sky130_fd_sc_hd__buf_2)
    10    0.05    0.23    0.45    3.30 v _183_/X (sky130_fd_sc_hd__buf_2)
                                         _094_ (net)
                  0.23    0.00    3.30 v _195_/A2 (sky130_fd_sc_hd__a21oi_1)
     1    0.02    0.55    0.61    3.91 ^ _195_/Y (sky130_fd_sc_hd__a21oi_1)
                                         _102_ (net)
                  0.55    0.00    3.91 ^ _197_/A_N (sky130_fd_sc_hd__and2b_1)
     1    0.01    0.12    0.61    4.52 v _197_/X (sky130_fd_sc_hd__and2b_1)
                                         _104_ (net)
                  0.12    0.00    4.52 v _198_/A (sky130_fd_sc_hd__buf_1)
     2    0.02    0.18    0.31    4.83 v _198_/X (sky130_fd_sc_hd__buf_1)
                                         _002_ (net)
                  0.18    0.00    4.83 v _261_/D (sky130_fd_sc_hd__dfrtp_1)
                                  4.83   data arrival time

                         10.00   10.00   clock CLK100MHZ (rise edge)
                          0.00   10.00   clock source latency
     1    0.02    0.13    0.09   10.09 ^ CLK100MHZ (in)
                                         CLK100MHZ (net)
                  0.13    0.00   10.09 ^ clkbuf_0_CLK100MHZ/A (sky130_fd_sc_hd__clkbuf_16)
     4    0.04    0.10    0.27   10.35 ^ clkbuf_0_CLK100MHZ/X (sky130_fd_sc_hd__clkbuf_16)
                                         clknet_0_CLK100MHZ (net)
                  0.10    0.00   10.35 ^ clkbuf_2_3__f_CLK100MHZ/A (sky130_fd_sc_hd__clkbuf_16)
     8    0.03    0.07    0.23   10.58 ^ clkbuf_2_3__f_CLK100MHZ/X (sky130_fd_sc_hd__clkbuf_16)
                                         clknet_2_3__leaf_CLK100MHZ (net)
                  0.07    0.00   10.58 ^ _261_/CLK (sky130_fd_sc_hd__dfrtp_1)
                         -0.25   10.33   clock uncertainty
                          0.04   10.37   clock reconvergence pessimism
                         -0.32   10.05   library setup time
                                 10.05   data required time
-----------------------------------------------------------------------------
                                 10.05   data required time
                                 -4.83   data arrival time
-----------------------------------------------------------------------------
                                  5.22   slack (MET)


Startpoint: _250_ (rising edge-triggered flip-flop clocked by CLK100MHZ)
Endpoint: _271_ (rising edge-triggered flip-flop clocked by CLK100MHZ)
Path Group: CLK100MHZ
Path Type: max
Corner: Slowest

Fanout     Cap    Slew   Delay    Time   Description
-----------------------------------------------------------------------------
                          0.00    0.00   clock CLK100MHZ (rise edge)
                          0.00    0.00   clock source latency
     1    0.02    0.13    0.10    0.10 ^ CLK100MHZ (in)
                                         CLK100MHZ (net)
                  0.13    0.00    0.10 ^ clkbuf_0_CLK100MHZ/A (sky130_fd_sc_hd__clkbuf_16)
     4    0.04    0.10    0.30    0.39 ^ clkbuf_0_CLK100MHZ/X (sky130_fd_sc_hd__clkbuf_16)
                                         clknet_0_CLK100MHZ (net)
                  0.10    0.00    0.39 ^ clkbuf_2_2__f_CLK100MHZ/A (sky130_fd_sc_hd__clkbuf_16)
     8    0.03    0.08    0.26    0.65 ^ clkbuf_2_2__f_CLK100MHZ/X (sky130_fd_sc_hd__clkbuf_16)
                                         clknet_2_2__leaf_CLK100MHZ (net)
                  0.08    0.00    0.65 ^ _250_/CLK (sky130_fd_sc_hd__dfrtp_2)
     5    0.04    0.30    0.94    1.59 ^ _250_/Q (sky130_fd_sc_hd__dfrtp_2)
                                         decoder.delay[0] (net)
                  0.30    0.00    1.59 ^ _126_/B (sky130_fd_sc_hd__and4_2)
     6    0.03    0.33    0.80    2.38 ^ _126_/X (sky130_fd_sc_hd__and4_2)
                                         _059_ (net)
                  0.33    0.00    2.38 ^ _128_/C (sky130_fd_sc_hd__and4_2)
     7    0.04    0.39    0.87    3.25 ^ _128_/X (sky130_fd_sc_hd__and4_2)
                                         _061_ (net)
                  0.39    0.00    3.25 ^ _134_/A (sky130_fd_sc_hd__clkbuf_4)
    10    0.06    0.27    0.57    3.82 ^ _134_/X (sky130_fd_sc_hd__clkbuf_4)
                                         _066_ (net)
                  0.27    0.00    3.82 ^ _146_/C (sky130_fd_sc_hd__and3_1)
     2    0.01    0.25    0.53    4.36 ^ _146_/X (sky130_fd_sc_hd__and3_1)
                                         _074_ (net)
                  0.25    0.00    4.36 ^ _147_/B1_N (sky130_fd_sc_hd__o21ba_1)
     1    0.02    0.17    0.46    4.82 v _147_/X (sky130_fd_sc_hd__o21ba_1)
                                         _013_ (net)
                  0.17    0.00    4.82 v _271_/D (sky130_fd_sc_hd__dfrtp_1)
                                  4.82   data arrival time

                         10.00   10.00   clock CLK100MHZ (rise edge)
                          0.00   10.00   clock source latency
     1    0.02    0.13    0.09   10.09 ^ CLK100MHZ (in)
                                         CLK100MHZ (net)
                  0.13    0.00   10.09 ^ clkbuf_0_CLK100MHZ/A (sky130_fd_sc_hd__clkbuf_16)
     4    0.04    0.10    0.27   10.35 ^ clkbuf_0_CLK100MHZ/X (sky130_fd_sc_hd__clkbuf_16)
                                         clknet_0_CLK100MHZ (net)
                  0.10    0.00   10.35 ^ clkbuf_2_0__f_CLK100MHZ/A (sky130_fd_sc_hd__clkbuf_16)
     8    0.03    0.08    0.23   10.59 ^ clkbuf_2_0__f_CLK100MHZ/X (sky130_fd_sc_hd__clkbuf_16)
                                         clknet_2_0__leaf_CLK100MHZ (net)
                  0.08    0.00   10.59 ^ _271_/CLK (sky130_fd_sc_hd__dfrtp_1)
                         -0.25   10.34   clock uncertainty
                          0.04   10.37   clock reconvergence pessimism
                         -0.32   10.06   library setup time
                                 10.06   data required time
-----------------------------------------------------------------------------
                                 10.06   data required time
                                 -4.82   data arrival time
-----------------------------------------------------------------------------
                                  5.24   slack (MET)


Startpoint: _252_ (rising edge-triggered flip-flop clocked by CLK100MHZ)
Endpoint: _272_ (rising edge-triggered flip-flop clocked by CLK100MHZ)
Path Group: CLK100MHZ
Path Type: max
Corner: Slowest

Fanout     Cap    Slew   Delay    Time   Description
-----------------------------------------------------------------------------
                          0.00    0.00   clock CLK100MHZ (rise edge)
                          0.00    0.00   clock source latency
     1    0.02    0.13    0.10    0.10 ^ CLK100MHZ (in)
                                         CLK100MHZ (net)
                  0.13    0.00    0.10 ^ clkbuf_0_CLK100MHZ/A (sky130_fd_sc_hd__clkbuf_16)
     4    0.04    0.10    0.30    0.39 ^ clkbuf_0_CLK100MHZ/X (sky130_fd_sc_hd__clkbuf_16)
                                         clknet_0_CLK100MHZ (net)
                  0.10    0.00    0.39 ^ clkbuf_2_2__f_CLK100MHZ/A (sky130_fd_sc_hd__clkbuf_16)
     8    0.03    0.08    0.26    0.65 ^ clkbuf_2_2__f_CLK100MHZ/X (sky130_fd_sc_hd__clkbuf_16)
                                         clknet_2_2__leaf_CLK100MHZ (net)
                  0.08    0.00    0.65 ^ _252_/CLK (sky130_fd_sc_hd__dfrtp_2)
     3    0.03    0.20    1.01    1.66 v _252_/Q (sky130_fd_sc_hd__dfrtp_2)
                                         decoder.delay[2] (net)
                  0.20    0.00    1.66 v _126_/C (sky130_fd_sc_hd__and4_2)
     6    0.03    0.20    0.71    2.37 v _126_/X (sky130_fd_sc_hd__and4_2)
                                         _059_ (net)
                  0.20    0.00    2.37 v _128_/C (sky130_fd_sc_hd__and4_2)
     7    0.04    0.23    0.73    3.10 v _128_/X (sky130_fd_sc_hd__and4_2)
                                         _061_ (net)
                  0.23    0.00    3.10 v _134_/A (sky130_fd_sc_hd__clkbuf_4)
    10    0.05    0.20    0.47    3.57 v _134_/X (sky130_fd_sc_hd__clkbuf_4)
                                         _066_ (net)
                  0.20    0.00    3.57 v _146_/C (sky130_fd_sc_hd__and3_1)
     2    0.01    0.16    0.55    4.13 v _146_/X (sky130_fd_sc_hd__and3_1)
                                         _074_ (net)
                  0.16    0.00    4.13 v _149_/B1 (sky130_fd_sc_hd__o2bb2a_1)
     1    0.00    0.11    0.70    4.83 v _149_/X (sky130_fd_sc_hd__o2bb2a_1)
                                         _014_ (net)
                  0.11    0.00    4.83 v _272_/D (sky130_fd_sc_hd__dfrtp_1)
                                  4.83   data arrival time

                         10.00   10.00   clock CLK100MHZ (rise edge)
                          0.00   10.00   clock source latency
     1    0.02    0.13    0.09   10.09 ^ CLK100MHZ (in)
                                         CLK100MHZ (net)
                  0.13    0.00   10.09 ^ clkbuf_0_CLK100MHZ/A (sky130_fd_sc_hd__clkbuf_16)
     4    0.04    0.10    0.27   10.35 ^ clkbuf_0_CLK100MHZ/X (sky130_fd_sc_hd__clkbuf_16)
                                         clknet_0_CLK100MHZ (net)
                  0.10    0.00   10.35 ^ clkbuf_2_1__f_CLK100MHZ/A (sky130_fd_sc_hd__clkbuf_16)
     8    0.02    0.07    0.22   10.58 ^ clkbuf_2_1__f_CLK100MHZ/X (sky130_fd_sc_hd__clkbuf_16)
                                         clknet_2_1__leaf_CLK100MHZ (net)
                  0.07    0.00   10.58 ^ _272_/CLK (sky130_fd_sc_hd__dfrtp_1)
                         -0.25   10.33   clock uncertainty
                          0.04   10.37   clock reconvergence pessimism
                         -0.29   10.07   library setup time
                                 10.07   data required time
-----------------------------------------------------------------------------
                                 10.07   data required time
                                 -4.83   data arrival time
-----------------------------------------------------------------------------
                                  5.24   slack (MET)


Startpoint: _250_ (rising edge-triggered flip-flop clocked by CLK100MHZ)
Endpoint: _246_ (rising edge-triggered flip-flop clocked by CLK100MHZ)
Path Group: CLK100MHZ
Path Type: max
Corner: Slowest

Fanout     Cap    Slew   Delay    Time   Description
-----------------------------------------------------------------------------
                          0.00    0.00   clock CLK100MHZ (rise edge)
                          0.00    0.00   clock source latency
     1    0.02    0.13    0.10    0.10 ^ CLK100MHZ (in)
                                         CLK100MHZ (net)
                  0.13    0.00    0.10 ^ clkbuf_0_CLK100MHZ/A (sky130_fd_sc_hd__clkbuf_16)
     4    0.04    0.10    0.30    0.39 ^ clkbuf_0_CLK100MHZ/X (sky130_fd_sc_hd__clkbuf_16)
                                         clknet_0_CLK100MHZ (net)
                  0.10    0.00    0.39 ^ clkbuf_2_2__f_CLK100MHZ/A (sky130_fd_sc_hd__clkbuf_16)
     8    0.03    0.08    0.26    0.65 ^ clkbuf_2_2__f_CLK100MHZ/X (sky130_fd_sc_hd__clkbuf_16)
                                         clknet_2_2__leaf_CLK100MHZ (net)
                  0.08    0.00    0.65 ^ _250_/CLK (sky130_fd_sc_hd__dfrtp_2)
     5    0.04    0.30    0.94    1.59 ^ _250_/Q (sky130_fd_sc_hd__dfrtp_2)
                                         decoder.delay[0] (net)
                  0.30    0.00    1.59 ^ _126_/B (sky130_fd_sc_hd__and4_2)
     6    0.03    0.33    0.80    2.38 ^ _126_/X (sky130_fd_sc_hd__and4_2)
                                         _059_ (net)
                  0.33    0.00    2.38 ^ _128_/C (sky130_fd_sc_hd__and4_2)
     7    0.04    0.39    0.87    3.25 ^ _128_/X (sky130_fd_sc_hd__and4_2)
                                         _061_ (net)
                  0.39    0.00    3.25 ^ _134_/A (sky130_fd_sc_hd__clkbuf_4)
    10    0.06    0.27    0.57    3.82 ^ _134_/X (sky130_fd_sc_hd__clkbuf_4)
                                         _066_ (net)
                  0.27    0.00    3.82 ^ _135_/B (sky130_fd_sc_hd__nand4b_2)
     2    0.02    0.43    0.51    4.34 v _135_/Y (sky130_fd_sc_hd__nand4b_2)
                                         _067_ (net)
                  0.43    0.00    4.34 v _142_/A2 (sky130_fd_sc_hd__a21oi_1)
     1    0.01    0.34    0.53    4.87 ^ _142_/Y (sky130_fd_sc_hd__a21oi_1)
                                         _054_ (net)
                  0.34    0.00    4.87 ^ _246_/D (sky130_fd_sc_hd__dfrtp_4)
                                  4.87   data arrival time

                         10.00   10.00   clock CLK100MHZ (rise edge)
                          0.00   10.00   clock source latency
     1    0.02    0.13    0.09   10.09 ^ CLK100MHZ (in)
                                         CLK100MHZ (net)
                  0.13    0.00   10.09 ^ clkbuf_0_CLK100MHZ/A (sky130_fd_sc_hd__clkbuf_16)
     4    0.04    0.10    0.27   10.35 ^ clkbuf_0_CLK100MHZ/X (sky130_fd_sc_hd__clkbuf_16)
                                         clknet_0_CLK100MHZ (net)
                  0.10    0.00   10.35 ^ clkbuf_2_1__f_CLK100MHZ/A (sky130_fd_sc_hd__clkbuf_16)
     8    0.02    0.07    0.22   10.58 ^ clkbuf_2_1__f_CLK100MHZ/X (sky130_fd_sc_hd__clkbuf_16)
                                         clknet_2_1__leaf_CLK100MHZ (net)
                  0.07    0.00   10.58 ^ _246_/CLK (sky130_fd_sc_hd__dfrtp_4)
                         -0.25   10.33   clock uncertainty
                          0.04   10.37   clock reconvergence pessimism
                         -0.21   10.16   library setup time
                                 10.16   data required time
-----------------------------------------------------------------------------
                                 10.16   data required time
                                 -4.87   data arrival time
-----------------------------------------------------------------------------
                                  5.30   slack (MET)


Startpoint: _250_ (rising edge-triggered flip-flop clocked by CLK100MHZ)
Endpoint: _248_ (rising edge-triggered flip-flop clocked by CLK100MHZ)
Path Group: CLK100MHZ
Path Type: max
Corner: Slowest

Fanout     Cap    Slew   Delay    Time   Description
-----------------------------------------------------------------------------
                          0.00    0.00   clock CLK100MHZ (rise edge)
                          0.00    0.00   clock source latency
     1    0.02    0.13    0.10    0.10 ^ CLK100MHZ (in)
                                         CLK100MHZ (net)
                  0.13    0.00    0.10 ^ clkbuf_0_CLK100MHZ/A (sky130_fd_sc_hd__clkbuf_16)
     4    0.04    0.10    0.30    0.39 ^ clkbuf_0_CLK100MHZ/X (sky130_fd_sc_hd__clkbuf_16)
                                         clknet_0_CLK100MHZ (net)
                  0.10    0.00    0.39 ^ clkbuf_2_2__f_CLK100MHZ/A (sky130_fd_sc_hd__clkbuf_16)
     8    0.03    0.08    0.26    0.65 ^ clkbuf_2_2__f_CLK100MHZ/X (sky130_fd_sc_hd__clkbuf_16)
                                         clknet_2_2__leaf_CLK100MHZ (net)
                  0.08    0.00    0.65 ^ _250_/CLK (sky130_fd_sc_hd__dfrtp_2)
     5    0.04    0.30    0.94    1.59 ^ _250_/Q (sky130_fd_sc_hd__dfrtp_2)
                                         decoder.delay[0] (net)
                  0.30    0.00    1.59 ^ _126_/B (sky130_fd_sc_hd__and4_2)
     6    0.03    0.33    0.80    2.38 ^ _126_/X (sky130_fd_sc_hd__and4_2)
                                         _059_ (net)
                  0.33    0.00    2.38 ^ _128_/C (sky130_fd_sc_hd__and4_2)
     7    0.04    0.39    0.87    3.25 ^ _128_/X (sky130_fd_sc_hd__and4_2)
                                         _061_ (net)
                  0.39    0.00    3.25 ^ _134_/A (sky130_fd_sc_hd__clkbuf_4)
    10    0.06    0.27    0.57    3.82 ^ _134_/X (sky130_fd_sc_hd__clkbuf_4)
                                         _066_ (net)
                  0.27    0.00    3.82 ^ _135_/B (sky130_fd_sc_hd__nand4b_2)
     2    0.02    0.43    0.51    4.34 v _135_/Y (sky130_fd_sc_hd__nand4b_2)
                                         _067_ (net)
                  0.43    0.00    4.34 v _138_/A3 (sky130_fd_sc_hd__o31ai_1)
     1    0.00    0.36    0.51    4.85 ^ _138_/Y (sky130_fd_sc_hd__o31ai_1)
                                         _056_ (net)
                  0.36    0.00    4.85 ^ _248_/D (sky130_fd_sc_hd__dfrtp_4)
                                  4.85   data arrival time

                         10.00   10.00   clock CLK100MHZ (rise edge)
                          0.00   10.00   clock source latency
     1    0.02    0.13    0.09   10.09 ^ CLK100MHZ (in)
                                         CLK100MHZ (net)
                  0.13    0.00   10.09 ^ clkbuf_0_CLK100MHZ/A (sky130_fd_sc_hd__clkbuf_16)
     4    0.04    0.10    0.27   10.35 ^ clkbuf_0_CLK100MHZ/X (sky130_fd_sc_hd__clkbuf_16)
                                         clknet_0_CLK100MHZ (net)
                  0.10    0.00   10.35 ^ clkbuf_2_0__f_CLK100MHZ/A (sky130_fd_sc_hd__clkbuf_16)
     8    0.03    0.08    0.23   10.59 ^ clkbuf_2_0__f_CLK100MHZ/X (sky130_fd_sc_hd__clkbuf_16)
                                         clknet_2_0__leaf_CLK100MHZ (net)
                  0.08    0.00   10.59 ^ _248_/CLK (sky130_fd_sc_hd__dfrtp_4)
                         -0.25   10.34   clock uncertainty
                          0.04   10.37   clock reconvergence pessimism
                         -0.21   10.17   library setup time
                                 10.17   data required time
-----------------------------------------------------------------------------
                                 10.17   data required time
                                 -4.85   data arrival time
-----------------------------------------------------------------------------
                                  5.31   slack (MET)


Startpoint: _250_ (rising edge-triggered flip-flop clocked by CLK100MHZ)
Endpoint: _258_ (rising edge-triggered flip-flop clocked by CLK100MHZ)
Path Group: CLK100MHZ
Path Type: max
Corner: Slowest

Fanout     Cap    Slew   Delay    Time   Description
-----------------------------------------------------------------------------
                          0.00    0.00   clock CLK100MHZ (rise edge)
                          0.00    0.00   clock source latency
     1    0.02    0.13    0.10    0.10 ^ CLK100MHZ (in)
                                         CLK100MHZ (net)
                  0.13    0.00    0.10 ^ clkbuf_0_CLK100MHZ/A (sky130_fd_sc_hd__clkbuf_16)
     4    0.04    0.10    0.30    0.39 ^ clkbuf_0_CLK100MHZ/X (sky130_fd_sc_hd__clkbuf_16)
                                         clknet_0_CLK100MHZ (net)
                  0.10    0.00    0.39 ^ clkbuf_2_2__f_CLK100MHZ/A (sky130_fd_sc_hd__clkbuf_16)
     8    0.03    0.08    0.26    0.65 ^ clkbuf_2_2__f_CLK100MHZ/X (sky130_fd_sc_hd__clkbuf_16)
                                         clknet_2_2__leaf_CLK100MHZ (net)
                  0.08    0.00    0.65 ^ _250_/CLK (sky130_fd_sc_hd__dfrtp_2)
     5    0.04    0.30    0.94    1.59 ^ _250_/Q (sky130_fd_sc_hd__dfrtp_2)
                                         decoder.delay[0] (net)
                  0.30    0.00    1.59 ^ _126_/B (sky130_fd_sc_hd__and4_2)
     6    0.03    0.33    0.80    2.38 ^ _126_/X (sky130_fd_sc_hd__and4_2)
                                         _059_ (net)
                  0.33    0.00    2.38 ^ _182_/B (sky130_fd_sc_hd__and3_1)
     2    0.01    0.20    0.51    2.89 ^ _182_/X (sky130_fd_sc_hd__and3_1)
                                         _093_ (net)
                  0.20    0.00    2.89 ^ _183_/A (sky130_fd_sc_hd__buf_2)
    10    0.05    0.40    0.52    3.41 ^ _183_/X (sky130_fd_sc_hd__buf_2)
                                         _094_ (net)
                  0.40    0.00    3.41 ^ _188_/B (sky130_fd_sc_hd__nand2_1)
     2    0.02    0.35    0.46    3.87 v _188_/Y (sky130_fd_sc_hd__nand2_1)
                                         _098_ (net)
                  0.35    0.00    3.87 v _189_/B (sky130_fd_sc_hd__and2b_1)
     1    0.01    0.09    0.51    4.38 v _189_/X (sky130_fd_sc_hd__and2b_1)
                                         _099_ (net)
                  0.09    0.00    4.38 v _190_/A (sky130_fd_sc_hd__buf_1)
     1    0.01    0.17    0.28    4.65 v _190_/X (sky130_fd_sc_hd__buf_1)
                                         _023_ (net)
                  0.17    0.00    4.65 v _258_/D (sky130_fd_sc_hd__dfrtp_4)
                                  4.65   data arrival time

                         10.00   10.00   clock CLK100MHZ (rise edge)
                          0.00   10.00   clock source latency
     1    0.02    0.13    0.09   10.09 ^ CLK100MHZ (in)
                                         CLK100MHZ (net)
                  0.13    0.00   10.09 ^ clkbuf_0_CLK100MHZ/A (sky130_fd_sc_hd__clkbuf_16)
     4    0.04    0.10    0.27   10.35 ^ clkbuf_0_CLK100MHZ/X (sky130_fd_sc_hd__clkbuf_16)
                                         clknet_0_CLK100MHZ (net)
                  0.10    0.00   10.35 ^ clkbuf_2_3__f_CLK100MHZ/A (sky130_fd_sc_hd__clkbuf_16)
     8    0.03    0.07    0.23   10.58 ^ clkbuf_2_3__f_CLK100MHZ/X (sky130_fd_sc_hd__clkbuf_16)
                                         clknet_2_3__leaf_CLK100MHZ (net)
                  0.07    0.00   10.58 ^ _258_/CLK (sky130_fd_sc_hd__dfrtp_4)
                         -0.25   10.33   clock uncertainty
                          0.04   10.37   clock reconvergence pessimism
                         -0.32   10.06   library setup time
                                 10.06   data required time
-----------------------------------------------------------------------------
                                 10.06   data required time
                                 -4.65   data arrival time
-----------------------------------------------------------------------------
                                  5.40   slack (MET)


Startpoint: _252_ (rising edge-triggered flip-flop clocked by CLK100MHZ)
Endpoint: _264_ (rising edge-triggered flip-flop clocked by CLK100MHZ)
Path Group: CLK100MHZ
Path Type: max
Corner: Slowest

Fanout     Cap    Slew   Delay    Time   Description
-----------------------------------------------------------------------------
                          0.00    0.00   clock CLK100MHZ (rise edge)
                          0.00    0.00   clock source latency
     1    0.02    0.13    0.10    0.10 ^ CLK100MHZ (in)
                                         CLK100MHZ (net)
                  0.13    0.00    0.10 ^ clkbuf_0_CLK100MHZ/A (sky130_fd_sc_hd__clkbuf_16)
     4    0.04    0.10    0.30    0.39 ^ clkbuf_0_CLK100MHZ/X (sky130_fd_sc_hd__clkbuf_16)
                                         clknet_0_CLK100MHZ (net)
                  0.10    0.00    0.39 ^ clkbuf_2_2__f_CLK100MHZ/A (sky130_fd_sc_hd__clkbuf_16)
     8    0.03    0.08    0.26    0.65 ^ clkbuf_2_2__f_CLK100MHZ/X (sky130_fd_sc_hd__clkbuf_16)
                                         clknet_2_2__leaf_CLK100MHZ (net)
                  0.08    0.00    0.65 ^ _252_/CLK (sky130_fd_sc_hd__dfrtp_2)
     3    0.03    0.20    1.01    1.66 v _252_/Q (sky130_fd_sc_hd__dfrtp_2)
                                         decoder.delay[2] (net)
                  0.20    0.00    1.66 v _126_/C (sky130_fd_sc_hd__and4_2)
     6    0.03    0.20    0.71    2.37 v _126_/X (sky130_fd_sc_hd__and4_2)
                                         _059_ (net)
                  0.20    0.00    2.37 v _182_/B (sky130_fd_sc_hd__and3_1)
     2    0.01    0.14    0.49    2.85 v _182_/X (sky130_fd_sc_hd__and3_1)
                                         _093_ (net)
                  0.14    0.00    2.85 v _183_/A (sky130_fd_sc_hd__buf_2)
    10    0.05    0.23    0.45    3.30 v _183_/X (sky130_fd_sc_hd__buf_2)
                                         _094_ (net)
                  0.23    0.00    3.30 v _201_/D (sky130_fd_sc_hd__and4_1)
     2    0.01    0.14    0.58    3.87 v _201_/X (sky130_fd_sc_hd__and4_1)
                                         _106_ (net)
                  0.14    0.00    3.87 v _204_/B1 (sky130_fd_sc_hd__o2bb2a_1)
     1    0.01    0.14    0.74    4.61 v _204_/X (sky130_fd_sc_hd__o2bb2a_1)
                                         _005_ (net)
                  0.14    0.00    4.61 v _264_/D (sky130_fd_sc_hd__dfrtp_1)
                                  4.61   data arrival time

                         10.00   10.00   clock CLK100MHZ (rise edge)
                          0.00   10.00   clock source latency
     1    0.02    0.13    0.09   10.09 ^ CLK100MHZ (in)
                                         CLK100MHZ (net)
                  0.13    0.00   10.09 ^ clkbuf_0_CLK100MHZ/A (sky130_fd_sc_hd__clkbuf_16)
     4    0.04    0.10    0.27   10.35 ^ clkbuf_0_CLK100MHZ/X (sky130_fd_sc_hd__clkbuf_16)
                                         clknet_0_CLK100MHZ (net)
                  0.10    0.00   10.35 ^ clkbuf_2_0__f_CLK100MHZ/A (sky130_fd_sc_hd__clkbuf_16)
     8    0.03    0.08    0.23   10.59 ^ clkbuf_2_0__f_CLK100MHZ/X (sky130_fd_sc_hd__clkbuf_16)
                                         clknet_2_0__leaf_CLK100MHZ (net)
                  0.08    0.00   10.59 ^ _264_/CLK (sky130_fd_sc_hd__dfrtp_1)
                         -0.25   10.34   clock uncertainty
                          0.04   10.37   clock reconvergence pessimism
                         -0.30   10.07   library setup time
                                 10.07   data required time
-----------------------------------------------------------------------------
                                 10.07   data required time
                                 -4.61   data arrival time
-----------------------------------------------------------------------------
                                  5.46   slack (MET)


Startpoint: _250_ (rising edge-triggered flip-flop clocked by CLK100MHZ)
Endpoint: _270_ (rising edge-triggered flip-flop clocked by CLK100MHZ)
Path Group: CLK100MHZ
Path Type: max
Corner: Slowest

Fanout     Cap    Slew   Delay    Time   Description
-----------------------------------------------------------------------------
                          0.00    0.00   clock CLK100MHZ (rise edge)
                          0.00    0.00   clock source latency
     1    0.02    0.13    0.10    0.10 ^ CLK100MHZ (in)
                                         CLK100MHZ (net)
                  0.13    0.00    0.10 ^ clkbuf_0_CLK100MHZ/A (sky130_fd_sc_hd__clkbuf_16)
     4    0.04    0.10    0.30    0.39 ^ clkbuf_0_CLK100MHZ/X (sky130_fd_sc_hd__clkbuf_16)
                                         clknet_0_CLK100MHZ (net)
                  0.10    0.00    0.39 ^ clkbuf_2_2__f_CLK100MHZ/A (sky130_fd_sc_hd__clkbuf_16)
     8    0.03    0.08    0.26    0.65 ^ clkbuf_2_2__f_CLK100MHZ/X (sky130_fd_sc_hd__clkbuf_16)
                                         clknet_2_2__leaf_CLK100MHZ (net)
                  0.08    0.00    0.65 ^ _250_/CLK (sky130_fd_sc_hd__dfrtp_2)
     5    0.04    0.30    0.94    1.59 ^ _250_/Q (sky130_fd_sc_hd__dfrtp_2)
                                         decoder.delay[0] (net)
                  0.30    0.00    1.59 ^ _126_/B (sky130_fd_sc_hd__and4_2)
     6    0.03    0.33    0.80    2.38 ^ _126_/X (sky130_fd_sc_hd__and4_2)
                                         _059_ (net)
                  0.33    0.00    2.38 ^ _128_/C (sky130_fd_sc_hd__and4_2)
     7    0.04    0.39    0.87    3.25 ^ _128_/X (sky130_fd_sc_hd__and4_2)
                                         _061_ (net)
                  0.39    0.00    3.25 ^ _134_/A (sky130_fd_sc_hd__clkbuf_4)
    10    0.06    0.27    0.57    3.82 ^ _134_/X (sky130_fd_sc_hd__clkbuf_4)
                                         _066_ (net)
                  0.27    0.00    3.82 ^ _144_/C (sky130_fd_sc_hd__and3_1)
     2    0.02    0.30    0.58    4.40 ^ _144_/X (sky130_fd_sc_hd__and3_1)
                                         _073_ (net)
                  0.30    0.00    4.40 ^ _145_/B (sky130_fd_sc_hd__nor2_1)
     1    0.01    0.11    0.22    4.62 v _145_/Y (sky130_fd_sc_hd__nor2_1)
                                         _012_ (net)
                  0.11    0.00    4.62 v _270_/D (sky130_fd_sc_hd__dfrtp_1)
                                  4.62   data arrival time

                         10.00   10.00   clock CLK100MHZ (rise edge)
                          0.00   10.00   clock source latency
     1    0.02    0.13    0.09   10.09 ^ CLK100MHZ (in)
                                         CLK100MHZ (net)
                  0.13    0.00   10.09 ^ clkbuf_0_CLK100MHZ/A (sky130_fd_sc_hd__clkbuf_16)
     4    0.04    0.10    0.27   10.35 ^ clkbuf_0_CLK100MHZ/X (sky130_fd_sc_hd__clkbuf_16)
                                         clknet_0_CLK100MHZ (net)
                  0.10    0.00   10.35 ^ clkbuf_2_0__f_CLK100MHZ/A (sky130_fd_sc_hd__clkbuf_16)
     8    0.03    0.08    0.23   10.59 ^ clkbuf_2_0__f_CLK100MHZ/X (sky130_fd_sc_hd__clkbuf_16)
                                         clknet_2_0__leaf_CLK100MHZ (net)
                  0.08    0.00   10.59 ^ _270_/CLK (sky130_fd_sc_hd__dfrtp_1)
                         -0.25   10.34   clock uncertainty
                          0.04   10.37   clock reconvergence pessimism
                         -0.29   10.08   library setup time
                                 10.08   data required time
-----------------------------------------------------------------------------
                                 10.08   data required time
                                 -4.62   data arrival time
-----------------------------------------------------------------------------
                                  5.46   slack (MET)


Startpoint: _250_ (rising edge-triggered flip-flop clocked by CLK100MHZ)
Endpoint: _273_ (rising edge-triggered flip-flop clocked by CLK100MHZ)
Path Group: CLK100MHZ
Path Type: max
Corner: Slowest

Fanout     Cap    Slew   Delay    Time   Description
-----------------------------------------------------------------------------
                          0.00    0.00   clock CLK100MHZ (rise edge)
                          0.00    0.00   clock source latency
     1    0.02    0.13    0.10    0.10 ^ CLK100MHZ (in)
                                         CLK100MHZ (net)
                  0.13    0.00    0.10 ^ clkbuf_0_CLK100MHZ/A (sky130_fd_sc_hd__clkbuf_16)
     4    0.04    0.10    0.30    0.39 ^ clkbuf_0_CLK100MHZ/X (sky130_fd_sc_hd__clkbuf_16)
                                         clknet_0_CLK100MHZ (net)
                  0.10    0.00    0.39 ^ clkbuf_2_2__f_CLK100MHZ/A (sky130_fd_sc_hd__clkbuf_16)
     8    0.03    0.08    0.26    0.65 ^ clkbuf_2_2__f_CLK100MHZ/X (sky130_fd_sc_hd__clkbuf_16)
                                         clknet_2_2__leaf_CLK100MHZ (net)
                  0.08    0.00    0.65 ^ _250_/CLK (sky130_fd_sc_hd__dfrtp_2)
     5    0.04    0.30    0.94    1.59 ^ _250_/Q (sky130_fd_sc_hd__dfrtp_2)
                                         decoder.delay[0] (net)
                  0.30    0.00    1.59 ^ _126_/B (sky130_fd_sc_hd__and4_2)
     6    0.03    0.33    0.80    2.38 ^ _126_/X (sky130_fd_sc_hd__and4_2)
                                         _059_ (net)
                  0.33    0.00    2.38 ^ _128_/C (sky130_fd_sc_hd__and4_2)
     7    0.04    0.39    0.87    3.25 ^ _128_/X (sky130_fd_sc_hd__and4_2)
                                         _061_ (net)
                  0.39    0.00    3.25 ^ _150_/B (sky130_fd_sc_hd__nand2_1)
     2    0.02    0.42    0.51    3.77 v _150_/Y (sky130_fd_sc_hd__nand2_1)
                                         _076_ (net)
                  0.42    0.00    3.77 v _152_/A (sky130_fd_sc_hd__and2_1)
     1    0.01    0.12    0.52    4.29 v _152_/X (sky130_fd_sc_hd__and2_1)
                                         _078_ (net)
                  0.12    0.00    4.29 v _153_/A (sky130_fd_sc_hd__buf_1)
     1    0.01    0.15    0.28    4.56 v _153_/X (sky130_fd_sc_hd__buf_1)
                                         _015_ (net)
                  0.15    0.00    4.56 v _273_/D (sky130_fd_sc_hd__dfrtp_1)
                                  4.56   data arrival time

                         10.00   10.00   clock CLK100MHZ (rise edge)
                          0.00   10.00   clock source latency
     1    0.02    0.13    0.09   10.09 ^ CLK100MHZ (in)
                                         CLK100MHZ (net)
                  0.13    0.00   10.09 ^ clkbuf_0_CLK100MHZ/A (sky130_fd_sc_hd__clkbuf_16)
     4    0.04    0.10    0.27   10.35 ^ clkbuf_0_CLK100MHZ/X (sky130_fd_sc_hd__clkbuf_16)
                                         clknet_0_CLK100MHZ (net)
                  0.10    0.00   10.35 ^ clkbuf_2_3__f_CLK100MHZ/A (sky130_fd_sc_hd__clkbuf_16)
     8    0.03    0.07    0.23   10.58 ^ clkbuf_2_3__f_CLK100MHZ/X (sky130_fd_sc_hd__clkbuf_16)
                                         clknet_2_3__leaf_CLK100MHZ (net)
                  0.07    0.00   10.58 ^ _273_/CLK (sky130_fd_sc_hd__dfrtp_1)
                         -0.25   10.33   clock uncertainty
                          0.04   10.37   clock reconvergence pessimism
                         -0.31   10.06   library setup time
                                 10.06   data required time
-----------------------------------------------------------------------------
                                 10.06   data required time
                                 -4.56   data arrival time
-----------------------------------------------------------------------------
                                  5.50   slack (MET)


Startpoint: _250_ (rising edge-triggered flip-flop clocked by CLK100MHZ)
Endpoint: _249_ (rising edge-triggered flip-flop clocked by CLK100MHZ)
Path Group: CLK100MHZ
Path Type: max
Corner: Slowest

Fanout     Cap    Slew   Delay    Time   Description
-----------------------------------------------------------------------------
                          0.00    0.00   clock CLK100MHZ (rise edge)
                          0.00    0.00   clock source latency
     1    0.02    0.13    0.10    0.10 ^ CLK100MHZ (in)
                                         CLK100MHZ (net)
                  0.13    0.00    0.10 ^ clkbuf_0_CLK100MHZ/A (sky130_fd_sc_hd__clkbuf_16)
     4    0.04    0.10    0.30    0.39 ^ clkbuf_0_CLK100MHZ/X (sky130_fd_sc_hd__clkbuf_16)
                                         clknet_0_CLK100MHZ (net)
                  0.10    0.00    0.39 ^ clkbuf_2_2__f_CLK100MHZ/A (sky130_fd_sc_hd__clkbuf_16)
     8    0.03    0.08    0.26    0.65 ^ clkbuf_2_2__f_CLK100MHZ/X (sky130_fd_sc_hd__clkbuf_16)
                                         clknet_2_2__leaf_CLK100MHZ (net)
                  0.08    0.00    0.65 ^ _250_/CLK (sky130_fd_sc_hd__dfrtp_2)
     5    0.04    0.30    0.94    1.59 ^ _250_/Q (sky130_fd_sc_hd__dfrtp_2)
                                         decoder.delay[0] (net)
                  0.30    0.00    1.59 ^ _126_/B (sky130_fd_sc_hd__and4_2)
     6    0.03    0.33    0.80    2.38 ^ _126_/X (sky130_fd_sc_hd__and4_2)
                                         _059_ (net)
                  0.33    0.00    2.38 ^ _128_/C (sky130_fd_sc_hd__and4_2)
     7    0.04    0.39    0.87    3.25 ^ _128_/X (sky130_fd_sc_hd__and4_2)
                                         _061_ (net)
                  0.39    0.00    3.25 ^ _129_/D (sky130_fd_sc_hd__and4_1)
     1    0.02    0.33    0.73    3.98 ^ _129_/X (sky130_fd_sc_hd__and4_1)
                                         _062_ (net)
                  0.33    0.00    3.98 ^ _130_/B (sky130_fd_sc_hd__xor2_1)
     1    0.01    0.49    0.59    4.58 ^ _130_/X (sky130_fd_sc_hd__xor2_1)
                                         _057_ (net)
                  0.49    0.00    4.58 ^ _249_/D (sky130_fd_sc_hd__dfrtp_4)
                                  4.58   data arrival time

                         10.00   10.00   clock CLK100MHZ (rise edge)
                          0.00   10.00   clock source latency
     1    0.02    0.13    0.09   10.09 ^ CLK100MHZ (in)
                                         CLK100MHZ (net)
                  0.13    0.00   10.09 ^ clkbuf_0_CLK100MHZ/A (sky130_fd_sc_hd__clkbuf_16)
     4    0.04    0.10    0.27   10.35 ^ clkbuf_0_CLK100MHZ/X (sky130_fd_sc_hd__clkbuf_16)
                                         clknet_0_CLK100MHZ (net)
                  0.10    0.00   10.35 ^ clkbuf_2_3__f_CLK100MHZ/A (sky130_fd_sc_hd__clkbuf_16)
     8    0.03    0.07    0.23   10.58 ^ clkbuf_2_3__f_CLK100MHZ/X (sky130_fd_sc_hd__clkbuf_16)
                                         clknet_2_3__leaf_CLK100MHZ (net)
                  0.07    0.00   10.58 ^ _249_/CLK (sky130_fd_sc_hd__dfrtp_4)
                         -0.25   10.33   clock uncertainty
                          0.04   10.37   clock reconvergence pessimism
                         -0.24   10.13   library setup time
                                 10.13   data required time
-----------------------------------------------------------------------------
                                 10.13   data required time
                                 -4.58   data arrival time
-----------------------------------------------------------------------------
                                  5.55   slack (MET)


Startpoint: _250_ (rising edge-triggered flip-flop clocked by CLK100MHZ)
Endpoint: _263_ (rising edge-triggered flip-flop clocked by CLK100MHZ)
Path Group: CLK100MHZ
Path Type: max
Corner: Slowest

Fanout     Cap    Slew   Delay    Time   Description
-----------------------------------------------------------------------------
                          0.00    0.00   clock CLK100MHZ (rise edge)
                          0.00    0.00   clock source latency
     1    0.02    0.13    0.10    0.10 ^ CLK100MHZ (in)
                                         CLK100MHZ (net)
                  0.13    0.00    0.10 ^ clkbuf_0_CLK100MHZ/A (sky130_fd_sc_hd__clkbuf_16)
     4    0.04    0.10    0.30    0.39 ^ clkbuf_0_CLK100MHZ/X (sky130_fd_sc_hd__clkbuf_16)
                                         clknet_0_CLK100MHZ (net)
                  0.10    0.00    0.39 ^ clkbuf_2_2__f_CLK100MHZ/A (sky130_fd_sc_hd__clkbuf_16)
     8    0.03    0.08    0.26    0.65 ^ clkbuf_2_2__f_CLK100MHZ/X (sky130_fd_sc_hd__clkbuf_16)
                                         clknet_2_2__leaf_CLK100MHZ (net)
                  0.08    0.00    0.65 ^ _250_/CLK (sky130_fd_sc_hd__dfrtp_2)
     5    0.04    0.30    0.94    1.59 ^ _250_/Q (sky130_fd_sc_hd__dfrtp_2)
                                         decoder.delay[0] (net)
                  0.30    0.00    1.59 ^ _126_/B (sky130_fd_sc_hd__and4_2)
     6    0.03    0.33    0.80    2.38 ^ _126_/X (sky130_fd_sc_hd__and4_2)
                                         _059_ (net)
                  0.33    0.00    2.38 ^ _182_/B (sky130_fd_sc_hd__and3_1)
     2    0.01    0.20    0.51    2.89 ^ _182_/X (sky130_fd_sc_hd__and3_1)
                                         _093_ (net)
                  0.20    0.00    2.89 ^ _183_/A (sky130_fd_sc_hd__buf_2)
    10    0.05    0.40    0.52    3.41 ^ _183_/X (sky130_fd_sc_hd__buf_2)
                                         _094_ (net)
                  0.40    0.00    3.41 ^ _201_/D (sky130_fd_sc_hd__and4_1)
     2    0.01    0.21    0.63    4.03 ^ _201_/X (sky130_fd_sc_hd__and4_1)
                                         _106_ (net)
                  0.21    0.00    4.03 ^ _202_/B1_N (sky130_fd_sc_hd__o21ba_1)
     1    0.01    0.13    0.41    4.44 v _202_/X (sky130_fd_sc_hd__o21ba_1)
                                         _004_ (net)
                  0.13    0.00    4.44 v _263_/D (sky130_fd_sc_hd__dfrtp_1)
                                  4.44   data arrival time

                         10.00   10.00   clock CLK100MHZ (rise edge)
                          0.00   10.00   clock source latency
     1    0.02    0.13    0.09   10.09 ^ CLK100MHZ (in)
                                         CLK100MHZ (net)
                  0.13    0.00   10.09 ^ clkbuf_0_CLK100MHZ/A (sky130_fd_sc_hd__clkbuf_16)
     4    0.04    0.10    0.27   10.35 ^ clkbuf_0_CLK100MHZ/X (sky130_fd_sc_hd__clkbuf_16)
                                         clknet_0_CLK100MHZ (net)
                  0.10    0.00   10.36 ^ clkbuf_2_2__f_CLK100MHZ/A (sky130_fd_sc_hd__clkbuf_16)
     8    0.03    0.08    0.23   10.59 ^ clkbuf_2_2__f_CLK100MHZ/X (sky130_fd_sc_hd__clkbuf_16)
                                         clknet_2_2__leaf_CLK100MHZ (net)
                  0.08    0.00   10.59 ^ _263_/CLK (sky130_fd_sc_hd__dfrtp_1)
                         -0.25   10.34   clock uncertainty
                          0.06   10.40   clock reconvergence pessimism
                         -0.30   10.10   library setup time
                                 10.10   data required time
-----------------------------------------------------------------------------
                                 10.10   data required time
                                 -4.44   data arrival time
-----------------------------------------------------------------------------
                                  5.66   slack (MET)


Startpoint: _250_ (rising edge-triggered flip-flop clocked by CLK100MHZ)
Endpoint: _257_ (rising edge-triggered flip-flop clocked by CLK100MHZ)
Path Group: CLK100MHZ
Path Type: max
Corner: Slowest

Fanout     Cap    Slew   Delay    Time   Description
-----------------------------------------------------------------------------
                          0.00    0.00   clock CLK100MHZ (rise edge)
                          0.00    0.00   clock source latency
     1    0.02    0.13    0.10    0.10 ^ CLK100MHZ (in)
                                         CLK100MHZ (net)
                  0.13    0.00    0.10 ^ clkbuf_0_CLK100MHZ/A (sky130_fd_sc_hd__clkbuf_16)
     4    0.04    0.10    0.30    0.39 ^ clkbuf_0_CLK100MHZ/X (sky130_fd_sc_hd__clkbuf_16)
                                         clknet_0_CLK100MHZ (net)
                  0.10    0.00    0.39 ^ clkbuf_2_2__f_CLK100MHZ/A (sky130_fd_sc_hd__clkbuf_16)
     8    0.03    0.08    0.26    0.65 ^ clkbuf_2_2__f_CLK100MHZ/X (sky130_fd_sc_hd__clkbuf_16)
                                         clknet_2_2__leaf_CLK100MHZ (net)
                  0.08    0.00    0.65 ^ _250_/CLK (sky130_fd_sc_hd__dfrtp_2)
     5    0.04    0.30    0.94    1.59 ^ _250_/Q (sky130_fd_sc_hd__dfrtp_2)
                                         decoder.delay[0] (net)
                  0.30    0.00    1.59 ^ _126_/B (sky130_fd_sc_hd__and4_2)
     6    0.03    0.33    0.80    2.38 ^ _126_/X (sky130_fd_sc_hd__and4_2)
                                         _059_ (net)
                  0.33    0.00    2.38 ^ _182_/B (sky130_fd_sc_hd__and3_1)
     2    0.01    0.20    0.51    2.89 ^ _182_/X (sky130_fd_sc_hd__and3_1)
                                         _093_ (net)
                  0.20    0.00    2.89 ^ _183_/A (sky130_fd_sc_hd__buf_2)
    10    0.05    0.40    0.52    3.41 ^ _183_/X (sky130_fd_sc_hd__buf_2)
                                         _094_ (net)
                  0.40    0.00    3.41 ^ _185_/A_N (sky130_fd_sc_hd__and2b_1)
     1    0.02    0.22    0.65    4.05 v _185_/X (sky130_fd_sc_hd__and2b_1)
                                         _096_ (net)
                  0.22    0.00    4.06 v _186_/A (sky130_fd_sc_hd__buf_1)
     1    0.01    0.16    0.33    4.39 v _186_/X (sky130_fd_sc_hd__buf_1)
                                         _022_ (net)
                  0.16    0.00    4.39 v _257_/D (sky130_fd_sc_hd__dfrtp_1)
                                  4.39   data arrival time

                         10.00   10.00   clock CLK100MHZ (rise edge)
                          0.00   10.00   clock source latency
     1    0.02    0.13    0.09   10.09 ^ CLK100MHZ (in)
                                         CLK100MHZ (net)
                  0.13    0.00   10.09 ^ clkbuf_0_CLK100MHZ/A (sky130_fd_sc_hd__clkbuf_16)
     4    0.04    0.10    0.27   10.35 ^ clkbuf_0_CLK100MHZ/X (sky130_fd_sc_hd__clkbuf_16)
                                         clknet_0_CLK100MHZ (net)
                  0.10    0.00   10.35 ^ clkbuf_2_3__f_CLK100MHZ/A (sky130_fd_sc_hd__clkbuf_16)
     8    0.03    0.07    0.23   10.58 ^ clkbuf_2_3__f_CLK100MHZ/X (sky130_fd_sc_hd__clkbuf_16)
                                         clknet_2_3__leaf_CLK100MHZ (net)
                  0.07    0.00   10.58 ^ _257_/CLK (sky130_fd_sc_hd__dfrtp_1)
                         -0.25   10.33   clock uncertainty
                          0.04   10.37   clock reconvergence pessimism
                         -0.31   10.06   library setup time
                                 10.06   data required time
-----------------------------------------------------------------------------
                                 10.06   data required time
                                 -4.39   data arrival time
-----------------------------------------------------------------------------
                                  5.67   slack (MET)


Startpoint: _252_ (rising edge-triggered flip-flop clocked by CLK100MHZ)
Endpoint: _269_ (rising edge-triggered flip-flop clocked by CLK100MHZ)
Path Group: CLK100MHZ
Path Type: max
Corner: Slowest

Fanout     Cap    Slew   Delay    Time   Description
-----------------------------------------------------------------------------
                          0.00    0.00   clock CLK100MHZ (rise edge)
                          0.00    0.00   clock source latency
     1    0.02    0.13    0.10    0.10 ^ CLK100MHZ (in)
                                         CLK100MHZ (net)
                  0.13    0.00    0.10 ^ clkbuf_0_CLK100MHZ/A (sky130_fd_sc_hd__clkbuf_16)
     4    0.04    0.10    0.30    0.39 ^ clkbuf_0_CLK100MHZ/X (sky130_fd_sc_hd__clkbuf_16)
                                         clknet_0_CLK100MHZ (net)
                  0.10    0.00    0.39 ^ clkbuf_2_2__f_CLK100MHZ/A (sky130_fd_sc_hd__clkbuf_16)
     8    0.03    0.08    0.26    0.65 ^ clkbuf_2_2__f_CLK100MHZ/X (sky130_fd_sc_hd__clkbuf_16)
                                         clknet_2_2__leaf_CLK100MHZ (net)
                  0.08    0.00    0.65 ^ _252_/CLK (sky130_fd_sc_hd__dfrtp_2)
     3    0.03    0.20    1.01    1.66 v _252_/Q (sky130_fd_sc_hd__dfrtp_2)
                                         decoder.delay[2] (net)
                  0.20    0.00    1.66 v _126_/C (sky130_fd_sc_hd__and4_2)
     6    0.03    0.20    0.71    2.37 v _126_/X (sky130_fd_sc_hd__and4_2)
                                         _059_ (net)
                  0.20    0.00    2.37 v _128_/C (sky130_fd_sc_hd__and4_2)
     7    0.04    0.23    0.73    3.10 v _128_/X (sky130_fd_sc_hd__and4_2)
                                         _061_ (net)
                  0.23    0.00    3.10 v _212_/D (sky130_fd_sc_hd__and4_1)
     1    0.01    0.13    0.57    3.67 v _212_/X (sky130_fd_sc_hd__and4_1)
                                         _111_ (net)
                  0.13    0.00    3.67 v _213_/B1 (sky130_fd_sc_hd__o2bb2a_1)
     1    0.01    0.14    0.74    4.41 v _213_/X (sky130_fd_sc_hd__o2bb2a_1)
                                         _010_ (net)
                  0.14    0.00    4.41 v _269_/D (sky130_fd_sc_hd__dfrtp_1)
                                  4.41   data arrival time

                         10.00   10.00   clock CLK100MHZ (rise edge)
                          0.00   10.00   clock source latency
     1    0.02    0.13    0.09   10.09 ^ CLK100MHZ (in)
                                         CLK100MHZ (net)
                  0.13    0.00   10.09 ^ clkbuf_0_CLK100MHZ/A (sky130_fd_sc_hd__clkbuf_16)
     4    0.04    0.10    0.27   10.35 ^ clkbuf_0_CLK100MHZ/X (sky130_fd_sc_hd__clkbuf_16)
                                         clknet_0_CLK100MHZ (net)
                  0.10    0.00   10.36 ^ clkbuf_2_2__f_CLK100MHZ/A (sky130_fd_sc_hd__clkbuf_16)
     8    0.03    0.08    0.23   10.59 ^ clkbuf_2_2__f_CLK100MHZ/X (sky130_fd_sc_hd__clkbuf_16)
                                         clknet_2_2__leaf_CLK100MHZ (net)
                  0.08    0.00   10.59 ^ _269_/CLK (sky130_fd_sc_hd__dfrtp_1)
                         -0.25   10.34   clock uncertainty
                          0.06   10.40   clock reconvergence pessimism
                         -0.30   10.10   library setup time
                                 10.10   data required time
-----------------------------------------------------------------------------
                                 10.10   data required time
                                 -4.41   data arrival time
-----------------------------------------------------------------------------
                                  5.68   slack (MET)


Startpoint: _250_ (rising edge-triggered flip-flop clocked by CLK100MHZ)
Endpoint: _247_ (rising edge-triggered flip-flop clocked by CLK100MHZ)
Path Group: CLK100MHZ
Path Type: max
Corner: Slowest

Fanout     Cap    Slew   Delay    Time   Description
-----------------------------------------------------------------------------
                          0.00    0.00   clock CLK100MHZ (rise edge)
                          0.00    0.00   clock source latency
     1    0.02    0.13    0.10    0.10 ^ CLK100MHZ (in)
                                         CLK100MHZ (net)
                  0.13    0.00    0.10 ^ clkbuf_0_CLK100MHZ/A (sky130_fd_sc_hd__clkbuf_16)
     4    0.04    0.10    0.30    0.39 ^ clkbuf_0_CLK100MHZ/X (sky130_fd_sc_hd__clkbuf_16)
                                         clknet_0_CLK100MHZ (net)
                  0.10    0.00    0.39 ^ clkbuf_2_2__f_CLK100MHZ/A (sky130_fd_sc_hd__clkbuf_16)
     8    0.03    0.08    0.26    0.65 ^ clkbuf_2_2__f_CLK100MHZ/X (sky130_fd_sc_hd__clkbuf_16)
                                         clknet_2_2__leaf_CLK100MHZ (net)
                  0.08    0.00    0.65 ^ _250_/CLK (sky130_fd_sc_hd__dfrtp_2)
     5    0.04    0.30    0.94    1.59 ^ _250_/Q (sky130_fd_sc_hd__dfrtp_2)
                                         decoder.delay[0] (net)
                  0.30    0.00    1.59 ^ _126_/B (sky130_fd_sc_hd__and4_2)
     6    0.03    0.33    0.80    2.38 ^ _126_/X (sky130_fd_sc_hd__and4_2)
                                         _059_ (net)
                  0.33    0.00    2.38 ^ _128_/C (sky130_fd_sc_hd__and4_2)
     7    0.04    0.39    0.87    3.25 ^ _128_/X (sky130_fd_sc_hd__and4_2)
                                         _061_ (net)
                  0.39    0.00    3.25 ^ _139_/D (sky130_fd_sc_hd__and4_1)
     2    0.02    0.28    0.69    3.94 ^ _139_/X (sky130_fd_sc_hd__and4_1)
                                         _070_ (net)
                  0.28    0.00    3.94 ^ _140_/B (sky130_fd_sc_hd__xor2_1)
     1    0.01    0.35    0.47    4.42 ^ _140_/X (sky130_fd_sc_hd__xor2_1)
                                         _055_ (net)
                  0.35    0.00    4.42 ^ _247_/D (sky130_fd_sc_hd__dfrtp_4)
                                  4.42   data arrival time

                         10.00   10.00   clock CLK100MHZ (rise edge)
                          0.00   10.00   clock source latency
     1    0.02    0.13    0.09   10.09 ^ CLK100MHZ (in)
                                         CLK100MHZ (net)
                  0.13    0.00   10.09 ^ clkbuf_0_CLK100MHZ/A (sky130_fd_sc_hd__clkbuf_16)
     4    0.04    0.10    0.27   10.35 ^ clkbuf_0_CLK100MHZ/X (sky130_fd_sc_hd__clkbuf_16)
                                         clknet_0_CLK100MHZ (net)
                  0.10    0.00   10.35 ^ clkbuf_2_3__f_CLK100MHZ/A (sky130_fd_sc_hd__clkbuf_16)
     8    0.03    0.07    0.23   10.58 ^ clkbuf_2_3__f_CLK100MHZ/X (sky130_fd_sc_hd__clkbuf_16)
                                         clknet_2_3__leaf_CLK100MHZ (net)
                  0.07    0.00   10.58 ^ _247_/CLK (sky130_fd_sc_hd__dfrtp_4)
                         -0.25   10.33   clock uncertainty
                          0.04   10.37   clock reconvergence pessimism
                         -0.21   10.16   library setup time
                                 10.16   data required time
-----------------------------------------------------------------------------
                                 10.16   data required time
                                 -4.42   data arrival time
-----------------------------------------------------------------------------
                                  5.75   slack (MET)


Startpoint: _250_ (rising edge-triggered flip-flop clocked by CLK100MHZ)
Endpoint: _259_ (rising edge-triggered flip-flop clocked by CLK100MHZ)
Path Group: CLK100MHZ
Path Type: max
Corner: Slowest

Fanout     Cap    Slew   Delay    Time   Description
-----------------------------------------------------------------------------
                          0.00    0.00   clock CLK100MHZ (rise edge)
                          0.00    0.00   clock source latency
     1    0.02    0.13    0.10    0.10 ^ CLK100MHZ (in)
                                         CLK100MHZ (net)
                  0.13    0.00    0.10 ^ clkbuf_0_CLK100MHZ/A (sky130_fd_sc_hd__clkbuf_16)
     4    0.04    0.10    0.30    0.39 ^ clkbuf_0_CLK100MHZ/X (sky130_fd_sc_hd__clkbuf_16)
                                         clknet_0_CLK100MHZ (net)
                  0.10    0.00    0.39 ^ clkbuf_2_2__f_CLK100MHZ/A (sky130_fd_sc_hd__clkbuf_16)
     8    0.03    0.08    0.26    0.65 ^ clkbuf_2_2__f_CLK100MHZ/X (sky130_fd_sc_hd__clkbuf_16)
                                         clknet_2_2__leaf_CLK100MHZ (net)
                  0.08    0.00    0.65 ^ _250_/CLK (sky130_fd_sc_hd__dfrtp_2)
     5    0.04    0.30    0.94    1.59 ^ _250_/Q (sky130_fd_sc_hd__dfrtp_2)
                                         decoder.delay[0] (net)
                  0.30    0.00    1.59 ^ _126_/B (sky130_fd_sc_hd__and4_2)
     6    0.03    0.33    0.80    2.38 ^ _126_/X (sky130_fd_sc_hd__and4_2)
                                         _059_ (net)
                  0.33    0.00    2.38 ^ _182_/B (sky130_fd_sc_hd__and3_1)
     2    0.01    0.20    0.51    2.89 ^ _182_/X (sky130_fd_sc_hd__and3_1)
                                         _093_ (net)
                  0.20    0.00    2.89 ^ _183_/A (sky130_fd_sc_hd__buf_2)
    10    0.05    0.40    0.52    3.41 ^ _183_/X (sky130_fd_sc_hd__buf_2)
                                         _094_ (net)
                  0.40    0.00    3.41 ^ _188_/B (sky130_fd_sc_hd__nand2_1)
     2    0.02    0.35    0.46    3.87 v _188_/Y (sky130_fd_sc_hd__nand2_1)
                                         _098_ (net)
                  0.35    0.00    3.87 v _191_/B (sky130_fd_sc_hd__xnor2_1)
     1    0.01    0.16    0.39    4.26 v _191_/Y (sky130_fd_sc_hd__xnor2_1)
                                         _024_ (net)
                  0.16    0.00    4.26 v _259_/D (sky130_fd_sc_hd__dfrtp_2)
                                  4.26   data arrival time

                         10.00   10.00   clock CLK100MHZ (rise edge)
                          0.00   10.00   clock source latency
     1    0.02    0.13    0.09   10.09 ^ CLK100MHZ (in)
                                         CLK100MHZ (net)
                  0.13    0.00   10.09 ^ clkbuf_0_CLK100MHZ/A (sky130_fd_sc_hd__clkbuf_16)
     4    0.04    0.10    0.27   10.35 ^ clkbuf_0_CLK100MHZ/X (sky130_fd_sc_hd__clkbuf_16)
                                         clknet_0_CLK100MHZ (net)
                  0.10    0.00   10.35 ^ clkbuf_2_1__f_CLK100MHZ/A (sky130_fd_sc_hd__clkbuf_16)
     8    0.02    0.07    0.22   10.58 ^ clkbuf_2_1__f_CLK100MHZ/X (sky130_fd_sc_hd__clkbuf_16)
                                         clknet_2_1__leaf_CLK100MHZ (net)
                  0.07    0.00   10.58 ^ _259_/CLK (sky130_fd_sc_hd__dfrtp_2)
                         -0.25   10.33   clock uncertainty
                          0.04   10.37   clock reconvergence pessimism
                         -0.31   10.05   library setup time
                                 10.05   data required time
-----------------------------------------------------------------------------
                                 10.05   data required time
                                 -4.26   data arrival time
-----------------------------------------------------------------------------
                                  5.79   slack (MET)


Startpoint: _250_ (rising edge-triggered flip-flop clocked by CLK100MHZ)
Endpoint: _267_ (rising edge-triggered flip-flop clocked by CLK100MHZ)
Path Group: CLK100MHZ
Path Type: max
Corner: Slowest

Fanout     Cap    Slew   Delay    Time   Description
-----------------------------------------------------------------------------
                          0.00    0.00   clock CLK100MHZ (rise edge)
                          0.00    0.00   clock source latency
     1    0.02    0.13    0.10    0.10 ^ CLK100MHZ (in)
                                         CLK100MHZ (net)
                  0.13    0.00    0.10 ^ clkbuf_0_CLK100MHZ/A (sky130_fd_sc_hd__clkbuf_16)
     4    0.04    0.10    0.30    0.39 ^ clkbuf_0_CLK100MHZ/X (sky130_fd_sc_hd__clkbuf_16)
                                         clknet_0_CLK100MHZ (net)
                  0.10    0.00    0.39 ^ clkbuf_2_2__f_CLK100MHZ/A (sky130_fd_sc_hd__clkbuf_16)
     8    0.03    0.08    0.26    0.65 ^ clkbuf_2_2__f_CLK100MHZ/X (sky130_fd_sc_hd__clkbuf_16)
                                         clknet_2_2__leaf_CLK100MHZ (net)
                  0.08    0.00    0.65 ^ _250_/CLK (sky130_fd_sc_hd__dfrtp_2)
     5    0.04    0.30    0.94    1.59 ^ _250_/Q (sky130_fd_sc_hd__dfrtp_2)
                                         decoder.delay[0] (net)
                  0.30    0.00    1.59 ^ _126_/B (sky130_fd_sc_hd__and4_2)
     6    0.03    0.33    0.80    2.38 ^ _126_/X (sky130_fd_sc_hd__and4_2)
                                         _059_ (net)
                  0.33    0.00    2.38 ^ _128_/C (sky130_fd_sc_hd__and4_2)
     7    0.04    0.39    0.87    3.25 ^ _128_/X (sky130_fd_sc_hd__and4_2)
                                         _061_ (net)
                  0.39    0.00    3.25 ^ _134_/A (sky130_fd_sc_hd__clkbuf_4)
    10    0.06    0.27    0.57    3.82 ^ _134_/X (sky130_fd_sc_hd__clkbuf_4)
                                         _066_ (net)
                  0.27    0.00    3.82 ^ _208_/A2 (sky130_fd_sc_hd__a21oi_1)
     1    0.00    0.13    0.24    4.06 v _208_/Y (sky130_fd_sc_hd__a21oi_1)
                                         _109_ (net)
                  0.13    0.00    4.06 v _210_/A (sky130_fd_sc_hd__nor2_1)
     1    0.01    0.25    0.30    4.36 ^ _210_/Y (sky130_fd_sc_hd__nor2_1)
                                         _008_ (net)
                  0.25    0.00    4.36 ^ _267_/D (sky130_fd_sc_hd__dfrtp_1)
                                  4.36   data arrival time

                         10.00   10.00   clock CLK100MHZ (rise edge)
                          0.00   10.00   clock source latency
     1    0.02    0.13    0.09   10.09 ^ CLK100MHZ (in)
                                         CLK100MHZ (net)
                  0.13    0.00   10.09 ^ clkbuf_0_CLK100MHZ/A (sky130_fd_sc_hd__clkbuf_16)
     4    0.04    0.10    0.27   10.35 ^ clkbuf_0_CLK100MHZ/X (sky130_fd_sc_hd__clkbuf_16)
                                         clknet_0_CLK100MHZ (net)
                  0.10    0.00   10.35 ^ clkbuf_2_3__f_CLK100MHZ/A (sky130_fd_sc_hd__clkbuf_16)
     8    0.03    0.07    0.23   10.58 ^ clkbuf_2_3__f_CLK100MHZ/X (sky130_fd_sc_hd__clkbuf_16)
                                         clknet_2_3__leaf_CLK100MHZ (net)
                  0.07    0.00   10.58 ^ _267_/CLK (sky130_fd_sc_hd__dfrtp_1)
                         -0.25   10.33   clock uncertainty
                          0.04   10.37   clock reconvergence pessimism
                         -0.18   10.19   library setup time
                                 10.19   data required time
-----------------------------------------------------------------------------
                                 10.19   data required time
                                 -4.36   data arrival time
-----------------------------------------------------------------------------
                                  5.83   slack (MET)


Startpoint: _250_ (rising edge-triggered flip-flop clocked by CLK100MHZ)
Endpoint: _274_ (rising edge-triggered flip-flop clocked by CLK100MHZ)
Path Group: CLK100MHZ
Path Type: max
Corner: Slowest

Fanout     Cap    Slew   Delay    Time   Description
-----------------------------------------------------------------------------
                          0.00    0.00   clock CLK100MHZ (rise edge)
                          0.00    0.00   clock source latency
     1    0.02    0.13    0.10    0.10 ^ CLK100MHZ (in)
                                         CLK100MHZ (net)
                  0.13    0.00    0.10 ^ clkbuf_0_CLK100MHZ/A (sky130_fd_sc_hd__clkbuf_16)
     4    0.04    0.10    0.30    0.39 ^ clkbuf_0_CLK100MHZ/X (sky130_fd_sc_hd__clkbuf_16)
                                         clknet_0_CLK100MHZ (net)
                  0.10    0.00    0.39 ^ clkbuf_2_2__f_CLK100MHZ/A (sky130_fd_sc_hd__clkbuf_16)
     8    0.03    0.08    0.26    0.65 ^ clkbuf_2_2__f_CLK100MHZ/X (sky130_fd_sc_hd__clkbuf_16)
                                         clknet_2_2__leaf_CLK100MHZ (net)
                  0.08    0.00    0.65 ^ _250_/CLK (sky130_fd_sc_hd__dfrtp_2)
     5    0.04    0.30    0.94    1.59 ^ _250_/Q (sky130_fd_sc_hd__dfrtp_2)
                                         decoder.delay[0] (net)
                  0.30    0.00    1.59 ^ _126_/B (sky130_fd_sc_hd__and4_2)
     6    0.03    0.33    0.80    2.38 ^ _126_/X (sky130_fd_sc_hd__and4_2)
                                         _059_ (net)
                  0.33    0.00    2.38 ^ _128_/C (sky130_fd_sc_hd__and4_2)
     7    0.04    0.39    0.87    3.25 ^ _128_/X (sky130_fd_sc_hd__and4_2)
                                         _061_ (net)
                  0.39    0.00    3.25 ^ _150_/B (sky130_fd_sc_hd__nand2_1)
     2    0.02    0.42    0.51    3.77 v _150_/Y (sky130_fd_sc_hd__nand2_1)
                                         _076_ (net)
                  0.42    0.00    3.77 v _154_/B (sky130_fd_sc_hd__xnor2_1)
     1    0.01    0.17    0.43    4.20 v _154_/Y (sky130_fd_sc_hd__xnor2_1)
                                         _016_ (net)
                  0.17    0.00    4.20 v _274_/D (sky130_fd_sc_hd__dfrtp_2)
                                  4.20   data arrival time

                         10.00   10.00   clock CLK100MHZ (rise edge)
                          0.00   10.00   clock source latency
     1    0.02    0.13    0.09   10.09 ^ CLK100MHZ (in)
                                         CLK100MHZ (net)
                  0.13    0.00   10.09 ^ clkbuf_0_CLK100MHZ/A (sky130_fd_sc_hd__clkbuf_16)
     4    0.04    0.10    0.27   10.35 ^ clkbuf_0_CLK100MHZ/X (sky130_fd_sc_hd__clkbuf_16)
                                         clknet_0_CLK100MHZ (net)
                  0.10    0.00   10.35 ^ clkbuf_2_3__f_CLK100MHZ/A (sky130_fd_sc_hd__clkbuf_16)
     8    0.03    0.07    0.23   10.58 ^ clkbuf_2_3__f_CLK100MHZ/X (sky130_fd_sc_hd__clkbuf_16)
                                         clknet_2_3__leaf_CLK100MHZ (net)
                  0.07    0.00   10.58 ^ _274_/CLK (sky130_fd_sc_hd__dfrtp_2)
                         -0.25   10.33   clock uncertainty
                          0.04   10.37   clock reconvergence pessimism
                         -0.32   10.05   library setup time
                                 10.05   data required time
-----------------------------------------------------------------------------
                                 10.05   data required time
                                 -4.20   data arrival time
-----------------------------------------------------------------------------
                                  5.86   slack (MET)


Startpoint: _252_ (rising edge-triggered flip-flop clocked by CLK100MHZ)
Endpoint: _260_ (rising edge-triggered flip-flop clocked by CLK100MHZ)
Path Group: CLK100MHZ
Path Type: max
Corner: Slowest

Fanout     Cap    Slew   Delay    Time   Description
-----------------------------------------------------------------------------
                          0.00    0.00   clock CLK100MHZ (rise edge)
                          0.00    0.00   clock source latency
     1    0.02    0.13    0.10    0.10 ^ CLK100MHZ (in)
                                         CLK100MHZ (net)
                  0.13    0.00    0.10 ^ clkbuf_0_CLK100MHZ/A (sky130_fd_sc_hd__clkbuf_16)
     4    0.04    0.10    0.30    0.39 ^ clkbuf_0_CLK100MHZ/X (sky130_fd_sc_hd__clkbuf_16)
                                         clknet_0_CLK100MHZ (net)
                  0.10    0.00    0.39 ^ clkbuf_2_2__f_CLK100MHZ/A (sky130_fd_sc_hd__clkbuf_16)
     8    0.03    0.08    0.26    0.65 ^ clkbuf_2_2__f_CLK100MHZ/X (sky130_fd_sc_hd__clkbuf_16)
                                         clknet_2_2__leaf_CLK100MHZ (net)
                  0.08    0.00    0.65 ^ _252_/CLK (sky130_fd_sc_hd__dfrtp_2)
     3    0.03    0.20    1.01    1.66 v _252_/Q (sky130_fd_sc_hd__dfrtp_2)
                                         decoder.delay[2] (net)
                  0.20    0.00    1.66 v _126_/C (sky130_fd_sc_hd__and4_2)
     6    0.03    0.20    0.71    2.37 v _126_/X (sky130_fd_sc_hd__and4_2)
                                         _059_ (net)
                  0.20    0.00    2.37 v _182_/B (sky130_fd_sc_hd__and3_1)
     2    0.01    0.14    0.49    2.85 v _182_/X (sky130_fd_sc_hd__and3_1)
                                         _093_ (net)
                  0.14    0.00    2.85 v _183_/A (sky130_fd_sc_hd__buf_2)
    10    0.05    0.23    0.45    3.30 v _183_/X (sky130_fd_sc_hd__buf_2)
                                         _094_ (net)
                  0.23    0.00    3.30 v _193_/A3 (sky130_fd_sc_hd__a31o_1)
     1    0.01    0.10    0.52    3.82 v _193_/X (sky130_fd_sc_hd__a31o_1)
                                         _101_ (net)
                  0.10    0.00    3.82 v _194_/B1_N (sky130_fd_sc_hd__a21boi_1)
     1    0.00    0.12    0.28    4.10 v _194_/Y (sky130_fd_sc_hd__a21boi_1)
                                         _001_ (net)
                  0.12    0.00    4.10 v _260_/D (sky130_fd_sc_hd__dfrtp_1)
                                  4.10   data arrival time

                         10.00   10.00   clock CLK100MHZ (rise edge)
                          0.00   10.00   clock source latency
     1    0.02    0.13    0.09   10.09 ^ CLK100MHZ (in)
                                         CLK100MHZ (net)
                  0.13    0.00   10.09 ^ clkbuf_0_CLK100MHZ/A (sky130_fd_sc_hd__clkbuf_16)
     4    0.04    0.10    0.27   10.35 ^ clkbuf_0_CLK100MHZ/X (sky130_fd_sc_hd__clkbuf_16)
                                         clknet_0_CLK100MHZ (net)
                  0.10    0.00   10.35 ^ clkbuf_2_1__f_CLK100MHZ/A (sky130_fd_sc_hd__clkbuf_16)
     8    0.02    0.07    0.22   10.58 ^ clkbuf_2_1__f_CLK100MHZ/X (sky130_fd_sc_hd__clkbuf_16)
                                         clknet_2_1__leaf_CLK100MHZ (net)
                  0.07    0.00   10.58 ^ _260_/CLK (sky130_fd_sc_hd__dfrtp_1)
                         -0.25   10.33   clock uncertainty
                          0.04   10.37   clock reconvergence pessimism
                         -0.30   10.07   library setup time
                                 10.07   data required time
-----------------------------------------------------------------------------
                                 10.07   data required time
                                 -4.10   data arrival time
-----------------------------------------------------------------------------
                                  5.97   slack (MET)


Startpoint: _250_ (rising edge-triggered flip-flop clocked by CLK100MHZ)
Endpoint: _268_ (rising edge-triggered flip-flop clocked by CLK100MHZ)
Path Group: CLK100MHZ
Path Type: max
Corner: Slowest

Fanout     Cap    Slew   Delay    Time   Description
-----------------------------------------------------------------------------
                          0.00    0.00   clock CLK100MHZ (rise edge)
                          0.00    0.00   clock source latency
     1    0.02    0.13    0.10    0.10 ^ CLK100MHZ (in)
                                         CLK100MHZ (net)
                  0.13    0.00    0.10 ^ clkbuf_0_CLK100MHZ/A (sky130_fd_sc_hd__clkbuf_16)
     4    0.04    0.10    0.30    0.39 ^ clkbuf_0_CLK100MHZ/X (sky130_fd_sc_hd__clkbuf_16)
                                         clknet_0_CLK100MHZ (net)
                  0.10    0.00    0.39 ^ clkbuf_2_2__f_CLK100MHZ/A (sky130_fd_sc_hd__clkbuf_16)
     8    0.03    0.08    0.26    0.65 ^ clkbuf_2_2__f_CLK100MHZ/X (sky130_fd_sc_hd__clkbuf_16)
                                         clknet_2_2__leaf_CLK100MHZ (net)
                  0.08    0.00    0.65 ^ _250_/CLK (sky130_fd_sc_hd__dfrtp_2)
     5    0.04    0.30    0.94    1.59 ^ _250_/Q (sky130_fd_sc_hd__dfrtp_2)
                                         decoder.delay[0] (net)
                  0.30    0.00    1.59 ^ _126_/B (sky130_fd_sc_hd__and4_2)
     6    0.03    0.33    0.80    2.38 ^ _126_/X (sky130_fd_sc_hd__and4_2)
                                         _059_ (net)
                  0.33    0.00    2.38 ^ _128_/C (sky130_fd_sc_hd__and4_2)
     7    0.04    0.39    0.87    3.25 ^ _128_/X (sky130_fd_sc_hd__and4_2)
                                         _061_ (net)
                  0.39    0.00    3.25 ^ _209_/C (sky130_fd_sc_hd__and3_1)
     2    0.02    0.29    0.60    3.86 ^ _209_/X (sky130_fd_sc_hd__and3_1)
                                         _110_ (net)
                  0.29    0.00    3.86 ^ _211_/B (sky130_fd_sc_hd__xor2_1)
     1    0.00    0.12    0.22    4.07 v _211_/X (sky130_fd_sc_hd__xor2_1)
                                         _009_ (net)
                  0.12    0.00    4.07 v _268_/D (sky130_fd_sc_hd__dfrtp_2)
                                  4.07   data arrival time

                         10.00   10.00   clock CLK100MHZ (rise edge)
                          0.00   10.00   clock source latency
     1    0.02    0.13    0.09   10.09 ^ CLK100MHZ (in)
                                         CLK100MHZ (net)
                  0.13    0.00   10.09 ^ clkbuf_0_CLK100MHZ/A (sky130_fd_sc_hd__clkbuf_16)
     4    0.04    0.10    0.27   10.35 ^ clkbuf_0_CLK100MHZ/X (sky130_fd_sc_hd__clkbuf_16)
                                         clknet_0_CLK100MHZ (net)
                  0.10    0.00   10.35 ^ clkbuf_2_1__f_CLK100MHZ/A (sky130_fd_sc_hd__clkbuf_16)
     8    0.02    0.07    0.22   10.58 ^ clkbuf_2_1__f_CLK100MHZ/X (sky130_fd_sc_hd__clkbuf_16)
                                         clknet_2_1__leaf_CLK100MHZ (net)
                  0.07    0.00   10.58 ^ _268_/CLK (sky130_fd_sc_hd__dfrtp_2)
                         -0.25   10.33   clock uncertainty
                          0.04   10.37   clock reconvergence pessimism
                         -0.30   10.07   library setup time
                                 10.07   data required time
-----------------------------------------------------------------------------
                                 10.07   data required time
                                 -4.07   data arrival time
-----------------------------------------------------------------------------
                                  6.00   slack (MET)


Startpoint: _250_ (rising edge-triggered flip-flop clocked by CLK100MHZ)
Endpoint: _265_ (rising edge-triggered flip-flop clocked by CLK100MHZ)
Path Group: CLK100MHZ
Path Type: max
Corner: Slowest

Fanout     Cap    Slew   Delay    Time   Description
-----------------------------------------------------------------------------
                          0.00    0.00   clock CLK100MHZ (rise edge)
                          0.00    0.00   clock source latency
     1    0.02    0.13    0.10    0.10 ^ CLK100MHZ (in)
                                         CLK100MHZ (net)
                  0.13    0.00    0.10 ^ clkbuf_0_CLK100MHZ/A (sky130_fd_sc_hd__clkbuf_16)
     4    0.04    0.10    0.30    0.39 ^ clkbuf_0_CLK100MHZ/X (sky130_fd_sc_hd__clkbuf_16)
                                         clknet_0_CLK100MHZ (net)
                  0.10    0.00    0.39 ^ clkbuf_2_2__f_CLK100MHZ/A (sky130_fd_sc_hd__clkbuf_16)
     8    0.03    0.08    0.26    0.65 ^ clkbuf_2_2__f_CLK100MHZ/X (sky130_fd_sc_hd__clkbuf_16)
                                         clknet_2_2__leaf_CLK100MHZ (net)
                  0.08    0.00    0.65 ^ _250_/CLK (sky130_fd_sc_hd__dfrtp_2)
     5    0.04    0.30    0.94    1.59 ^ _250_/Q (sky130_fd_sc_hd__dfrtp_2)
                                         decoder.delay[0] (net)
                  0.30    0.00    1.59 ^ _126_/B (sky130_fd_sc_hd__and4_2)
     6    0.03    0.33    0.80    2.38 ^ _126_/X (sky130_fd_sc_hd__and4_2)
                                         _059_ (net)
                  0.33    0.00    2.38 ^ _128_/C (sky130_fd_sc_hd__and4_2)
     7    0.04    0.39    0.87    3.25 ^ _128_/X (sky130_fd_sc_hd__and4_2)
                                         _061_ (net)
                  0.39    0.00    3.25 ^ _134_/A (sky130_fd_sc_hd__clkbuf_4)
    10    0.06    0.27    0.57    3.82 ^ _134_/X (sky130_fd_sc_hd__clkbuf_4)
                                         _066_ (net)
                  0.27    0.00    3.82 ^ _206_/A (sky130_fd_sc_hd__nor2_1)
     1    0.01    0.13    0.23    4.06 v _206_/Y (sky130_fd_sc_hd__nor2_1)
                                         _006_ (net)
                  0.13    0.00    4.06 v _265_/D (sky130_fd_sc_hd__dfrtp_1)
                                  4.06   data arrival time

                         10.00   10.00   clock CLK100MHZ (rise edge)
                          0.00   10.00   clock source latency
     1    0.02    0.13    0.09   10.09 ^ CLK100MHZ (in)
                                         CLK100MHZ (net)
                  0.13    0.00   10.09 ^ clkbuf_0_CLK100MHZ/A (sky130_fd_sc_hd__clkbuf_16)
     4    0.04    0.10    0.27   10.35 ^ clkbuf_0_CLK100MHZ/X (sky130_fd_sc_hd__clkbuf_16)
                                         clknet_0_CLK100MHZ (net)
                  0.10    0.00   10.35 ^ clkbuf_2_1__f_CLK100MHZ/A (sky130_fd_sc_hd__clkbuf_16)
     8    0.02    0.07    0.22   10.58 ^ clkbuf_2_1__f_CLK100MHZ/X (sky130_fd_sc_hd__clkbuf_16)
                                         clknet_2_1__leaf_CLK100MHZ (net)
                  0.07    0.00   10.58 ^ _265_/CLK (sky130_fd_sc_hd__dfrtp_1)
                         -0.25   10.33   clock uncertainty
                          0.04   10.37   clock reconvergence pessimism
                         -0.30   10.07   library setup time
                                 10.07   data required time
-----------------------------------------------------------------------------
                                 10.07   data required time
                                 -4.06   data arrival time
-----------------------------------------------------------------------------
                                  6.01   slack (MET)


Startpoint: _250_ (rising edge-triggered flip-flop clocked by CLK100MHZ)
Endpoint: _266_ (rising edge-triggered flip-flop clocked by CLK100MHZ)
Path Group: CLK100MHZ
Path Type: max
Corner: Slowest

Fanout     Cap    Slew   Delay    Time   Description
-----------------------------------------------------------------------------
                          0.00    0.00   clock CLK100MHZ (rise edge)
                          0.00    0.00   clock source latency
     1    0.02    0.13    0.10    0.10 ^ CLK100MHZ (in)
                                         CLK100MHZ (net)
                  0.13    0.00    0.10 ^ clkbuf_0_CLK100MHZ/A (sky130_fd_sc_hd__clkbuf_16)
     4    0.04    0.10    0.30    0.39 ^ clkbuf_0_CLK100MHZ/X (sky130_fd_sc_hd__clkbuf_16)
                                         clknet_0_CLK100MHZ (net)
                  0.10    0.00    0.39 ^ clkbuf_2_2__f_CLK100MHZ/A (sky130_fd_sc_hd__clkbuf_16)
     8    0.03    0.08    0.26    0.65 ^ clkbuf_2_2__f_CLK100MHZ/X (sky130_fd_sc_hd__clkbuf_16)
                                         clknet_2_2__leaf_CLK100MHZ (net)
                  0.08    0.00    0.65 ^ _250_/CLK (sky130_fd_sc_hd__dfrtp_2)
     5    0.04    0.30    0.94    1.59 ^ _250_/Q (sky130_fd_sc_hd__dfrtp_2)
                                         decoder.delay[0] (net)
                  0.30    0.00    1.59 ^ _126_/B (sky130_fd_sc_hd__and4_2)
     6    0.03    0.33    0.80    2.38 ^ _126_/X (sky130_fd_sc_hd__and4_2)
                                         _059_ (net)
                  0.33    0.00    2.38 ^ _128_/C (sky130_fd_sc_hd__and4_2)
     7    0.04    0.39    0.87    3.25 ^ _128_/X (sky130_fd_sc_hd__and4_2)
                                         _061_ (net)
                  0.39    0.00    3.25 ^ _134_/A (sky130_fd_sc_hd__clkbuf_4)
    10    0.06    0.27    0.57    3.82 ^ _134_/X (sky130_fd_sc_hd__clkbuf_4)
                                         _066_ (net)
                  0.27    0.00    3.82 ^ _207_/B (sky130_fd_sc_hd__xor2_1)
     1    0.00    0.21    0.35    4.18 ^ _207_/X (sky130_fd_sc_hd__xor2_1)
                                         _007_ (net)
                  0.21    0.00    4.18 ^ _266_/D (sky130_fd_sc_hd__dfrtp_2)
                                  4.18   data arrival time

                         10.00   10.00   clock CLK100MHZ (rise edge)
                          0.00   10.00   clock source latency
     1    0.02    0.13    0.09   10.09 ^ CLK100MHZ (in)
                                         CLK100MHZ (net)
                  0.13    0.00   10.09 ^ clkbuf_0_CLK100MHZ/A (sky130_fd_sc_hd__clkbuf_16)
     4    0.04    0.10    0.27   10.35 ^ clkbuf_0_CLK100MHZ/X (sky130_fd_sc_hd__clkbuf_16)
                                         clknet_0_CLK100MHZ (net)
                  0.10    0.00   10.35 ^ clkbuf_2_0__f_CLK100MHZ/A (sky130_fd_sc_hd__clkbuf_16)
     8    0.03    0.08    0.23   10.59 ^ clkbuf_2_0__f_CLK100MHZ/X (sky130_fd_sc_hd__clkbuf_16)
                                         clknet_2_0__leaf_CLK100MHZ (net)
                  0.08    0.00   10.59 ^ _266_/CLK (sky130_fd_sc_hd__dfrtp_2)
                         -0.25   10.34   clock uncertainty
                          0.04   10.37   clock reconvergence pessimism
                         -0.17   10.20   library setup time
                                 10.20   data required time
-----------------------------------------------------------------------------
                                 10.20   data required time
                                 -4.18   data arrival time
-----------------------------------------------------------------------------
                                  6.02   slack (MET)


Startpoint: _250_ (rising edge-triggered flip-flop clocked by CLK100MHZ)
Endpoint: _262_ (rising edge-triggered flip-flop clocked by CLK100MHZ)
Path Group: CLK100MHZ
Path Type: max
Corner: Slowest

Fanout     Cap    Slew   Delay    Time   Description
-----------------------------------------------------------------------------
                          0.00    0.00   clock CLK100MHZ (rise edge)
                          0.00    0.00   clock source latency
     1    0.02    0.13    0.10    0.10 ^ CLK100MHZ (in)
                                         CLK100MHZ (net)
                  0.13    0.00    0.10 ^ clkbuf_0_CLK100MHZ/A (sky130_fd_sc_hd__clkbuf_16)
     4    0.04    0.10    0.30    0.39 ^ clkbuf_0_CLK100MHZ/X (sky130_fd_sc_hd__clkbuf_16)
                                         clknet_0_CLK100MHZ (net)
                  0.10    0.00    0.39 ^ clkbuf_2_2__f_CLK100MHZ/A (sky130_fd_sc_hd__clkbuf_16)
     8    0.03    0.08    0.26    0.65 ^ clkbuf_2_2__f_CLK100MHZ/X (sky130_fd_sc_hd__clkbuf_16)
                                         clknet_2_2__leaf_CLK100MHZ (net)
                  0.08    0.00    0.65 ^ _250_/CLK (sky130_fd_sc_hd__dfrtp_2)
     5    0.04    0.30    0.94    1.59 ^ _250_/Q (sky130_fd_sc_hd__dfrtp_2)
                                         decoder.delay[0] (net)
                  0.30    0.00    1.59 ^ _126_/B (sky130_fd_sc_hd__and4_2)
     6    0.03    0.33    0.80    2.38 ^ _126_/X (sky130_fd_sc_hd__and4_2)
                                         _059_ (net)
                  0.33    0.00    2.38 ^ _182_/B (sky130_fd_sc_hd__and3_1)
     2    0.01    0.20    0.51    2.89 ^ _182_/X (sky130_fd_sc_hd__and3_1)
                                         _093_ (net)
                  0.20    0.00    2.89 ^ _196_/B (sky130_fd_sc_hd__nand2_1)
     2    0.02    0.34    0.37    3.25 v _196_/Y (sky130_fd_sc_hd__nand2_1)
                                         _103_ (net)
                  0.34    0.00    3.25 v _199_/B (sky130_fd_sc_hd__xnor2_1)
     1    0.01    0.13    0.37    3.62 v _199_/Y (sky130_fd_sc_hd__xnor2_1)
                                         _003_ (net)
                  0.13    0.00    3.62 v _262_/D (sky130_fd_sc_hd__dfrtp_2)
                                  3.62   data arrival time

                         10.00   10.00   clock CLK100MHZ (rise edge)
                          0.00   10.00   clock source latency
     1    0.02    0.13    0.09   10.09 ^ CLK100MHZ (in)
                                         CLK100MHZ (net)
                  0.13    0.00   10.09 ^ clkbuf_0_CLK100MHZ/A (sky130_fd_sc_hd__clkbuf_16)
     4    0.04    0.10    0.27   10.35 ^ clkbuf_0_CLK100MHZ/X (sky130_fd_sc_hd__clkbuf_16)
                                         clknet_0_CLK100MHZ (net)
                  0.10    0.00   10.36 ^ clkbuf_2_2__f_CLK100MHZ/A (sky130_fd_sc_hd__clkbuf_16)
     8    0.03    0.08    0.23   10.59 ^ clkbuf_2_2__f_CLK100MHZ/X (sky130_fd_sc_hd__clkbuf_16)
                                         clknet_2_2__leaf_CLK100MHZ (net)
                  0.08    0.00   10.59 ^ _262_/CLK (sky130_fd_sc_hd__dfrtp_2)
                         -0.25   10.34   clock uncertainty
                          0.06   10.40   clock reconvergence pessimism
                         -0.30   10.10   library setup time
                                 10.10   data required time
-----------------------------------------------------------------------------
                                 10.10   data required time
                                 -3.62   data arrival time
-----------------------------------------------------------------------------
                                  6.48   slack (MET)


Startpoint: _252_ (rising edge-triggered flip-flop clocked by CLK100MHZ)
Endpoint: _256_ (rising edge-triggered flip-flop clocked by CLK100MHZ)
Path Group: CLK100MHZ
Path Type: max
Corner: Slowest

Fanout     Cap    Slew   Delay    Time   Description
-----------------------------------------------------------------------------
                          0.00    0.00   clock CLK100MHZ (rise edge)
                          0.00    0.00   clock source latency
     1    0.02    0.13    0.10    0.10 ^ CLK100MHZ (in)
                                         CLK100MHZ (net)
                  0.13    0.00    0.10 ^ clkbuf_0_CLK100MHZ/A (sky130_fd_sc_hd__clkbuf_16)
     4    0.04    0.10    0.30    0.39 ^ clkbuf_0_CLK100MHZ/X (sky130_fd_sc_hd__clkbuf_16)
                                         clknet_0_CLK100MHZ (net)
                  0.10    0.00    0.39 ^ clkbuf_2_2__f_CLK100MHZ/A (sky130_fd_sc_hd__clkbuf_16)
     8    0.03    0.08    0.26    0.65 ^ clkbuf_2_2__f_CLK100MHZ/X (sky130_fd_sc_hd__clkbuf_16)
                                         clknet_2_2__leaf_CLK100MHZ (net)
                  0.08    0.00    0.65 ^ _252_/CLK (sky130_fd_sc_hd__dfrtp_2)
     3    0.03    0.20    1.01    1.66 v _252_/Q (sky130_fd_sc_hd__dfrtp_2)
                                         decoder.delay[2] (net)
                  0.20    0.00    1.66 v _126_/C (sky130_fd_sc_hd__and4_2)
     6    0.03    0.20    0.71    2.37 v _126_/X (sky130_fd_sc_hd__and4_2)
                                         _059_ (net)
                  0.20    0.00    2.37 v _177_/C (sky130_fd_sc_hd__and3_2)
     3    0.03    0.18    0.66    3.02 v _177_/X (sky130_fd_sc_hd__and3_2)
                                         _090_ (net)
                  0.18    0.00    3.02 v _180_/B (sky130_fd_sc_hd__xor2_1)
     1    0.01    0.14    0.35    3.37 v _180_/X (sky130_fd_sc_hd__xor2_1)
                                         _021_ (net)
                  0.14    0.00    3.37 v _256_/D (sky130_fd_sc_hd__dfrtp_4)
                                  3.37   data arrival time

                         10.00   10.00   clock CLK100MHZ (rise edge)
                          0.00   10.00   clock source latency
     1    0.02    0.13    0.09   10.09 ^ CLK100MHZ (in)
                                         CLK100MHZ (net)
                  0.13    0.00   10.09 ^ clkbuf_0_CLK100MHZ/A (sky130_fd_sc_hd__clkbuf_16)
     4    0.04    0.10    0.27   10.35 ^ clkbuf_0_CLK100MHZ/X (sky130_fd_sc_hd__clkbuf_16)
                                         clknet_0_CLK100MHZ (net)
                  0.10    0.00   10.35 ^ clkbuf_2_0__f_CLK100MHZ/A (sky130_fd_sc_hd__clkbuf_16)
     8    0.03    0.08    0.23   10.59 ^ clkbuf_2_0__f_CLK100MHZ/X (sky130_fd_sc_hd__clkbuf_16)
                                         clknet_2_0__leaf_CLK100MHZ (net)
                  0.08    0.00   10.59 ^ _256_/CLK (sky130_fd_sc_hd__dfrtp_4)
                         -0.25   10.34   clock uncertainty
                          0.04   10.37   clock reconvergence pessimism
                         -0.30   10.07   library setup time
                                 10.07   data required time
-----------------------------------------------------------------------------
                                 10.07   data required time
                                 -3.37   data arrival time
-----------------------------------------------------------------------------
                                  6.70   slack (MET)


Startpoint: _252_ (rising edge-triggered flip-flop clocked by CLK100MHZ)
Endpoint: _255_ (rising edge-triggered flip-flop clocked by CLK100MHZ)
Path Group: CLK100MHZ
Path Type: max
Corner: Slowest

Fanout     Cap    Slew   Delay    Time   Description
-----------------------------------------------------------------------------
                          0.00    0.00   clock CLK100MHZ (rise edge)
                          0.00    0.00   clock source latency
     1    0.02    0.13    0.10    0.10 ^ CLK100MHZ (in)
                                         CLK100MHZ (net)
                  0.13    0.00    0.10 ^ clkbuf_0_CLK100MHZ/A (sky130_fd_sc_hd__clkbuf_16)
     4    0.04    0.10    0.30    0.39 ^ clkbuf_0_CLK100MHZ/X (sky130_fd_sc_hd__clkbuf_16)
                                         clknet_0_CLK100MHZ (net)
                  0.10    0.00    0.39 ^ clkbuf_2_2__f_CLK100MHZ/A (sky130_fd_sc_hd__clkbuf_16)
     8    0.03    0.08    0.26    0.65 ^ clkbuf_2_2__f_CLK100MHZ/X (sky130_fd_sc_hd__clkbuf_16)
                                         clknet_2_2__leaf_CLK100MHZ (net)
                  0.08    0.00    0.65 ^ _252_/CLK (sky130_fd_sc_hd__dfrtp_2)
     3    0.03    0.20    1.01    1.66 v _252_/Q (sky130_fd_sc_hd__dfrtp_2)
                                         decoder.delay[2] (net)
                  0.20    0.00    1.66 v _126_/C (sky130_fd_sc_hd__and4_2)
     6    0.03    0.20    0.71    2.37 v _126_/X (sky130_fd_sc_hd__and4_2)
                                         _059_ (net)
                  0.20    0.00    2.37 v _174_/B (sky130_fd_sc_hd__and2_1)
     2    0.01    0.14    0.47    2.84 v _174_/X (sky130_fd_sc_hd__and2_1)
                                         _088_ (net)
                  0.14    0.00    2.84 v _178_/B (sky130_fd_sc_hd__nor2_1)
     1    0.01    0.24    0.27    3.11 ^ _178_/Y (sky130_fd_sc_hd__nor2_1)
                                         _091_ (net)
                  0.24    0.00    3.11 ^ _179_/B (sky130_fd_sc_hd__nor2_1)
     1    0.00    0.09    0.16    3.27 v _179_/Y (sky130_fd_sc_hd__nor2_1)
                                         _020_ (net)
                  0.09    0.00    3.27 v _255_/D (sky130_fd_sc_hd__dfrtp_2)
                                  3.27   data arrival time

                         10.00   10.00   clock CLK100MHZ (rise edge)
                          0.00   10.00   clock source latency
     1    0.02    0.13    0.09   10.09 ^ CLK100MHZ (in)
                                         CLK100MHZ (net)
                  0.13    0.00   10.09 ^ clkbuf_0_CLK100MHZ/A (sky130_fd_sc_hd__clkbuf_16)
     4    0.04    0.10    0.27   10.35 ^ clkbuf_0_CLK100MHZ/X (sky130_fd_sc_hd__clkbuf_16)
                                         clknet_0_CLK100MHZ (net)
                  0.10    0.00   10.35 ^ clkbuf_2_0__f_CLK100MHZ/A (sky130_fd_sc_hd__clkbuf_16)
     8    0.03    0.08    0.23   10.59 ^ clkbuf_2_0__f_CLK100MHZ/X (sky130_fd_sc_hd__clkbuf_16)
                                         clknet_2_0__leaf_CLK100MHZ (net)
                  0.08    0.00   10.59 ^ _255_/CLK (sky130_fd_sc_hd__dfrtp_2)
                         -0.25   10.34   clock uncertainty
                          0.04   10.37   clock reconvergence pessimism
                         -0.28   10.09   library setup time
                                 10.09   data required time
-----------------------------------------------------------------------------
                                 10.09   data required time
                                 -3.27   data arrival time
-----------------------------------------------------------------------------
                                  6.82   slack (MET)


Startpoint: _250_ (rising edge-triggered flip-flop clocked by CLK100MHZ)
Endpoint: _253_ (rising edge-triggered flip-flop clocked by CLK100MHZ)
Path Group: CLK100MHZ
Path Type: max
Corner: Slowest

Fanout     Cap    Slew   Delay    Time   Description
-----------------------------------------------------------------------------
                          0.00    0.00   clock CLK100MHZ (rise edge)
                          0.00    0.00   clock source latency
     1    0.02    0.13    0.10    0.10 ^ CLK100MHZ (in)
                                         CLK100MHZ (net)
                  0.13    0.00    0.10 ^ clkbuf_0_CLK100MHZ/A (sky130_fd_sc_hd__clkbuf_16)
     4    0.04    0.10    0.30    0.39 ^ clkbuf_0_CLK100MHZ/X (sky130_fd_sc_hd__clkbuf_16)
                                         clknet_0_CLK100MHZ (net)
                  0.10    0.00    0.39 ^ clkbuf_2_2__f_CLK100MHZ/A (sky130_fd_sc_hd__clkbuf_16)
     8    0.03    0.08    0.26    0.65 ^ clkbuf_2_2__f_CLK100MHZ/X (sky130_fd_sc_hd__clkbuf_16)
                                         clknet_2_2__leaf_CLK100MHZ (net)
                  0.08    0.00    0.65 ^ _250_/CLK (sky130_fd_sc_hd__dfrtp_2)
     5    0.04    0.30    0.94    1.59 ^ _250_/Q (sky130_fd_sc_hd__dfrtp_2)
                                         decoder.delay[0] (net)
                  0.30    0.00    1.59 ^ _126_/B (sky130_fd_sc_hd__and4_2)
     6    0.03    0.33    0.80    2.38 ^ _126_/X (sky130_fd_sc_hd__and4_2)
                                         _059_ (net)
                  0.33    0.00    2.38 ^ _172_/A_N (sky130_fd_sc_hd__and2b_1)
     1    0.02    0.17    0.59    2.97 v _172_/X (sky130_fd_sc_hd__and2b_1)
                                         _087_ (net)
                  0.17    0.00    2.97 v _173_/A (sky130_fd_sc_hd__clkbuf_1)
     1    0.01    0.09    0.26    3.23 v _173_/X (sky130_fd_sc_hd__clkbuf_1)
                                         _018_ (net)
                  0.09    0.00    3.23 v _253_/D (sky130_fd_sc_hd__dfrtp_1)
                                  3.23   data arrival time

                         10.00   10.00   clock CLK100MHZ (rise edge)
                          0.00   10.00   clock source latency
     1    0.02    0.13    0.09   10.09 ^ CLK100MHZ (in)
                                         CLK100MHZ (net)
                  0.13    0.00   10.09 ^ clkbuf_0_CLK100MHZ/A (sky130_fd_sc_hd__clkbuf_16)
     4    0.04    0.10    0.27   10.35 ^ clkbuf_0_CLK100MHZ/X (sky130_fd_sc_hd__clkbuf_16)
                                         clknet_0_CLK100MHZ (net)
                  0.10    0.00   10.36 ^ clkbuf_2_2__f_CLK100MHZ/A (sky130_fd_sc_hd__clkbuf_16)
     8    0.03    0.08    0.23   10.59 ^ clkbuf_2_2__f_CLK100MHZ/X (sky130_fd_sc_hd__clkbuf_16)
                                         clknet_2_2__leaf_CLK100MHZ (net)
                  0.08    0.00   10.59 ^ _253_/CLK (sky130_fd_sc_hd__dfrtp_1)
                         -0.25   10.34   clock uncertainty
                          0.06   10.40   clock reconvergence pessimism
                         -0.28   10.12   library setup time
                                 10.12   data required time
-----------------------------------------------------------------------------
                                 10.12   data required time
                                 -3.23   data arrival time
-----------------------------------------------------------------------------
                                  6.88   slack (MET)


Startpoint: _250_ (rising edge-triggered flip-flop clocked by CLK100MHZ)
Endpoint: _254_ (rising edge-triggered flip-flop clocked by CLK100MHZ)
Path Group: CLK100MHZ
Path Type: max
Corner: Slowest

Fanout     Cap    Slew   Delay    Time   Description
-----------------------------------------------------------------------------
                          0.00    0.00   clock CLK100MHZ (rise edge)
                          0.00    0.00   clock source latency
     1    0.02    0.13    0.10    0.10 ^ CLK100MHZ (in)
                                         CLK100MHZ (net)
                  0.13    0.00    0.10 ^ clkbuf_0_CLK100MHZ/A (sky130_fd_sc_hd__clkbuf_16)
     4    0.04    0.10    0.30    0.39 ^ clkbuf_0_CLK100MHZ/X (sky130_fd_sc_hd__clkbuf_16)
                                         clknet_0_CLK100MHZ (net)
                  0.10    0.00    0.39 ^ clkbuf_2_2__f_CLK100MHZ/A (sky130_fd_sc_hd__clkbuf_16)
     8    0.03    0.08    0.26    0.65 ^ clkbuf_2_2__f_CLK100MHZ/X (sky130_fd_sc_hd__clkbuf_16)
                                         clknet_2_2__leaf_CLK100MHZ (net)
                  0.08    0.00    0.65 ^ _250_/CLK (sky130_fd_sc_hd__dfrtp_2)
     5    0.04    0.30    0.94    1.59 ^ _250_/Q (sky130_fd_sc_hd__dfrtp_2)
                                         decoder.delay[0] (net)
                  0.30    0.00    1.59 ^ _126_/B (sky130_fd_sc_hd__and4_2)
     6    0.03    0.33    0.80    2.38 ^ _126_/X (sky130_fd_sc_hd__and4_2)
                                         _059_ (net)
                  0.33    0.00    2.38 ^ _174_/B (sky130_fd_sc_hd__and2_1)
     2    0.01    0.21    0.44    2.83 ^ _174_/X (sky130_fd_sc_hd__and2_1)
                                         _088_ (net)
                  0.21    0.00    2.83 ^ _176_/A (sky130_fd_sc_hd__nor2_1)
     1    0.00    0.08    0.15    2.98 v _176_/Y (sky130_fd_sc_hd__nor2_1)
                                         _019_ (net)
                  0.08    0.00    2.98 v _254_/D (sky130_fd_sc_hd__dfrtp_2)
                                  2.98   data arrival time

                         10.00   10.00   clock CLK100MHZ (rise edge)
                          0.00   10.00   clock source latency
     1    0.02    0.13    0.09   10.09 ^ CLK100MHZ (in)
                                         CLK100MHZ (net)
                  0.13    0.00   10.09 ^ clkbuf_0_CLK100MHZ/A (sky130_fd_sc_hd__clkbuf_16)
     4    0.04    0.10    0.27   10.35 ^ clkbuf_0_CLK100MHZ/X (sky130_fd_sc_hd__clkbuf_16)
                                         clknet_0_CLK100MHZ (net)
                  0.10    0.00   10.35 ^ clkbuf_2_1__f_CLK100MHZ/A (sky130_fd_sc_hd__clkbuf_16)
     8    0.02    0.07    0.22   10.58 ^ clkbuf_2_1__f_CLK100MHZ/X (sky130_fd_sc_hd__clkbuf_16)
                                         clknet_2_1__leaf_CLK100MHZ (net)
                  0.07    0.00   10.58 ^ _254_/CLK (sky130_fd_sc_hd__dfrtp_2)
                         -0.25   10.33   clock uncertainty
                          0.04   10.37   clock reconvergence pessimism
                         -0.28   10.09   library setup time
                                 10.09   data required time
-----------------------------------------------------------------------------
                                 10.09   data required time
                                 -2.98   data arrival time
-----------------------------------------------------------------------------
                                  7.11   slack (MET)


Startpoint: _250_ (rising edge-triggered flip-flop clocked by CLK100MHZ)
Endpoint: _251_ (rising edge-triggered flip-flop clocked by CLK100MHZ)
Path Group: CLK100MHZ
Path Type: max
Corner: Slowest

Fanout     Cap    Slew   Delay    Time   Description
-----------------------------------------------------------------------------
                          0.00    0.00   clock CLK100MHZ (rise edge)
                          0.00    0.00   clock source latency
     1    0.02    0.13    0.10    0.10 ^ CLK100MHZ (in)
                                         CLK100MHZ (net)
                  0.13    0.00    0.10 ^ clkbuf_0_CLK100MHZ/A (sky130_fd_sc_hd__clkbuf_16)
     4    0.04    0.10    0.30    0.39 ^ clkbuf_0_CLK100MHZ/X (sky130_fd_sc_hd__clkbuf_16)
                                         clknet_0_CLK100MHZ (net)
                  0.10    0.00    0.39 ^ clkbuf_2_2__f_CLK100MHZ/A (sky130_fd_sc_hd__clkbuf_16)
     8    0.03    0.08    0.26    0.65 ^ clkbuf_2_2__f_CLK100MHZ/X (sky130_fd_sc_hd__clkbuf_16)
                                         clknet_2_2__leaf_CLK100MHZ (net)
                  0.08    0.00    0.65 ^ _250_/CLK (sky130_fd_sc_hd__dfrtp_2)
     5    0.04    0.22    1.02    1.67 v _250_/Q (sky130_fd_sc_hd__dfrtp_2)
                                         decoder.delay[0] (net)
                  0.22    0.00    1.67 v _167_/B (sky130_fd_sc_hd__or2_1)
     1    0.01    0.12    0.57    2.24 v _167_/X (sky130_fd_sc_hd__or2_1)
                                         _084_ (net)
                  0.12    0.00    2.24 v _168_/B (sky130_fd_sc_hd__and2_1)
     1    0.01    0.11    0.40    2.64 v _168_/X (sky130_fd_sc_hd__and2_1)
                                         _085_ (net)
                  0.11    0.00    2.64 v _169_/A (sky130_fd_sc_hd__clkbuf_1)
     1    0.01    0.10    0.23    2.88 v _169_/X (sky130_fd_sc_hd__clkbuf_1)
                                         _011_ (net)
                  0.10    0.00    2.88 v _251_/D (sky130_fd_sc_hd__dfrtp_2)
                                  2.88   data arrival time

                         10.00   10.00   clock CLK100MHZ (rise edge)
                          0.00   10.00   clock source latency
     1    0.02    0.13    0.09   10.09 ^ CLK100MHZ (in)
                                         CLK100MHZ (net)
                  0.13    0.00   10.09 ^ clkbuf_0_CLK100MHZ/A (sky130_fd_sc_hd__clkbuf_16)
     4    0.04    0.10    0.27   10.35 ^ clkbuf_0_CLK100MHZ/X (sky130_fd_sc_hd__clkbuf_16)
                                         clknet_0_CLK100MHZ (net)
                  0.10    0.00   10.36 ^ clkbuf_2_2__f_CLK100MHZ/A (sky130_fd_sc_hd__clkbuf_16)
     8    0.03    0.08    0.23   10.59 ^ clkbuf_2_2__f_CLK100MHZ/X (sky130_fd_sc_hd__clkbuf_16)
                                         clknet_2_2__leaf_CLK100MHZ (net)
                  0.08    0.00   10.59 ^ _251_/CLK (sky130_fd_sc_hd__dfrtp_2)
                         -0.25   10.34   clock uncertainty
                          0.06   10.40   clock reconvergence pessimism
                         -0.29   10.11   library setup time
                                 10.11   data required time
-----------------------------------------------------------------------------
                                 10.11   data required time
                                 -2.88   data arrival time
-----------------------------------------------------------------------------
                                  7.23   slack (MET)


Startpoint: _250_ (rising edge-triggered flip-flop clocked by CLK100MHZ)
Endpoint: _252_ (rising edge-triggered flip-flop clocked by CLK100MHZ)
Path Group: CLK100MHZ
Path Type: max
Corner: Slowest

Fanout     Cap    Slew   Delay    Time   Description
-----------------------------------------------------------------------------
                          0.00    0.00   clock CLK100MHZ (rise edge)
                          0.00    0.00   clock source latency
     1    0.02    0.13    0.10    0.10 ^ CLK100MHZ (in)
                                         CLK100MHZ (net)
                  0.13    0.00    0.10 ^ clkbuf_0_CLK100MHZ/A (sky130_fd_sc_hd__clkbuf_16)
     4    0.04    0.10    0.30    0.39 ^ clkbuf_0_CLK100MHZ/X (sky130_fd_sc_hd__clkbuf_16)
                                         clknet_0_CLK100MHZ (net)
                  0.10    0.00    0.39 ^ clkbuf_2_2__f_CLK100MHZ/A (sky130_fd_sc_hd__clkbuf_16)
     8    0.03    0.08    0.26    0.65 ^ clkbuf_2_2__f_CLK100MHZ/X (sky130_fd_sc_hd__clkbuf_16)
                                         clknet_2_2__leaf_CLK100MHZ (net)
                  0.08    0.00    0.65 ^ _250_/CLK (sky130_fd_sc_hd__dfrtp_2)
     5    0.04    0.30    0.94    1.59 ^ _250_/Q (sky130_fd_sc_hd__dfrtp_2)
                                         decoder.delay[0] (net)
                  0.30    0.00    1.59 ^ _166_/B (sky130_fd_sc_hd__nand2_1)
     2    0.02    0.31    0.39    1.98 v _166_/Y (sky130_fd_sc_hd__nand2_1)
                                         _083_ (net)
                  0.31    0.00    1.98 v _170_/B (sky130_fd_sc_hd__xnor2_1)
     1    0.02    0.68    0.72    2.71 ^ _170_/Y (sky130_fd_sc_hd__xnor2_1)
                                         _017_ (net)
                  0.68    0.00    2.71 ^ _252_/D (sky130_fd_sc_hd__dfrtp_2)
                                  2.71   data arrival time

                         10.00   10.00   clock CLK100MHZ (rise edge)
                          0.00   10.00   clock source latency
     1    0.02    0.13    0.09   10.09 ^ CLK100MHZ (in)
                                         CLK100MHZ (net)
                  0.13    0.00   10.09 ^ clkbuf_0_CLK100MHZ/A (sky130_fd_sc_hd__clkbuf_16)
     4    0.04    0.10    0.27   10.35 ^ clkbuf_0_CLK100MHZ/X (sky130_fd_sc_hd__clkbuf_16)
                                         clknet_0_CLK100MHZ (net)
                  0.10    0.00   10.36 ^ clkbuf_2_2__f_CLK100MHZ/A (sky130_fd_sc_hd__clkbuf_16)
     8    0.03    0.08    0.23   10.59 ^ clkbuf_2_2__f_CLK100MHZ/X (sky130_fd_sc_hd__clkbuf_16)
                                         clknet_2_2__leaf_CLK100MHZ (net)
                  0.08    0.00   10.59 ^ _252_/CLK (sky130_fd_sc_hd__dfrtp_2)
                         -0.25   10.34   clock uncertainty
                          0.06   10.40   clock reconvergence pessimism
                         -0.29   10.11   library setup time
                                 10.11   data required time
-----------------------------------------------------------------------------
                                 10.11   data required time
                                 -2.71   data arrival time
-----------------------------------------------------------------------------
                                  7.40   slack (MET)


Startpoint: BTNC (input port clocked by CLK100MHZ)
Endpoint: _252_ (recovery check against rising-edge clock CLK100MHZ)
Path Group: asynchronous
Path Type: max
Corner: Slowest

Fanout     Cap    Slew   Delay    Time   Description
-----------------------------------------------------------------------------
                          0.00    0.00   clock CLK100MHZ (rise edge)
                          0.00    0.00   clock network delay (propagated)
                          2.00    2.00 v input external delay
     2    0.02    0.08    0.06    2.06 v BTNC (in)
                                         BTNC (net)
                  0.08    0.00    2.06 v _214_/A (sky130_fd_sc_hd__buf_4)
    10    0.07    0.17    0.38    2.44 v _214_/X (sky130_fd_sc_hd__buf_4)
                                         _112_ (net)
                  0.17    0.00    2.45 v _215_/A (sky130_fd_sc_hd__buf_4)
    10    0.07    0.17    0.43    2.87 v _215_/X (sky130_fd_sc_hd__buf_4)
                                         _113_ (net)
                  0.17    0.00    2.88 v _222_/A (sky130_fd_sc_hd__inv_2)
     1    0.02    0.13    0.19    3.07 ^ _222_/Y (sky130_fd_sc_hd__inv_2)
                                         _031_ (net)
                  0.13    0.00    3.07 ^ _252_/RESET_B (sky130_fd_sc_hd__dfrtp_2)
                                  3.07   data arrival time

                         10.00   10.00   clock CLK100MHZ (rise edge)
                          0.00   10.00   clock source latency
     1    0.02    0.13    0.09   10.09 ^ CLK100MHZ (in)
                                         CLK100MHZ (net)
                  0.13    0.00   10.09 ^ clkbuf_0_CLK100MHZ/A (sky130_fd_sc_hd__clkbuf_16)
     4    0.04    0.10    0.27   10.35 ^ clkbuf_0_CLK100MHZ/X (sky130_fd_sc_hd__clkbuf_16)
                                         clknet_0_CLK100MHZ (net)
                  0.10    0.00   10.36 ^ clkbuf_2_2__f_CLK100MHZ/A (sky130_fd_sc_hd__clkbuf_16)
     8    0.03    0.08    0.23   10.59 ^ clkbuf_2_2__f_CLK100MHZ/X (sky130_fd_sc_hd__clkbuf_16)
                                         clknet_2_2__leaf_CLK100MHZ (net)
                  0.08    0.00   10.59 ^ _252_/CLK (sky130_fd_sc_hd__dfrtp_2)
                         -0.25   10.34   clock uncertainty
                          0.00   10.34   clock reconvergence pessimism
                          0.42   10.76   library recovery time
                                 10.76   data required time
-----------------------------------------------------------------------------
                                 10.76   data required time
                                 -3.07   data arrival time
-----------------------------------------------------------------------------
                                  7.69   slack (MET)


Startpoint: BTNC (input port clocked by CLK100MHZ)
Endpoint: _248_ (recovery check against rising-edge clock CLK100MHZ)
Path Group: asynchronous
Path Type: max
Corner: Slowest

Fanout     Cap    Slew   Delay    Time   Description
-----------------------------------------------------------------------------
                          0.00    0.00   clock CLK100MHZ (rise edge)
                          0.00    0.00   clock network delay (propagated)
                          2.00    2.00 v input external delay
     2    0.02    0.08    0.06    2.06 v BTNC (in)
                                         BTNC (net)
                  0.08    0.00    2.06 v _214_/A (sky130_fd_sc_hd__buf_4)
    10    0.07    0.17    0.38    2.44 v _214_/X (sky130_fd_sc_hd__buf_4)
                                         _112_ (net)
                  0.17    0.00    2.45 v _215_/A (sky130_fd_sc_hd__buf_4)
    10    0.07    0.17    0.43    2.87 v _215_/X (sky130_fd_sc_hd__buf_4)
                                         _113_ (net)
                  0.17    0.00    2.88 v _218_/A (sky130_fd_sc_hd__inv_2)
     1    0.02    0.13    0.18    3.06 ^ _218_/Y (sky130_fd_sc_hd__inv_2)
                                         _027_ (net)
                  0.13    0.00    3.06 ^ _248_/RESET_B (sky130_fd_sc_hd__dfrtp_4)
                                  3.06   data arrival time

                         10.00   10.00   clock CLK100MHZ (rise edge)
                          0.00   10.00   clock source latency
     1    0.02    0.13    0.09   10.09 ^ CLK100MHZ (in)
                                         CLK100MHZ (net)
                  0.13    0.00   10.09 ^ clkbuf_0_CLK100MHZ/A (sky130_fd_sc_hd__clkbuf_16)
     4    0.04    0.10    0.27   10.35 ^ clkbuf_0_CLK100MHZ/X (sky130_fd_sc_hd__clkbuf_16)
                                         clknet_0_CLK100MHZ (net)
                  0.10    0.00   10.35 ^ clkbuf_2_0__f_CLK100MHZ/A (sky130_fd_sc_hd__clkbuf_16)
     8    0.03    0.08    0.23   10.59 ^ clkbuf_2_0__f_CLK100MHZ/X (sky130_fd_sc_hd__clkbuf_16)
                                         clknet_2_0__leaf_CLK100MHZ (net)
                  0.08    0.00   10.59 ^ _248_/CLK (sky130_fd_sc_hd__dfrtp_4)
                         -0.25   10.34   clock uncertainty
                          0.00   10.34   clock reconvergence pessimism
                          0.42   10.76   library recovery time
                                 10.76   data required time
-----------------------------------------------------------------------------
                                 10.76   data required time
                                 -3.06   data arrival time
-----------------------------------------------------------------------------
                                  7.69   slack (MET)


Startpoint: BTNC (input port clocked by CLK100MHZ)
Endpoint: _250_ (recovery check against rising-edge clock CLK100MHZ)
Path Group: asynchronous
Path Type: max
Corner: Slowest

Fanout     Cap    Slew   Delay    Time   Description
-----------------------------------------------------------------------------
                          0.00    0.00   clock CLK100MHZ (rise edge)
                          0.00    0.00   clock network delay (propagated)
                          2.00    2.00 v input external delay
     2    0.02    0.08    0.06    2.06 v BTNC (in)
                                         BTNC (net)
                  0.08    0.00    2.06 v _214_/A (sky130_fd_sc_hd__buf_4)
    10    0.07    0.17    0.38    2.44 v _214_/X (sky130_fd_sc_hd__buf_4)
                                         _112_ (net)
                  0.17    0.00    2.45 v _215_/A (sky130_fd_sc_hd__buf_4)
    10    0.07    0.17    0.43    2.87 v _215_/X (sky130_fd_sc_hd__buf_4)
                                         _113_ (net)
                  0.17    0.00    2.87 v _220_/A (sky130_fd_sc_hd__inv_2)
     1    0.02    0.13    0.18    3.06 ^ _220_/Y (sky130_fd_sc_hd__inv_2)
                                         _029_ (net)
                  0.13    0.00    3.06 ^ _250_/RESET_B (sky130_fd_sc_hd__dfrtp_2)
                                  3.06   data arrival time

                         10.00   10.00   clock CLK100MHZ (rise edge)
                          0.00   10.00   clock source latency
     1    0.02    0.13    0.09   10.09 ^ CLK100MHZ (in)
                                         CLK100MHZ (net)
                  0.13    0.00   10.09 ^ clkbuf_0_CLK100MHZ/A (sky130_fd_sc_hd__clkbuf_16)
     4    0.04    0.10    0.27   10.35 ^ clkbuf_0_CLK100MHZ/X (sky130_fd_sc_hd__clkbuf_16)
                                         clknet_0_CLK100MHZ (net)
                  0.10    0.00   10.36 ^ clkbuf_2_2__f_CLK100MHZ/A (sky130_fd_sc_hd__clkbuf_16)
     8    0.03    0.08    0.23   10.59 ^ clkbuf_2_2__f_CLK100MHZ/X (sky130_fd_sc_hd__clkbuf_16)
                                         clknet_2_2__leaf_CLK100MHZ (net)
                  0.08    0.00   10.59 ^ _250_/CLK (sky130_fd_sc_hd__dfrtp_2)
                         -0.25   10.34   clock uncertainty
                          0.00   10.34   clock reconvergence pessimism
                          0.42   10.76   library recovery time
                                 10.76   data required time
-----------------------------------------------------------------------------
                                 10.76   data required time
                                 -3.06   data arrival time
-----------------------------------------------------------------------------
                                  7.70   slack (MET)


Startpoint: BTNC (input port clocked by CLK100MHZ)
Endpoint: _254_ (recovery check against rising-edge clock CLK100MHZ)
Path Group: asynchronous
Path Type: max
Corner: Slowest

Fanout     Cap    Slew   Delay    Time   Description
-----------------------------------------------------------------------------
                          0.00    0.00   clock CLK100MHZ (rise edge)
                          0.00    0.00   clock network delay (propagated)
                          2.00    2.00 v input external delay
     2    0.02    0.08    0.06    2.06 v BTNC (in)
                                         BTNC (net)
                  0.08    0.00    2.06 v _214_/A (sky130_fd_sc_hd__buf_4)
    10    0.07    0.17    0.38    2.44 v _214_/X (sky130_fd_sc_hd__buf_4)
                                         _112_ (net)
                  0.17    0.00    2.45 v _215_/A (sky130_fd_sc_hd__buf_4)
    10    0.07    0.17    0.43    2.87 v _215_/X (sky130_fd_sc_hd__buf_4)
                                         _113_ (net)
                  0.17    0.00    2.88 v _224_/A (sky130_fd_sc_hd__inv_2)
     1    0.01    0.11    0.17    3.05 ^ _224_/Y (sky130_fd_sc_hd__inv_2)
                                         _033_ (net)
                  0.11    0.00    3.05 ^ _254_/RESET_B (sky130_fd_sc_hd__dfrtp_2)
                                  3.05   data arrival time

                         10.00   10.00   clock CLK100MHZ (rise edge)
                          0.00   10.00   clock source latency
     1    0.02    0.13    0.09   10.09 ^ CLK100MHZ (in)
                                         CLK100MHZ (net)
                  0.13    0.00   10.09 ^ clkbuf_0_CLK100MHZ/A (sky130_fd_sc_hd__clkbuf_16)
     4    0.04    0.10    0.27   10.35 ^ clkbuf_0_CLK100MHZ/X (sky130_fd_sc_hd__clkbuf_16)
                                         clknet_0_CLK100MHZ (net)
                  0.10    0.00   10.35 ^ clkbuf_2_1__f_CLK100MHZ/A (sky130_fd_sc_hd__clkbuf_16)
     8    0.02    0.07    0.22   10.58 ^ clkbuf_2_1__f_CLK100MHZ/X (sky130_fd_sc_hd__clkbuf_16)
                                         clknet_2_1__leaf_CLK100MHZ (net)
                  0.07    0.00   10.58 ^ _254_/CLK (sky130_fd_sc_hd__dfrtp_2)
                         -0.25   10.33   clock uncertainty
                          0.00   10.33   clock reconvergence pessimism
                          0.43   10.76   library recovery time
                                 10.76   data required time
-----------------------------------------------------------------------------
                                 10.76   data required time
                                 -3.05   data arrival time
-----------------------------------------------------------------------------
                                  7.71   slack (MET)


Startpoint: BTNC (input port clocked by CLK100MHZ)
Endpoint: _255_ (recovery check against rising-edge clock CLK100MHZ)
Path Group: asynchronous
Path Type: max
Corner: Slowest

Fanout     Cap    Slew   Delay    Time   Description
-----------------------------------------------------------------------------
                          0.00    0.00   clock CLK100MHZ (rise edge)
                          0.00    0.00   clock network delay (propagated)
                          2.00    2.00 v input external delay
     2    0.02    0.08    0.06    2.06 v BTNC (in)
                                         BTNC (net)
                  0.08    0.00    2.06 v _214_/A (sky130_fd_sc_hd__buf_4)
    10    0.07    0.17    0.38    2.44 v _214_/X (sky130_fd_sc_hd__buf_4)
                                         _112_ (net)
                  0.17    0.00    2.45 v _215_/A (sky130_fd_sc_hd__buf_4)
    10    0.07    0.17    0.43    2.87 v _215_/X (sky130_fd_sc_hd__buf_4)
                                         _113_ (net)
                  0.17    0.00    2.88 v _225_/A (sky130_fd_sc_hd__inv_2)
     1    0.01    0.10    0.16    3.04 ^ _225_/Y (sky130_fd_sc_hd__inv_2)
                                         _034_ (net)
                  0.10    0.00    3.04 ^ _255_/RESET_B (sky130_fd_sc_hd__dfrtp_2)
                                  3.04   data arrival time

                         10.00   10.00   clock CLK100MHZ (rise edge)
                          0.00   10.00   clock source latency
     1    0.02    0.13    0.09   10.09 ^ CLK100MHZ (in)
                                         CLK100MHZ (net)
                  0.13    0.00   10.09 ^ clkbuf_0_CLK100MHZ/A (sky130_fd_sc_hd__clkbuf_16)
     4    0.04    0.10    0.27   10.35 ^ clkbuf_0_CLK100MHZ/X (sky130_fd_sc_hd__clkbuf_16)
                                         clknet_0_CLK100MHZ (net)
                  0.10    0.00   10.35 ^ clkbuf_2_0__f_CLK100MHZ/A (sky130_fd_sc_hd__clkbuf_16)
     8    0.03    0.08    0.23   10.59 ^ clkbuf_2_0__f_CLK100MHZ/X (sky130_fd_sc_hd__clkbuf_16)
                                         clknet_2_0__leaf_CLK100MHZ (net)
                  0.08    0.00   10.59 ^ _255_/CLK (sky130_fd_sc_hd__dfrtp_2)
                         -0.25   10.34   clock uncertainty
                          0.00   10.34   clock reconvergence pessimism
                          0.43   10.77   library recovery time
                                 10.77   data required time
-----------------------------------------------------------------------------
                                 10.77   data required time
                                 -3.04   data arrival time
-----------------------------------------------------------------------------
                                  7.73   slack (MET)


Startpoint: BTNC (input port clocked by CLK100MHZ)
Endpoint: _247_ (recovery check against rising-edge clock CLK100MHZ)
Path Group: asynchronous
Path Type: max
Corner: Slowest

Fanout     Cap    Slew   Delay    Time   Description
-----------------------------------------------------------------------------
                          0.00    0.00   clock CLK100MHZ (rise edge)
                          0.00    0.00   clock network delay (propagated)
                          2.00    2.00 v input external delay
     2    0.02    0.08    0.06    2.06 v BTNC (in)
                                         BTNC (net)
                  0.08    0.00    2.06 v _214_/A (sky130_fd_sc_hd__buf_4)
    10    0.07    0.17    0.38    2.44 v _214_/X (sky130_fd_sc_hd__buf_4)
                                         _112_ (net)
                  0.17    0.00    2.45 v _215_/A (sky130_fd_sc_hd__buf_4)
    10    0.07    0.17    0.43    2.87 v _215_/X (sky130_fd_sc_hd__buf_4)
                                         _113_ (net)
                  0.17    0.00    2.88 v _217_/A (sky130_fd_sc_hd__inv_2)
     1    0.01    0.08    0.14    3.02 ^ _217_/Y (sky130_fd_sc_hd__inv_2)
                                         _026_ (net)
                  0.08    0.00    3.02 ^ _247_/RESET_B (sky130_fd_sc_hd__dfrtp_4)
                                  3.02   data arrival time

                         10.00   10.00   clock CLK100MHZ (rise edge)
                          0.00   10.00   clock source latency
     1    0.02    0.13    0.09   10.09 ^ CLK100MHZ (in)
                                         CLK100MHZ (net)
                  0.13    0.00   10.09 ^ clkbuf_0_CLK100MHZ/A (sky130_fd_sc_hd__clkbuf_16)
     4    0.04    0.10    0.27   10.35 ^ clkbuf_0_CLK100MHZ/X (sky130_fd_sc_hd__clkbuf_16)
                                         clknet_0_CLK100MHZ (net)
                  0.10    0.00   10.35 ^ clkbuf_2_3__f_CLK100MHZ/A (sky130_fd_sc_hd__clkbuf_16)
     8    0.03    0.07    0.23   10.58 ^ clkbuf_2_3__f_CLK100MHZ/X (sky130_fd_sc_hd__clkbuf_16)
                                         clknet_2_3__leaf_CLK100MHZ (net)
                  0.07    0.00   10.58 ^ _247_/CLK (sky130_fd_sc_hd__dfrtp_4)
                         -0.25   10.33   clock uncertainty
                          0.00   10.33   clock reconvergence pessimism
                          0.44   10.77   library recovery time
                                 10.77   data required time
-----------------------------------------------------------------------------
                                 10.77   data required time
                                 -3.02   data arrival time
-----------------------------------------------------------------------------
                                  7.76   slack (MET)


Startpoint: BTNC (input port clocked by CLK100MHZ)
Endpoint: _251_ (recovery check against rising-edge clock CLK100MHZ)
Path Group: asynchronous
Path Type: max
Corner: Slowest

Fanout     Cap    Slew   Delay    Time   Description
-----------------------------------------------------------------------------
                          0.00    0.00   clock CLK100MHZ (rise edge)
                          0.00    0.00   clock network delay (propagated)
                          2.00    2.00 v input external delay
     2    0.02    0.08    0.06    2.06 v BTNC (in)
                                         BTNC (net)
                  0.08    0.00    2.06 v _214_/A (sky130_fd_sc_hd__buf_4)
    10    0.07    0.17    0.38    2.44 v _214_/X (sky130_fd_sc_hd__buf_4)
                                         _112_ (net)
                  0.17    0.00    2.45 v _215_/A (sky130_fd_sc_hd__buf_4)
    10    0.07    0.17    0.43    2.87 v _215_/X (sky130_fd_sc_hd__buf_4)
                                         _113_ (net)
                  0.17    0.00    2.87 v _221_/A (sky130_fd_sc_hd__inv_2)
     1    0.01    0.08    0.14    3.02 ^ _221_/Y (sky130_fd_sc_hd__inv_2)
                                         _030_ (net)
                  0.08    0.00    3.02 ^ _251_/RESET_B (sky130_fd_sc_hd__dfrtp_2)
                                  3.02   data arrival time

                         10.00   10.00   clock CLK100MHZ (rise edge)
                          0.00   10.00   clock source latency
     1    0.02    0.13    0.09   10.09 ^ CLK100MHZ (in)
                                         CLK100MHZ (net)
                  0.13    0.00   10.09 ^ clkbuf_0_CLK100MHZ/A (sky130_fd_sc_hd__clkbuf_16)
     4    0.04    0.10    0.27   10.35 ^ clkbuf_0_CLK100MHZ/X (sky130_fd_sc_hd__clkbuf_16)
                                         clknet_0_CLK100MHZ (net)
                  0.10    0.00   10.36 ^ clkbuf_2_2__f_CLK100MHZ/A (sky130_fd_sc_hd__clkbuf_16)
     8    0.03    0.08    0.23   10.59 ^ clkbuf_2_2__f_CLK100MHZ/X (sky130_fd_sc_hd__clkbuf_16)
                                         clknet_2_2__leaf_CLK100MHZ (net)
                  0.08    0.00   10.59 ^ _251_/CLK (sky130_fd_sc_hd__dfrtp_2)
                         -0.25   10.34   clock uncertainty
                          0.00   10.34   clock reconvergence pessimism
                          0.44   10.78   library recovery time
                                 10.78   data required time
-----------------------------------------------------------------------------
                                 10.78   data required time
                                 -3.02   data arrival time
-----------------------------------------------------------------------------
                                  7.76   slack (MET)


Startpoint: BTNC (input port clocked by CLK100MHZ)
Endpoint: _249_ (recovery check against rising-edge clock CLK100MHZ)
Path Group: asynchronous
Path Type: max
Corner: Slowest

Fanout     Cap    Slew   Delay    Time   Description
-----------------------------------------------------------------------------
                          0.00    0.00   clock CLK100MHZ (rise edge)
                          0.00    0.00   clock network delay (propagated)
                          2.00    2.00 v input external delay
     2    0.02    0.08    0.06    2.06 v BTNC (in)
                                         BTNC (net)
                  0.08    0.00    2.06 v _214_/A (sky130_fd_sc_hd__buf_4)
    10    0.07    0.17    0.38    2.44 v _214_/X (sky130_fd_sc_hd__buf_4)
                                         _112_ (net)
                  0.17    0.00    2.45 v _215_/A (sky130_fd_sc_hd__buf_4)
    10    0.07    0.17    0.43    2.87 v _215_/X (sky130_fd_sc_hd__buf_4)
                                         _113_ (net)
                  0.17    0.00    2.88 v _219_/A (sky130_fd_sc_hd__inv_2)
     1    0.01    0.08    0.14    3.01 ^ _219_/Y (sky130_fd_sc_hd__inv_2)
                                         _028_ (net)
                  0.08    0.00    3.01 ^ _249_/RESET_B (sky130_fd_sc_hd__dfrtp_4)
                                  3.01   data arrival time

                         10.00   10.00   clock CLK100MHZ (rise edge)
                          0.00   10.00   clock source latency
     1    0.02    0.13    0.09   10.09 ^ CLK100MHZ (in)
                                         CLK100MHZ (net)
                  0.13    0.00   10.09 ^ clkbuf_0_CLK100MHZ/A (sky130_fd_sc_hd__clkbuf_16)
     4    0.04    0.10    0.27   10.35 ^ clkbuf_0_CLK100MHZ/X (sky130_fd_sc_hd__clkbuf_16)
                                         clknet_0_CLK100MHZ (net)
                  0.10    0.00   10.35 ^ clkbuf_2_3__f_CLK100MHZ/A (sky130_fd_sc_hd__clkbuf_16)
     8    0.03    0.07    0.23   10.58 ^ clkbuf_2_3__f_CLK100MHZ/X (sky130_fd_sc_hd__clkbuf_16)
                                         clknet_2_3__leaf_CLK100MHZ (net)
                  0.07    0.00   10.58 ^ _249_/CLK (sky130_fd_sc_hd__dfrtp_4)
                         -0.25   10.33   clock uncertainty
                          0.00   10.33   clock reconvergence pessimism
                          0.44   10.78   library recovery time
                                 10.78   data required time
-----------------------------------------------------------------------------
                                 10.78   data required time
                                 -3.01   data arrival time
-----------------------------------------------------------------------------
                                  7.76   slack (MET)


Startpoint: BTNC (input port clocked by CLK100MHZ)
Endpoint: _246_ (recovery check against rising-edge clock CLK100MHZ)
Path Group: asynchronous
Path Type: max
Corner: Slowest

Fanout     Cap    Slew   Delay    Time   Description
-----------------------------------------------------------------------------
                          0.00    0.00   clock CLK100MHZ (rise edge)
                          0.00    0.00   clock network delay (propagated)
                          2.00    2.00 v input external delay
     2    0.02    0.08    0.06    2.06 v BTNC (in)
                                         BTNC (net)
                  0.08    0.00    2.06 v _214_/A (sky130_fd_sc_hd__buf_4)
    10    0.07    0.17    0.38    2.44 v _214_/X (sky130_fd_sc_hd__buf_4)
                                         _112_ (net)
                  0.17    0.00    2.45 v _215_/A (sky130_fd_sc_hd__buf_4)
    10    0.07    0.17    0.43    2.87 v _215_/X (sky130_fd_sc_hd__buf_4)
                                         _113_ (net)
                  0.17    0.00    2.88 v _216_/A (sky130_fd_sc_hd__inv_2)
     1    0.01    0.07    0.13    3.01 ^ _216_/Y (sky130_fd_sc_hd__inv_2)
                                         _025_ (net)
                  0.07    0.00    3.01 ^ _246_/RESET_B (sky130_fd_sc_hd__dfrtp_4)
                                  3.01   data arrival time

                         10.00   10.00   clock CLK100MHZ (rise edge)
                          0.00   10.00   clock source latency
     1    0.02    0.13    0.09   10.09 ^ CLK100MHZ (in)
                                         CLK100MHZ (net)
                  0.13    0.00   10.09 ^ clkbuf_0_CLK100MHZ/A (sky130_fd_sc_hd__clkbuf_16)
     4    0.04    0.10    0.27   10.35 ^ clkbuf_0_CLK100MHZ/X (sky130_fd_sc_hd__clkbuf_16)
                                         clknet_0_CLK100MHZ (net)
                  0.10    0.00   10.35 ^ clkbuf_2_1__f_CLK100MHZ/A (sky130_fd_sc_hd__clkbuf_16)
     8    0.02    0.07    0.22   10.58 ^ clkbuf_2_1__f_CLK100MHZ/X (sky130_fd_sc_hd__clkbuf_16)
                                         clknet_2_1__leaf_CLK100MHZ (net)
                  0.07    0.00   10.58 ^ _246_/CLK (sky130_fd_sc_hd__dfrtp_4)
                         -0.25   10.33   clock uncertainty
                          0.00   10.33   clock reconvergence pessimism
                          0.44   10.77   library recovery time
                                 10.77   data required time
-----------------------------------------------------------------------------
                                 10.77   data required time
                                 -3.01   data arrival time
-----------------------------------------------------------------------------
                                  7.77   slack (MET)


Startpoint: BTNC (input port clocked by CLK100MHZ)
Endpoint: _253_ (recovery check against rising-edge clock CLK100MHZ)
Path Group: asynchronous
Path Type: max
Corner: Slowest

Fanout     Cap    Slew   Delay    Time   Description
-----------------------------------------------------------------------------
                          0.00    0.00   clock CLK100MHZ (rise edge)
                          0.00    0.00   clock network delay (propagated)
                          2.00    2.00 v input external delay
     2    0.02    0.08    0.06    2.06 v BTNC (in)
                                         BTNC (net)
                  0.08    0.00    2.06 v _214_/A (sky130_fd_sc_hd__buf_4)
    10    0.07    0.17    0.38    2.44 v _214_/X (sky130_fd_sc_hd__buf_4)
                                         _112_ (net)
                  0.17    0.00    2.45 v _215_/A (sky130_fd_sc_hd__buf_4)
    10    0.07    0.17    0.43    2.87 v _215_/X (sky130_fd_sc_hd__buf_4)
                                         _113_ (net)
                  0.17    0.00    2.88 v _223_/A (sky130_fd_sc_hd__inv_2)
     1    0.01    0.08    0.14    3.01 ^ _223_/Y (sky130_fd_sc_hd__inv_2)
                                         _032_ (net)
                  0.08    0.00    3.02 ^ _253_/RESET_B (sky130_fd_sc_hd__dfrtp_1)
                                  3.02   data arrival time

                         10.00   10.00   clock CLK100MHZ (rise edge)
                          0.00   10.00   clock source latency
     1    0.02    0.13    0.09   10.09 ^ CLK100MHZ (in)
                                         CLK100MHZ (net)
                  0.13    0.00   10.09 ^ clkbuf_0_CLK100MHZ/A (sky130_fd_sc_hd__clkbuf_16)
     4    0.04    0.10    0.27   10.35 ^ clkbuf_0_CLK100MHZ/X (sky130_fd_sc_hd__clkbuf_16)
                                         clknet_0_CLK100MHZ (net)
                  0.10    0.00   10.36 ^ clkbuf_2_2__f_CLK100MHZ/A (sky130_fd_sc_hd__clkbuf_16)
     8    0.03    0.08    0.23   10.59 ^ clkbuf_2_2__f_CLK100MHZ/X (sky130_fd_sc_hd__clkbuf_16)
                                         clknet_2_2__leaf_CLK100MHZ (net)
                  0.08    0.00   10.59 ^ _253_/CLK (sky130_fd_sc_hd__dfrtp_1)
                         -0.25   10.34   clock uncertainty
                          0.00   10.34   clock reconvergence pessimism
                          0.46   10.80   library recovery time
                                 10.80   data required time
-----------------------------------------------------------------------------
                                 10.80   data required time
                                 -3.02   data arrival time
-----------------------------------------------------------------------------
                                  7.78   slack (MET)


Startpoint: BTNC (input port clocked by CLK100MHZ)
Endpoint: _265_ (recovery check against rising-edge clock CLK100MHZ)
Path Group: asynchronous
Path Type: max
Corner: Slowest

Fanout     Cap    Slew   Delay    Time   Description
-----------------------------------------------------------------------------
                          0.00    0.00   clock CLK100MHZ (rise edge)
                          0.00    0.00   clock network delay (propagated)
                          2.00    2.00 v input external delay
     2    0.02    0.08    0.06    2.06 v BTNC (in)
                                         BTNC (net)
                  0.08    0.00    2.06 v _226_/A (sky130_fd_sc_hd__buf_4)
    10    0.08    0.19    0.40    2.47 v _226_/X (sky130_fd_sc_hd__buf_4)
                                         _114_ (net)
                  0.19    0.00    2.47 v _236_/A (sky130_fd_sc_hd__inv_2)
     1    0.02    0.14    0.20    2.67 ^ _236_/Y (sky130_fd_sc_hd__inv_2)
                                         _044_ (net)
                  0.14    0.00    2.67 ^ _265_/RESET_B (sky130_fd_sc_hd__dfrtp_1)
                                  2.67   data arrival time

                         10.00   10.00   clock CLK100MHZ (rise edge)
                          0.00   10.00   clock source latency
     1    0.02    0.13    0.09   10.09 ^ CLK100MHZ (in)
                                         CLK100MHZ (net)
                  0.13    0.00   10.09 ^ clkbuf_0_CLK100MHZ/A (sky130_fd_sc_hd__clkbuf_16)
     4    0.04    0.10    0.27   10.35 ^ clkbuf_0_CLK100MHZ/X (sky130_fd_sc_hd__clkbuf_16)
                                         clknet_0_CLK100MHZ (net)
                  0.10    0.00   10.35 ^ clkbuf_2_1__f_CLK100MHZ/A (sky130_fd_sc_hd__clkbuf_16)
     8    0.02    0.07    0.22   10.58 ^ clkbuf_2_1__f_CLK100MHZ/X (sky130_fd_sc_hd__clkbuf_16)
                                         clknet_2_1__leaf_CLK100MHZ (net)
                  0.07    0.00   10.58 ^ _265_/CLK (sky130_fd_sc_hd__dfrtp_1)
                         -0.25   10.33   clock uncertainty
                          0.00   10.33   clock reconvergence pessimism
                          0.44   10.77   library recovery time
                                 10.77   data required time
-----------------------------------------------------------------------------
                                 10.77   data required time
                                 -2.67   data arrival time
-----------------------------------------------------------------------------
                                  8.10   slack (MET)


Startpoint: BTNC (input port clocked by CLK100MHZ)
Endpoint: _260_ (recovery check against rising-edge clock CLK100MHZ)
Path Group: asynchronous
Path Type: max
Corner: Slowest

Fanout     Cap    Slew   Delay    Time   Description
-----------------------------------------------------------------------------
                          0.00    0.00   clock CLK100MHZ (rise edge)
                          0.00    0.00   clock network delay (propagated)
                          2.00    2.00 v input external delay
     2    0.02    0.08    0.06    2.06 v BTNC (in)
                                         BTNC (net)
                  0.08    0.00    2.06 v _226_/A (sky130_fd_sc_hd__buf_4)
    10    0.08    0.19    0.40    2.47 v _226_/X (sky130_fd_sc_hd__buf_4)
                                         _114_ (net)
                  0.19    0.00    2.47 v _231_/A (sky130_fd_sc_hd__inv_2)
     1    0.01    0.13    0.19    2.66 ^ _231_/Y (sky130_fd_sc_hd__inv_2)
                                         _039_ (net)
                  0.13    0.00    2.66 ^ _260_/RESET_B (sky130_fd_sc_hd__dfrtp_1)
                                  2.66   data arrival time

                         10.00   10.00   clock CLK100MHZ (rise edge)
                          0.00   10.00   clock source latency
     1    0.02    0.13    0.09   10.09 ^ CLK100MHZ (in)
                                         CLK100MHZ (net)
                  0.13    0.00   10.09 ^ clkbuf_0_CLK100MHZ/A (sky130_fd_sc_hd__clkbuf_16)
     4    0.04    0.10    0.27   10.35 ^ clkbuf_0_CLK100MHZ/X (sky130_fd_sc_hd__clkbuf_16)
                                         clknet_0_CLK100MHZ (net)
                  0.10    0.00   10.35 ^ clkbuf_2_1__f_CLK100MHZ/A (sky130_fd_sc_hd__clkbuf_16)
     8    0.02    0.07    0.22   10.58 ^ clkbuf_2_1__f_CLK100MHZ/X (sky130_fd_sc_hd__clkbuf_16)
                                         clknet_2_1__leaf_CLK100MHZ (net)
                  0.07    0.00   10.58 ^ _260_/CLK (sky130_fd_sc_hd__dfrtp_1)
                         -0.25   10.33   clock uncertainty
                          0.00   10.33   clock reconvergence pessimism
                          0.44   10.77   library recovery time
                                 10.77   data required time
-----------------------------------------------------------------------------
                                 10.77   data required time
                                 -2.66   data arrival time
-----------------------------------------------------------------------------
                                  8.11   slack (MET)


Startpoint: BTNC (input port clocked by CLK100MHZ)
Endpoint: _262_ (recovery check against rising-edge clock CLK100MHZ)
Path Group: asynchronous
Path Type: max
Corner: Slowest

Fanout     Cap    Slew   Delay    Time   Description
-----------------------------------------------------------------------------
                          0.00    0.00   clock CLK100MHZ (rise edge)
                          0.00    0.00   clock network delay (propagated)
                          2.00    2.00 v input external delay
     2    0.02    0.08    0.06    2.06 v BTNC (in)
                                         BTNC (net)
                  0.08    0.00    2.06 v _226_/A (sky130_fd_sc_hd__buf_4)
    10    0.08    0.19    0.40    2.47 v _226_/X (sky130_fd_sc_hd__buf_4)
                                         _114_ (net)
                  0.19    0.00    2.47 v _233_/A (sky130_fd_sc_hd__inv_2)
     1    0.01    0.12    0.18    2.65 ^ _233_/Y (sky130_fd_sc_hd__inv_2)
                                         _041_ (net)
                  0.12    0.00    2.65 ^ _262_/RESET_B (sky130_fd_sc_hd__dfrtp_2)
                                  2.65   data arrival time

                         10.00   10.00   clock CLK100MHZ (rise edge)
                          0.00   10.00   clock source latency
     1    0.02    0.13    0.09   10.09 ^ CLK100MHZ (in)
                                         CLK100MHZ (net)
                  0.13    0.00   10.09 ^ clkbuf_0_CLK100MHZ/A (sky130_fd_sc_hd__clkbuf_16)
     4    0.04    0.10    0.27   10.35 ^ clkbuf_0_CLK100MHZ/X (sky130_fd_sc_hd__clkbuf_16)
                                         clknet_0_CLK100MHZ (net)
                  0.10    0.00   10.36 ^ clkbuf_2_2__f_CLK100MHZ/A (sky130_fd_sc_hd__clkbuf_16)
     8    0.03    0.08    0.23   10.59 ^ clkbuf_2_2__f_CLK100MHZ/X (sky130_fd_sc_hd__clkbuf_16)
                                         clknet_2_2__leaf_CLK100MHZ (net)
                  0.08    0.00   10.59 ^ _262_/CLK (sky130_fd_sc_hd__dfrtp_2)
                         -0.25   10.34   clock uncertainty
                          0.00   10.34   clock reconvergence pessimism
                          0.43   10.77   library recovery time
                                 10.77   data required time
-----------------------------------------------------------------------------
                                 10.77   data required time
                                 -2.65   data arrival time
-----------------------------------------------------------------------------
                                  8.12   slack (MET)


Startpoint: BTNC (input port clocked by CLK100MHZ)
Endpoint: _258_ (recovery check against rising-edge clock CLK100MHZ)
Path Group: asynchronous
Path Type: max
Corner: Slowest

Fanout     Cap    Slew   Delay    Time   Description
-----------------------------------------------------------------------------
                          0.00    0.00   clock CLK100MHZ (rise edge)
                          0.00    0.00   clock network delay (propagated)
                          2.00    2.00 v input external delay
     2    0.02    0.08    0.06    2.06 v BTNC (in)
                                         BTNC (net)
                  0.08    0.00    2.06 v _226_/A (sky130_fd_sc_hd__buf_4)
    10    0.08    0.19    0.40    2.47 v _226_/X (sky130_fd_sc_hd__buf_4)
                                         _114_ (net)
                  0.19    0.00    2.47 v _229_/A (sky130_fd_sc_hd__inv_2)
     1    0.01    0.11    0.17    2.64 ^ _229_/Y (sky130_fd_sc_hd__inv_2)
                                         _037_ (net)
                  0.11    0.00    2.64 ^ _258_/RESET_B (sky130_fd_sc_hd__dfrtp_4)
                                  2.64   data arrival time

                         10.00   10.00   clock CLK100MHZ (rise edge)
                          0.00   10.00   clock source latency
     1    0.02    0.13    0.09   10.09 ^ CLK100MHZ (in)
                                         CLK100MHZ (net)
                  0.13    0.00   10.09 ^ clkbuf_0_CLK100MHZ/A (sky130_fd_sc_hd__clkbuf_16)
     4    0.04    0.10    0.27   10.35 ^ clkbuf_0_CLK100MHZ/X (sky130_fd_sc_hd__clkbuf_16)
                                         clknet_0_CLK100MHZ (net)
                  0.10    0.00   10.35 ^ clkbuf_2_3__f_CLK100MHZ/A (sky130_fd_sc_hd__clkbuf_16)
     8    0.03    0.07    0.23   10.58 ^ clkbuf_2_3__f_CLK100MHZ/X (sky130_fd_sc_hd__clkbuf_16)
                                         clknet_2_3__leaf_CLK100MHZ (net)
                  0.07    0.00   10.58 ^ _258_/CLK (sky130_fd_sc_hd__dfrtp_4)
                         -0.25   10.33   clock uncertainty
                          0.00   10.33   clock reconvergence pessimism
                          0.43   10.76   library recovery time
                                 10.76   data required time
-----------------------------------------------------------------------------
                                 10.76   data required time
                                 -2.64   data arrival time
-----------------------------------------------------------------------------
                                  8.12   slack (MET)


Startpoint: BTNC (input port clocked by CLK100MHZ)
Endpoint: _266_ (recovery check against rising-edge clock CLK100MHZ)
Path Group: asynchronous
Path Type: max
Corner: Slowest

Fanout     Cap    Slew   Delay    Time   Description
-----------------------------------------------------------------------------
                          0.00    0.00   clock CLK100MHZ (rise edge)
                          0.00    0.00   clock network delay (propagated)
                          2.00    2.00 v input external delay
     2    0.02    0.08    0.06    2.06 v BTNC (in)
                                         BTNC (net)
                  0.08    0.00    2.06 v _214_/A (sky130_fd_sc_hd__buf_4)
    10    0.07    0.17    0.38    2.44 v _214_/X (sky130_fd_sc_hd__buf_4)
                                         _112_ (net)
                  0.17    0.00    2.45 v _237_/A (sky130_fd_sc_hd__inv_2)
     1    0.02    0.13    0.18    2.63 ^ _237_/Y (sky130_fd_sc_hd__inv_2)
                                         _045_ (net)
                  0.13    0.00    2.63 ^ _266_/RESET_B (sky130_fd_sc_hd__dfrtp_2)
                                  2.63   data arrival time

                         10.00   10.00   clock CLK100MHZ (rise edge)
                          0.00   10.00   clock source latency
     1    0.02    0.13    0.09   10.09 ^ CLK100MHZ (in)
                                         CLK100MHZ (net)
                  0.13    0.00   10.09 ^ clkbuf_0_CLK100MHZ/A (sky130_fd_sc_hd__clkbuf_16)
     4    0.04    0.10    0.27   10.35 ^ clkbuf_0_CLK100MHZ/X (sky130_fd_sc_hd__clkbuf_16)
                                         clknet_0_CLK100MHZ (net)
                  0.10    0.00   10.35 ^ clkbuf_2_0__f_CLK100MHZ/A (sky130_fd_sc_hd__clkbuf_16)
     8    0.03    0.08    0.23   10.59 ^ clkbuf_2_0__f_CLK100MHZ/X (sky130_fd_sc_hd__clkbuf_16)
                                         clknet_2_0__leaf_CLK100MHZ (net)
                  0.08    0.00   10.59 ^ _266_/CLK (sky130_fd_sc_hd__dfrtp_2)
                         -0.25   10.34   clock uncertainty
                          0.00   10.34   clock reconvergence pessimism
                          0.42   10.76   library recovery time
                                 10.76   data required time
-----------------------------------------------------------------------------
                                 10.76   data required time
                                 -2.63   data arrival time
-----------------------------------------------------------------------------
                                  8.13   slack (MET)


Startpoint: BTNC (input port clocked by CLK100MHZ)
Endpoint: _269_ (recovery check against rising-edge clock CLK100MHZ)
Path Group: asynchronous
Path Type: max
Corner: Slowest

Fanout     Cap    Slew   Delay    Time   Description
-----------------------------------------------------------------------------
                          0.00    0.00   clock CLK100MHZ (rise edge)
                          0.00    0.00   clock network delay (propagated)
                          2.00    2.00 v input external delay
     2    0.02    0.08    0.06    2.06 v BTNC (in)
                                         BTNC (net)
                  0.08    0.00    2.06 v _214_/A (sky130_fd_sc_hd__buf_4)
    10    0.07    0.17    0.38    2.44 v _214_/X (sky130_fd_sc_hd__buf_4)
                                         _112_ (net)
                  0.17    0.00    2.45 v _240_/A (sky130_fd_sc_hd__inv_2)
     1    0.02    0.14    0.19    2.64 ^ _240_/Y (sky130_fd_sc_hd__inv_2)
                                         _048_ (net)
                  0.14    0.00    2.64 ^ _269_/RESET_B (sky130_fd_sc_hd__dfrtp_1)
                                  2.64   data arrival time

                         10.00   10.00   clock CLK100MHZ (rise edge)
                          0.00   10.00   clock source latency
     1    0.02    0.13    0.09   10.09 ^ CLK100MHZ (in)
                                         CLK100MHZ (net)
                  0.13    0.00   10.09 ^ clkbuf_0_CLK100MHZ/A (sky130_fd_sc_hd__clkbuf_16)
     4    0.04    0.10    0.27   10.35 ^ clkbuf_0_CLK100MHZ/X (sky130_fd_sc_hd__clkbuf_16)
                                         clknet_0_CLK100MHZ (net)
                  0.10    0.00   10.36 ^ clkbuf_2_2__f_CLK100MHZ/A (sky130_fd_sc_hd__clkbuf_16)
     8    0.03    0.08    0.23   10.59 ^ clkbuf_2_2__f_CLK100MHZ/X (sky130_fd_sc_hd__clkbuf_16)
                                         clknet_2_2__leaf_CLK100MHZ (net)
                  0.08    0.00   10.59 ^ _269_/CLK (sky130_fd_sc_hd__dfrtp_1)
                         -0.25   10.34   clock uncertainty
                          0.00   10.34   clock reconvergence pessimism
                          0.44   10.78   library recovery time
                                 10.78   data required time
-----------------------------------------------------------------------------
                                 10.78   data required time
                                 -2.64   data arrival time
-----------------------------------------------------------------------------
                                  8.14   slack (MET)


Startpoint: BTNC (input port clocked by CLK100MHZ)
Endpoint: _263_ (recovery check against rising-edge clock CLK100MHZ)
Path Group: asynchronous
Path Type: max
Corner: Slowest

Fanout     Cap    Slew   Delay    Time   Description
-----------------------------------------------------------------------------
                          0.00    0.00   clock CLK100MHZ (rise edge)
                          0.00    0.00   clock network delay (propagated)
                          2.00    2.00 v input external delay
     2    0.02    0.08    0.06    2.06 v BTNC (in)
                                         BTNC (net)
                  0.08    0.00    2.06 v _226_/A (sky130_fd_sc_hd__buf_4)
    10    0.08    0.19    0.40    2.47 v _226_/X (sky130_fd_sc_hd__buf_4)
                                         _114_ (net)
                  0.19    0.00    2.47 v _234_/A (sky130_fd_sc_hd__inv_2)
     1    0.01    0.11    0.17    2.64 ^ _234_/Y (sky130_fd_sc_hd__inv_2)
                                         _042_ (net)
                  0.11    0.00    2.64 ^ _263_/RESET_B (sky130_fd_sc_hd__dfrtp_1)
                                  2.64   data arrival time

                         10.00   10.00   clock CLK100MHZ (rise edge)
                          0.00   10.00   clock source latency
     1    0.02    0.13    0.09   10.09 ^ CLK100MHZ (in)
                                         CLK100MHZ (net)
                  0.13    0.00   10.09 ^ clkbuf_0_CLK100MHZ/A (sky130_fd_sc_hd__clkbuf_16)
     4    0.04    0.10    0.27   10.35 ^ clkbuf_0_CLK100MHZ/X (sky130_fd_sc_hd__clkbuf_16)
                                         clknet_0_CLK100MHZ (net)
                  0.10    0.00   10.36 ^ clkbuf_2_2__f_CLK100MHZ/A (sky130_fd_sc_hd__clkbuf_16)
     8    0.03    0.08    0.23   10.59 ^ clkbuf_2_2__f_CLK100MHZ/X (sky130_fd_sc_hd__clkbuf_16)
                                         clknet_2_2__leaf_CLK100MHZ (net)
                  0.08    0.00   10.59 ^ _263_/CLK (sky130_fd_sc_hd__dfrtp_1)
                         -0.25   10.34   clock uncertainty
                          0.00   10.34   clock reconvergence pessimism
                          0.45   10.79   library recovery time
                                 10.79   data required time
-----------------------------------------------------------------------------
                                 10.79   data required time
                                 -2.64   data arrival time
-----------------------------------------------------------------------------
                                  8.15   slack (MET)


Startpoint: BTNC (input port clocked by CLK100MHZ)
Endpoint: _257_ (recovery check against rising-edge clock CLK100MHZ)
Path Group: asynchronous
Path Type: max
Corner: Slowest

Fanout     Cap    Slew   Delay    Time   Description
-----------------------------------------------------------------------------
                          0.00    0.00   clock CLK100MHZ (rise edge)
                          0.00    0.00   clock network delay (propagated)
                          2.00    2.00 v input external delay
     2    0.02    0.08    0.06    2.06 v BTNC (in)
                                         BTNC (net)
                  0.08    0.00    2.06 v _226_/A (sky130_fd_sc_hd__buf_4)
    10    0.08    0.19    0.40    2.47 v _226_/X (sky130_fd_sc_hd__buf_4)
                                         _114_ (net)
                  0.19    0.00    2.47 v _228_/A (sky130_fd_sc_hd__inv_2)
     1    0.01    0.10    0.16    2.63 ^ _228_/Y (sky130_fd_sc_hd__inv_2)
                                         _036_ (net)
                  0.10    0.00    2.63 ^ _257_/RESET_B (sky130_fd_sc_hd__dfrtp_1)
                                  2.63   data arrival time

                         10.00   10.00   clock CLK100MHZ (rise edge)
                          0.00   10.00   clock source latency
     1    0.02    0.13    0.09   10.09 ^ CLK100MHZ (in)
                                         CLK100MHZ (net)
                  0.13    0.00   10.09 ^ clkbuf_0_CLK100MHZ/A (sky130_fd_sc_hd__clkbuf_16)
     4    0.04    0.10    0.27   10.35 ^ clkbuf_0_CLK100MHZ/X (sky130_fd_sc_hd__clkbuf_16)
                                         clknet_0_CLK100MHZ (net)
                  0.10    0.00   10.35 ^ clkbuf_2_3__f_CLK100MHZ/A (sky130_fd_sc_hd__clkbuf_16)
     8    0.03    0.07    0.23   10.58 ^ clkbuf_2_3__f_CLK100MHZ/X (sky130_fd_sc_hd__clkbuf_16)
                                         clknet_2_3__leaf_CLK100MHZ (net)
                  0.07    0.00   10.58 ^ _257_/CLK (sky130_fd_sc_hd__dfrtp_1)
                         -0.25   10.33   clock uncertainty
                          0.00   10.33   clock reconvergence pessimism
                          0.45   10.79   library recovery time
                                 10.79   data required time
-----------------------------------------------------------------------------
                                 10.79   data required time
                                 -2.63   data arrival time
-----------------------------------------------------------------------------
                                  8.16   slack (MET)


Startpoint: BTNC (input port clocked by CLK100MHZ)
Endpoint: _259_ (recovery check against rising-edge clock CLK100MHZ)
Path Group: asynchronous
Path Type: max
Corner: Slowest

Fanout     Cap    Slew   Delay    Time   Description
-----------------------------------------------------------------------------
                          0.00    0.00   clock CLK100MHZ (rise edge)
                          0.00    0.00   clock network delay (propagated)
                          2.00    2.00 v input external delay
     2    0.02    0.08    0.06    2.06 v BTNC (in)
                                         BTNC (net)
                  0.08    0.00    2.06 v _226_/A (sky130_fd_sc_hd__buf_4)
    10    0.08    0.19    0.40    2.47 v _226_/X (sky130_fd_sc_hd__buf_4)
                                         _114_ (net)
                  0.19    0.00    2.47 v _230_/A (sky130_fd_sc_hd__inv_2)
     1    0.01    0.08    0.14    2.60 ^ _230_/Y (sky130_fd_sc_hd__inv_2)
                                         _038_ (net)
                  0.08    0.00    2.60 ^ _259_/RESET_B (sky130_fd_sc_hd__dfrtp_2)
                                  2.60   data arrival time

                         10.00   10.00   clock CLK100MHZ (rise edge)
                          0.00   10.00   clock source latency
     1    0.02    0.13    0.09   10.09 ^ CLK100MHZ (in)
                                         CLK100MHZ (net)
                  0.13    0.00   10.09 ^ clkbuf_0_CLK100MHZ/A (sky130_fd_sc_hd__clkbuf_16)
     4    0.04    0.10    0.27   10.35 ^ clkbuf_0_CLK100MHZ/X (sky130_fd_sc_hd__clkbuf_16)
                                         clknet_0_CLK100MHZ (net)
                  0.10    0.00   10.35 ^ clkbuf_2_1__f_CLK100MHZ/A (sky130_fd_sc_hd__clkbuf_16)
     8    0.02    0.07    0.22   10.58 ^ clkbuf_2_1__f_CLK100MHZ/X (sky130_fd_sc_hd__clkbuf_16)
                                         clknet_2_1__leaf_CLK100MHZ (net)
                  0.07    0.00   10.58 ^ _259_/CLK (sky130_fd_sc_hd__dfrtp_2)
                         -0.25   10.33   clock uncertainty
                          0.00   10.33   clock reconvergence pessimism
                          0.44   10.77   library recovery time
                                 10.77   data required time
-----------------------------------------------------------------------------
                                 10.77   data required time
                                 -2.60   data arrival time
-----------------------------------------------------------------------------
                                  8.17   slack (MET)


Startpoint: BTNC (input port clocked by CLK100MHZ)
Endpoint: _264_ (recovery check against rising-edge clock CLK100MHZ)
Path Group: asynchronous
Path Type: max
Corner: Slowest

Fanout     Cap    Slew   Delay    Time   Description
-----------------------------------------------------------------------------
                          0.00    0.00   clock CLK100MHZ (rise edge)
                          0.00    0.00   clock network delay (propagated)
                          2.00    2.00 v input external delay
     2    0.02    0.08    0.06    2.06 v BTNC (in)
                                         BTNC (net)
                  0.08    0.00    2.06 v _226_/A (sky130_fd_sc_hd__buf_4)
    10    0.08    0.19    0.40    2.47 v _226_/X (sky130_fd_sc_hd__buf_4)
                                         _114_ (net)
                  0.19    0.00    2.47 v _235_/A (sky130_fd_sc_hd__inv_2)
     1    0.01    0.09    0.16    2.62 ^ _235_/Y (sky130_fd_sc_hd__inv_2)
                                         _043_ (net)
                  0.09    0.00    2.62 ^ _264_/RESET_B (sky130_fd_sc_hd__dfrtp_1)
                                  2.62   data arrival time

                         10.00   10.00   clock CLK100MHZ (rise edge)
                          0.00   10.00   clock source latency
     1    0.02    0.13    0.09   10.09 ^ CLK100MHZ (in)
                                         CLK100MHZ (net)
                  0.13    0.00   10.09 ^ clkbuf_0_CLK100MHZ/A (sky130_fd_sc_hd__clkbuf_16)
     4    0.04    0.10    0.27   10.35 ^ clkbuf_0_CLK100MHZ/X (sky130_fd_sc_hd__clkbuf_16)
                                         clknet_0_CLK100MHZ (net)
                  0.10    0.00   10.35 ^ clkbuf_2_0__f_CLK100MHZ/A (sky130_fd_sc_hd__clkbuf_16)
     8    0.03    0.08    0.23   10.59 ^ clkbuf_2_0__f_CLK100MHZ/X (sky130_fd_sc_hd__clkbuf_16)
                                         clknet_2_0__leaf_CLK100MHZ (net)
                  0.08    0.00   10.59 ^ _264_/CLK (sky130_fd_sc_hd__dfrtp_1)
                         -0.25   10.34   clock uncertainty
                          0.00   10.34   clock reconvergence pessimism
                          0.46   10.79   library recovery time
                                 10.79   data required time
-----------------------------------------------------------------------------
                                 10.79   data required time
                                 -2.62   data arrival time
-----------------------------------------------------------------------------
                                  8.17   slack (MET)


Startpoint: BTNC (input port clocked by CLK100MHZ)
Endpoint: _256_ (recovery check against rising-edge clock CLK100MHZ)
Path Group: asynchronous
Path Type: max
Corner: Slowest

Fanout     Cap    Slew   Delay    Time   Description
-----------------------------------------------------------------------------
                          0.00    0.00   clock CLK100MHZ (rise edge)
                          0.00    0.00   clock network delay (propagated)
                          2.00    2.00 v input external delay
     2    0.02    0.08    0.06    2.06 v BTNC (in)
                                         BTNC (net)
                  0.08    0.00    2.06 v _226_/A (sky130_fd_sc_hd__buf_4)
    10    0.08    0.19    0.40    2.47 v _226_/X (sky130_fd_sc_hd__buf_4)
                                         _114_ (net)
                  0.19    0.00    2.47 v _227_/A (sky130_fd_sc_hd__inv_2)
     1    0.01    0.08    0.14    2.61 ^ _227_/Y (sky130_fd_sc_hd__inv_2)
                                         _035_ (net)
                  0.08    0.00    2.61 ^ _256_/RESET_B (sky130_fd_sc_hd__dfrtp_4)
                                  2.61   data arrival time

                         10.00   10.00   clock CLK100MHZ (rise edge)
                          0.00   10.00   clock source latency
     1    0.02    0.13    0.09   10.09 ^ CLK100MHZ (in)
                                         CLK100MHZ (net)
                  0.13    0.00   10.09 ^ clkbuf_0_CLK100MHZ/A (sky130_fd_sc_hd__clkbuf_16)
     4    0.04    0.10    0.27   10.35 ^ clkbuf_0_CLK100MHZ/X (sky130_fd_sc_hd__clkbuf_16)
                                         clknet_0_CLK100MHZ (net)
                  0.10    0.00   10.35 ^ clkbuf_2_0__f_CLK100MHZ/A (sky130_fd_sc_hd__clkbuf_16)
     8    0.03    0.08    0.23   10.59 ^ clkbuf_2_0__f_CLK100MHZ/X (sky130_fd_sc_hd__clkbuf_16)
                                         clknet_2_0__leaf_CLK100MHZ (net)
                  0.08    0.00   10.59 ^ _256_/CLK (sky130_fd_sc_hd__dfrtp_4)
                         -0.25   10.34   clock uncertainty
                          0.00   10.34   clock reconvergence pessimism
                          0.44   10.78   library recovery time
                                 10.78   data required time
-----------------------------------------------------------------------------
                                 10.78   data required time
                                 -2.61   data arrival time
-----------------------------------------------------------------------------
                                  8.17   slack (MET)


Startpoint: BTNC (input port clocked by CLK100MHZ)
Endpoint: _274_ (recovery check against rising-edge clock CLK100MHZ)
Path Group: asynchronous
Path Type: max
Corner: Slowest

Fanout     Cap    Slew   Delay    Time   Description
-----------------------------------------------------------------------------
                          0.00    0.00   clock CLK100MHZ (rise edge)
                          0.00    0.00   clock network delay (propagated)
                          2.00    2.00 v input external delay
     2    0.02    0.08    0.06    2.06 v BTNC (in)
                                         BTNC (net)
                  0.08    0.00    2.06 v _214_/A (sky130_fd_sc_hd__buf_4)
    10    0.07    0.17    0.38    2.44 v _214_/X (sky130_fd_sc_hd__buf_4)
                                         _112_ (net)
                  0.17    0.00    2.45 v _245_/A (sky130_fd_sc_hd__inv_2)
     1    0.01    0.09    0.15    2.60 ^ _245_/Y (sky130_fd_sc_hd__inv_2)
                                         _053_ (net)
                  0.09    0.00    2.60 ^ _274_/RESET_B (sky130_fd_sc_hd__dfrtp_2)
                                  2.60   data arrival time

                         10.00   10.00   clock CLK100MHZ (rise edge)
                          0.00   10.00   clock source latency
     1    0.02    0.13    0.09   10.09 ^ CLK100MHZ (in)
                                         CLK100MHZ (net)
                  0.13    0.00   10.09 ^ clkbuf_0_CLK100MHZ/A (sky130_fd_sc_hd__clkbuf_16)
     4    0.04    0.10    0.27   10.35 ^ clkbuf_0_CLK100MHZ/X (sky130_fd_sc_hd__clkbuf_16)
                                         clknet_0_CLK100MHZ (net)
                  0.10    0.00   10.35 ^ clkbuf_2_3__f_CLK100MHZ/A (sky130_fd_sc_hd__clkbuf_16)
     8    0.03    0.07    0.23   10.58 ^ clkbuf_2_3__f_CLK100MHZ/X (sky130_fd_sc_hd__clkbuf_16)
                                         clknet_2_3__leaf_CLK100MHZ (net)
                  0.07    0.00   10.58 ^ _274_/CLK (sky130_fd_sc_hd__dfrtp_2)
                         -0.25   10.33   clock uncertainty
                          0.00   10.33   clock reconvergence pessimism
                          0.44   10.77   library recovery time
                                 10.77   data required time
-----------------------------------------------------------------------------
                                 10.77   data required time
                                 -2.60   data arrival time
-----------------------------------------------------------------------------
                                  8.17   slack (MET)


Startpoint: BTNC (input port clocked by CLK100MHZ)
Endpoint: _273_ (recovery check against rising-edge clock CLK100MHZ)
Path Group: asynchronous
Path Type: max
Corner: Slowest

Fanout     Cap    Slew   Delay    Time   Description
-----------------------------------------------------------------------------
                          0.00    0.00   clock CLK100MHZ (rise edge)
                          0.00    0.00   clock network delay (propagated)
                          2.00    2.00 v input external delay
     2    0.02    0.08    0.06    2.06 v BTNC (in)
                                         BTNC (net)
                  0.08    0.00    2.06 v _214_/A (sky130_fd_sc_hd__buf_4)
    10    0.07    0.17    0.38    2.44 v _214_/X (sky130_fd_sc_hd__buf_4)
                                         _112_ (net)
                  0.17    0.00    2.45 v _244_/A (sky130_fd_sc_hd__inv_2)
     1    0.01    0.11    0.16    2.61 ^ _244_/Y (sky130_fd_sc_hd__inv_2)
                                         _052_ (net)
                  0.11    0.00    2.61 ^ _273_/RESET_B (sky130_fd_sc_hd__dfrtp_1)
                                  2.61   data arrival time

                         10.00   10.00   clock CLK100MHZ (rise edge)
                          0.00   10.00   clock source latency
     1    0.02    0.13    0.09   10.09 ^ CLK100MHZ (in)
                                         CLK100MHZ (net)
                  0.13    0.00   10.09 ^ clkbuf_0_CLK100MHZ/A (sky130_fd_sc_hd__clkbuf_16)
     4    0.04    0.10    0.27   10.35 ^ clkbuf_0_CLK100MHZ/X (sky130_fd_sc_hd__clkbuf_16)
                                         clknet_0_CLK100MHZ (net)
                  0.10    0.00   10.35 ^ clkbuf_2_3__f_CLK100MHZ/A (sky130_fd_sc_hd__clkbuf_16)
     8    0.03    0.07    0.23   10.58 ^ clkbuf_2_3__f_CLK100MHZ/X (sky130_fd_sc_hd__clkbuf_16)
                                         clknet_2_3__leaf_CLK100MHZ (net)
                  0.07    0.00   10.58 ^ _273_/CLK (sky130_fd_sc_hd__dfrtp_1)
                         -0.25   10.33   clock uncertainty
                          0.00   10.33   clock reconvergence pessimism
                          0.45   10.79   library recovery time
                                 10.79   data required time
-----------------------------------------------------------------------------
                                 10.79   data required time
                                 -2.61   data arrival time
-----------------------------------------------------------------------------
                                  8.18   slack (MET)


Startpoint: BTNC (input port clocked by CLK100MHZ)
Endpoint: _271_ (recovery check against rising-edge clock CLK100MHZ)
Path Group: asynchronous
Path Type: max
Corner: Slowest

Fanout     Cap    Slew   Delay    Time   Description
-----------------------------------------------------------------------------
                          0.00    0.00   clock CLK100MHZ (rise edge)
                          0.00    0.00   clock network delay (propagated)
                          2.00    2.00 v input external delay
     2    0.02    0.08    0.06    2.06 v BTNC (in)
                                         BTNC (net)
                  0.08    0.00    2.06 v _214_/A (sky130_fd_sc_hd__buf_4)
    10    0.07    0.17    0.38    2.44 v _214_/X (sky130_fd_sc_hd__buf_4)
                                         _112_ (net)
                  0.17    0.00    2.45 v _242_/A (sky130_fd_sc_hd__inv_2)
     1    0.01    0.10    0.16    2.60 ^ _242_/Y (sky130_fd_sc_hd__inv_2)
                                         _050_ (net)
                  0.10    0.00    2.60 ^ _271_/RESET_B (sky130_fd_sc_hd__dfrtp_1)
                                  2.60   data arrival time

                         10.00   10.00   clock CLK100MHZ (rise edge)
                          0.00   10.00   clock source latency
     1    0.02    0.13    0.09   10.09 ^ CLK100MHZ (in)
                                         CLK100MHZ (net)
                  0.13    0.00   10.09 ^ clkbuf_0_CLK100MHZ/A (sky130_fd_sc_hd__clkbuf_16)
     4    0.04    0.10    0.27   10.35 ^ clkbuf_0_CLK100MHZ/X (sky130_fd_sc_hd__clkbuf_16)
                                         clknet_0_CLK100MHZ (net)
                  0.10    0.00   10.35 ^ clkbuf_2_0__f_CLK100MHZ/A (sky130_fd_sc_hd__clkbuf_16)
     8    0.03    0.08    0.23   10.59 ^ clkbuf_2_0__f_CLK100MHZ/X (sky130_fd_sc_hd__clkbuf_16)
                                         clknet_2_0__leaf_CLK100MHZ (net)
                  0.08    0.00   10.59 ^ _271_/CLK (sky130_fd_sc_hd__dfrtp_1)
                         -0.25   10.34   clock uncertainty
                          0.00   10.34   clock reconvergence pessimism
                          0.45   10.79   library recovery time
                                 10.79   data required time
-----------------------------------------------------------------------------
                                 10.79   data required time
                                 -2.60   data arrival time
-----------------------------------------------------------------------------
                                  8.18   slack (MET)


Startpoint: BTNC (input port clocked by CLK100MHZ)
Endpoint: _261_ (recovery check against rising-edge clock CLK100MHZ)
Path Group: asynchronous
Path Type: max
Corner: Slowest

Fanout     Cap    Slew   Delay    Time   Description
-----------------------------------------------------------------------------
                          0.00    0.00   clock CLK100MHZ (rise edge)
                          0.00    0.00   clock network delay (propagated)
                          2.00    2.00 v input external delay
     2    0.02    0.08    0.06    2.06 v BTNC (in)
                                         BTNC (net)
                  0.08    0.00    2.06 v _226_/A (sky130_fd_sc_hd__buf_4)
    10    0.08    0.19    0.40    2.47 v _226_/X (sky130_fd_sc_hd__buf_4)
                                         _114_ (net)
                  0.19    0.00    2.47 v _232_/A (sky130_fd_sc_hd__inv_2)
     1    0.01    0.08    0.14    2.61 ^ _232_/Y (sky130_fd_sc_hd__inv_2)
                                         _040_ (net)
                  0.08    0.00    2.61 ^ _261_/RESET_B (sky130_fd_sc_hd__dfrtp_1)
                                  2.61   data arrival time

                         10.00   10.00   clock CLK100MHZ (rise edge)
                          0.00   10.00   clock source latency
     1    0.02    0.13    0.09   10.09 ^ CLK100MHZ (in)
                                         CLK100MHZ (net)
                  0.13    0.00   10.09 ^ clkbuf_0_CLK100MHZ/A (sky130_fd_sc_hd__clkbuf_16)
     4    0.04    0.10    0.27   10.35 ^ clkbuf_0_CLK100MHZ/X (sky130_fd_sc_hd__clkbuf_16)
                                         clknet_0_CLK100MHZ (net)
                  0.10    0.00   10.35 ^ clkbuf_2_3__f_CLK100MHZ/A (sky130_fd_sc_hd__clkbuf_16)
     8    0.03    0.07    0.23   10.58 ^ clkbuf_2_3__f_CLK100MHZ/X (sky130_fd_sc_hd__clkbuf_16)
                                         clknet_2_3__leaf_CLK100MHZ (net)
                  0.07    0.00   10.58 ^ _261_/CLK (sky130_fd_sc_hd__dfrtp_1)
                         -0.25   10.33   clock uncertainty
                          0.00   10.33   clock reconvergence pessimism
                          0.46   10.80   library recovery time
                                 10.80   data required time
-----------------------------------------------------------------------------
                                 10.80   data required time
                                 -2.61   data arrival time
-----------------------------------------------------------------------------
                                  8.19   slack (MET)


Startpoint: BTNC (input port clocked by CLK100MHZ)
Endpoint: _268_ (recovery check against rising-edge clock CLK100MHZ)
Path Group: asynchronous
Path Type: max
Corner: Slowest

Fanout     Cap    Slew   Delay    Time   Description
-----------------------------------------------------------------------------
                          0.00    0.00   clock CLK100MHZ (rise edge)
                          0.00    0.00   clock network delay (propagated)
                          2.00    2.00 v input external delay
     2    0.02    0.08    0.06    2.06 v BTNC (in)
                                         BTNC (net)
                  0.08    0.00    2.06 v _214_/A (sky130_fd_sc_hd__buf_4)
    10    0.07    0.17    0.38    2.44 v _214_/X (sky130_fd_sc_hd__buf_4)
                                         _112_ (net)
                  0.17    0.00    2.45 v _239_/A (sky130_fd_sc_hd__inv_2)
     1    0.01    0.07    0.13    2.57 ^ _239_/Y (sky130_fd_sc_hd__inv_2)
                                         _047_ (net)
                  0.07    0.00    2.57 ^ _268_/RESET_B (sky130_fd_sc_hd__dfrtp_2)
                                  2.57   data arrival time

                         10.00   10.00   clock CLK100MHZ (rise edge)
                          0.00   10.00   clock source latency
     1    0.02    0.13    0.09   10.09 ^ CLK100MHZ (in)
                                         CLK100MHZ (net)
                  0.13    0.00   10.09 ^ clkbuf_0_CLK100MHZ/A (sky130_fd_sc_hd__clkbuf_16)
     4    0.04    0.10    0.27   10.35 ^ clkbuf_0_CLK100MHZ/X (sky130_fd_sc_hd__clkbuf_16)
                                         clknet_0_CLK100MHZ (net)
                  0.10    0.00   10.35 ^ clkbuf_2_1__f_CLK100MHZ/A (sky130_fd_sc_hd__clkbuf_16)
     8    0.02    0.07    0.22   10.58 ^ clkbuf_2_1__f_CLK100MHZ/X (sky130_fd_sc_hd__clkbuf_16)
                                         clknet_2_1__leaf_CLK100MHZ (net)
                  0.07    0.00   10.58 ^ _268_/CLK (sky130_fd_sc_hd__dfrtp_2)
                         -0.25   10.33   clock uncertainty
                          0.00   10.33   clock reconvergence pessimism
                          0.44   10.77   library recovery time
                                 10.77   data required time
-----------------------------------------------------------------------------
                                 10.77   data required time
                                 -2.57   data arrival time
-----------------------------------------------------------------------------
                                  8.20   slack (MET)


Startpoint: BTNC (input port clocked by CLK100MHZ)
Endpoint: _270_ (recovery check against rising-edge clock CLK100MHZ)
Path Group: asynchronous
Path Type: max
Corner: Slowest

Fanout     Cap    Slew   Delay    Time   Description
-----------------------------------------------------------------------------
                          0.00    0.00   clock CLK100MHZ (rise edge)
                          0.00    0.00   clock network delay (propagated)
                          2.00    2.00 v input external delay
     2    0.02    0.08    0.06    2.06 v BTNC (in)
                                         BTNC (net)
                  0.08    0.00    2.06 v _214_/A (sky130_fd_sc_hd__buf_4)
    10    0.07    0.17    0.38    2.44 v _214_/X (sky130_fd_sc_hd__buf_4)
                                         _112_ (net)
                  0.17    0.00    2.45 v _241_/A (sky130_fd_sc_hd__inv_2)
     1    0.01    0.09    0.15    2.59 ^ _241_/Y (sky130_fd_sc_hd__inv_2)
                                         _049_ (net)
                  0.09    0.00    2.59 ^ _270_/RESET_B (sky130_fd_sc_hd__dfrtp_1)
                                  2.59   data arrival time

                         10.00   10.00   clock CLK100MHZ (rise edge)
                          0.00   10.00   clock source latency
     1    0.02    0.13    0.09   10.09 ^ CLK100MHZ (in)
                                         CLK100MHZ (net)
                  0.13    0.00   10.09 ^ clkbuf_0_CLK100MHZ/A (sky130_fd_sc_hd__clkbuf_16)
     4    0.04    0.10    0.27   10.35 ^ clkbuf_0_CLK100MHZ/X (sky130_fd_sc_hd__clkbuf_16)
                                         clknet_0_CLK100MHZ (net)
                  0.10    0.00   10.35 ^ clkbuf_2_0__f_CLK100MHZ/A (sky130_fd_sc_hd__clkbuf_16)
     8    0.03    0.08    0.23   10.59 ^ clkbuf_2_0__f_CLK100MHZ/X (sky130_fd_sc_hd__clkbuf_16)
                                         clknet_2_0__leaf_CLK100MHZ (net)
                  0.08    0.00   10.59 ^ _270_/CLK (sky130_fd_sc_hd__dfrtp_1)
                         -0.25   10.34   clock uncertainty
                          0.00   10.34   clock reconvergence pessimism
                          0.46   10.79   library recovery time
                                 10.79   data required time
-----------------------------------------------------------------------------
                                 10.79   data required time
                                 -2.59   data arrival time
-----------------------------------------------------------------------------
                                  8.20   slack (MET)


Startpoint: BTNC (input port clocked by CLK100MHZ)
Endpoint: _272_ (recovery check against rising-edge clock CLK100MHZ)
Path Group: asynchronous
Path Type: max
Corner: Slowest

Fanout     Cap    Slew   Delay    Time   Description
-----------------------------------------------------------------------------
                          0.00    0.00   clock CLK100MHZ (rise edge)
                          0.00    0.00   clock network delay (propagated)
                          2.00    2.00 v input external delay
     2    0.02    0.08    0.06    2.06 v BTNC (in)
                                         BTNC (net)
                  0.08    0.00    2.06 v _214_/A (sky130_fd_sc_hd__buf_4)
    10    0.07    0.17    0.38    2.44 v _214_/X (sky130_fd_sc_hd__buf_4)
                                         _112_ (net)
                  0.17    0.00    2.45 v _243_/A (sky130_fd_sc_hd__inv_2)
     1    0.00    0.06    0.12    2.56 ^ _243_/Y (sky130_fd_sc_hd__inv_2)
                                         _051_ (net)
                  0.06    0.00    2.56 ^ _272_/RESET_B (sky130_fd_sc_hd__dfrtp_1)
                                  2.56   data arrival time

                         10.00   10.00   clock CLK100MHZ (rise edge)
                          0.00   10.00   clock source latency
     1    0.02    0.13    0.09   10.09 ^ CLK100MHZ (in)
                                         CLK100MHZ (net)
                  0.13    0.00   10.09 ^ clkbuf_0_CLK100MHZ/A (sky130_fd_sc_hd__clkbuf_16)
     4    0.04    0.10    0.27   10.35 ^ clkbuf_0_CLK100MHZ/X (sky130_fd_sc_hd__clkbuf_16)
                                         clknet_0_CLK100MHZ (net)
                  0.10    0.00   10.35 ^ clkbuf_2_1__f_CLK100MHZ/A (sky130_fd_sc_hd__clkbuf_16)
     8    0.02    0.07    0.22   10.58 ^ clkbuf_2_1__f_CLK100MHZ/X (sky130_fd_sc_hd__clkbuf_16)
                                         clknet_2_1__leaf_CLK100MHZ (net)
                  0.07    0.00   10.58 ^ _272_/CLK (sky130_fd_sc_hd__dfrtp_1)
                         -0.25   10.33   clock uncertainty
                          0.00   10.33   clock reconvergence pessimism
                          0.47   10.80   library recovery time
                                 10.80   data required time
-----------------------------------------------------------------------------
                                 10.80   data required time
                                 -2.56   data arrival time
-----------------------------------------------------------------------------
                                  8.23   slack (MET)


Startpoint: BTNC (input port clocked by CLK100MHZ)
Endpoint: _267_ (recovery check against rising-edge clock CLK100MHZ)
Path Group: asynchronous
Path Type: max
Corner: Slowest

Fanout     Cap    Slew   Delay    Time   Description
-----------------------------------------------------------------------------
                          0.00    0.00   clock CLK100MHZ (rise edge)
                          0.00    0.00   clock network delay (propagated)
                          2.00    2.00 v input external delay
     2    0.02    0.08    0.06    2.06 v BTNC (in)
                                         BTNC (net)
                  0.08    0.00    2.06 v _214_/A (sky130_fd_sc_hd__buf_4)
    10    0.07    0.17    0.38    2.44 v _214_/X (sky130_fd_sc_hd__buf_4)
                                         _112_ (net)
                  0.17    0.00    2.45 v _238_/A (sky130_fd_sc_hd__inv_2)
     1    0.00    0.06    0.11    2.56 ^ _238_/Y (sky130_fd_sc_hd__inv_2)
                                         _046_ (net)
                  0.06    0.00    2.56 ^ _267_/RESET_B (sky130_fd_sc_hd__dfrtp_1)
                                  2.56   data arrival time

                         10.00   10.00   clock CLK100MHZ (rise edge)
                          0.00   10.00   clock source latency
     1    0.02    0.13    0.09   10.09 ^ CLK100MHZ (in)
                                         CLK100MHZ (net)
                  0.13    0.00   10.09 ^ clkbuf_0_CLK100MHZ/A (sky130_fd_sc_hd__clkbuf_16)
     4    0.04    0.10    0.27   10.35 ^ clkbuf_0_CLK100MHZ/X (sky130_fd_sc_hd__clkbuf_16)
                                         clknet_0_CLK100MHZ (net)
                  0.10    0.00   10.35 ^ clkbuf_2_3__f_CLK100MHZ/A (sky130_fd_sc_hd__clkbuf_16)
     8    0.03    0.07    0.23   10.58 ^ clkbuf_2_3__f_CLK100MHZ/X (sky130_fd_sc_hd__clkbuf_16)
                                         clknet_2_3__leaf_CLK100MHZ (net)
                  0.07    0.00   10.58 ^ _267_/CLK (sky130_fd_sc_hd__dfrtp_1)
                         -0.25   10.33   clock uncertainty
                          0.00   10.33   clock reconvergence pessimism
                          0.47   10.80   library recovery time
                                 10.80   data required time
-----------------------------------------------------------------------------
                                 10.80   data required time
                                 -2.56   data arrival time
-----------------------------------------------------------------------------
                                  8.25   slack (MET)


Startpoint: _250_ (rising edge-triggered flip-flop clocked by CLK100MHZ)
Endpoint: _250_ (rising edge-triggered flip-flop clocked by CLK100MHZ)
Path Group: CLK100MHZ
Path Type: max
Corner: Slowest

Fanout     Cap    Slew   Delay    Time   Description
-----------------------------------------------------------------------------
                          0.00    0.00   clock CLK100MHZ (rise edge)
                          0.00    0.00   clock source latency
     1    0.02    0.13    0.10    0.10 ^ CLK100MHZ (in)
                                         CLK100MHZ (net)
                  0.13    0.00    0.10 ^ clkbuf_0_CLK100MHZ/A (sky130_fd_sc_hd__clkbuf_16)
     4    0.04    0.10    0.30    0.39 ^ clkbuf_0_CLK100MHZ/X (sky130_fd_sc_hd__clkbuf_16)
                                         clknet_0_CLK100MHZ (net)
                  0.10    0.00    0.39 ^ clkbuf_2_2__f_CLK100MHZ/A (sky130_fd_sc_hd__clkbuf_16)
     8    0.03    0.08    0.26    0.65 ^ clkbuf_2_2__f_CLK100MHZ/X (sky130_fd_sc_hd__clkbuf_16)
                                         clknet_2_2__leaf_CLK100MHZ (net)
                  0.08    0.00    0.65 ^ _250_/CLK (sky130_fd_sc_hd__dfrtp_2)
     5    0.04    0.30    0.94    1.59 ^ _250_/Q (sky130_fd_sc_hd__dfrtp_2)
                                         decoder.delay[0] (net)
                  0.30    0.00    1.59 ^ _165_/A (sky130_fd_sc_hd__inv_2)
     1    0.00    0.06    0.12    1.71 v _165_/Y (sky130_fd_sc_hd__inv_2)
                                         _000_ (net)
                  0.06    0.00    1.71 v _250_/D (sky130_fd_sc_hd__dfrtp_2)
                                  1.71   data arrival time

                         10.00   10.00   clock CLK100MHZ (rise edge)
                          0.00   10.00   clock source latency
     1    0.02    0.13    0.09   10.09 ^ CLK100MHZ (in)
                                         CLK100MHZ (net)
                  0.13    0.00   10.09 ^ clkbuf_0_CLK100MHZ/A (sky130_fd_sc_hd__clkbuf_16)
     4    0.04    0.10    0.27   10.35 ^ clkbuf_0_CLK100MHZ/X (sky130_fd_sc_hd__clkbuf_16)
                                         clknet_0_CLK100MHZ (net)
                  0.10    0.00   10.36 ^ clkbuf_2_2__f_CLK100MHZ/A (sky130_fd_sc_hd__clkbuf_16)
     8    0.03    0.08    0.23   10.59 ^ clkbuf_2_2__f_CLK100MHZ/X (sky130_fd_sc_hd__clkbuf_16)
                                         clknet_2_2__leaf_CLK100MHZ (net)
                  0.08    0.00   10.59 ^ _250_/CLK (sky130_fd_sc_hd__dfrtp_2)
                         -0.25   10.34   clock uncertainty
                          0.06   10.40   clock reconvergence pessimism
                         -0.27   10.13   library setup time
                                 10.13   data required time
-----------------------------------------------------------------------------
                                 10.13   data required time
                                 -1.71   data arrival time
-----------------------------------------------------------------------------
                                  8.42   slack (MET)



worst slack corner Slowest: 2.5054
======================= Typical Corner ===================================

Startpoint: _249_ (rising edge-triggered flip-flop clocked by CLK100MHZ)
Endpoint: seg[0] (output port clocked by CLK100MHZ)
Path Group: CLK100MHZ
Path Type: max
Corner: Typical

Fanout     Cap    Slew   Delay    Time   Description
-----------------------------------------------------------------------------
                          0.00    0.00   clock CLK100MHZ (rise edge)
                          0.00    0.00   clock source latency
     1    0.02    0.09    0.06    0.06 ^ CLK100MHZ (in)
                                         CLK100MHZ (net)
                  0.09    0.00    0.06 ^ clkbuf_0_CLK100MHZ/A (sky130_fd_sc_hd__clkbuf_16)
     4    0.04    0.06    0.17    0.23 ^ clkbuf_0_CLK100MHZ/X (sky130_fd_sc_hd__clkbuf_16)
                                         clknet_0_CLK100MHZ (net)
                  0.06    0.00    0.23 ^ clkbuf_2_3__f_CLK100MHZ/A (sky130_fd_sc_hd__clkbuf_16)
     8    0.03    0.05    0.14    0.37 ^ clkbuf_2_3__f_CLK100MHZ/X (sky130_fd_sc_hd__clkbuf_16)
                                         clknet_2_3__leaf_CLK100MHZ (net)
                  0.05    0.00    0.37 ^ _249_/CLK (sky130_fd_sc_hd__dfrtp_4)
     6    0.04    0.11    0.56    0.93 v _249_/Q (sky130_fd_sc_hd__dfrtp_4)
                                         decoder.count[3] (net)
                  0.11    0.00    0.93 v _132_/A (sky130_fd_sc_hd__or3b_2)
     2    0.02    0.13    0.59    1.53 v _132_/X (sky130_fd_sc_hd__or3b_2)
                                         _064_ (net)
                  0.13    0.00    1.53 v _133_/B (sky130_fd_sc_hd__nor2_1)
     3    0.02    0.33    0.32    1.85 ^ _133_/Y (sky130_fd_sc_hd__nor2_1)
                                         _065_ (net)
                  0.33    0.00    1.85 ^ _158_/B1 (sky130_fd_sc_hd__a2111o_1)
     2    0.02    0.15    0.26    2.11 ^ _158_/X (sky130_fd_sc_hd__a2111o_1)
                                         net4 (net)
                  0.15    0.00    2.11 ^ _279_/A (sky130_fd_sc_hd__buf_1)
     1    0.01    0.13    0.18    2.28 ^ _279_/X (sky130_fd_sc_hd__buf_1)
                                         net1 (net)
                  0.13    0.00    2.28 ^ output1/A (sky130_fd_sc_hd__buf_1)
     1    0.03    0.40    0.37    2.65 ^ output1/X (sky130_fd_sc_hd__buf_1)
                                         seg[0] (net)
                  0.40    0.00    2.65 ^ seg[0] (out)
                                  2.65   data arrival time

                         10.00   10.00   clock CLK100MHZ (rise edge)
                          0.00   10.00   clock network delay (propagated)
                         -0.25    9.75   clock uncertainty
                          0.00    9.75   clock reconvergence pessimism
                         -2.00    7.75   output external delay
                                  7.75   data required time
-----------------------------------------------------------------------------
                                  7.75   data required time
                                 -2.65   data arrival time
-----------------------------------------------------------------------------
                                  5.10   slack (MET)


Startpoint: _249_ (rising edge-triggered flip-flop clocked by CLK100MHZ)
Endpoint: seg[5] (output port clocked by CLK100MHZ)
Path Group: CLK100MHZ
Path Type: max
Corner: Typical

Fanout     Cap    Slew   Delay    Time   Description
-----------------------------------------------------------------------------
                          0.00    0.00   clock CLK100MHZ (rise edge)
                          0.00    0.00   clock source latency
     1    0.02    0.09    0.06    0.06 ^ CLK100MHZ (in)
                                         CLK100MHZ (net)
                  0.09    0.00    0.06 ^ clkbuf_0_CLK100MHZ/A (sky130_fd_sc_hd__clkbuf_16)
     4    0.04    0.06    0.17    0.23 ^ clkbuf_0_CLK100MHZ/X (sky130_fd_sc_hd__clkbuf_16)
                                         clknet_0_CLK100MHZ (net)
                  0.06    0.00    0.23 ^ clkbuf_2_3__f_CLK100MHZ/A (sky130_fd_sc_hd__clkbuf_16)
     8    0.03    0.05    0.14    0.37 ^ clkbuf_2_3__f_CLK100MHZ/X (sky130_fd_sc_hd__clkbuf_16)
                                         clknet_2_3__leaf_CLK100MHZ (net)
                  0.05    0.00    0.37 ^ _249_/CLK (sky130_fd_sc_hd__dfrtp_4)
     6    0.04    0.11    0.56    0.93 v _249_/Q (sky130_fd_sc_hd__dfrtp_4)
                                         decoder.count[3] (net)
                  0.11    0.00    0.93 v _155_/A (sky130_fd_sc_hd__nor2_2)
     4    0.03    0.36    0.36    1.29 ^ _155_/Y (sky130_fd_sc_hd__nor2_2)
                                         _079_ (net)
                  0.36    0.00    1.29 ^ _156_/B (sky130_fd_sc_hd__nand2_1)
     2    0.02    0.17    0.23    1.53 v _156_/Y (sky130_fd_sc_hd__nand2_1)
                                         _080_ (net)
                  0.17    0.00    1.53 v _157_/B (sky130_fd_sc_hd__nor2_1)
     2    0.01    0.28    0.29    1.82 ^ _157_/Y (sky130_fd_sc_hd__nor2_1)
                                         _081_ (net)
                  0.28    0.00    1.82 ^ _162_/C (sky130_fd_sc_hd__or3_1)
     1    0.01    0.10    0.20    2.02 ^ _162_/X (sky130_fd_sc_hd__or3_1)
                                         _082_ (net)
                  0.10    0.00    2.02 ^ _163_/A (sky130_fd_sc_hd__clkbuf_1)
     1    0.01    0.16    0.19    2.21 ^ _163_/X (sky130_fd_sc_hd__clkbuf_1)
                                         net6 (net)
                  0.16    0.00    2.21 ^ output6/A (sky130_fd_sc_hd__buf_1)
     1    0.03    0.40    0.37    2.58 ^ output6/X (sky130_fd_sc_hd__buf_1)
                                         seg[5] (net)
                  0.40    0.00    2.58 ^ seg[5] (out)
                                  2.58   data arrival time

                         10.00   10.00   clock CLK100MHZ (rise edge)
                          0.00   10.00   clock network delay (propagated)
                         -0.25    9.75   clock uncertainty
                          0.00    9.75   clock reconvergence pessimism
                         -2.00    7.75   output external delay
                                  7.75   data required time
-----------------------------------------------------------------------------
                                  7.75   data required time
                                 -2.58   data arrival time
-----------------------------------------------------------------------------
                                  5.17   slack (MET)


Startpoint: _249_ (rising edge-triggered flip-flop clocked by CLK100MHZ)
Endpoint: seg[3] (output port clocked by CLK100MHZ)
Path Group: CLK100MHZ
Path Type: max
Corner: Typical

Fanout     Cap    Slew   Delay    Time   Description
-----------------------------------------------------------------------------
                          0.00    0.00   clock CLK100MHZ (rise edge)
                          0.00    0.00   clock source latency
     1    0.02    0.09    0.06    0.06 ^ CLK100MHZ (in)
                                         CLK100MHZ (net)
                  0.09    0.00    0.06 ^ clkbuf_0_CLK100MHZ/A (sky130_fd_sc_hd__clkbuf_16)
     4    0.04    0.06    0.17    0.23 ^ clkbuf_0_CLK100MHZ/X (sky130_fd_sc_hd__clkbuf_16)
                                         clknet_0_CLK100MHZ (net)
                  0.06    0.00    0.23 ^ clkbuf_2_3__f_CLK100MHZ/A (sky130_fd_sc_hd__clkbuf_16)
     8    0.03    0.05    0.14    0.37 ^ clkbuf_2_3__f_CLK100MHZ/X (sky130_fd_sc_hd__clkbuf_16)
                                         clknet_2_3__leaf_CLK100MHZ (net)
                  0.05    0.00    0.37 ^ _249_/CLK (sky130_fd_sc_hd__dfrtp_4)
     6    0.04    0.11    0.56    0.93 v _249_/Q (sky130_fd_sc_hd__dfrtp_4)
                                         decoder.count[3] (net)
                  0.11    0.00    0.93 v _132_/A (sky130_fd_sc_hd__or3b_2)
     2    0.02    0.13    0.59    1.53 v _132_/X (sky130_fd_sc_hd__or3b_2)
                                         _064_ (net)
                  0.13    0.00    1.53 v _133_/B (sky130_fd_sc_hd__nor2_1)
     3    0.02    0.33    0.32    1.85 ^ _133_/Y (sky130_fd_sc_hd__nor2_1)
                                         _065_ (net)
                  0.33    0.00    1.85 ^ _158_/B1 (sky130_fd_sc_hd__a2111o_1)
     2    0.02    0.15    0.26    2.11 ^ _158_/X (sky130_fd_sc_hd__a2111o_1)
                                         net4 (net)
                  0.15    0.00    2.11 ^ output4/A (sky130_fd_sc_hd__buf_1)
     1    0.03    0.40    0.37    2.48 ^ output4/X (sky130_fd_sc_hd__buf_1)
                                         seg[3] (net)
                  0.40    0.00    2.48 ^ seg[3] (out)
                                  2.48   data arrival time

                         10.00   10.00   clock CLK100MHZ (rise edge)
                          0.00   10.00   clock network delay (propagated)
                         -0.25    9.75   clock uncertainty
                          0.00    9.75   clock reconvergence pessimism
                         -2.00    7.75   output external delay
                                  7.75   data required time
-----------------------------------------------------------------------------
                                  7.75   data required time
                                 -2.48   data arrival time
-----------------------------------------------------------------------------
                                  5.27   slack (MET)


Startpoint: _249_ (rising edge-triggered flip-flop clocked by CLK100MHZ)
Endpoint: seg[1] (output port clocked by CLK100MHZ)
Path Group: CLK100MHZ
Path Type: max
Corner: Typical

Fanout     Cap    Slew   Delay    Time   Description
-----------------------------------------------------------------------------
                          0.00    0.00   clock CLK100MHZ (rise edge)
                          0.00    0.00   clock source latency
     1    0.02    0.09    0.06    0.06 ^ CLK100MHZ (in)
                                         CLK100MHZ (net)
                  0.09    0.00    0.06 ^ clkbuf_0_CLK100MHZ/A (sky130_fd_sc_hd__clkbuf_16)
     4    0.04    0.06    0.17    0.23 ^ clkbuf_0_CLK100MHZ/X (sky130_fd_sc_hd__clkbuf_16)
                                         clknet_0_CLK100MHZ (net)
                  0.06    0.00    0.23 ^ clkbuf_2_3__f_CLK100MHZ/A (sky130_fd_sc_hd__clkbuf_16)
     8    0.03    0.05    0.14    0.37 ^ clkbuf_2_3__f_CLK100MHZ/X (sky130_fd_sc_hd__clkbuf_16)
                                         clknet_2_3__leaf_CLK100MHZ (net)
                  0.05    0.00    0.37 ^ _249_/CLK (sky130_fd_sc_hd__dfrtp_4)
     6    0.04    0.11    0.56    0.93 v _249_/Q (sky130_fd_sc_hd__dfrtp_4)
                                         decoder.count[3] (net)
                  0.11    0.00    0.93 v _132_/A (sky130_fd_sc_hd__or3b_2)
     2    0.02    0.13    0.59    1.53 v _132_/X (sky130_fd_sc_hd__or3b_2)
                                         _064_ (net)
                  0.13    0.00    1.53 v _133_/B (sky130_fd_sc_hd__nor2_1)
     3    0.02    0.33    0.32    1.85 ^ _133_/Y (sky130_fd_sc_hd__nor2_1)
                                         _065_ (net)
                  0.33    0.00    1.85 ^ _159_/A (sky130_fd_sc_hd__nor2_1)
     1    0.00    0.08    0.11    1.96 v _159_/Y (sky130_fd_sc_hd__nor2_1)
                                         net2 (net)
                  0.08    0.00    1.96 v output2/A (sky130_fd_sc_hd__buf_1)
     1    0.03    0.20    0.25    2.21 v output2/X (sky130_fd_sc_hd__buf_1)
                                         seg[1] (net)
                  0.20    0.00    2.21 v seg[1] (out)
                                  2.21   data arrival time

                         10.00   10.00   clock CLK100MHZ (rise edge)
                          0.00   10.00   clock network delay (propagated)
                         -0.25    9.75   clock uncertainty
                          0.00    9.75   clock reconvergence pessimism
                         -2.00    7.75   output external delay
                                  7.75   data required time
-----------------------------------------------------------------------------
                                  7.75   data required time
                                 -2.21   data arrival time
-----------------------------------------------------------------------------
                                  5.54   slack (MET)


Startpoint: _249_ (rising edge-triggered flip-flop clocked by CLK100MHZ)
Endpoint: seg[6] (output port clocked by CLK100MHZ)
Path Group: CLK100MHZ
Path Type: max
Corner: Typical

Fanout     Cap    Slew   Delay    Time   Description
-----------------------------------------------------------------------------
                          0.00    0.00   clock CLK100MHZ (rise edge)
                          0.00    0.00   clock source latency
     1    0.02    0.09    0.06    0.06 ^ CLK100MHZ (in)
                                         CLK100MHZ (net)
                  0.09    0.00    0.06 ^ clkbuf_0_CLK100MHZ/A (sky130_fd_sc_hd__clkbuf_16)
     4    0.04    0.06    0.17    0.23 ^ clkbuf_0_CLK100MHZ/X (sky130_fd_sc_hd__clkbuf_16)
                                         clknet_0_CLK100MHZ (net)
                  0.06    0.00    0.23 ^ clkbuf_2_3__f_CLK100MHZ/A (sky130_fd_sc_hd__clkbuf_16)
     8    0.03    0.05    0.14    0.37 ^ clkbuf_2_3__f_CLK100MHZ/X (sky130_fd_sc_hd__clkbuf_16)
                                         clknet_2_3__leaf_CLK100MHZ (net)
                  0.05    0.00    0.37 ^ _249_/CLK (sky130_fd_sc_hd__dfrtp_4)
     6    0.04    0.11    0.56    0.93 v _249_/Q (sky130_fd_sc_hd__dfrtp_4)
                                         decoder.count[3] (net)
                  0.11    0.00    0.93 v _132_/A (sky130_fd_sc_hd__or3b_2)
     2    0.02    0.13    0.59    1.53 v _132_/X (sky130_fd_sc_hd__or3b_2)
                                         _064_ (net)
                  0.13    0.00    1.53 v _164_/B1_N (sky130_fd_sc_hd__a21boi_1)
     1    0.01    0.12    0.20    1.73 v _164_/Y (sky130_fd_sc_hd__a21boi_1)
                                         net7 (net)
                  0.12    0.00    1.73 v output7/A (sky130_fd_sc_hd__buf_1)
     1    0.03    0.20    0.27    2.00 v output7/X (sky130_fd_sc_hd__buf_1)
                                         seg[6] (net)
                  0.20    0.00    2.00 v seg[6] (out)
                                  2.00   data arrival time

                         10.00   10.00   clock CLK100MHZ (rise edge)
                          0.00   10.00   clock network delay (propagated)
                         -0.25    9.75   clock uncertainty
                          0.00    9.75   clock reconvergence pessimism
                         -2.00    7.75   output external delay
                                  7.75   data required time
-----------------------------------------------------------------------------
                                  7.75   data required time
                                 -2.00   data arrival time
-----------------------------------------------------------------------------
                                  5.75   slack (MET)


Startpoint: _249_ (rising edge-triggered flip-flop clocked by CLK100MHZ)
Endpoint: seg[2] (output port clocked by CLK100MHZ)
Path Group: CLK100MHZ
Path Type: max
Corner: Typical

Fanout     Cap    Slew   Delay    Time   Description
-----------------------------------------------------------------------------
                          0.00    0.00   clock CLK100MHZ (rise edge)
                          0.00    0.00   clock source latency
     1    0.02    0.09    0.06    0.06 ^ CLK100MHZ (in)
                                         CLK100MHZ (net)
                  0.09    0.00    0.06 ^ clkbuf_0_CLK100MHZ/A (sky130_fd_sc_hd__clkbuf_16)
     4    0.04    0.06    0.17    0.23 ^ clkbuf_0_CLK100MHZ/X (sky130_fd_sc_hd__clkbuf_16)
                                         clknet_0_CLK100MHZ (net)
                  0.06    0.00    0.23 ^ clkbuf_2_3__f_CLK100MHZ/A (sky130_fd_sc_hd__clkbuf_16)
     8    0.03    0.05    0.14    0.37 ^ clkbuf_2_3__f_CLK100MHZ/X (sky130_fd_sc_hd__clkbuf_16)
                                         clknet_2_3__leaf_CLK100MHZ (net)
                  0.05    0.00    0.37 ^ _249_/CLK (sky130_fd_sc_hd__dfrtp_4)
     6    0.04    0.11    0.56    0.93 v _249_/Q (sky130_fd_sc_hd__dfrtp_4)
                                         decoder.count[3] (net)
                  0.11    0.00    0.93 v _155_/A (sky130_fd_sc_hd__nor2_2)
     4    0.03    0.36    0.36    1.29 ^ _155_/Y (sky130_fd_sc_hd__nor2_2)
                                         _079_ (net)
                  0.36    0.00    1.29 ^ _156_/B (sky130_fd_sc_hd__nand2_1)
     2    0.02    0.17    0.23    1.53 v _156_/Y (sky130_fd_sc_hd__nand2_1)
                                         _080_ (net)
                  0.17    0.00    1.53 v _160_/B1 (sky130_fd_sc_hd__o21a_1)
     1    0.01    0.08    0.21    1.74 v _160_/X (sky130_fd_sc_hd__o21a_1)
                                         net3 (net)
                  0.08    0.00    1.74 v output3/A (sky130_fd_sc_hd__buf_1)
     1    0.03    0.20    0.25    1.99 v output3/X (sky130_fd_sc_hd__buf_1)
                                         seg[2] (net)
                  0.20    0.00    1.99 v seg[2] (out)
                                  1.99   data arrival time

                         10.00   10.00   clock CLK100MHZ (rise edge)
                          0.00   10.00   clock network delay (propagated)
                         -0.25    9.75   clock uncertainty
                          0.00    9.75   clock reconvergence pessimism
                         -2.00    7.75   output external delay
                                  7.75   data required time
-----------------------------------------------------------------------------
                                  7.75   data required time
                                 -1.99   data arrival time
-----------------------------------------------------------------------------
                                  5.76   slack (MET)


Startpoint: _249_ (rising edge-triggered flip-flop clocked by CLK100MHZ)
Endpoint: seg[4] (output port clocked by CLK100MHZ)
Path Group: CLK100MHZ
Path Type: max
Corner: Typical

Fanout     Cap    Slew   Delay    Time   Description
-----------------------------------------------------------------------------
                          0.00    0.00   clock CLK100MHZ (rise edge)
                          0.00    0.00   clock source latency
     1    0.02    0.09    0.06    0.06 ^ CLK100MHZ (in)
                                         CLK100MHZ (net)
                  0.09    0.00    0.06 ^ clkbuf_0_CLK100MHZ/A (sky130_fd_sc_hd__clkbuf_16)
     4    0.04    0.06    0.17    0.23 ^ clkbuf_0_CLK100MHZ/X (sky130_fd_sc_hd__clkbuf_16)
                                         clknet_0_CLK100MHZ (net)
                  0.06    0.00    0.23 ^ clkbuf_2_3__f_CLK100MHZ/A (sky130_fd_sc_hd__clkbuf_16)
     8    0.03    0.05    0.14    0.37 ^ clkbuf_2_3__f_CLK100MHZ/X (sky130_fd_sc_hd__clkbuf_16)
                                         clknet_2_3__leaf_CLK100MHZ (net)
                  0.05    0.00    0.37 ^ _249_/CLK (sky130_fd_sc_hd__dfrtp_4)
     6    0.04    0.11    0.56    0.93 v _249_/Q (sky130_fd_sc_hd__dfrtp_4)
                                         decoder.count[3] (net)
                  0.11    0.00    0.93 v _155_/A (sky130_fd_sc_hd__nor2_2)
     4    0.03    0.36    0.36    1.29 ^ _155_/Y (sky130_fd_sc_hd__nor2_2)
                                         _079_ (net)
                  0.36    0.00    1.29 ^ _161_/B (sky130_fd_sc_hd__nand2_1)
     1    0.01    0.11    0.17    1.46 v _161_/Y (sky130_fd_sc_hd__nand2_1)
                                         net5 (net)
                  0.11    0.00    1.46 v output5/A (sky130_fd_sc_hd__buf_1)
     1    0.03    0.20    0.26    1.72 v output5/X (sky130_fd_sc_hd__buf_1)
                                         seg[4] (net)
                  0.20    0.00    1.72 v seg[4] (out)
                                  1.72   data arrival time

                         10.00   10.00   clock CLK100MHZ (rise edge)
                          0.00   10.00   clock network delay (propagated)
                         -0.25    9.75   clock uncertainty
                          0.00    9.75   clock reconvergence pessimism
                         -2.00    7.75   output external delay
                                  7.75   data required time
-----------------------------------------------------------------------------
                                  7.75   data required time
                                 -1.72   data arrival time
-----------------------------------------------------------------------------
                                  6.03   slack (MET)


Startpoint: _260_ (rising edge-triggered flip-flop clocked by CLK100MHZ)
Endpoint: _271_ (rising edge-triggered flip-flop clocked by CLK100MHZ)
Path Group: CLK100MHZ
Path Type: max
Corner: Typical

Fanout     Cap    Slew   Delay    Time   Description
-----------------------------------------------------------------------------
                          0.00    0.00   clock CLK100MHZ (rise edge)
                          0.00    0.00   clock source latency
     1    0.02    0.09    0.06    0.06 ^ CLK100MHZ (in)
                                         CLK100MHZ (net)
                  0.09    0.00    0.06 ^ clkbuf_0_CLK100MHZ/A (sky130_fd_sc_hd__clkbuf_16)
     4    0.04    0.06    0.17    0.23 ^ clkbuf_0_CLK100MHZ/X (sky130_fd_sc_hd__clkbuf_16)
                                         clknet_0_CLK100MHZ (net)
                  0.06    0.00    0.23 ^ clkbuf_2_1__f_CLK100MHZ/A (sky130_fd_sc_hd__clkbuf_16)
     8    0.02    0.04    0.14    0.37 ^ clkbuf_2_1__f_CLK100MHZ/X (sky130_fd_sc_hd__clkbuf_16)
                                         clknet_2_1__leaf_CLK100MHZ (net)
                  0.04    0.00    0.37 ^ _260_/CLK (sky130_fd_sc_hd__dfrtp_1)
     3    0.03    0.23    0.48    0.85 ^ _260_/Q (sky130_fd_sc_hd__dfrtp_1)
                                         decoder.delay[10] (net)
                  0.23    0.00    0.85 ^ _124_/D (sky130_fd_sc_hd__and4_1)
     4    0.03    0.25    0.40    1.25 ^ _124_/X (sky130_fd_sc_hd__and4_1)
                                         _119_ (net)
                  0.25    0.00    1.25 ^ _128_/A (sky130_fd_sc_hd__and4_2)
     7    0.04    0.23    0.44    1.69 ^ _128_/X (sky130_fd_sc_hd__and4_2)
                                         _061_ (net)
                  0.23    0.00    1.69 ^ _134_/A (sky130_fd_sc_hd__clkbuf_4)
    10    0.06    0.17    0.31    2.00 ^ _134_/X (sky130_fd_sc_hd__clkbuf_4)
                                         _066_ (net)
                  0.17    0.00    2.00 ^ _146_/C (sky130_fd_sc_hd__and3_1)
     2    0.01    0.16    0.27    2.27 ^ _146_/X (sky130_fd_sc_hd__and3_1)
                                         _074_ (net)
                  0.16    0.00    2.28 ^ _147_/B1_N (sky130_fd_sc_hd__o21ba_1)
     1    0.02    0.09    0.23    2.51 v _147_/X (sky130_fd_sc_hd__o21ba_1)
                                         _013_ (net)
                  0.09    0.00    2.51 v _271_/D (sky130_fd_sc_hd__dfrtp_1)
                                  2.51   data arrival time

                         10.00   10.00   clock CLK100MHZ (rise edge)
                          0.00   10.00   clock source latency
     1    0.02    0.09    0.06   10.06 ^ CLK100MHZ (in)
                                         CLK100MHZ (net)
                  0.09    0.00   10.06 ^ clkbuf_0_CLK100MHZ/A (sky130_fd_sc_hd__clkbuf_16)
     4    0.04    0.06    0.15   10.21 ^ clkbuf_0_CLK100MHZ/X (sky130_fd_sc_hd__clkbuf_16)
                                         clknet_0_CLK100MHZ (net)
                  0.06    0.00   10.21 ^ clkbuf_2_0__f_CLK100MHZ/A (sky130_fd_sc_hd__clkbuf_16)
     8    0.03    0.05    0.13   10.34 ^ clkbuf_2_0__f_CLK100MHZ/X (sky130_fd_sc_hd__clkbuf_16)
                                         clknet_2_0__leaf_CLK100MHZ (net)
                  0.05    0.00   10.34 ^ _271_/CLK (sky130_fd_sc_hd__dfrtp_1)
                         -0.25   10.09   clock uncertainty
                          0.02   10.11   clock reconvergence pessimism
                         -0.13    9.98   library setup time
                                  9.98   data required time
-----------------------------------------------------------------------------
                                  9.98   data required time
                                 -2.51   data arrival time
-----------------------------------------------------------------------------
                                  7.47   slack (MET)


Startpoint: _250_ (rising edge-triggered flip-flop clocked by CLK100MHZ)
Endpoint: _246_ (rising edge-triggered flip-flop clocked by CLK100MHZ)
Path Group: CLK100MHZ
Path Type: max
Corner: Typical

Fanout     Cap    Slew   Delay    Time   Description
-----------------------------------------------------------------------------
                          0.00    0.00   clock CLK100MHZ (rise edge)
                          0.00    0.00   clock source latency
     1    0.02    0.09    0.06    0.06 ^ CLK100MHZ (in)
                                         CLK100MHZ (net)
                  0.09    0.00    0.06 ^ clkbuf_0_CLK100MHZ/A (sky130_fd_sc_hd__clkbuf_16)
     4    0.04    0.06    0.17    0.23 ^ clkbuf_0_CLK100MHZ/X (sky130_fd_sc_hd__clkbuf_16)
                                         clknet_0_CLK100MHZ (net)
                  0.06    0.00    0.23 ^ clkbuf_2_2__f_CLK100MHZ/A (sky130_fd_sc_hd__clkbuf_16)
     8    0.03    0.05    0.15    0.37 ^ clkbuf_2_2__f_CLK100MHZ/X (sky130_fd_sc_hd__clkbuf_16)
                                         clknet_2_2__leaf_CLK100MHZ (net)
                  0.05    0.00    0.38 ^ _250_/CLK (sky130_fd_sc_hd__dfrtp_2)
     5    0.04    0.19    0.49    0.86 ^ _250_/Q (sky130_fd_sc_hd__dfrtp_2)
                                         decoder.delay[0] (net)
                  0.19    0.00    0.86 ^ _126_/B (sky130_fd_sc_hd__and4_2)
     6    0.03    0.20    0.40    1.26 ^ _126_/X (sky130_fd_sc_hd__and4_2)
                                         _059_ (net)
                  0.20    0.00    1.26 ^ _128_/C (sky130_fd_sc_hd__and4_2)
     7    0.04    0.23    0.43    1.69 ^ _128_/X (sky130_fd_sc_hd__and4_2)
                                         _061_ (net)
                  0.23    0.00    1.69 ^ _134_/A (sky130_fd_sc_hd__clkbuf_4)
    10    0.06    0.17    0.31    2.00 ^ _134_/X (sky130_fd_sc_hd__clkbuf_4)
                                         _066_ (net)
                  0.17    0.00    2.00 ^ _135_/B (sky130_fd_sc_hd__nand4b_2)
     2    0.02    0.19    0.23    2.23 v _135_/Y (sky130_fd_sc_hd__nand4b_2)
                                         _067_ (net)
                  0.19    0.00    2.23 v _142_/A2 (sky130_fd_sc_hd__a21oi_1)
     1    0.01    0.21    0.29    2.51 ^ _142_/Y (sky130_fd_sc_hd__a21oi_1)
                                         _054_ (net)
                  0.21    0.00    2.51 ^ _246_/D (sky130_fd_sc_hd__dfrtp_4)
                                  2.51   data arrival time

                         10.00   10.00   clock CLK100MHZ (rise edge)
                          0.00   10.00   clock source latency
     1    0.02    0.09    0.06   10.06 ^ CLK100MHZ (in)
                                         CLK100MHZ (net)
                  0.09    0.00   10.06 ^ clkbuf_0_CLK100MHZ/A (sky130_fd_sc_hd__clkbuf_16)
     4    0.04    0.06    0.15   10.21 ^ clkbuf_0_CLK100MHZ/X (sky130_fd_sc_hd__clkbuf_16)
                                         clknet_0_CLK100MHZ (net)
                  0.06    0.00   10.21 ^ clkbuf_2_1__f_CLK100MHZ/A (sky130_fd_sc_hd__clkbuf_16)
     8    0.02    0.04    0.13   10.33 ^ clkbuf_2_1__f_CLK100MHZ/X (sky130_fd_sc_hd__clkbuf_16)
                                         clknet_2_1__leaf_CLK100MHZ (net)
                  0.04    0.00   10.33 ^ _246_/CLK (sky130_fd_sc_hd__dfrtp_4)
                         -0.25   10.08   clock uncertainty
                          0.02   10.11   clock reconvergence pessimism
                         -0.10   10.00   library setup time
                                 10.00   data required time
-----------------------------------------------------------------------------
                                 10.00   data required time
                                 -2.51   data arrival time
-----------------------------------------------------------------------------
                                  7.49   slack (MET)


Startpoint: _252_ (rising edge-triggered flip-flop clocked by CLK100MHZ)
Endpoint: _261_ (rising edge-triggered flip-flop clocked by CLK100MHZ)
Path Group: CLK100MHZ
Path Type: max
Corner: Typical

Fanout     Cap    Slew   Delay    Time   Description
-----------------------------------------------------------------------------
                          0.00    0.00   clock CLK100MHZ (rise edge)
                          0.00    0.00   clock source latency
     1    0.02    0.09    0.06    0.06 ^ CLK100MHZ (in)
                                         CLK100MHZ (net)
                  0.09    0.00    0.06 ^ clkbuf_0_CLK100MHZ/A (sky130_fd_sc_hd__clkbuf_16)
     4    0.04    0.06    0.17    0.23 ^ clkbuf_0_CLK100MHZ/X (sky130_fd_sc_hd__clkbuf_16)
                                         clknet_0_CLK100MHZ (net)
                  0.06    0.00    0.23 ^ clkbuf_2_2__f_CLK100MHZ/A (sky130_fd_sc_hd__clkbuf_16)
     8    0.03    0.05    0.15    0.37 ^ clkbuf_2_2__f_CLK100MHZ/X (sky130_fd_sc_hd__clkbuf_16)
                                         clknet_2_2__leaf_CLK100MHZ (net)
                  0.05    0.00    0.38 ^ _252_/CLK (sky130_fd_sc_hd__dfrtp_2)
     3    0.03    0.11    0.49    0.87 v _252_/Q (sky130_fd_sc_hd__dfrtp_2)
                                         decoder.delay[2] (net)
                  0.11    0.00    0.87 v _126_/C (sky130_fd_sc_hd__and4_2)
     6    0.03    0.11    0.34    1.21 v _126_/X (sky130_fd_sc_hd__and4_2)
                                         _059_ (net)
                  0.11    0.00    1.21 v _182_/B (sky130_fd_sc_hd__and3_1)
     2    0.01    0.07    0.23    1.45 v _182_/X (sky130_fd_sc_hd__and3_1)
                                         _093_ (net)
                  0.07    0.00    1.45 v _183_/A (sky130_fd_sc_hd__buf_2)
    10    0.05    0.12    0.23    1.68 v _183_/X (sky130_fd_sc_hd__buf_2)
                                         _094_ (net)
                  0.12    0.00    1.68 v _195_/A2 (sky130_fd_sc_hd__a21oi_1)
     1    0.02    0.34    0.36    2.04 ^ _195_/Y (sky130_fd_sc_hd__a21oi_1)
                                         _102_ (net)
                  0.34    0.00    2.04 ^ _197_/A_N (sky130_fd_sc_hd__and2b_1)
     1    0.01    0.06    0.27    2.31 v _197_/X (sky130_fd_sc_hd__and2b_1)
                                         _104_ (net)
                  0.06    0.00    2.31 v _198_/A (sky130_fd_sc_hd__buf_1)
     2    0.02    0.09    0.16    2.47 v _198_/X (sky130_fd_sc_hd__buf_1)
                                         _002_ (net)
                  0.09    0.00    2.47 v _261_/D (sky130_fd_sc_hd__dfrtp_1)
                                  2.47   data arrival time

                         10.00   10.00   clock CLK100MHZ (rise edge)
                          0.00   10.00   clock source latency
     1    0.02    0.09    0.06   10.06 ^ CLK100MHZ (in)
                                         CLK100MHZ (net)
                  0.09    0.00   10.06 ^ clkbuf_0_CLK100MHZ/A (sky130_fd_sc_hd__clkbuf_16)
     4    0.04    0.06    0.15   10.21 ^ clkbuf_0_CLK100MHZ/X (sky130_fd_sc_hd__clkbuf_16)
                                         clknet_0_CLK100MHZ (net)
                  0.06    0.00   10.21 ^ clkbuf_2_3__f_CLK100MHZ/A (sky130_fd_sc_hd__clkbuf_16)
     8    0.03    0.05    0.13   10.34 ^ clkbuf_2_3__f_CLK100MHZ/X (sky130_fd_sc_hd__clkbuf_16)
                                         clknet_2_3__leaf_CLK100MHZ (net)
                  0.05    0.00   10.34 ^ _261_/CLK (sky130_fd_sc_hd__dfrtp_1)
                         -0.25   10.09   clock uncertainty
                          0.02   10.11   clock reconvergence pessimism
                         -0.14    9.97   library setup time
                                  9.97   data required time
-----------------------------------------------------------------------------
                                  9.97   data required time
                                 -2.47   data arrival time
-----------------------------------------------------------------------------
                                  7.50   slack (MET)


Startpoint: _260_ (rising edge-triggered flip-flop clocked by CLK100MHZ)
Endpoint: _248_ (rising edge-triggered flip-flop clocked by CLK100MHZ)
Path Group: CLK100MHZ
Path Type: max
Corner: Typical

Fanout     Cap    Slew   Delay    Time   Description
-----------------------------------------------------------------------------
                          0.00    0.00   clock CLK100MHZ (rise edge)
                          0.00    0.00   clock source latency
     1    0.02    0.09    0.06    0.06 ^ CLK100MHZ (in)
                                         CLK100MHZ (net)
                  0.09    0.00    0.06 ^ clkbuf_0_CLK100MHZ/A (sky130_fd_sc_hd__clkbuf_16)
     4    0.04    0.06    0.17    0.23 ^ clkbuf_0_CLK100MHZ/X (sky130_fd_sc_hd__clkbuf_16)
                                         clknet_0_CLK100MHZ (net)
                  0.06    0.00    0.23 ^ clkbuf_2_1__f_CLK100MHZ/A (sky130_fd_sc_hd__clkbuf_16)
     8    0.02    0.04    0.14    0.37 ^ clkbuf_2_1__f_CLK100MHZ/X (sky130_fd_sc_hd__clkbuf_16)
                                         clknet_2_1__leaf_CLK100MHZ (net)
                  0.04    0.00    0.37 ^ _260_/CLK (sky130_fd_sc_hd__dfrtp_1)
     3    0.03    0.23    0.48    0.85 ^ _260_/Q (sky130_fd_sc_hd__dfrtp_1)
                                         decoder.delay[10] (net)
                  0.23    0.00    0.85 ^ _124_/D (sky130_fd_sc_hd__and4_1)
     4    0.03    0.25    0.40    1.25 ^ _124_/X (sky130_fd_sc_hd__and4_1)
                                         _119_ (net)
                  0.25    0.00    1.25 ^ _128_/A (sky130_fd_sc_hd__and4_2)
     7    0.04    0.23    0.44    1.69 ^ _128_/X (sky130_fd_sc_hd__and4_2)
                                         _061_ (net)
                  0.23    0.00    1.69 ^ _134_/A (sky130_fd_sc_hd__clkbuf_4)
    10    0.06    0.17    0.31    2.00 ^ _134_/X (sky130_fd_sc_hd__clkbuf_4)
                                         _066_ (net)
                  0.17    0.00    2.00 ^ _135_/B (sky130_fd_sc_hd__nand4b_2)
     2    0.02    0.19    0.23    2.23 v _135_/Y (sky130_fd_sc_hd__nand4b_2)
                                         _067_ (net)
                  0.19    0.00    2.23 v _138_/A3 (sky130_fd_sc_hd__o31ai_1)
     1    0.00    0.21    0.27    2.50 ^ _138_/Y (sky130_fd_sc_hd__o31ai_1)
                                         _056_ (net)
                  0.21    0.00    2.50 ^ _248_/D (sky130_fd_sc_hd__dfrtp_4)
                                  2.50   data arrival time

                         10.00   10.00   clock CLK100MHZ (rise edge)
                          0.00   10.00   clock source latency
     1    0.02    0.09    0.06   10.06 ^ CLK100MHZ (in)
                                         CLK100MHZ (net)
                  0.09    0.00   10.06 ^ clkbuf_0_CLK100MHZ/A (sky130_fd_sc_hd__clkbuf_16)
     4    0.04    0.06    0.15   10.21 ^ clkbuf_0_CLK100MHZ/X (sky130_fd_sc_hd__clkbuf_16)
                                         clknet_0_CLK100MHZ (net)
                  0.06    0.00   10.21 ^ clkbuf_2_0__f_CLK100MHZ/A (sky130_fd_sc_hd__clkbuf_16)
     8    0.03    0.05    0.13   10.34 ^ clkbuf_2_0__f_CLK100MHZ/X (sky130_fd_sc_hd__clkbuf_16)
                                         clknet_2_0__leaf_CLK100MHZ (net)
                  0.05    0.00   10.34 ^ _248_/CLK (sky130_fd_sc_hd__dfrtp_4)
                         -0.25   10.09   clock uncertainty
                          0.02   10.11   clock reconvergence pessimism
                         -0.10   10.01   library setup time
                                 10.01   data required time
-----------------------------------------------------------------------------
                                 10.01   data required time
                                 -2.50   data arrival time
-----------------------------------------------------------------------------
                                  7.51   slack (MET)


Startpoint: _252_ (rising edge-triggered flip-flop clocked by CLK100MHZ)
Endpoint: _272_ (rising edge-triggered flip-flop clocked by CLK100MHZ)
Path Group: CLK100MHZ
Path Type: max
Corner: Typical

Fanout     Cap    Slew   Delay    Time   Description
-----------------------------------------------------------------------------
                          0.00    0.00   clock CLK100MHZ (rise edge)
                          0.00    0.00   clock source latency
     1    0.02    0.09    0.06    0.06 ^ CLK100MHZ (in)
                                         CLK100MHZ (net)
                  0.09    0.00    0.06 ^ clkbuf_0_CLK100MHZ/A (sky130_fd_sc_hd__clkbuf_16)
     4    0.04    0.06    0.17    0.23 ^ clkbuf_0_CLK100MHZ/X (sky130_fd_sc_hd__clkbuf_16)
                                         clknet_0_CLK100MHZ (net)
                  0.06    0.00    0.23 ^ clkbuf_2_2__f_CLK100MHZ/A (sky130_fd_sc_hd__clkbuf_16)
     8    0.03    0.05    0.15    0.37 ^ clkbuf_2_2__f_CLK100MHZ/X (sky130_fd_sc_hd__clkbuf_16)
                                         clknet_2_2__leaf_CLK100MHZ (net)
                  0.05    0.00    0.38 ^ _252_/CLK (sky130_fd_sc_hd__dfrtp_2)
     3    0.03    0.11    0.49    0.87 v _252_/Q (sky130_fd_sc_hd__dfrtp_2)
                                         decoder.delay[2] (net)
                  0.11    0.00    0.87 v _126_/C (sky130_fd_sc_hd__and4_2)
     6    0.03    0.11    0.34    1.21 v _126_/X (sky130_fd_sc_hd__and4_2)
                                         _059_ (net)
                  0.11    0.00    1.21 v _128_/C (sky130_fd_sc_hd__and4_2)
     7    0.04    0.12    0.36    1.57 v _128_/X (sky130_fd_sc_hd__and4_2)
                                         _061_ (net)
                  0.12    0.00    1.57 v _134_/A (sky130_fd_sc_hd__clkbuf_4)
    10    0.05    0.11    0.26    1.83 v _134_/X (sky130_fd_sc_hd__clkbuf_4)
                                         _066_ (net)
                  0.11    0.00    1.83 v _146_/C (sky130_fd_sc_hd__and3_1)
     2    0.01    0.09    0.27    2.10 v _146_/X (sky130_fd_sc_hd__and3_1)
                                         _074_ (net)
                  0.09    0.00    2.10 v _149_/B1 (sky130_fd_sc_hd__o2bb2a_1)
     1    0.00    0.06    0.32    2.42 v _149_/X (sky130_fd_sc_hd__o2bb2a_1)
                                         _014_ (net)
                  0.06    0.00    2.42 v _272_/D (sky130_fd_sc_hd__dfrtp_1)
                                  2.42   data arrival time

                         10.00   10.00   clock CLK100MHZ (rise edge)
                          0.00   10.00   clock source latency
     1    0.02    0.09    0.06   10.06 ^ CLK100MHZ (in)
                                         CLK100MHZ (net)
                  0.09    0.00   10.06 ^ clkbuf_0_CLK100MHZ/A (sky130_fd_sc_hd__clkbuf_16)
     4    0.04    0.06    0.15   10.21 ^ clkbuf_0_CLK100MHZ/X (sky130_fd_sc_hd__clkbuf_16)
                                         clknet_0_CLK100MHZ (net)
                  0.06    0.00   10.21 ^ clkbuf_2_1__f_CLK100MHZ/A (sky130_fd_sc_hd__clkbuf_16)
     8    0.02    0.04    0.13   10.33 ^ clkbuf_2_1__f_CLK100MHZ/X (sky130_fd_sc_hd__clkbuf_16)
                                         clknet_2_1__leaf_CLK100MHZ (net)
                  0.04    0.00   10.33 ^ _272_/CLK (sky130_fd_sc_hd__dfrtp_1)
                         -0.25   10.08   clock uncertainty
                          0.02   10.11   clock reconvergence pessimism
                         -0.12    9.99   library setup time
                                  9.99   data required time
-----------------------------------------------------------------------------
                                  9.99   data required time
                                 -2.42   data arrival time
-----------------------------------------------------------------------------
                                  7.57   slack (MET)


Startpoint: _250_ (rising edge-triggered flip-flop clocked by CLK100MHZ)
Endpoint: _258_ (rising edge-triggered flip-flop clocked by CLK100MHZ)
Path Group: CLK100MHZ
Path Type: max
Corner: Typical

Fanout     Cap    Slew   Delay    Time   Description
-----------------------------------------------------------------------------
                          0.00    0.00   clock CLK100MHZ (rise edge)
                          0.00    0.00   clock source latency
     1    0.02    0.09    0.06    0.06 ^ CLK100MHZ (in)
                                         CLK100MHZ (net)
                  0.09    0.00    0.06 ^ clkbuf_0_CLK100MHZ/A (sky130_fd_sc_hd__clkbuf_16)
     4    0.04    0.06    0.17    0.23 ^ clkbuf_0_CLK100MHZ/X (sky130_fd_sc_hd__clkbuf_16)
                                         clknet_0_CLK100MHZ (net)
                  0.06    0.00    0.23 ^ clkbuf_2_2__f_CLK100MHZ/A (sky130_fd_sc_hd__clkbuf_16)
     8    0.03    0.05    0.15    0.37 ^ clkbuf_2_2__f_CLK100MHZ/X (sky130_fd_sc_hd__clkbuf_16)
                                         clknet_2_2__leaf_CLK100MHZ (net)
                  0.05    0.00    0.38 ^ _250_/CLK (sky130_fd_sc_hd__dfrtp_2)
     5    0.04    0.19    0.49    0.86 ^ _250_/Q (sky130_fd_sc_hd__dfrtp_2)
                                         decoder.delay[0] (net)
                  0.19    0.00    0.86 ^ _126_/B (sky130_fd_sc_hd__and4_2)
     6    0.03    0.20    0.40    1.26 ^ _126_/X (sky130_fd_sc_hd__and4_2)
                                         _059_ (net)
                  0.20    0.00    1.26 ^ _182_/B (sky130_fd_sc_hd__and3_1)
     2    0.01    0.12    0.25    1.51 ^ _182_/X (sky130_fd_sc_hd__and3_1)
                                         _093_ (net)
                  0.12    0.00    1.51 ^ _183_/A (sky130_fd_sc_hd__buf_2)
    10    0.05    0.25    0.30    1.81 ^ _183_/X (sky130_fd_sc_hd__buf_2)
                                         _094_ (net)
                  0.25    0.00    1.81 ^ _188_/B (sky130_fd_sc_hd__nand2_1)
     2    0.02    0.16    0.21    2.02 v _188_/Y (sky130_fd_sc_hd__nand2_1)
                                         _098_ (net)
                  0.16    0.00    2.02 v _189_/B (sky130_fd_sc_hd__and2b_1)
     1    0.01    0.04    0.23    2.25 v _189_/X (sky130_fd_sc_hd__and2b_1)
                                         _099_ (net)
                  0.04    0.00    2.25 v _190_/A (sky130_fd_sc_hd__buf_1)
     1    0.01    0.09    0.15    2.40 v _190_/X (sky130_fd_sc_hd__buf_1)
                                         _023_ (net)
                  0.09    0.00    2.40 v _258_/D (sky130_fd_sc_hd__dfrtp_4)
                                  2.40   data arrival time

                         10.00   10.00   clock CLK100MHZ (rise edge)
                          0.00   10.00   clock source latency
     1    0.02    0.09    0.06   10.06 ^ CLK100MHZ (in)
                                         CLK100MHZ (net)
                  0.09    0.00   10.06 ^ clkbuf_0_CLK100MHZ/A (sky130_fd_sc_hd__clkbuf_16)
     4    0.04    0.06    0.15   10.21 ^ clkbuf_0_CLK100MHZ/X (sky130_fd_sc_hd__clkbuf_16)
                                         clknet_0_CLK100MHZ (net)
                  0.06    0.00   10.21 ^ clkbuf_2_3__f_CLK100MHZ/A (sky130_fd_sc_hd__clkbuf_16)
     8    0.03    0.05    0.13   10.34 ^ clkbuf_2_3__f_CLK100MHZ/X (sky130_fd_sc_hd__clkbuf_16)
                                         clknet_2_3__leaf_CLK100MHZ (net)
                  0.05    0.00   10.34 ^ _258_/CLK (sky130_fd_sc_hd__dfrtp_4)
                         -0.25   10.09   clock uncertainty
                          0.02   10.11   clock reconvergence pessimism
                         -0.13    9.98   library setup time
                                  9.98   data required time
-----------------------------------------------------------------------------
                                  9.98   data required time
                                 -2.40   data arrival time
-----------------------------------------------------------------------------
                                  7.58   slack (MET)


Startpoint: _260_ (rising edge-triggered flip-flop clocked by CLK100MHZ)
Endpoint: _270_ (rising edge-triggered flip-flop clocked by CLK100MHZ)
Path Group: CLK100MHZ
Path Type: max
Corner: Typical

Fanout     Cap    Slew   Delay    Time   Description
-----------------------------------------------------------------------------
                          0.00    0.00   clock CLK100MHZ (rise edge)
                          0.00    0.00   clock source latency
     1    0.02    0.09    0.06    0.06 ^ CLK100MHZ (in)
                                         CLK100MHZ (net)
                  0.09    0.00    0.06 ^ clkbuf_0_CLK100MHZ/A (sky130_fd_sc_hd__clkbuf_16)
     4    0.04    0.06    0.17    0.23 ^ clkbuf_0_CLK100MHZ/X (sky130_fd_sc_hd__clkbuf_16)
                                         clknet_0_CLK100MHZ (net)
                  0.06    0.00    0.23 ^ clkbuf_2_1__f_CLK100MHZ/A (sky130_fd_sc_hd__clkbuf_16)
     8    0.02    0.04    0.14    0.37 ^ clkbuf_2_1__f_CLK100MHZ/X (sky130_fd_sc_hd__clkbuf_16)
                                         clknet_2_1__leaf_CLK100MHZ (net)
                  0.04    0.00    0.37 ^ _260_/CLK (sky130_fd_sc_hd__dfrtp_1)
     3    0.03    0.23    0.48    0.85 ^ _260_/Q (sky130_fd_sc_hd__dfrtp_1)
                                         decoder.delay[10] (net)
                  0.23    0.00    0.85 ^ _124_/D (sky130_fd_sc_hd__and4_1)
     4    0.03    0.25    0.40    1.25 ^ _124_/X (sky130_fd_sc_hd__and4_1)
                                         _119_ (net)
                  0.25    0.00    1.25 ^ _128_/A (sky130_fd_sc_hd__and4_2)
     7    0.04    0.23    0.44    1.69 ^ _128_/X (sky130_fd_sc_hd__and4_2)
                                         _061_ (net)
                  0.23    0.00    1.69 ^ _134_/A (sky130_fd_sc_hd__clkbuf_4)
    10    0.06    0.17    0.31    2.00 ^ _134_/X (sky130_fd_sc_hd__clkbuf_4)
                                         _066_ (net)
                  0.17    0.00    2.00 ^ _144_/C (sky130_fd_sc_hd__and3_1)
     2    0.02    0.19    0.30    2.30 ^ _144_/X (sky130_fd_sc_hd__and3_1)
                                         _073_ (net)
                  0.19    0.00    2.30 ^ _145_/B (sky130_fd_sc_hd__nor2_1)
     1    0.01    0.07    0.10    2.40 v _145_/Y (sky130_fd_sc_hd__nor2_1)
                                         _012_ (net)
                  0.07    0.00    2.40 v _270_/D (sky130_fd_sc_hd__dfrtp_1)
                                  2.40   data arrival time

                         10.00   10.00   clock CLK100MHZ (rise edge)
                          0.00   10.00   clock source latency
     1    0.02    0.09    0.06   10.06 ^ CLK100MHZ (in)
                                         CLK100MHZ (net)
                  0.09    0.00   10.06 ^ clkbuf_0_CLK100MHZ/A (sky130_fd_sc_hd__clkbuf_16)
     4    0.04    0.06    0.15   10.21 ^ clkbuf_0_CLK100MHZ/X (sky130_fd_sc_hd__clkbuf_16)
                                         clknet_0_CLK100MHZ (net)
                  0.06    0.00   10.21 ^ clkbuf_2_0__f_CLK100MHZ/A (sky130_fd_sc_hd__clkbuf_16)
     8    0.03    0.05    0.13   10.34 ^ clkbuf_2_0__f_CLK100MHZ/X (sky130_fd_sc_hd__clkbuf_16)
                                         clknet_2_0__leaf_CLK100MHZ (net)
                  0.05    0.00   10.34 ^ _270_/CLK (sky130_fd_sc_hd__dfrtp_1)
                         -0.25   10.09   clock uncertainty
                          0.02   10.11   clock reconvergence pessimism
                         -0.12    9.98   library setup time
                                  9.98   data required time
-----------------------------------------------------------------------------
                                  9.98   data required time
                                 -2.40   data arrival time
-----------------------------------------------------------------------------
                                  7.58   slack (MET)


Startpoint: _260_ (rising edge-triggered flip-flop clocked by CLK100MHZ)
Endpoint: _249_ (rising edge-triggered flip-flop clocked by CLK100MHZ)
Path Group: CLK100MHZ
Path Type: max
Corner: Typical

Fanout     Cap    Slew   Delay    Time   Description
-----------------------------------------------------------------------------
                          0.00    0.00   clock CLK100MHZ (rise edge)
                          0.00    0.00   clock source latency
     1    0.02    0.09    0.06    0.06 ^ CLK100MHZ (in)
                                         CLK100MHZ (net)
                  0.09    0.00    0.06 ^ clkbuf_0_CLK100MHZ/A (sky130_fd_sc_hd__clkbuf_16)
     4    0.04    0.06    0.17    0.23 ^ clkbuf_0_CLK100MHZ/X (sky130_fd_sc_hd__clkbuf_16)
                                         clknet_0_CLK100MHZ (net)
                  0.06    0.00    0.23 ^ clkbuf_2_1__f_CLK100MHZ/A (sky130_fd_sc_hd__clkbuf_16)
     8    0.02    0.04    0.14    0.37 ^ clkbuf_2_1__f_CLK100MHZ/X (sky130_fd_sc_hd__clkbuf_16)
                                         clknet_2_1__leaf_CLK100MHZ (net)
                  0.04    0.00    0.37 ^ _260_/CLK (sky130_fd_sc_hd__dfrtp_1)
     3    0.03    0.23    0.48    0.85 ^ _260_/Q (sky130_fd_sc_hd__dfrtp_1)
                                         decoder.delay[10] (net)
                  0.23    0.00    0.85 ^ _124_/D (sky130_fd_sc_hd__and4_1)
     4    0.03    0.25    0.40    1.25 ^ _124_/X (sky130_fd_sc_hd__and4_1)
                                         _119_ (net)
                  0.25    0.00    1.25 ^ _128_/A (sky130_fd_sc_hd__and4_2)
     7    0.04    0.23    0.44    1.69 ^ _128_/X (sky130_fd_sc_hd__and4_2)
                                         _061_ (net)
                  0.23    0.00    1.69 ^ _129_/D (sky130_fd_sc_hd__and4_1)
     1    0.02    0.20    0.36    2.05 ^ _129_/X (sky130_fd_sc_hd__and4_1)
                                         _062_ (net)
                  0.20    0.00    2.05 ^ _130_/B (sky130_fd_sc_hd__xor2_1)
     1    0.01    0.30    0.32    2.37 ^ _130_/X (sky130_fd_sc_hd__xor2_1)
                                         _057_ (net)
                  0.30    0.00    2.37 ^ _249_/D (sky130_fd_sc_hd__dfrtp_4)
                                  2.37   data arrival time

                         10.00   10.00   clock CLK100MHZ (rise edge)
                          0.00   10.00   clock source latency
     1    0.02    0.09    0.06   10.06 ^ CLK100MHZ (in)
                                         CLK100MHZ (net)
                  0.09    0.00   10.06 ^ clkbuf_0_CLK100MHZ/A (sky130_fd_sc_hd__clkbuf_16)
     4    0.04    0.06    0.15   10.21 ^ clkbuf_0_CLK100MHZ/X (sky130_fd_sc_hd__clkbuf_16)
                                         clknet_0_CLK100MHZ (net)
                  0.06    0.00   10.21 ^ clkbuf_2_3__f_CLK100MHZ/A (sky130_fd_sc_hd__clkbuf_16)
     8    0.03    0.05    0.13   10.34 ^ clkbuf_2_3__f_CLK100MHZ/X (sky130_fd_sc_hd__clkbuf_16)
                                         clknet_2_3__leaf_CLK100MHZ (net)
                  0.05    0.00   10.34 ^ _249_/CLK (sky130_fd_sc_hd__dfrtp_4)
                         -0.25   10.09   clock uncertainty
                          0.02   10.11   clock reconvergence pessimism
                         -0.12    9.99   library setup time
                                  9.99   data required time
-----------------------------------------------------------------------------
                                  9.99   data required time
                                 -2.37   data arrival time
-----------------------------------------------------------------------------
                                  7.61   slack (MET)


Startpoint: _260_ (rising edge-triggered flip-flop clocked by CLK100MHZ)
Endpoint: _273_ (rising edge-triggered flip-flop clocked by CLK100MHZ)
Path Group: CLK100MHZ
Path Type: max
Corner: Typical

Fanout     Cap    Slew   Delay    Time   Description
-----------------------------------------------------------------------------
                          0.00    0.00   clock CLK100MHZ (rise edge)
                          0.00    0.00   clock source latency
     1    0.02    0.09    0.06    0.06 ^ CLK100MHZ (in)
                                         CLK100MHZ (net)
                  0.09    0.00    0.06 ^ clkbuf_0_CLK100MHZ/A (sky130_fd_sc_hd__clkbuf_16)
     4    0.04    0.06    0.17    0.23 ^ clkbuf_0_CLK100MHZ/X (sky130_fd_sc_hd__clkbuf_16)
                                         clknet_0_CLK100MHZ (net)
                  0.06    0.00    0.23 ^ clkbuf_2_1__f_CLK100MHZ/A (sky130_fd_sc_hd__clkbuf_16)
     8    0.02    0.04    0.14    0.37 ^ clkbuf_2_1__f_CLK100MHZ/X (sky130_fd_sc_hd__clkbuf_16)
                                         clknet_2_1__leaf_CLK100MHZ (net)
                  0.04    0.00    0.37 ^ _260_/CLK (sky130_fd_sc_hd__dfrtp_1)
     3    0.03    0.23    0.48    0.85 ^ _260_/Q (sky130_fd_sc_hd__dfrtp_1)
                                         decoder.delay[10] (net)
                  0.23    0.00    0.85 ^ _124_/D (sky130_fd_sc_hd__and4_1)
     4    0.03    0.25    0.40    1.25 ^ _124_/X (sky130_fd_sc_hd__and4_1)
                                         _119_ (net)
                  0.25    0.00    1.25 ^ _128_/A (sky130_fd_sc_hd__and4_2)
     7    0.04    0.23    0.44    1.69 ^ _128_/X (sky130_fd_sc_hd__and4_2)
                                         _061_ (net)
                  0.23    0.00    1.69 ^ _150_/B (sky130_fd_sc_hd__nand2_1)
     2    0.03    0.19    0.23    1.92 v _150_/Y (sky130_fd_sc_hd__nand2_1)
                                         _076_ (net)
                  0.19    0.00    1.92 v _152_/A (sky130_fd_sc_hd__and2_1)
     1    0.01    0.06    0.23    2.16 v _152_/X (sky130_fd_sc_hd__and2_1)
                                         _078_ (net)
                  0.06    0.00    2.16 v _153_/A (sky130_fd_sc_hd__buf_1)
     1    0.01    0.08    0.14    2.30 v _153_/X (sky130_fd_sc_hd__buf_1)
                                         _015_ (net)
                  0.08    0.00    2.30 v _273_/D (sky130_fd_sc_hd__dfrtp_1)
                                  2.30   data arrival time

                         10.00   10.00   clock CLK100MHZ (rise edge)
                          0.00   10.00   clock source latency
     1    0.02    0.09    0.06   10.06 ^ CLK100MHZ (in)
                                         CLK100MHZ (net)
                  0.09    0.00   10.06 ^ clkbuf_0_CLK100MHZ/A (sky130_fd_sc_hd__clkbuf_16)
     4    0.04    0.06    0.15   10.21 ^ clkbuf_0_CLK100MHZ/X (sky130_fd_sc_hd__clkbuf_16)
                                         clknet_0_CLK100MHZ (net)
                  0.06    0.00   10.21 ^ clkbuf_2_3__f_CLK100MHZ/A (sky130_fd_sc_hd__clkbuf_16)
     8    0.03    0.05    0.13   10.34 ^ clkbuf_2_3__f_CLK100MHZ/X (sky130_fd_sc_hd__clkbuf_16)
                                         clknet_2_3__leaf_CLK100MHZ (net)
                  0.05    0.00   10.34 ^ _273_/CLK (sky130_fd_sc_hd__dfrtp_1)
                         -0.25   10.09   clock uncertainty
                          0.02   10.11   clock reconvergence pessimism
                         -0.13    9.98   library setup time
                                  9.98   data required time
-----------------------------------------------------------------------------
                                  9.98   data required time
                                 -2.30   data arrival time
-----------------------------------------------------------------------------
                                  7.68   slack (MET)


Startpoint: _250_ (rising edge-triggered flip-flop clocked by CLK100MHZ)
Endpoint: _263_ (rising edge-triggered flip-flop clocked by CLK100MHZ)
Path Group: CLK100MHZ
Path Type: max
Corner: Typical

Fanout     Cap    Slew   Delay    Time   Description
-----------------------------------------------------------------------------
                          0.00    0.00   clock CLK100MHZ (rise edge)
                          0.00    0.00   clock source latency
     1    0.02    0.09    0.06    0.06 ^ CLK100MHZ (in)
                                         CLK100MHZ (net)
                  0.09    0.00    0.06 ^ clkbuf_0_CLK100MHZ/A (sky130_fd_sc_hd__clkbuf_16)
     4    0.04    0.06    0.17    0.23 ^ clkbuf_0_CLK100MHZ/X (sky130_fd_sc_hd__clkbuf_16)
                                         clknet_0_CLK100MHZ (net)
                  0.06    0.00    0.23 ^ clkbuf_2_2__f_CLK100MHZ/A (sky130_fd_sc_hd__clkbuf_16)
     8    0.03    0.05    0.15    0.37 ^ clkbuf_2_2__f_CLK100MHZ/X (sky130_fd_sc_hd__clkbuf_16)
                                         clknet_2_2__leaf_CLK100MHZ (net)
                  0.05    0.00    0.38 ^ _250_/CLK (sky130_fd_sc_hd__dfrtp_2)
     5    0.04    0.19    0.49    0.86 ^ _250_/Q (sky130_fd_sc_hd__dfrtp_2)
                                         decoder.delay[0] (net)
                  0.19    0.00    0.86 ^ _126_/B (sky130_fd_sc_hd__and4_2)
     6    0.03    0.20    0.40    1.26 ^ _126_/X (sky130_fd_sc_hd__and4_2)
                                         _059_ (net)
                  0.20    0.00    1.26 ^ _182_/B (sky130_fd_sc_hd__and3_1)
     2    0.01    0.12    0.25    1.51 ^ _182_/X (sky130_fd_sc_hd__and3_1)
                                         _093_ (net)
                  0.12    0.00    1.51 ^ _183_/A (sky130_fd_sc_hd__buf_2)
    10    0.05    0.25    0.30    1.81 ^ _183_/X (sky130_fd_sc_hd__buf_2)
                                         _094_ (net)
                  0.25    0.00    1.81 ^ _201_/D (sky130_fd_sc_hd__and4_1)
     2    0.01    0.12    0.30    2.11 ^ _201_/X (sky130_fd_sc_hd__and4_1)
                                         _106_ (net)
                  0.12    0.00    2.11 ^ _202_/B1_N (sky130_fd_sc_hd__o21ba_1)
     1    0.01    0.07    0.21    2.31 v _202_/X (sky130_fd_sc_hd__o21ba_1)
                                         _004_ (net)
                  0.07    0.00    2.31 v _263_/D (sky130_fd_sc_hd__dfrtp_1)
                                  2.31   data arrival time

                         10.00   10.00   clock CLK100MHZ (rise edge)
                          0.00   10.00   clock source latency
     1    0.02    0.09    0.06   10.06 ^ CLK100MHZ (in)
                                         CLK100MHZ (net)
                  0.09    0.00   10.06 ^ clkbuf_0_CLK100MHZ/A (sky130_fd_sc_hd__clkbuf_16)
     4    0.04    0.06    0.15   10.21 ^ clkbuf_0_CLK100MHZ/X (sky130_fd_sc_hd__clkbuf_16)
                                         clknet_0_CLK100MHZ (net)
                  0.06    0.00   10.21 ^ clkbuf_2_2__f_CLK100MHZ/A (sky130_fd_sc_hd__clkbuf_16)
     8    0.03    0.05    0.13   10.34 ^ clkbuf_2_2__f_CLK100MHZ/X (sky130_fd_sc_hd__clkbuf_16)
                                         clknet_2_2__leaf_CLK100MHZ (net)
                  0.05    0.00   10.34 ^ _263_/CLK (sky130_fd_sc_hd__dfrtp_1)
                         -0.25   10.09   clock uncertainty
                          0.04   10.12   clock reconvergence pessimism
                         -0.12   10.00   library setup time
                                 10.00   data required time
-----------------------------------------------------------------------------
                                 10.00   data required time
                                 -2.31   data arrival time
-----------------------------------------------------------------------------
                                  7.69   slack (MET)


Startpoint: _250_ (rising edge-triggered flip-flop clocked by CLK100MHZ)
Endpoint: _257_ (rising edge-triggered flip-flop clocked by CLK100MHZ)
Path Group: CLK100MHZ
Path Type: max
Corner: Typical

Fanout     Cap    Slew   Delay    Time   Description
-----------------------------------------------------------------------------
                          0.00    0.00   clock CLK100MHZ (rise edge)
                          0.00    0.00   clock source latency
     1    0.02    0.09    0.06    0.06 ^ CLK100MHZ (in)
                                         CLK100MHZ (net)
                  0.09    0.00    0.06 ^ clkbuf_0_CLK100MHZ/A (sky130_fd_sc_hd__clkbuf_16)
     4    0.04    0.06    0.17    0.23 ^ clkbuf_0_CLK100MHZ/X (sky130_fd_sc_hd__clkbuf_16)
                                         clknet_0_CLK100MHZ (net)
                  0.06    0.00    0.23 ^ clkbuf_2_2__f_CLK100MHZ/A (sky130_fd_sc_hd__clkbuf_16)
     8    0.03    0.05    0.15    0.37 ^ clkbuf_2_2__f_CLK100MHZ/X (sky130_fd_sc_hd__clkbuf_16)
                                         clknet_2_2__leaf_CLK100MHZ (net)
                  0.05    0.00    0.38 ^ _250_/CLK (sky130_fd_sc_hd__dfrtp_2)
     5    0.04    0.19    0.49    0.86 ^ _250_/Q (sky130_fd_sc_hd__dfrtp_2)
                                         decoder.delay[0] (net)
                  0.19    0.00    0.86 ^ _126_/B (sky130_fd_sc_hd__and4_2)
     6    0.03    0.20    0.40    1.26 ^ _126_/X (sky130_fd_sc_hd__and4_2)
                                         _059_ (net)
                  0.20    0.00    1.26 ^ _182_/B (sky130_fd_sc_hd__and3_1)
     2    0.01    0.12    0.25    1.51 ^ _182_/X (sky130_fd_sc_hd__and3_1)
                                         _093_ (net)
                  0.12    0.00    1.51 ^ _183_/A (sky130_fd_sc_hd__buf_2)
    10    0.05    0.25    0.30    1.81 ^ _183_/X (sky130_fd_sc_hd__buf_2)
                                         _094_ (net)
                  0.25    0.00    1.81 ^ _185_/A_N (sky130_fd_sc_hd__and2b_1)
     1    0.02    0.11    0.31    2.11 v _185_/X (sky130_fd_sc_hd__and2b_1)
                                         _096_ (net)
                  0.11    0.00    2.12 v _186_/A (sky130_fd_sc_hd__buf_1)
     1    0.01    0.08    0.17    2.29 v _186_/X (sky130_fd_sc_hd__buf_1)
                                         _022_ (net)
                  0.08    0.00    2.29 v _257_/D (sky130_fd_sc_hd__dfrtp_1)
                                  2.29   data arrival time

                         10.00   10.00   clock CLK100MHZ (rise edge)
                          0.00   10.00   clock source latency
     1    0.02    0.09    0.06   10.06 ^ CLK100MHZ (in)
                                         CLK100MHZ (net)
                  0.09    0.00   10.06 ^ clkbuf_0_CLK100MHZ/A (sky130_fd_sc_hd__clkbuf_16)
     4    0.04    0.06    0.15   10.21 ^ clkbuf_0_CLK100MHZ/X (sky130_fd_sc_hd__clkbuf_16)
                                         clknet_0_CLK100MHZ (net)
                  0.06    0.00   10.21 ^ clkbuf_2_3__f_CLK100MHZ/A (sky130_fd_sc_hd__clkbuf_16)
     8    0.03    0.05    0.13   10.34 ^ clkbuf_2_3__f_CLK100MHZ/X (sky130_fd_sc_hd__clkbuf_16)
                                         clknet_2_3__leaf_CLK100MHZ (net)
                  0.05    0.00   10.34 ^ _257_/CLK (sky130_fd_sc_hd__dfrtp_1)
                         -0.25   10.09   clock uncertainty
                          0.02   10.11   clock reconvergence pessimism
                         -0.13    9.98   library setup time
                                  9.98   data required time
-----------------------------------------------------------------------------
                                  9.98   data required time
                                 -2.29   data arrival time
-----------------------------------------------------------------------------
                                  7.69   slack (MET)


Startpoint: _252_ (rising edge-triggered flip-flop clocked by CLK100MHZ)
Endpoint: _264_ (rising edge-triggered flip-flop clocked by CLK100MHZ)
Path Group: CLK100MHZ
Path Type: max
Corner: Typical

Fanout     Cap    Slew   Delay    Time   Description
-----------------------------------------------------------------------------
                          0.00    0.00   clock CLK100MHZ (rise edge)
                          0.00    0.00   clock source latency
     1    0.02    0.09    0.06    0.06 ^ CLK100MHZ (in)
                                         CLK100MHZ (net)
                  0.09    0.00    0.06 ^ clkbuf_0_CLK100MHZ/A (sky130_fd_sc_hd__clkbuf_16)
     4    0.04    0.06    0.17    0.23 ^ clkbuf_0_CLK100MHZ/X (sky130_fd_sc_hd__clkbuf_16)
                                         clknet_0_CLK100MHZ (net)
                  0.06    0.00    0.23 ^ clkbuf_2_2__f_CLK100MHZ/A (sky130_fd_sc_hd__clkbuf_16)
     8    0.03    0.05    0.15    0.37 ^ clkbuf_2_2__f_CLK100MHZ/X (sky130_fd_sc_hd__clkbuf_16)
                                         clknet_2_2__leaf_CLK100MHZ (net)
                  0.05    0.00    0.38 ^ _252_/CLK (sky130_fd_sc_hd__dfrtp_2)
     3    0.03    0.11    0.49    0.87 v _252_/Q (sky130_fd_sc_hd__dfrtp_2)
                                         decoder.delay[2] (net)
                  0.11    0.00    0.87 v _126_/C (sky130_fd_sc_hd__and4_2)
     6    0.03    0.11    0.34    1.21 v _126_/X (sky130_fd_sc_hd__and4_2)
                                         _059_ (net)
                  0.11    0.00    1.21 v _182_/B (sky130_fd_sc_hd__and3_1)
     2    0.01    0.07    0.23    1.45 v _182_/X (sky130_fd_sc_hd__and3_1)
                                         _093_ (net)
                  0.07    0.00    1.45 v _183_/A (sky130_fd_sc_hd__buf_2)
    10    0.05    0.12    0.23    1.68 v _183_/X (sky130_fd_sc_hd__buf_2)
                                         _094_ (net)
                  0.12    0.00    1.68 v _201_/D (sky130_fd_sc_hd__and4_1)
     2    0.01    0.07    0.28    1.95 v _201_/X (sky130_fd_sc_hd__and4_1)
                                         _106_ (net)
                  0.07    0.00    1.95 v _204_/B1 (sky130_fd_sc_hd__o2bb2a_1)
     1    0.01    0.07    0.34    2.29 v _204_/X (sky130_fd_sc_hd__o2bb2a_1)
                                         _005_ (net)
                  0.07    0.00    2.29 v _264_/D (sky130_fd_sc_hd__dfrtp_1)
                                  2.29   data arrival time

                         10.00   10.00   clock CLK100MHZ (rise edge)
                          0.00   10.00   clock source latency
     1    0.02    0.09    0.06   10.06 ^ CLK100MHZ (in)
                                         CLK100MHZ (net)
                  0.09    0.00   10.06 ^ clkbuf_0_CLK100MHZ/A (sky130_fd_sc_hd__clkbuf_16)
     4    0.04    0.06    0.15   10.21 ^ clkbuf_0_CLK100MHZ/X (sky130_fd_sc_hd__clkbuf_16)
                                         clknet_0_CLK100MHZ (net)
                  0.06    0.00   10.21 ^ clkbuf_2_0__f_CLK100MHZ/A (sky130_fd_sc_hd__clkbuf_16)
     8    0.03    0.05    0.13   10.34 ^ clkbuf_2_0__f_CLK100MHZ/X (sky130_fd_sc_hd__clkbuf_16)
                                         clknet_2_0__leaf_CLK100MHZ (net)
                  0.05    0.00   10.34 ^ _264_/CLK (sky130_fd_sc_hd__dfrtp_1)
                         -0.25   10.09   clock uncertainty
                          0.02   10.11   clock reconvergence pessimism
                         -0.13    9.98   library setup time
                                  9.98   data required time
-----------------------------------------------------------------------------
                                  9.98   data required time
                                 -2.29   data arrival time
-----------------------------------------------------------------------------
                                  7.69   slack (MET)


Startpoint: BTNC (input port clocked by CLK100MHZ)
Endpoint: _248_ (recovery check against rising-edge clock CLK100MHZ)
Path Group: asynchronous
Path Type: max
Corner: Typical

Fanout     Cap    Slew   Delay    Time   Description
-----------------------------------------------------------------------------
                          0.00    0.00   clock CLK100MHZ (rise edge)
                          0.00    0.00   clock network delay (propagated)
                          2.00    2.00 v input external delay
     2    0.02    0.04    0.03    2.03 v BTNC (in)
                                         BTNC (net)
                  0.04    0.00    2.03 v _214_/A (sky130_fd_sc_hd__buf_4)
    10    0.07    0.09    0.21    2.24 v _214_/X (sky130_fd_sc_hd__buf_4)
                                         _112_ (net)
                  0.09    0.00    2.24 v _215_/A (sky130_fd_sc_hd__buf_4)
    10    0.07    0.09    0.23    2.47 v _215_/X (sky130_fd_sc_hd__buf_4)
                                         _113_ (net)
                  0.09    0.00    2.48 v _218_/A (sky130_fd_sc_hd__inv_2)
     1    0.02    0.08    0.11    2.59 ^ _218_/Y (sky130_fd_sc_hd__inv_2)
                                         _027_ (net)
                  0.08    0.00    2.59 ^ _248_/RESET_B (sky130_fd_sc_hd__dfrtp_4)
                                  2.59   data arrival time

                         10.00   10.00   clock CLK100MHZ (rise edge)
                          0.00   10.00   clock source latency
     1    0.02    0.09    0.06   10.06 ^ CLK100MHZ (in)
                                         CLK100MHZ (net)
                  0.09    0.00   10.06 ^ clkbuf_0_CLK100MHZ/A (sky130_fd_sc_hd__clkbuf_16)
     4    0.04    0.06    0.15   10.21 ^ clkbuf_0_CLK100MHZ/X (sky130_fd_sc_hd__clkbuf_16)
                                         clknet_0_CLK100MHZ (net)
                  0.06    0.00   10.21 ^ clkbuf_2_0__f_CLK100MHZ/A (sky130_fd_sc_hd__clkbuf_16)
     8    0.03    0.05    0.13   10.34 ^ clkbuf_2_0__f_CLK100MHZ/X (sky130_fd_sc_hd__clkbuf_16)
                                         clknet_2_0__leaf_CLK100MHZ (net)
                  0.05    0.00   10.34 ^ _248_/CLK (sky130_fd_sc_hd__dfrtp_4)
                         -0.25   10.09   clock uncertainty
                          0.00   10.09   clock reconvergence pessimism
                          0.21   10.30   library recovery time
                                 10.30   data required time
-----------------------------------------------------------------------------
                                 10.30   data required time
                                 -2.59   data arrival time
-----------------------------------------------------------------------------
                                  7.71   slack (MET)


Startpoint: BTNC (input port clocked by CLK100MHZ)
Endpoint: _252_ (recovery check against rising-edge clock CLK100MHZ)
Path Group: asynchronous
Path Type: max
Corner: Typical

Fanout     Cap    Slew   Delay    Time   Description
-----------------------------------------------------------------------------
                          0.00    0.00   clock CLK100MHZ (rise edge)
                          0.00    0.00   clock network delay (propagated)
                          2.00    2.00 v input external delay
     2    0.02    0.04    0.03    2.03 v BTNC (in)
                                         BTNC (net)
                  0.04    0.00    2.03 v _214_/A (sky130_fd_sc_hd__buf_4)
    10    0.07    0.09    0.21    2.24 v _214_/X (sky130_fd_sc_hd__buf_4)
                                         _112_ (net)
                  0.09    0.00    2.24 v _215_/A (sky130_fd_sc_hd__buf_4)
    10    0.07    0.09    0.23    2.47 v _215_/X (sky130_fd_sc_hd__buf_4)
                                         _113_ (net)
                  0.09    0.00    2.48 v _222_/A (sky130_fd_sc_hd__inv_2)
     1    0.02    0.08    0.11    2.59 ^ _222_/Y (sky130_fd_sc_hd__inv_2)
                                         _031_ (net)
                  0.08    0.00    2.59 ^ _252_/RESET_B (sky130_fd_sc_hd__dfrtp_2)
                                  2.59   data arrival time

                         10.00   10.00   clock CLK100MHZ (rise edge)
                          0.00   10.00   clock source latency
     1    0.02    0.09    0.06   10.06 ^ CLK100MHZ (in)
                                         CLK100MHZ (net)
                  0.09    0.00   10.06 ^ clkbuf_0_CLK100MHZ/A (sky130_fd_sc_hd__clkbuf_16)
     4    0.04    0.06    0.15   10.21 ^ clkbuf_0_CLK100MHZ/X (sky130_fd_sc_hd__clkbuf_16)
                                         clknet_0_CLK100MHZ (net)
                  0.06    0.00   10.21 ^ clkbuf_2_2__f_CLK100MHZ/A (sky130_fd_sc_hd__clkbuf_16)
     8    0.03    0.05    0.13   10.34 ^ clkbuf_2_2__f_CLK100MHZ/X (sky130_fd_sc_hd__clkbuf_16)
                                         clknet_2_2__leaf_CLK100MHZ (net)
                  0.05    0.00   10.34 ^ _252_/CLK (sky130_fd_sc_hd__dfrtp_2)
                         -0.25   10.09   clock uncertainty
                          0.00   10.09   clock reconvergence pessimism
                          0.21   10.30   library recovery time
                                 10.30   data required time
-----------------------------------------------------------------------------
                                 10.30   data required time
                                 -2.59   data arrival time
-----------------------------------------------------------------------------
                                  7.71   slack (MET)


Startpoint: _260_ (rising edge-triggered flip-flop clocked by CLK100MHZ)
Endpoint: _269_ (rising edge-triggered flip-flop clocked by CLK100MHZ)
Path Group: CLK100MHZ
Path Type: max
Corner: Typical

Fanout     Cap    Slew   Delay    Time   Description
-----------------------------------------------------------------------------
                          0.00    0.00   clock CLK100MHZ (rise edge)
                          0.00    0.00   clock source latency
     1    0.02    0.09    0.06    0.06 ^ CLK100MHZ (in)
                                         CLK100MHZ (net)
                  0.09    0.00    0.06 ^ clkbuf_0_CLK100MHZ/A (sky130_fd_sc_hd__clkbuf_16)
     4    0.04    0.06    0.17    0.23 ^ clkbuf_0_CLK100MHZ/X (sky130_fd_sc_hd__clkbuf_16)
                                         clknet_0_CLK100MHZ (net)
                  0.06    0.00    0.23 ^ clkbuf_2_1__f_CLK100MHZ/A (sky130_fd_sc_hd__clkbuf_16)
     8    0.02    0.04    0.14    0.37 ^ clkbuf_2_1__f_CLK100MHZ/X (sky130_fd_sc_hd__clkbuf_16)
                                         clknet_2_1__leaf_CLK100MHZ (net)
                  0.04    0.00    0.37 ^ _260_/CLK (sky130_fd_sc_hd__dfrtp_1)
     3    0.03    0.23    0.48    0.85 ^ _260_/Q (sky130_fd_sc_hd__dfrtp_1)
                                         decoder.delay[10] (net)
                  0.23    0.00    0.85 ^ _124_/D (sky130_fd_sc_hd__and4_1)
     4    0.03    0.25    0.40    1.25 ^ _124_/X (sky130_fd_sc_hd__and4_1)
                                         _119_ (net)
                  0.25    0.00    1.25 ^ _128_/A (sky130_fd_sc_hd__and4_2)
     7    0.04    0.23    0.44    1.69 ^ _128_/X (sky130_fd_sc_hd__and4_2)
                                         _061_ (net)
                  0.23    0.00    1.69 ^ _134_/A (sky130_fd_sc_hd__clkbuf_4)
    10    0.06    0.17    0.31    2.00 ^ _134_/X (sky130_fd_sc_hd__clkbuf_4)
                                         _066_ (net)
                  0.17    0.00    2.00 ^ _213_/A2_N (sky130_fd_sc_hd__o2bb2a_1)
     1    0.01    0.07    0.27    2.27 v _213_/X (sky130_fd_sc_hd__o2bb2a_1)
                                         _010_ (net)
                  0.07    0.00    2.27 v _269_/D (sky130_fd_sc_hd__dfrtp_1)
                                  2.27   data arrival time

                         10.00   10.00   clock CLK100MHZ (rise edge)
                          0.00   10.00   clock source latency
     1    0.02    0.09    0.06   10.06 ^ CLK100MHZ (in)
                                         CLK100MHZ (net)
                  0.09    0.00   10.06 ^ clkbuf_0_CLK100MHZ/A (sky130_fd_sc_hd__clkbuf_16)
     4    0.04    0.06    0.15   10.21 ^ clkbuf_0_CLK100MHZ/X (sky130_fd_sc_hd__clkbuf_16)
                                         clknet_0_CLK100MHZ (net)
                  0.06    0.00   10.21 ^ clkbuf_2_2__f_CLK100MHZ/A (sky130_fd_sc_hd__clkbuf_16)
     8    0.03    0.05    0.13   10.34 ^ clkbuf_2_2__f_CLK100MHZ/X (sky130_fd_sc_hd__clkbuf_16)
                                         clknet_2_2__leaf_CLK100MHZ (net)
                  0.05    0.00   10.34 ^ _269_/CLK (sky130_fd_sc_hd__dfrtp_1)
                         -0.25   10.09   clock uncertainty
                          0.02   10.11   clock reconvergence pessimism
                         -0.13    9.99   library setup time
                                  9.99   data required time
-----------------------------------------------------------------------------
                                  9.99   data required time
                                 -2.27   data arrival time
-----------------------------------------------------------------------------
                                  7.71   slack (MET)


Startpoint: BTNC (input port clocked by CLK100MHZ)
Endpoint: _250_ (recovery check against rising-edge clock CLK100MHZ)
Path Group: asynchronous
Path Type: max
Corner: Typical

Fanout     Cap    Slew   Delay    Time   Description
-----------------------------------------------------------------------------
                          0.00    0.00   clock CLK100MHZ (rise edge)
                          0.00    0.00   clock network delay (propagated)
                          2.00    2.00 v input external delay
     2    0.02    0.04    0.03    2.03 v BTNC (in)
                                         BTNC (net)
                  0.04    0.00    2.03 v _214_/A (sky130_fd_sc_hd__buf_4)
    10    0.07    0.09    0.21    2.24 v _214_/X (sky130_fd_sc_hd__buf_4)
                                         _112_ (net)
                  0.09    0.00    2.24 v _215_/A (sky130_fd_sc_hd__buf_4)
    10    0.07    0.09    0.23    2.47 v _215_/X (sky130_fd_sc_hd__buf_4)
                                         _113_ (net)
                  0.09    0.00    2.48 v _220_/A (sky130_fd_sc_hd__inv_2)
     1    0.02    0.08    0.11    2.58 ^ _220_/Y (sky130_fd_sc_hd__inv_2)
                                         _029_ (net)
                  0.08    0.00    2.58 ^ _250_/RESET_B (sky130_fd_sc_hd__dfrtp_2)
                                  2.58   data arrival time

                         10.00   10.00   clock CLK100MHZ (rise edge)
                          0.00   10.00   clock source latency
     1    0.02    0.09    0.06   10.06 ^ CLK100MHZ (in)
                                         CLK100MHZ (net)
                  0.09    0.00   10.06 ^ clkbuf_0_CLK100MHZ/A (sky130_fd_sc_hd__clkbuf_16)
     4    0.04    0.06    0.15   10.21 ^ clkbuf_0_CLK100MHZ/X (sky130_fd_sc_hd__clkbuf_16)
                                         clknet_0_CLK100MHZ (net)
                  0.06    0.00   10.21 ^ clkbuf_2_2__f_CLK100MHZ/A (sky130_fd_sc_hd__clkbuf_16)
     8    0.03    0.05    0.13   10.34 ^ clkbuf_2_2__f_CLK100MHZ/X (sky130_fd_sc_hd__clkbuf_16)
                                         clknet_2_2__leaf_CLK100MHZ (net)
                  0.05    0.00   10.34 ^ _250_/CLK (sky130_fd_sc_hd__dfrtp_2)
                         -0.25   10.09   clock uncertainty
                          0.00   10.09   clock reconvergence pessimism
                          0.21   10.30   library recovery time
                                 10.30   data required time
-----------------------------------------------------------------------------
                                 10.30   data required time
                                 -2.58   data arrival time
-----------------------------------------------------------------------------
                                  7.72   slack (MET)


Startpoint: BTNC (input port clocked by CLK100MHZ)
Endpoint: _254_ (recovery check against rising-edge clock CLK100MHZ)
Path Group: asynchronous
Path Type: max
Corner: Typical

Fanout     Cap    Slew   Delay    Time   Description
-----------------------------------------------------------------------------
                          0.00    0.00   clock CLK100MHZ (rise edge)
                          0.00    0.00   clock network delay (propagated)
                          2.00    2.00 v input external delay
     2    0.02    0.04    0.03    2.03 v BTNC (in)
                                         BTNC (net)
                  0.04    0.00    2.03 v _214_/A (sky130_fd_sc_hd__buf_4)
    10    0.07    0.09    0.21    2.24 v _214_/X (sky130_fd_sc_hd__buf_4)
                                         _112_ (net)
                  0.09    0.00    2.24 v _215_/A (sky130_fd_sc_hd__buf_4)
    10    0.07    0.09    0.23    2.47 v _215_/X (sky130_fd_sc_hd__buf_4)
                                         _113_ (net)
                  0.09    0.00    2.48 v _224_/A (sky130_fd_sc_hd__inv_2)
     1    0.01    0.07    0.10    2.58 ^ _224_/Y (sky130_fd_sc_hd__inv_2)
                                         _033_ (net)
                  0.07    0.00    2.58 ^ _254_/RESET_B (sky130_fd_sc_hd__dfrtp_2)
                                  2.58   data arrival time

                         10.00   10.00   clock CLK100MHZ (rise edge)
                          0.00   10.00   clock source latency
     1    0.02    0.09    0.06   10.06 ^ CLK100MHZ (in)
                                         CLK100MHZ (net)
                  0.09    0.00   10.06 ^ clkbuf_0_CLK100MHZ/A (sky130_fd_sc_hd__clkbuf_16)
     4    0.04    0.06    0.15   10.21 ^ clkbuf_0_CLK100MHZ/X (sky130_fd_sc_hd__clkbuf_16)
                                         clknet_0_CLK100MHZ (net)
                  0.06    0.00   10.21 ^ clkbuf_2_1__f_CLK100MHZ/A (sky130_fd_sc_hd__clkbuf_16)
     8    0.02    0.04    0.13   10.33 ^ clkbuf_2_1__f_CLK100MHZ/X (sky130_fd_sc_hd__clkbuf_16)
                                         clknet_2_1__leaf_CLK100MHZ (net)
                  0.04    0.00   10.33 ^ _254_/CLK (sky130_fd_sc_hd__dfrtp_2)
                         -0.25   10.08   clock uncertainty
                          0.00   10.08   clock reconvergence pessimism
                          0.21   10.30   library recovery time
                                 10.30   data required time
-----------------------------------------------------------------------------
                                 10.30   data required time
                                 -2.58   data arrival time
-----------------------------------------------------------------------------
                                  7.72   slack (MET)


Startpoint: _250_ (rising edge-triggered flip-flop clocked by CLK100MHZ)
Endpoint: _259_ (rising edge-triggered flip-flop clocked by CLK100MHZ)
Path Group: CLK100MHZ
Path Type: max
Corner: Typical

Fanout     Cap    Slew   Delay    Time   Description
-----------------------------------------------------------------------------
                          0.00    0.00   clock CLK100MHZ (rise edge)
                          0.00    0.00   clock source latency
     1    0.02    0.09    0.06    0.06 ^ CLK100MHZ (in)
                                         CLK100MHZ (net)
                  0.09    0.00    0.06 ^ clkbuf_0_CLK100MHZ/A (sky130_fd_sc_hd__clkbuf_16)
     4    0.04    0.06    0.17    0.23 ^ clkbuf_0_CLK100MHZ/X (sky130_fd_sc_hd__clkbuf_16)
                                         clknet_0_CLK100MHZ (net)
                  0.06    0.00    0.23 ^ clkbuf_2_2__f_CLK100MHZ/A (sky130_fd_sc_hd__clkbuf_16)
     8    0.03    0.05    0.15    0.37 ^ clkbuf_2_2__f_CLK100MHZ/X (sky130_fd_sc_hd__clkbuf_16)
                                         clknet_2_2__leaf_CLK100MHZ (net)
                  0.05    0.00    0.38 ^ _250_/CLK (sky130_fd_sc_hd__dfrtp_2)
     5    0.04    0.19    0.49    0.86 ^ _250_/Q (sky130_fd_sc_hd__dfrtp_2)
                                         decoder.delay[0] (net)
                  0.19    0.00    0.86 ^ _126_/B (sky130_fd_sc_hd__and4_2)
     6    0.03    0.20    0.40    1.26 ^ _126_/X (sky130_fd_sc_hd__and4_2)
                                         _059_ (net)
                  0.20    0.00    1.26 ^ _182_/B (sky130_fd_sc_hd__and3_1)
     2    0.01    0.12    0.25    1.51 ^ _182_/X (sky130_fd_sc_hd__and3_1)
                                         _093_ (net)
                  0.12    0.00    1.51 ^ _183_/A (sky130_fd_sc_hd__buf_2)
    10    0.05    0.25    0.30    1.81 ^ _183_/X (sky130_fd_sc_hd__buf_2)
                                         _094_ (net)
                  0.25    0.00    1.81 ^ _188_/B (sky130_fd_sc_hd__nand2_1)
     2    0.02    0.16    0.21    2.02 v _188_/Y (sky130_fd_sc_hd__nand2_1)
                                         _098_ (net)
                  0.16    0.00    2.02 v _191_/B (sky130_fd_sc_hd__xnor2_1)
     1    0.01    0.21    0.26    2.28 ^ _191_/Y (sky130_fd_sc_hd__xnor2_1)
                                         _024_ (net)
                  0.21    0.00    2.28 ^ _259_/D (sky130_fd_sc_hd__dfrtp_2)
                                  2.28   data arrival time

                         10.00   10.00   clock CLK100MHZ (rise edge)
                          0.00   10.00   clock source latency
     1    0.02    0.09    0.06   10.06 ^ CLK100MHZ (in)
                                         CLK100MHZ (net)
                  0.09    0.00   10.06 ^ clkbuf_0_CLK100MHZ/A (sky130_fd_sc_hd__clkbuf_16)
     4    0.04    0.06    0.15   10.21 ^ clkbuf_0_CLK100MHZ/X (sky130_fd_sc_hd__clkbuf_16)
                                         clknet_0_CLK100MHZ (net)
                  0.06    0.00   10.21 ^ clkbuf_2_1__f_CLK100MHZ/A (sky130_fd_sc_hd__clkbuf_16)
     8    0.02    0.04    0.13   10.33 ^ clkbuf_2_1__f_CLK100MHZ/X (sky130_fd_sc_hd__clkbuf_16)
                                         clknet_2_1__leaf_CLK100MHZ (net)
                  0.04    0.00   10.33 ^ _259_/CLK (sky130_fd_sc_hd__dfrtp_2)
                         -0.25   10.08   clock uncertainty
                          0.02   10.11   clock reconvergence pessimism
                         -0.10   10.00   library setup time
                                 10.00   data required time
-----------------------------------------------------------------------------
                                 10.00   data required time
                                 -2.28   data arrival time
-----------------------------------------------------------------------------
                                  7.72   slack (MET)


Startpoint: _260_ (rising edge-triggered flip-flop clocked by CLK100MHZ)
Endpoint: _247_ (rising edge-triggered flip-flop clocked by CLK100MHZ)
Path Group: CLK100MHZ
Path Type: max
Corner: Typical

Fanout     Cap    Slew   Delay    Time   Description
-----------------------------------------------------------------------------
                          0.00    0.00   clock CLK100MHZ (rise edge)
                          0.00    0.00   clock source latency
     1    0.02    0.09    0.06    0.06 ^ CLK100MHZ (in)
                                         CLK100MHZ (net)
                  0.09    0.00    0.06 ^ clkbuf_0_CLK100MHZ/A (sky130_fd_sc_hd__clkbuf_16)
     4    0.04    0.06    0.17    0.23 ^ clkbuf_0_CLK100MHZ/X (sky130_fd_sc_hd__clkbuf_16)
                                         clknet_0_CLK100MHZ (net)
                  0.06    0.00    0.23 ^ clkbuf_2_1__f_CLK100MHZ/A (sky130_fd_sc_hd__clkbuf_16)
     8    0.02    0.04    0.14    0.37 ^ clkbuf_2_1__f_CLK100MHZ/X (sky130_fd_sc_hd__clkbuf_16)
                                         clknet_2_1__leaf_CLK100MHZ (net)
                  0.04    0.00    0.37 ^ _260_/CLK (sky130_fd_sc_hd__dfrtp_1)
     3    0.03    0.23    0.48    0.85 ^ _260_/Q (sky130_fd_sc_hd__dfrtp_1)
                                         decoder.delay[10] (net)
                  0.23    0.00    0.85 ^ _124_/D (sky130_fd_sc_hd__and4_1)
     4    0.03    0.25    0.40    1.25 ^ _124_/X (sky130_fd_sc_hd__and4_1)
                                         _119_ (net)
                  0.25    0.00    1.25 ^ _128_/A (sky130_fd_sc_hd__and4_2)
     7    0.04    0.23    0.44    1.69 ^ _128_/X (sky130_fd_sc_hd__and4_2)
                                         _061_ (net)
                  0.23    0.00    1.69 ^ _139_/D (sky130_fd_sc_hd__and4_1)
     2    0.02    0.17    0.33    2.02 ^ _139_/X (sky130_fd_sc_hd__and4_1)
                                         _070_ (net)
                  0.17    0.00    2.02 ^ _140_/B (sky130_fd_sc_hd__xor2_1)
     1    0.01    0.22    0.25    2.28 ^ _140_/X (sky130_fd_sc_hd__xor2_1)
                                         _055_ (net)
                  0.22    0.00    2.28 ^ _247_/D (sky130_fd_sc_hd__dfrtp_4)
                                  2.28   data arrival time

                         10.00   10.00   clock CLK100MHZ (rise edge)
                          0.00   10.00   clock source latency
     1    0.02    0.09    0.06   10.06 ^ CLK100MHZ (in)
                                         CLK100MHZ (net)
                  0.09    0.00   10.06 ^ clkbuf_0_CLK100MHZ/A (sky130_fd_sc_hd__clkbuf_16)
     4    0.04    0.06    0.15   10.21 ^ clkbuf_0_CLK100MHZ/X (sky130_fd_sc_hd__clkbuf_16)
                                         clknet_0_CLK100MHZ (net)
                  0.06    0.00   10.21 ^ clkbuf_2_3__f_CLK100MHZ/A (sky130_fd_sc_hd__clkbuf_16)
     8    0.03    0.05    0.13   10.34 ^ clkbuf_2_3__f_CLK100MHZ/X (sky130_fd_sc_hd__clkbuf_16)
                                         clknet_2_3__leaf_CLK100MHZ (net)
                  0.05    0.00   10.34 ^ _247_/CLK (sky130_fd_sc_hd__dfrtp_4)
                         -0.25   10.09   clock uncertainty
                          0.02   10.11   clock reconvergence pessimism
                         -0.10   10.01   library setup time
                                 10.01   data required time
-----------------------------------------------------------------------------
                                 10.01   data required time
                                 -2.28   data arrival time
-----------------------------------------------------------------------------
                                  7.73   slack (MET)


Startpoint: BTNC (input port clocked by CLK100MHZ)
Endpoint: _255_ (recovery check against rising-edge clock CLK100MHZ)
Path Group: asynchronous
Path Type: max
Corner: Typical

Fanout     Cap    Slew   Delay    Time   Description
-----------------------------------------------------------------------------
                          0.00    0.00   clock CLK100MHZ (rise edge)
                          0.00    0.00   clock network delay (propagated)
                          2.00    2.00 v input external delay
     2    0.02    0.04    0.03    2.03 v BTNC (in)
                                         BTNC (net)
                  0.04    0.00    2.03 v _214_/A (sky130_fd_sc_hd__buf_4)
    10    0.07    0.09    0.21    2.24 v _214_/X (sky130_fd_sc_hd__buf_4)
                                         _112_ (net)
                  0.09    0.00    2.24 v _215_/A (sky130_fd_sc_hd__buf_4)
    10    0.07    0.09    0.23    2.47 v _215_/X (sky130_fd_sc_hd__buf_4)
                                         _113_ (net)
                  0.09    0.00    2.48 v _225_/A (sky130_fd_sc_hd__inv_2)
     1    0.01    0.06    0.09    2.57 ^ _225_/Y (sky130_fd_sc_hd__inv_2)
                                         _034_ (net)
                  0.06    0.00    2.57 ^ _255_/RESET_B (sky130_fd_sc_hd__dfrtp_2)
                                  2.57   data arrival time

                         10.00   10.00   clock CLK100MHZ (rise edge)
                          0.00   10.00   clock source latency
     1    0.02    0.09    0.06   10.06 ^ CLK100MHZ (in)
                                         CLK100MHZ (net)
                  0.09    0.00   10.06 ^ clkbuf_0_CLK100MHZ/A (sky130_fd_sc_hd__clkbuf_16)
     4    0.04    0.06    0.15   10.21 ^ clkbuf_0_CLK100MHZ/X (sky130_fd_sc_hd__clkbuf_16)
                                         clknet_0_CLK100MHZ (net)
                  0.06    0.00   10.21 ^ clkbuf_2_0__f_CLK100MHZ/A (sky130_fd_sc_hd__clkbuf_16)
     8    0.03    0.05    0.13   10.34 ^ clkbuf_2_0__f_CLK100MHZ/X (sky130_fd_sc_hd__clkbuf_16)
                                         clknet_2_0__leaf_CLK100MHZ (net)
                  0.05    0.00   10.34 ^ _255_/CLK (sky130_fd_sc_hd__dfrtp_2)
                         -0.25   10.09   clock uncertainty
                          0.00   10.09   clock reconvergence pessimism
                          0.21   10.30   library recovery time
                                 10.30   data required time
-----------------------------------------------------------------------------
                                 10.30   data required time
                                 -2.57   data arrival time
-----------------------------------------------------------------------------
                                  7.73   slack (MET)


Startpoint: _260_ (rising edge-triggered flip-flop clocked by CLK100MHZ)
Endpoint: _267_ (rising edge-triggered flip-flop clocked by CLK100MHZ)
Path Group: CLK100MHZ
Path Type: max
Corner: Typical

Fanout     Cap    Slew   Delay    Time   Description
-----------------------------------------------------------------------------
                          0.00    0.00   clock CLK100MHZ (rise edge)
                          0.00    0.00   clock source latency
     1    0.02    0.09    0.06    0.06 ^ CLK100MHZ (in)
                                         CLK100MHZ (net)
                  0.09    0.00    0.06 ^ clkbuf_0_CLK100MHZ/A (sky130_fd_sc_hd__clkbuf_16)
     4    0.04    0.06    0.17    0.23 ^ clkbuf_0_CLK100MHZ/X (sky130_fd_sc_hd__clkbuf_16)
                                         clknet_0_CLK100MHZ (net)
                  0.06    0.00    0.23 ^ clkbuf_2_1__f_CLK100MHZ/A (sky130_fd_sc_hd__clkbuf_16)
     8    0.02    0.04    0.14    0.37 ^ clkbuf_2_1__f_CLK100MHZ/X (sky130_fd_sc_hd__clkbuf_16)
                                         clknet_2_1__leaf_CLK100MHZ (net)
                  0.04    0.00    0.37 ^ _260_/CLK (sky130_fd_sc_hd__dfrtp_1)
     3    0.03    0.23    0.48    0.85 ^ _260_/Q (sky130_fd_sc_hd__dfrtp_1)
                                         decoder.delay[10] (net)
                  0.23    0.00    0.85 ^ _124_/D (sky130_fd_sc_hd__and4_1)
     4    0.03    0.25    0.40    1.25 ^ _124_/X (sky130_fd_sc_hd__and4_1)
                                         _119_ (net)
                  0.25    0.00    1.25 ^ _128_/A (sky130_fd_sc_hd__and4_2)
     7    0.04    0.23    0.44    1.69 ^ _128_/X (sky130_fd_sc_hd__and4_2)
                                         _061_ (net)
                  0.23    0.00    1.69 ^ _134_/A (sky130_fd_sc_hd__clkbuf_4)
    10    0.06    0.17    0.31    2.00 ^ _134_/X (sky130_fd_sc_hd__clkbuf_4)
                                         _066_ (net)
                  0.17    0.00    2.00 ^ _208_/A2 (sky130_fd_sc_hd__a21oi_1)
     1    0.00    0.07    0.11    2.11 v _208_/Y (sky130_fd_sc_hd__a21oi_1)
                                         _109_ (net)
                  0.07    0.00    2.11 v _210_/A (sky130_fd_sc_hd__nor2_1)
     1    0.01    0.15    0.17    2.28 ^ _210_/Y (sky130_fd_sc_hd__nor2_1)
                                         _008_ (net)
                  0.15    0.00    2.28 ^ _267_/D (sky130_fd_sc_hd__dfrtp_1)
                                  2.28   data arrival time

                         10.00   10.00   clock CLK100MHZ (rise edge)
                          0.00   10.00   clock source latency
     1    0.02    0.09    0.06   10.06 ^ CLK100MHZ (in)
                                         CLK100MHZ (net)
                  0.09    0.00   10.06 ^ clkbuf_0_CLK100MHZ/A (sky130_fd_sc_hd__clkbuf_16)
     4    0.04    0.06    0.15   10.21 ^ clkbuf_0_CLK100MHZ/X (sky130_fd_sc_hd__clkbuf_16)
                                         clknet_0_CLK100MHZ (net)
                  0.06    0.00   10.21 ^ clkbuf_2_3__f_CLK100MHZ/A (sky130_fd_sc_hd__clkbuf_16)
     8    0.03    0.05    0.13   10.34 ^ clkbuf_2_3__f_CLK100MHZ/X (sky130_fd_sc_hd__clkbuf_16)
                                         clknet_2_3__leaf_CLK100MHZ (net)
                  0.05    0.00   10.34 ^ _267_/CLK (sky130_fd_sc_hd__dfrtp_1)
                         -0.25   10.09   clock uncertainty
                          0.02   10.11   clock reconvergence pessimism
                         -0.08   10.02   library setup time
                                 10.02   data required time
-----------------------------------------------------------------------------
                                 10.02   data required time
                                 -2.28   data arrival time
-----------------------------------------------------------------------------
                                  7.74   slack (MET)


Startpoint: BTNC (input port clocked by CLK100MHZ)
Endpoint: _247_ (recovery check against rising-edge clock CLK100MHZ)
Path Group: asynchronous
Path Type: max
Corner: Typical

Fanout     Cap    Slew   Delay    Time   Description
-----------------------------------------------------------------------------
                          0.00    0.00   clock CLK100MHZ (rise edge)
                          0.00    0.00   clock network delay (propagated)
                          2.00    2.00 v input external delay
     2    0.02    0.04    0.03    2.03 v BTNC (in)
                                         BTNC (net)
                  0.04    0.00    2.03 v _214_/A (sky130_fd_sc_hd__buf_4)
    10    0.07    0.09    0.21    2.24 v _214_/X (sky130_fd_sc_hd__buf_4)
                                         _112_ (net)
                  0.09    0.00    2.24 v _215_/A (sky130_fd_sc_hd__buf_4)
    10    0.07    0.09    0.23    2.47 v _215_/X (sky130_fd_sc_hd__buf_4)
                                         _113_ (net)
                  0.09    0.00    2.48 v _217_/A (sky130_fd_sc_hd__inv_2)
     1    0.01    0.05    0.08    2.56 ^ _217_/Y (sky130_fd_sc_hd__inv_2)
                                         _026_ (net)
                  0.05    0.00    2.56 ^ _247_/RESET_B (sky130_fd_sc_hd__dfrtp_4)
                                  2.56   data arrival time

                         10.00   10.00   clock CLK100MHZ (rise edge)
                          0.00   10.00   clock source latency
     1    0.02    0.09    0.06   10.06 ^ CLK100MHZ (in)
                                         CLK100MHZ (net)
                  0.09    0.00   10.06 ^ clkbuf_0_CLK100MHZ/A (sky130_fd_sc_hd__clkbuf_16)
     4    0.04    0.06    0.15   10.21 ^ clkbuf_0_CLK100MHZ/X (sky130_fd_sc_hd__clkbuf_16)
                                         clknet_0_CLK100MHZ (net)
                  0.06    0.00   10.21 ^ clkbuf_2_3__f_CLK100MHZ/A (sky130_fd_sc_hd__clkbuf_16)
     8    0.03    0.05    0.13   10.34 ^ clkbuf_2_3__f_CLK100MHZ/X (sky130_fd_sc_hd__clkbuf_16)
                                         clknet_2_3__leaf_CLK100MHZ (net)
                  0.05    0.00   10.34 ^ _247_/CLK (sky130_fd_sc_hd__dfrtp_4)
                         -0.25   10.09   clock uncertainty
                          0.00   10.09   clock reconvergence pessimism
                          0.22   10.30   library recovery time
                                 10.30   data required time
-----------------------------------------------------------------------------
                                 10.30   data required time
                                 -2.56   data arrival time
-----------------------------------------------------------------------------
                                  7.75   slack (MET)


Startpoint: BTNC (input port clocked by CLK100MHZ)
Endpoint: _249_ (recovery check against rising-edge clock CLK100MHZ)
Path Group: asynchronous
Path Type: max
Corner: Typical

Fanout     Cap    Slew   Delay    Time   Description
-----------------------------------------------------------------------------
                          0.00    0.00   clock CLK100MHZ (rise edge)
                          0.00    0.00   clock network delay (propagated)
                          2.00    2.00 v input external delay
     2    0.02    0.04    0.03    2.03 v BTNC (in)
                                         BTNC (net)
                  0.04    0.00    2.03 v _214_/A (sky130_fd_sc_hd__buf_4)
    10    0.07    0.09    0.21    2.24 v _214_/X (sky130_fd_sc_hd__buf_4)
                                         _112_ (net)
                  0.09    0.00    2.24 v _215_/A (sky130_fd_sc_hd__buf_4)
    10    0.07    0.09    0.23    2.47 v _215_/X (sky130_fd_sc_hd__buf_4)
                                         _113_ (net)
                  0.09    0.00    2.48 v _219_/A (sky130_fd_sc_hd__inv_2)
     1    0.01    0.05    0.08    2.56 ^ _219_/Y (sky130_fd_sc_hd__inv_2)
                                         _028_ (net)
                  0.05    0.00    2.56 ^ _249_/RESET_B (sky130_fd_sc_hd__dfrtp_4)
                                  2.56   data arrival time

                         10.00   10.00   clock CLK100MHZ (rise edge)
                          0.00   10.00   clock source latency
     1    0.02    0.09    0.06   10.06 ^ CLK100MHZ (in)
                                         CLK100MHZ (net)
                  0.09    0.00   10.06 ^ clkbuf_0_CLK100MHZ/A (sky130_fd_sc_hd__clkbuf_16)
     4    0.04    0.06    0.15   10.21 ^ clkbuf_0_CLK100MHZ/X (sky130_fd_sc_hd__clkbuf_16)
                                         clknet_0_CLK100MHZ (net)
                  0.06    0.00   10.21 ^ clkbuf_2_3__f_CLK100MHZ/A (sky130_fd_sc_hd__clkbuf_16)
     8    0.03    0.05    0.13   10.34 ^ clkbuf_2_3__f_CLK100MHZ/X (sky130_fd_sc_hd__clkbuf_16)
                                         clknet_2_3__leaf_CLK100MHZ (net)
                  0.05    0.00   10.34 ^ _249_/CLK (sky130_fd_sc_hd__dfrtp_4)
                         -0.25   10.09   clock uncertainty
                          0.00   10.09   clock reconvergence pessimism
                          0.22   10.30   library recovery time
                                 10.30   data required time
-----------------------------------------------------------------------------
                                 10.30   data required time
                                 -2.56   data arrival time
-----------------------------------------------------------------------------
                                  7.75   slack (MET)


Startpoint: BTNC (input port clocked by CLK100MHZ)
Endpoint: _251_ (recovery check against rising-edge clock CLK100MHZ)
Path Group: asynchronous
Path Type: max
Corner: Typical

Fanout     Cap    Slew   Delay    Time   Description
-----------------------------------------------------------------------------
                          0.00    0.00   clock CLK100MHZ (rise edge)
                          0.00    0.00   clock network delay (propagated)
                          2.00    2.00 v input external delay
     2    0.02    0.04    0.03    2.03 v BTNC (in)
                                         BTNC (net)
                  0.04    0.00    2.03 v _214_/A (sky130_fd_sc_hd__buf_4)
    10    0.07    0.09    0.21    2.24 v _214_/X (sky130_fd_sc_hd__buf_4)
                                         _112_ (net)
                  0.09    0.00    2.24 v _215_/A (sky130_fd_sc_hd__buf_4)
    10    0.07    0.09    0.23    2.47 v _215_/X (sky130_fd_sc_hd__buf_4)
                                         _113_ (net)
                  0.09    0.00    2.48 v _221_/A (sky130_fd_sc_hd__inv_2)
     1    0.01    0.05    0.08    2.56 ^ _221_/Y (sky130_fd_sc_hd__inv_2)
                                         _030_ (net)
                  0.05    0.00    2.56 ^ _251_/RESET_B (sky130_fd_sc_hd__dfrtp_2)
                                  2.56   data arrival time

                         10.00   10.00   clock CLK100MHZ (rise edge)
                          0.00   10.00   clock source latency
     1    0.02    0.09    0.06   10.06 ^ CLK100MHZ (in)
                                         CLK100MHZ (net)
                  0.09    0.00   10.06 ^ clkbuf_0_CLK100MHZ/A (sky130_fd_sc_hd__clkbuf_16)
     4    0.04    0.06    0.15   10.21 ^ clkbuf_0_CLK100MHZ/X (sky130_fd_sc_hd__clkbuf_16)
                                         clknet_0_CLK100MHZ (net)
                  0.06    0.00   10.21 ^ clkbuf_2_2__f_CLK100MHZ/A (sky130_fd_sc_hd__clkbuf_16)
     8    0.03    0.05    0.13   10.34 ^ clkbuf_2_2__f_CLK100MHZ/X (sky130_fd_sc_hd__clkbuf_16)
                                         clknet_2_2__leaf_CLK100MHZ (net)
                  0.05    0.00   10.34 ^ _251_/CLK (sky130_fd_sc_hd__dfrtp_2)
                         -0.25   10.09   clock uncertainty
                          0.00   10.09   clock reconvergence pessimism
                          0.22   10.31   library recovery time
                                 10.31   data required time
-----------------------------------------------------------------------------
                                 10.31   data required time
                                 -2.56   data arrival time
-----------------------------------------------------------------------------
                                  7.75   slack (MET)


Startpoint: BTNC (input port clocked by CLK100MHZ)
Endpoint: _246_ (recovery check against rising-edge clock CLK100MHZ)
Path Group: asynchronous
Path Type: max
Corner: Typical

Fanout     Cap    Slew   Delay    Time   Description
-----------------------------------------------------------------------------
                          0.00    0.00   clock CLK100MHZ (rise edge)
                          0.00    0.00   clock network delay (propagated)
                          2.00    2.00 v input external delay
     2    0.02    0.04    0.03    2.03 v BTNC (in)
                                         BTNC (net)
                  0.04    0.00    2.03 v _214_/A (sky130_fd_sc_hd__buf_4)
    10    0.07    0.09    0.21    2.24 v _214_/X (sky130_fd_sc_hd__buf_4)
                                         _112_ (net)
                  0.09    0.00    2.24 v _215_/A (sky130_fd_sc_hd__buf_4)
    10    0.07    0.09    0.23    2.47 v _215_/X (sky130_fd_sc_hd__buf_4)
                                         _113_ (net)
                  0.09    0.00    2.48 v _216_/A (sky130_fd_sc_hd__inv_2)
     1    0.01    0.04    0.07    2.55 ^ _216_/Y (sky130_fd_sc_hd__inv_2)
                                         _025_ (net)
                  0.04    0.00    2.55 ^ _246_/RESET_B (sky130_fd_sc_hd__dfrtp_4)
                                  2.55   data arrival time

                         10.00   10.00   clock CLK100MHZ (rise edge)
                          0.00   10.00   clock source latency
     1    0.02    0.09    0.06   10.06 ^ CLK100MHZ (in)
                                         CLK100MHZ (net)
                  0.09    0.00   10.06 ^ clkbuf_0_CLK100MHZ/A (sky130_fd_sc_hd__clkbuf_16)
     4    0.04    0.06    0.15   10.21 ^ clkbuf_0_CLK100MHZ/X (sky130_fd_sc_hd__clkbuf_16)
                                         clknet_0_CLK100MHZ (net)
                  0.06    0.00   10.21 ^ clkbuf_2_1__f_CLK100MHZ/A (sky130_fd_sc_hd__clkbuf_16)
     8    0.02    0.04    0.13   10.33 ^ clkbuf_2_1__f_CLK100MHZ/X (sky130_fd_sc_hd__clkbuf_16)
                                         clknet_2_1__leaf_CLK100MHZ (net)
                  0.04    0.00   10.33 ^ _246_/CLK (sky130_fd_sc_hd__dfrtp_4)
                         -0.25   10.08   clock uncertainty
                          0.00   10.08   clock reconvergence pessimism
                          0.22   10.30   library recovery time
                                 10.30   data required time
-----------------------------------------------------------------------------
                                 10.30   data required time
                                 -2.55   data arrival time
-----------------------------------------------------------------------------
                                  7.75   slack (MET)


Startpoint: BTNC (input port clocked by CLK100MHZ)
Endpoint: _253_ (recovery check against rising-edge clock CLK100MHZ)
Path Group: asynchronous
Path Type: max
Corner: Typical

Fanout     Cap    Slew   Delay    Time   Description
-----------------------------------------------------------------------------
                          0.00    0.00   clock CLK100MHZ (rise edge)
                          0.00    0.00   clock network delay (propagated)
                          2.00    2.00 v input external delay
     2    0.02    0.04    0.03    2.03 v BTNC (in)
                                         BTNC (net)
                  0.04    0.00    2.03 v _214_/A (sky130_fd_sc_hd__buf_4)
    10    0.07    0.09    0.21    2.24 v _214_/X (sky130_fd_sc_hd__buf_4)
                                         _112_ (net)
                  0.09    0.00    2.24 v _215_/A (sky130_fd_sc_hd__buf_4)
    10    0.07    0.09    0.23    2.47 v _215_/X (sky130_fd_sc_hd__buf_4)
                                         _113_ (net)
                  0.09    0.00    2.48 v _223_/A (sky130_fd_sc_hd__inv_2)
     1    0.01    0.05    0.08    2.56 ^ _223_/Y (sky130_fd_sc_hd__inv_2)
                                         _032_ (net)
                  0.05    0.00    2.56 ^ _253_/RESET_B (sky130_fd_sc_hd__dfrtp_1)
                                  2.56   data arrival time

                         10.00   10.00   clock CLK100MHZ (rise edge)
                          0.00   10.00   clock source latency
     1    0.02    0.09    0.06   10.06 ^ CLK100MHZ (in)
                                         CLK100MHZ (net)
                  0.09    0.00   10.06 ^ clkbuf_0_CLK100MHZ/A (sky130_fd_sc_hd__clkbuf_16)
     4    0.04    0.06    0.15   10.21 ^ clkbuf_0_CLK100MHZ/X (sky130_fd_sc_hd__clkbuf_16)
                                         clknet_0_CLK100MHZ (net)
                  0.06    0.00   10.21 ^ clkbuf_2_2__f_CLK100MHZ/A (sky130_fd_sc_hd__clkbuf_16)
     8    0.03    0.05    0.13   10.34 ^ clkbuf_2_2__f_CLK100MHZ/X (sky130_fd_sc_hd__clkbuf_16)
                                         clknet_2_2__leaf_CLK100MHZ (net)
                  0.05    0.00   10.34 ^ _253_/CLK (sky130_fd_sc_hd__dfrtp_1)
                         -0.25   10.09   clock uncertainty
                          0.00   10.09   clock reconvergence pessimism
                          0.23   10.32   library recovery time
                                 10.32   data required time
-----------------------------------------------------------------------------
                                 10.32   data required time
                                 -2.56   data arrival time
-----------------------------------------------------------------------------
                                  7.76   slack (MET)


Startpoint: _260_ (rising edge-triggered flip-flop clocked by CLK100MHZ)
Endpoint: _274_ (rising edge-triggered flip-flop clocked by CLK100MHZ)
Path Group: CLK100MHZ
Path Type: max
Corner: Typical

Fanout     Cap    Slew   Delay    Time   Description
-----------------------------------------------------------------------------
                          0.00    0.00   clock CLK100MHZ (rise edge)
                          0.00    0.00   clock source latency
     1    0.02    0.09    0.06    0.06 ^ CLK100MHZ (in)
                                         CLK100MHZ (net)
                  0.09    0.00    0.06 ^ clkbuf_0_CLK100MHZ/A (sky130_fd_sc_hd__clkbuf_16)
     4    0.04    0.06    0.17    0.23 ^ clkbuf_0_CLK100MHZ/X (sky130_fd_sc_hd__clkbuf_16)
                                         clknet_0_CLK100MHZ (net)
                  0.06    0.00    0.23 ^ clkbuf_2_1__f_CLK100MHZ/A (sky130_fd_sc_hd__clkbuf_16)
     8    0.02    0.04    0.14    0.37 ^ clkbuf_2_1__f_CLK100MHZ/X (sky130_fd_sc_hd__clkbuf_16)
                                         clknet_2_1__leaf_CLK100MHZ (net)
                  0.04    0.00    0.37 ^ _260_/CLK (sky130_fd_sc_hd__dfrtp_1)
     3    0.03    0.23    0.48    0.85 ^ _260_/Q (sky130_fd_sc_hd__dfrtp_1)
                                         decoder.delay[10] (net)
                  0.23    0.00    0.85 ^ _124_/D (sky130_fd_sc_hd__and4_1)
     4    0.03    0.25    0.40    1.25 ^ _124_/X (sky130_fd_sc_hd__and4_1)
                                         _119_ (net)
                  0.25    0.00    1.25 ^ _128_/A (sky130_fd_sc_hd__and4_2)
     7    0.04    0.23    0.44    1.69 ^ _128_/X (sky130_fd_sc_hd__and4_2)
                                         _061_ (net)
                  0.23    0.00    1.69 ^ _150_/B (sky130_fd_sc_hd__nand2_1)
     2    0.03    0.19    0.23    1.92 v _150_/Y (sky130_fd_sc_hd__nand2_1)
                                         _076_ (net)
                  0.19    0.00    1.92 v _154_/B (sky130_fd_sc_hd__xnor2_1)
     1    0.01    0.22    0.28    2.20 ^ _154_/Y (sky130_fd_sc_hd__xnor2_1)
                                         _016_ (net)
                  0.22    0.00    2.20 ^ _274_/D (sky130_fd_sc_hd__dfrtp_2)
                                  2.20   data arrival time

                         10.00   10.00   clock CLK100MHZ (rise edge)
                          0.00   10.00   clock source latency
     1    0.02    0.09    0.06   10.06 ^ CLK100MHZ (in)
                                         CLK100MHZ (net)
                  0.09    0.00   10.06 ^ clkbuf_0_CLK100MHZ/A (sky130_fd_sc_hd__clkbuf_16)
     4    0.04    0.06    0.15   10.21 ^ clkbuf_0_CLK100MHZ/X (sky130_fd_sc_hd__clkbuf_16)
                                         clknet_0_CLK100MHZ (net)
                  0.06    0.00   10.21 ^ clkbuf_2_3__f_CLK100MHZ/A (sky130_fd_sc_hd__clkbuf_16)
     8    0.03    0.05    0.13   10.34 ^ clkbuf_2_3__f_CLK100MHZ/X (sky130_fd_sc_hd__clkbuf_16)
                                         clknet_2_3__leaf_CLK100MHZ (net)
                  0.05    0.00   10.34 ^ _274_/CLK (sky130_fd_sc_hd__dfrtp_2)
                         -0.25   10.09   clock uncertainty
                          0.02   10.11   clock reconvergence pessimism
                         -0.11   10.00   library setup time
                                 10.00   data required time
-----------------------------------------------------------------------------
                                 10.00   data required time
                                 -2.20   data arrival time
-----------------------------------------------------------------------------
                                  7.80   slack (MET)


Startpoint: _250_ (rising edge-triggered flip-flop clocked by CLK100MHZ)
Endpoint: _260_ (rising edge-triggered flip-flop clocked by CLK100MHZ)
Path Group: CLK100MHZ
Path Type: max
Corner: Typical

Fanout     Cap    Slew   Delay    Time   Description
-----------------------------------------------------------------------------
                          0.00    0.00   clock CLK100MHZ (rise edge)
                          0.00    0.00   clock source latency
     1    0.02    0.09    0.06    0.06 ^ CLK100MHZ (in)
                                         CLK100MHZ (net)
                  0.09    0.00    0.06 ^ clkbuf_0_CLK100MHZ/A (sky130_fd_sc_hd__clkbuf_16)
     4    0.04    0.06    0.17    0.23 ^ clkbuf_0_CLK100MHZ/X (sky130_fd_sc_hd__clkbuf_16)
                                         clknet_0_CLK100MHZ (net)
                  0.06    0.00    0.23 ^ clkbuf_2_2__f_CLK100MHZ/A (sky130_fd_sc_hd__clkbuf_16)
     8    0.03    0.05    0.15    0.37 ^ clkbuf_2_2__f_CLK100MHZ/X (sky130_fd_sc_hd__clkbuf_16)
                                         clknet_2_2__leaf_CLK100MHZ (net)
                  0.05    0.00    0.38 ^ _250_/CLK (sky130_fd_sc_hd__dfrtp_2)
     5    0.04    0.19    0.49    0.86 ^ _250_/Q (sky130_fd_sc_hd__dfrtp_2)
                                         decoder.delay[0] (net)
                  0.19    0.00    0.86 ^ _126_/B (sky130_fd_sc_hd__and4_2)
     6    0.03    0.20    0.40    1.26 ^ _126_/X (sky130_fd_sc_hd__and4_2)
                                         _059_ (net)
                  0.20    0.00    1.26 ^ _182_/B (sky130_fd_sc_hd__and3_1)
     2    0.01    0.12    0.25    1.51 ^ _182_/X (sky130_fd_sc_hd__and3_1)
                                         _093_ (net)
                  0.12    0.00    1.51 ^ _183_/A (sky130_fd_sc_hd__buf_2)
    10    0.05    0.25    0.30    1.81 ^ _183_/X (sky130_fd_sc_hd__buf_2)
                                         _094_ (net)
                  0.25    0.00    1.81 ^ _193_/A3 (sky130_fd_sc_hd__a31o_1)
     1    0.01    0.09    0.22    2.03 ^ _193_/X (sky130_fd_sc_hd__a31o_1)
                                         _101_ (net)
                  0.09    0.00    2.03 ^ _194_/B1_N (sky130_fd_sc_hd__a21boi_1)
     1    0.00    0.11    0.17    2.20 ^ _194_/Y (sky130_fd_sc_hd__a21boi_1)
                                         _001_ (net)
                  0.11    0.00    2.20 ^ _260_/D (sky130_fd_sc_hd__dfrtp_1)
                                  2.20   data arrival time

                         10.00   10.00   clock CLK100MHZ (rise edge)
                          0.00   10.00   clock source latency
     1    0.02    0.09    0.06   10.06 ^ CLK100MHZ (in)
                                         CLK100MHZ (net)
                  0.09    0.00   10.06 ^ clkbuf_0_CLK100MHZ/A (sky130_fd_sc_hd__clkbuf_16)
     4    0.04    0.06    0.15   10.21 ^ clkbuf_0_CLK100MHZ/X (sky130_fd_sc_hd__clkbuf_16)
                                         clknet_0_CLK100MHZ (net)
                  0.06    0.00   10.21 ^ clkbuf_2_1__f_CLK100MHZ/A (sky130_fd_sc_hd__clkbuf_16)
     8    0.02    0.04    0.13   10.33 ^ clkbuf_2_1__f_CLK100MHZ/X (sky130_fd_sc_hd__clkbuf_16)
                                         clknet_2_1__leaf_CLK100MHZ (net)
                  0.04    0.00   10.33 ^ _260_/CLK (sky130_fd_sc_hd__dfrtp_1)
                         -0.25   10.08   clock uncertainty
                          0.02   10.11   clock reconvergence pessimism
                         -0.07   10.03   library setup time
                                 10.03   data required time
-----------------------------------------------------------------------------
                                 10.03   data required time
                                 -2.20   data arrival time
-----------------------------------------------------------------------------
                                  7.83   slack (MET)


Startpoint: _260_ (rising edge-triggered flip-flop clocked by CLK100MHZ)
Endpoint: _266_ (rising edge-triggered flip-flop clocked by CLK100MHZ)
Path Group: CLK100MHZ
Path Type: max
Corner: Typical

Fanout     Cap    Slew   Delay    Time   Description
-----------------------------------------------------------------------------
                          0.00    0.00   clock CLK100MHZ (rise edge)
                          0.00    0.00   clock source latency
     1    0.02    0.09    0.06    0.06 ^ CLK100MHZ (in)
                                         CLK100MHZ (net)
                  0.09    0.00    0.06 ^ clkbuf_0_CLK100MHZ/A (sky130_fd_sc_hd__clkbuf_16)
     4    0.04    0.06    0.17    0.23 ^ clkbuf_0_CLK100MHZ/X (sky130_fd_sc_hd__clkbuf_16)
                                         clknet_0_CLK100MHZ (net)
                  0.06    0.00    0.23 ^ clkbuf_2_1__f_CLK100MHZ/A (sky130_fd_sc_hd__clkbuf_16)
     8    0.02    0.04    0.14    0.37 ^ clkbuf_2_1__f_CLK100MHZ/X (sky130_fd_sc_hd__clkbuf_16)
                                         clknet_2_1__leaf_CLK100MHZ (net)
                  0.04    0.00    0.37 ^ _260_/CLK (sky130_fd_sc_hd__dfrtp_1)
     3    0.03    0.23    0.48    0.85 ^ _260_/Q (sky130_fd_sc_hd__dfrtp_1)
                                         decoder.delay[10] (net)
                  0.23    0.00    0.85 ^ _124_/D (sky130_fd_sc_hd__and4_1)
     4    0.03    0.25    0.40    1.25 ^ _124_/X (sky130_fd_sc_hd__and4_1)
                                         _119_ (net)
                  0.25    0.00    1.25 ^ _128_/A (sky130_fd_sc_hd__and4_2)
     7    0.04    0.23    0.44    1.69 ^ _128_/X (sky130_fd_sc_hd__and4_2)
                                         _061_ (net)
                  0.23    0.00    1.69 ^ _134_/A (sky130_fd_sc_hd__clkbuf_4)
    10    0.06    0.17    0.31    2.00 ^ _134_/X (sky130_fd_sc_hd__clkbuf_4)
                                         _066_ (net)
                  0.17    0.00    2.00 ^ _207_/B (sky130_fd_sc_hd__xor2_1)
     1    0.00    0.13    0.18    2.18 ^ _207_/X (sky130_fd_sc_hd__xor2_1)
                                         _007_ (net)
                  0.13    0.00    2.18 ^ _266_/D (sky130_fd_sc_hd__dfrtp_2)
                                  2.18   data arrival time

                         10.00   10.00   clock CLK100MHZ (rise edge)
                          0.00   10.00   clock source latency
     1    0.02    0.09    0.06   10.06 ^ CLK100MHZ (in)
                                         CLK100MHZ (net)
                  0.09    0.00   10.06 ^ clkbuf_0_CLK100MHZ/A (sky130_fd_sc_hd__clkbuf_16)
     4    0.04    0.06    0.15   10.21 ^ clkbuf_0_CLK100MHZ/X (sky130_fd_sc_hd__clkbuf_16)
                                         clknet_0_CLK100MHZ (net)
                  0.06    0.00   10.21 ^ clkbuf_2_0__f_CLK100MHZ/A (sky130_fd_sc_hd__clkbuf_16)
     8    0.03    0.05    0.13   10.34 ^ clkbuf_2_0__f_CLK100MHZ/X (sky130_fd_sc_hd__clkbuf_16)
                                         clknet_2_0__leaf_CLK100MHZ (net)
                  0.05    0.00   10.34 ^ _266_/CLK (sky130_fd_sc_hd__dfrtp_2)
                         -0.25   10.09   clock uncertainty
                          0.02   10.11   clock reconvergence pessimism
                         -0.08   10.03   library setup time
                                 10.03   data required time
-----------------------------------------------------------------------------
                                 10.03   data required time
                                 -2.18   data arrival time
-----------------------------------------------------------------------------
                                  7.84   slack (MET)


Startpoint: _250_ (rising edge-triggered flip-flop clocked by CLK100MHZ)
Endpoint: _268_ (rising edge-triggered flip-flop clocked by CLK100MHZ)
Path Group: CLK100MHZ
Path Type: max
Corner: Typical

Fanout     Cap    Slew   Delay    Time   Description
-----------------------------------------------------------------------------
                          0.00    0.00   clock CLK100MHZ (rise edge)
                          0.00    0.00   clock source latency
     1    0.02    0.09    0.06    0.06 ^ CLK100MHZ (in)
                                         CLK100MHZ (net)
                  0.09    0.00    0.06 ^ clkbuf_0_CLK100MHZ/A (sky130_fd_sc_hd__clkbuf_16)
     4    0.04    0.06    0.17    0.23 ^ clkbuf_0_CLK100MHZ/X (sky130_fd_sc_hd__clkbuf_16)
                                         clknet_0_CLK100MHZ (net)
                  0.06    0.00    0.23 ^ clkbuf_2_2__f_CLK100MHZ/A (sky130_fd_sc_hd__clkbuf_16)
     8    0.03    0.05    0.15    0.37 ^ clkbuf_2_2__f_CLK100MHZ/X (sky130_fd_sc_hd__clkbuf_16)
                                         clknet_2_2__leaf_CLK100MHZ (net)
                  0.05    0.00    0.38 ^ _250_/CLK (sky130_fd_sc_hd__dfrtp_2)
     5    0.04    0.19    0.49    0.86 ^ _250_/Q (sky130_fd_sc_hd__dfrtp_2)
                                         decoder.delay[0] (net)
                  0.19    0.00    0.86 ^ _126_/B (sky130_fd_sc_hd__and4_2)
     6    0.03    0.20    0.40    1.26 ^ _126_/X (sky130_fd_sc_hd__and4_2)
                                         _059_ (net)
                  0.20    0.00    1.26 ^ _128_/C (sky130_fd_sc_hd__and4_2)
     7    0.04    0.23    0.43    1.69 ^ _128_/X (sky130_fd_sc_hd__and4_2)
                                         _061_ (net)
                  0.23    0.00    1.69 ^ _209_/C (sky130_fd_sc_hd__and3_1)
     2    0.02    0.18    0.31    1.99 ^ _209_/X (sky130_fd_sc_hd__and3_1)
                                         _110_ (net)
                  0.18    0.00    1.99 ^ _211_/B (sky130_fd_sc_hd__xor2_1)
     1    0.00    0.12    0.17    2.17 ^ _211_/X (sky130_fd_sc_hd__xor2_1)
                                         _009_ (net)
                  0.12    0.00    2.17 ^ _268_/D (sky130_fd_sc_hd__dfrtp_2)
                                  2.17   data arrival time

                         10.00   10.00   clock CLK100MHZ (rise edge)
                          0.00   10.00   clock source latency
     1    0.02    0.09    0.06   10.06 ^ CLK100MHZ (in)
                                         CLK100MHZ (net)
                  0.09    0.00   10.06 ^ clkbuf_0_CLK100MHZ/A (sky130_fd_sc_hd__clkbuf_16)
     4    0.04    0.06    0.15   10.21 ^ clkbuf_0_CLK100MHZ/X (sky130_fd_sc_hd__clkbuf_16)
                                         clknet_0_CLK100MHZ (net)
                  0.06    0.00   10.21 ^ clkbuf_2_1__f_CLK100MHZ/A (sky130_fd_sc_hd__clkbuf_16)
     8    0.02    0.04    0.13   10.33 ^ clkbuf_2_1__f_CLK100MHZ/X (sky130_fd_sc_hd__clkbuf_16)
                                         clknet_2_1__leaf_CLK100MHZ (net)
                  0.04    0.00   10.33 ^ _268_/CLK (sky130_fd_sc_hd__dfrtp_2)
                         -0.25   10.08   clock uncertainty
                          0.02   10.11   clock reconvergence pessimism
                         -0.08   10.02   library setup time
                                 10.02   data required time
-----------------------------------------------------------------------------
                                 10.02   data required time
                                 -2.17   data arrival time
-----------------------------------------------------------------------------
                                  7.86   slack (MET)


Startpoint: _250_ (rising edge-triggered flip-flop clocked by CLK100MHZ)
Endpoint: _265_ (rising edge-triggered flip-flop clocked by CLK100MHZ)
Path Group: CLK100MHZ
Path Type: max
Corner: Typical

Fanout     Cap    Slew   Delay    Time   Description
-----------------------------------------------------------------------------
                          0.00    0.00   clock CLK100MHZ (rise edge)
                          0.00    0.00   clock source latency
     1    0.02    0.09    0.06    0.06 ^ CLK100MHZ (in)
                                         CLK100MHZ (net)
                  0.09    0.00    0.06 ^ clkbuf_0_CLK100MHZ/A (sky130_fd_sc_hd__clkbuf_16)
     4    0.04    0.06    0.17    0.23 ^ clkbuf_0_CLK100MHZ/X (sky130_fd_sc_hd__clkbuf_16)
                                         clknet_0_CLK100MHZ (net)
                  0.06    0.00    0.23 ^ clkbuf_2_2__f_CLK100MHZ/A (sky130_fd_sc_hd__clkbuf_16)
     8    0.03    0.05    0.15    0.37 ^ clkbuf_2_2__f_CLK100MHZ/X (sky130_fd_sc_hd__clkbuf_16)
                                         clknet_2_2__leaf_CLK100MHZ (net)
                  0.05    0.00    0.38 ^ _250_/CLK (sky130_fd_sc_hd__dfrtp_2)
     5    0.04    0.19    0.49    0.86 ^ _250_/Q (sky130_fd_sc_hd__dfrtp_2)
                                         decoder.delay[0] (net)
                  0.19    0.00    0.86 ^ _126_/B (sky130_fd_sc_hd__and4_2)
     6    0.03    0.20    0.40    1.26 ^ _126_/X (sky130_fd_sc_hd__and4_2)
                                         _059_ (net)
                  0.20    0.00    1.26 ^ _128_/C (sky130_fd_sc_hd__and4_2)
     7    0.04    0.23    0.43    1.69 ^ _128_/X (sky130_fd_sc_hd__and4_2)
                                         _061_ (net)
                  0.23    0.00    1.69 ^ _134_/A (sky130_fd_sc_hd__clkbuf_4)
    10    0.06    0.17    0.31    2.00 ^ _134_/X (sky130_fd_sc_hd__clkbuf_4)
                                         _066_ (net)
                  0.17    0.00    2.00 ^ _206_/A (sky130_fd_sc_hd__nor2_1)
     1    0.01    0.08    0.11    2.11 v _206_/Y (sky130_fd_sc_hd__nor2_1)
                                         _006_ (net)
                  0.08    0.00    2.12 v _265_/D (sky130_fd_sc_hd__dfrtp_1)
                                  2.12   data arrival time

                         10.00   10.00   clock CLK100MHZ (rise edge)
                          0.00   10.00   clock source latency
     1    0.02    0.09    0.06   10.06 ^ CLK100MHZ (in)
                                         CLK100MHZ (net)
                  0.09    0.00   10.06 ^ clkbuf_0_CLK100MHZ/A (sky130_fd_sc_hd__clkbuf_16)
     4    0.04    0.06    0.15   10.21 ^ clkbuf_0_CLK100MHZ/X (sky130_fd_sc_hd__clkbuf_16)
                                         clknet_0_CLK100MHZ (net)
                  0.06    0.00   10.21 ^ clkbuf_2_1__f_CLK100MHZ/A (sky130_fd_sc_hd__clkbuf_16)
     8    0.02    0.04    0.13   10.33 ^ clkbuf_2_1__f_CLK100MHZ/X (sky130_fd_sc_hd__clkbuf_16)
                                         clknet_2_1__leaf_CLK100MHZ (net)
                  0.04    0.00   10.33 ^ _265_/CLK (sky130_fd_sc_hd__dfrtp_1)
                         -0.25   10.08   clock uncertainty
                          0.02   10.11   clock reconvergence pessimism
                         -0.13    9.98   library setup time
                                  9.98   data required time
-----------------------------------------------------------------------------
                                  9.98   data required time
                                 -2.12   data arrival time
-----------------------------------------------------------------------------
                                  7.86   slack (MET)


Startpoint: BTNC (input port clocked by CLK100MHZ)
Endpoint: _265_ (recovery check against rising-edge clock CLK100MHZ)
Path Group: asynchronous
Path Type: max
Corner: Typical

Fanout     Cap    Slew   Delay    Time   Description
-----------------------------------------------------------------------------
                          0.00    0.00   clock CLK100MHZ (rise edge)
                          0.00    0.00   clock network delay (propagated)
                          2.00    2.00 v input external delay
     2    0.02    0.04    0.03    2.03 v BTNC (in)
                                         BTNC (net)
                  0.04    0.00    2.03 v _226_/A (sky130_fd_sc_hd__buf_4)
    10    0.08    0.10    0.22    2.25 v _226_/X (sky130_fd_sc_hd__buf_4)
                                         _114_ (net)
                  0.10    0.00    2.25 v _236_/A (sky130_fd_sc_hd__inv_2)
     1    0.02    0.09    0.12    2.37 ^ _236_/Y (sky130_fd_sc_hd__inv_2)
                                         _044_ (net)
                  0.09    0.00    2.37 ^ _265_/RESET_B (sky130_fd_sc_hd__dfrtp_1)
                                  2.37   data arrival time

                         10.00   10.00   clock CLK100MHZ (rise edge)
                          0.00   10.00   clock source latency
     1    0.02    0.09    0.06   10.06 ^ CLK100MHZ (in)
                                         CLK100MHZ (net)
                  0.09    0.00   10.06 ^ clkbuf_0_CLK100MHZ/A (sky130_fd_sc_hd__clkbuf_16)
     4    0.04    0.06    0.15   10.21 ^ clkbuf_0_CLK100MHZ/X (sky130_fd_sc_hd__clkbuf_16)
                                         clknet_0_CLK100MHZ (net)
                  0.06    0.00   10.21 ^ clkbuf_2_1__f_CLK100MHZ/A (sky130_fd_sc_hd__clkbuf_16)
     8    0.02    0.04    0.13   10.33 ^ clkbuf_2_1__f_CLK100MHZ/X (sky130_fd_sc_hd__clkbuf_16)
                                         clknet_2_1__leaf_CLK100MHZ (net)
                  0.04    0.00   10.33 ^ _265_/CLK (sky130_fd_sc_hd__dfrtp_1)
                         -0.25   10.08   clock uncertainty
                          0.00   10.08   clock reconvergence pessimism
                          0.22   10.30   library recovery time
                                 10.30   data required time
-----------------------------------------------------------------------------
                                 10.30   data required time
                                 -2.37   data arrival time
-----------------------------------------------------------------------------
                                  7.93   slack (MET)


Startpoint: BTNC (input port clocked by CLK100MHZ)
Endpoint: _260_ (recovery check against rising-edge clock CLK100MHZ)
Path Group: asynchronous
Path Type: max
Corner: Typical

Fanout     Cap    Slew   Delay    Time   Description
-----------------------------------------------------------------------------
                          0.00    0.00   clock CLK100MHZ (rise edge)
                          0.00    0.00   clock network delay (propagated)
                          2.00    2.00 v input external delay
     2    0.02    0.04    0.03    2.03 v BTNC (in)
                                         BTNC (net)
                  0.04    0.00    2.03 v _226_/A (sky130_fd_sc_hd__buf_4)
    10    0.08    0.10    0.22    2.25 v _226_/X (sky130_fd_sc_hd__buf_4)
                                         _114_ (net)
                  0.10    0.00    2.25 v _231_/A (sky130_fd_sc_hd__inv_2)
     1    0.02    0.08    0.11    2.36 ^ _231_/Y (sky130_fd_sc_hd__inv_2)
                                         _039_ (net)
                  0.08    0.00    2.36 ^ _260_/RESET_B (sky130_fd_sc_hd__dfrtp_1)
                                  2.36   data arrival time

                         10.00   10.00   clock CLK100MHZ (rise edge)
                          0.00   10.00   clock source latency
     1    0.02    0.09    0.06   10.06 ^ CLK100MHZ (in)
                                         CLK100MHZ (net)
                  0.09    0.00   10.06 ^ clkbuf_0_CLK100MHZ/A (sky130_fd_sc_hd__clkbuf_16)
     4    0.04    0.06    0.15   10.21 ^ clkbuf_0_CLK100MHZ/X (sky130_fd_sc_hd__clkbuf_16)
                                         clknet_0_CLK100MHZ (net)
                  0.06    0.00   10.21 ^ clkbuf_2_1__f_CLK100MHZ/A (sky130_fd_sc_hd__clkbuf_16)
     8    0.02    0.04    0.13   10.33 ^ clkbuf_2_1__f_CLK100MHZ/X (sky130_fd_sc_hd__clkbuf_16)
                                         clknet_2_1__leaf_CLK100MHZ (net)
                  0.04    0.00   10.33 ^ _260_/CLK (sky130_fd_sc_hd__dfrtp_1)
                         -0.25   10.08   clock uncertainty
                          0.00   10.08   clock reconvergence pessimism
                          0.22   10.31   library recovery time
                                 10.31   data required time
-----------------------------------------------------------------------------
                                 10.31   data required time
                                 -2.36   data arrival time
-----------------------------------------------------------------------------
                                  7.94   slack (MET)


Startpoint: BTNC (input port clocked by CLK100MHZ)
Endpoint: _258_ (recovery check against rising-edge clock CLK100MHZ)
Path Group: asynchronous
Path Type: max
Corner: Typical

Fanout     Cap    Slew   Delay    Time   Description
-----------------------------------------------------------------------------
                          0.00    0.00   clock CLK100MHZ (rise edge)
                          0.00    0.00   clock network delay (propagated)
                          2.00    2.00 v input external delay
     2    0.02    0.04    0.03    2.03 v BTNC (in)
                                         BTNC (net)
                  0.04    0.00    2.03 v _226_/A (sky130_fd_sc_hd__buf_4)
    10    0.08    0.10    0.22    2.25 v _226_/X (sky130_fd_sc_hd__buf_4)
                                         _114_ (net)
                  0.10    0.00    2.25 v _229_/A (sky130_fd_sc_hd__inv_2)
     1    0.01    0.07    0.10    2.35 ^ _229_/Y (sky130_fd_sc_hd__inv_2)
                                         _037_ (net)
                  0.07    0.00    2.35 ^ _258_/RESET_B (sky130_fd_sc_hd__dfrtp_4)
                                  2.35   data arrival time

                         10.00   10.00   clock CLK100MHZ (rise edge)
                          0.00   10.00   clock source latency
     1    0.02    0.09    0.06   10.06 ^ CLK100MHZ (in)
                                         CLK100MHZ (net)
                  0.09    0.00   10.06 ^ clkbuf_0_CLK100MHZ/A (sky130_fd_sc_hd__clkbuf_16)
     4    0.04    0.06    0.15   10.21 ^ clkbuf_0_CLK100MHZ/X (sky130_fd_sc_hd__clkbuf_16)
                                         clknet_0_CLK100MHZ (net)
                  0.06    0.00   10.21 ^ clkbuf_2_3__f_CLK100MHZ/A (sky130_fd_sc_hd__clkbuf_16)
     8    0.03    0.05    0.13   10.34 ^ clkbuf_2_3__f_CLK100MHZ/X (sky130_fd_sc_hd__clkbuf_16)
                                         clknet_2_3__leaf_CLK100MHZ (net)
                  0.05    0.00   10.34 ^ _258_/CLK (sky130_fd_sc_hd__dfrtp_4)
                         -0.25   10.09   clock uncertainty
                          0.00   10.09   clock reconvergence pessimism
                          0.21   10.30   library recovery time
                                 10.30   data required time
-----------------------------------------------------------------------------
                                 10.30   data required time
                                 -2.35   data arrival time
-----------------------------------------------------------------------------
                                  7.94   slack (MET)


Startpoint: BTNC (input port clocked by CLK100MHZ)
Endpoint: _262_ (recovery check against rising-edge clock CLK100MHZ)
Path Group: asynchronous
Path Type: max
Corner: Typical

Fanout     Cap    Slew   Delay    Time   Description
-----------------------------------------------------------------------------
                          0.00    0.00   clock CLK100MHZ (rise edge)
                          0.00    0.00   clock network delay (propagated)
                          2.00    2.00 v input external delay
     2    0.02    0.04    0.03    2.03 v BTNC (in)
                                         BTNC (net)
                  0.04    0.00    2.03 v _226_/A (sky130_fd_sc_hd__buf_4)
    10    0.08    0.10    0.22    2.25 v _226_/X (sky130_fd_sc_hd__buf_4)
                                         _114_ (net)
                  0.10    0.00    2.25 v _233_/A (sky130_fd_sc_hd__inv_2)
     1    0.01    0.07    0.11    2.36 ^ _233_/Y (sky130_fd_sc_hd__inv_2)
                                         _041_ (net)
                  0.07    0.00    2.36 ^ _262_/RESET_B (sky130_fd_sc_hd__dfrtp_2)
                                  2.36   data arrival time

                         10.00   10.00   clock CLK100MHZ (rise edge)
                          0.00   10.00   clock source latency
     1    0.02    0.09    0.06   10.06 ^ CLK100MHZ (in)
                                         CLK100MHZ (net)
                  0.09    0.00   10.06 ^ clkbuf_0_CLK100MHZ/A (sky130_fd_sc_hd__clkbuf_16)
     4    0.04    0.06    0.15   10.21 ^ clkbuf_0_CLK100MHZ/X (sky130_fd_sc_hd__clkbuf_16)
                                         clknet_0_CLK100MHZ (net)
                  0.06    0.00   10.21 ^ clkbuf_2_2__f_CLK100MHZ/A (sky130_fd_sc_hd__clkbuf_16)
     8    0.03    0.05    0.13   10.34 ^ clkbuf_2_2__f_CLK100MHZ/X (sky130_fd_sc_hd__clkbuf_16)
                                         clknet_2_2__leaf_CLK100MHZ (net)
                  0.05    0.00   10.34 ^ _262_/CLK (sky130_fd_sc_hd__dfrtp_2)
                         -0.25   10.09   clock uncertainty
                          0.00   10.09   clock reconvergence pessimism
                          0.21   10.30   library recovery time
                                 10.30   data required time
-----------------------------------------------------------------------------
                                 10.30   data required time
                                 -2.36   data arrival time
-----------------------------------------------------------------------------
                                  7.94   slack (MET)


Startpoint: BTNC (input port clocked by CLK100MHZ)
Endpoint: _266_ (recovery check against rising-edge clock CLK100MHZ)
Path Group: asynchronous
Path Type: max
Corner: Typical

Fanout     Cap    Slew   Delay    Time   Description
-----------------------------------------------------------------------------
                          0.00    0.00   clock CLK100MHZ (rise edge)
                          0.00    0.00   clock network delay (propagated)
                          2.00    2.00 v input external delay
     2    0.02    0.04    0.03    2.03 v BTNC (in)
                                         BTNC (net)
                  0.04    0.00    2.03 v _214_/A (sky130_fd_sc_hd__buf_4)
    10    0.07    0.09    0.21    2.24 v _214_/X (sky130_fd_sc_hd__buf_4)
                                         _112_ (net)
                  0.09    0.00    2.24 v _237_/A (sky130_fd_sc_hd__inv_2)
     1    0.02    0.08    0.11    2.35 ^ _237_/Y (sky130_fd_sc_hd__inv_2)
                                         _045_ (net)
                  0.08    0.00    2.35 ^ _266_/RESET_B (sky130_fd_sc_hd__dfrtp_2)
                                  2.35   data arrival time

                         10.00   10.00   clock CLK100MHZ (rise edge)
                          0.00   10.00   clock source latency
     1    0.02    0.09    0.06   10.06 ^ CLK100MHZ (in)
                                         CLK100MHZ (net)
                  0.09    0.00   10.06 ^ clkbuf_0_CLK100MHZ/A (sky130_fd_sc_hd__clkbuf_16)
     4    0.04    0.06    0.15   10.21 ^ clkbuf_0_CLK100MHZ/X (sky130_fd_sc_hd__clkbuf_16)
                                         clknet_0_CLK100MHZ (net)
                  0.06    0.00   10.21 ^ clkbuf_2_0__f_CLK100MHZ/A (sky130_fd_sc_hd__clkbuf_16)
     8    0.03    0.05    0.13   10.34 ^ clkbuf_2_0__f_CLK100MHZ/X (sky130_fd_sc_hd__clkbuf_16)
                                         clknet_2_0__leaf_CLK100MHZ (net)
                  0.05    0.00   10.34 ^ _266_/CLK (sky130_fd_sc_hd__dfrtp_2)
                         -0.25   10.09   clock uncertainty
                          0.00   10.09   clock reconvergence pessimism
                          0.21   10.30   library recovery time
                                 10.30   data required time
-----------------------------------------------------------------------------
                                 10.30   data required time
                                 -2.35   data arrival time
-----------------------------------------------------------------------------
                                  7.95   slack (MET)


Startpoint: BTNC (input port clocked by CLK100MHZ)
Endpoint: _269_ (recovery check against rising-edge clock CLK100MHZ)
Path Group: asynchronous
Path Type: max
Corner: Typical

Fanout     Cap    Slew   Delay    Time   Description
-----------------------------------------------------------------------------
                          0.00    0.00   clock CLK100MHZ (rise edge)
                          0.00    0.00   clock network delay (propagated)
                          2.00    2.00 v input external delay
     2    0.02    0.04    0.03    2.03 v BTNC (in)
                                         BTNC (net)
                  0.04    0.00    2.03 v _214_/A (sky130_fd_sc_hd__buf_4)
    10    0.07    0.09    0.21    2.24 v _214_/X (sky130_fd_sc_hd__buf_4)
                                         _112_ (net)
                  0.09    0.00    2.24 v _240_/A (sky130_fd_sc_hd__inv_2)
     1    0.02    0.09    0.11    2.36 ^ _240_/Y (sky130_fd_sc_hd__inv_2)
                                         _048_ (net)
                  0.09    0.00    2.36 ^ _269_/RESET_B (sky130_fd_sc_hd__dfrtp_1)
                                  2.36   data arrival time

                         10.00   10.00   clock CLK100MHZ (rise edge)
                          0.00   10.00   clock source latency
     1    0.02    0.09    0.06   10.06 ^ CLK100MHZ (in)
                                         CLK100MHZ (net)
                  0.09    0.00   10.06 ^ clkbuf_0_CLK100MHZ/A (sky130_fd_sc_hd__clkbuf_16)
     4    0.04    0.06    0.15   10.21 ^ clkbuf_0_CLK100MHZ/X (sky130_fd_sc_hd__clkbuf_16)
                                         clknet_0_CLK100MHZ (net)
                  0.06    0.00   10.21 ^ clkbuf_2_2__f_CLK100MHZ/A (sky130_fd_sc_hd__clkbuf_16)
     8    0.03    0.05    0.13   10.34 ^ clkbuf_2_2__f_CLK100MHZ/X (sky130_fd_sc_hd__clkbuf_16)
                                         clknet_2_2__leaf_CLK100MHZ (net)
                  0.05    0.00   10.34 ^ _269_/CLK (sky130_fd_sc_hd__dfrtp_1)
                         -0.25   10.09   clock uncertainty
                          0.00   10.09   clock reconvergence pessimism
                          0.22   10.31   library recovery time
                                 10.31   data required time
-----------------------------------------------------------------------------
                                 10.31   data required time
                                 -2.36   data arrival time
-----------------------------------------------------------------------------
                                  7.95   slack (MET)


Startpoint: BTNC (input port clocked by CLK100MHZ)
Endpoint: _263_ (recovery check against rising-edge clock CLK100MHZ)
Path Group: asynchronous
Path Type: max
Corner: Typical

Fanout     Cap    Slew   Delay    Time   Description
-----------------------------------------------------------------------------
                          0.00    0.00   clock CLK100MHZ (rise edge)
                          0.00    0.00   clock network delay (propagated)
                          2.00    2.00 v input external delay
     2    0.02    0.04    0.03    2.03 v BTNC (in)
                                         BTNC (net)
                  0.04    0.00    2.03 v _226_/A (sky130_fd_sc_hd__buf_4)
    10    0.08    0.10    0.22    2.25 v _226_/X (sky130_fd_sc_hd__buf_4)
                                         _114_ (net)
                  0.10    0.00    2.25 v _234_/A (sky130_fd_sc_hd__inv_2)
     1    0.01    0.07    0.10    2.35 ^ _234_/Y (sky130_fd_sc_hd__inv_2)
                                         _042_ (net)
                  0.07    0.00    2.35 ^ _263_/RESET_B (sky130_fd_sc_hd__dfrtp_1)
                                  2.35   data arrival time

                         10.00   10.00   clock CLK100MHZ (rise edge)
                          0.00   10.00   clock source latency
     1    0.02    0.09    0.06   10.06 ^ CLK100MHZ (in)
                                         CLK100MHZ (net)
                  0.09    0.00   10.06 ^ clkbuf_0_CLK100MHZ/A (sky130_fd_sc_hd__clkbuf_16)
     4    0.04    0.06    0.15   10.21 ^ clkbuf_0_CLK100MHZ/X (sky130_fd_sc_hd__clkbuf_16)
                                         clknet_0_CLK100MHZ (net)
                  0.06    0.00   10.21 ^ clkbuf_2_2__f_CLK100MHZ/A (sky130_fd_sc_hd__clkbuf_16)
     8    0.03    0.05    0.13   10.34 ^ clkbuf_2_2__f_CLK100MHZ/X (sky130_fd_sc_hd__clkbuf_16)
                                         clknet_2_2__leaf_CLK100MHZ (net)
                  0.05    0.00   10.34 ^ _263_/CLK (sky130_fd_sc_hd__dfrtp_1)
                         -0.25   10.09   clock uncertainty
                          0.00   10.09   clock reconvergence pessimism
                          0.23   10.32   library recovery time
                                 10.32   data required time
-----------------------------------------------------------------------------
                                 10.32   data required time
                                 -2.35   data arrival time
-----------------------------------------------------------------------------
                                  7.96   slack (MET)


Startpoint: BTNC (input port clocked by CLK100MHZ)
Endpoint: _257_ (recovery check against rising-edge clock CLK100MHZ)
Path Group: asynchronous
Path Type: max
Corner: Typical

Fanout     Cap    Slew   Delay    Time   Description
-----------------------------------------------------------------------------
                          0.00    0.00   clock CLK100MHZ (rise edge)
                          0.00    0.00   clock network delay (propagated)
                          2.00    2.00 v input external delay
     2    0.02    0.04    0.03    2.03 v BTNC (in)
                                         BTNC (net)
                  0.04    0.00    2.03 v _226_/A (sky130_fd_sc_hd__buf_4)
    10    0.08    0.10    0.22    2.25 v _226_/X (sky130_fd_sc_hd__buf_4)
                                         _114_ (net)
                  0.10    0.00    2.25 v _228_/A (sky130_fd_sc_hd__inv_2)
     1    0.01    0.06    0.09    2.35 ^ _228_/Y (sky130_fd_sc_hd__inv_2)
                                         _036_ (net)
                  0.06    0.00    2.35 ^ _257_/RESET_B (sky130_fd_sc_hd__dfrtp_1)
                                  2.35   data arrival time

                         10.00   10.00   clock CLK100MHZ (rise edge)
                          0.00   10.00   clock source latency
     1    0.02    0.09    0.06   10.06 ^ CLK100MHZ (in)
                                         CLK100MHZ (net)
                  0.09    0.00   10.06 ^ clkbuf_0_CLK100MHZ/A (sky130_fd_sc_hd__clkbuf_16)
     4    0.04    0.06    0.15   10.21 ^ clkbuf_0_CLK100MHZ/X (sky130_fd_sc_hd__clkbuf_16)
                                         clknet_0_CLK100MHZ (net)
                  0.06    0.00   10.21 ^ clkbuf_2_3__f_CLK100MHZ/A (sky130_fd_sc_hd__clkbuf_16)
     8    0.03    0.05    0.13   10.34 ^ clkbuf_2_3__f_CLK100MHZ/X (sky130_fd_sc_hd__clkbuf_16)
                                         clknet_2_3__leaf_CLK100MHZ (net)
                  0.05    0.00   10.34 ^ _257_/CLK (sky130_fd_sc_hd__dfrtp_1)
                         -0.25   10.09   clock uncertainty
                          0.00   10.09   clock reconvergence pessimism
                          0.23   10.31   library recovery time
                                 10.31   data required time
-----------------------------------------------------------------------------
                                 10.31   data required time
                                 -2.35   data arrival time
-----------------------------------------------------------------------------
                                  7.97   slack (MET)


Startpoint: BTNC (input port clocked by CLK100MHZ)
Endpoint: _256_ (recovery check against rising-edge clock CLK100MHZ)
Path Group: asynchronous
Path Type: max
Corner: Typical

Fanout     Cap    Slew   Delay    Time   Description
-----------------------------------------------------------------------------
                          0.00    0.00   clock CLK100MHZ (rise edge)
                          0.00    0.00   clock network delay (propagated)
                          2.00    2.00 v input external delay
     2    0.02    0.04    0.03    2.03 v BTNC (in)
                                         BTNC (net)
                  0.04    0.00    2.03 v _226_/A (sky130_fd_sc_hd__buf_4)
    10    0.08    0.10    0.22    2.25 v _226_/X (sky130_fd_sc_hd__buf_4)
                                         _114_ (net)
                  0.10    0.00    2.25 v _227_/A (sky130_fd_sc_hd__inv_2)
     1    0.01    0.05    0.08    2.33 ^ _227_/Y (sky130_fd_sc_hd__inv_2)
                                         _035_ (net)
                  0.05    0.00    2.33 ^ _256_/RESET_B (sky130_fd_sc_hd__dfrtp_4)
                                  2.33   data arrival time

                         10.00   10.00   clock CLK100MHZ (rise edge)
                          0.00   10.00   clock source latency
     1    0.02    0.09    0.06   10.06 ^ CLK100MHZ (in)
                                         CLK100MHZ (net)
                  0.09    0.00   10.06 ^ clkbuf_0_CLK100MHZ/A (sky130_fd_sc_hd__clkbuf_16)
     4    0.04    0.06    0.15   10.21 ^ clkbuf_0_CLK100MHZ/X (sky130_fd_sc_hd__clkbuf_16)
                                         clknet_0_CLK100MHZ (net)
                  0.06    0.00   10.21 ^ clkbuf_2_0__f_CLK100MHZ/A (sky130_fd_sc_hd__clkbuf_16)
     8    0.03    0.05    0.13   10.34 ^ clkbuf_2_0__f_CLK100MHZ/X (sky130_fd_sc_hd__clkbuf_16)
                                         clknet_2_0__leaf_CLK100MHZ (net)
                  0.05    0.00   10.34 ^ _256_/CLK (sky130_fd_sc_hd__dfrtp_4)
                         -0.25   10.09   clock uncertainty
                          0.00   10.09   clock reconvergence pessimism
                          0.22   10.31   library recovery time
                                 10.31   data required time
-----------------------------------------------------------------------------
                                 10.31   data required time
                                 -2.33   data arrival time
-----------------------------------------------------------------------------
                                  7.97   slack (MET)


Startpoint: BTNC (input port clocked by CLK100MHZ)
Endpoint: _259_ (recovery check against rising-edge clock CLK100MHZ)
Path Group: asynchronous
Path Type: max
Corner: Typical

Fanout     Cap    Slew   Delay    Time   Description
-----------------------------------------------------------------------------
                          0.00    0.00   clock CLK100MHZ (rise edge)
                          0.00    0.00   clock network delay (propagated)
                          2.00    2.00 v input external delay
     2    0.02    0.04    0.03    2.03 v BTNC (in)
                                         BTNC (net)
                  0.04    0.00    2.03 v _226_/A (sky130_fd_sc_hd__buf_4)
    10    0.08    0.10    0.22    2.25 v _226_/X (sky130_fd_sc_hd__buf_4)
                                         _114_ (net)
                  0.10    0.00    2.25 v _230_/A (sky130_fd_sc_hd__inv_2)
     1    0.01    0.05    0.08    2.33 ^ _230_/Y (sky130_fd_sc_hd__inv_2)
                                         _038_ (net)
                  0.05    0.00    2.33 ^ _259_/RESET_B (sky130_fd_sc_hd__dfrtp_2)
                                  2.33   data arrival time

                         10.00   10.00   clock CLK100MHZ (rise edge)
                          0.00   10.00   clock source latency
     1    0.02    0.09    0.06   10.06 ^ CLK100MHZ (in)
                                         CLK100MHZ (net)
                  0.09    0.00   10.06 ^ clkbuf_0_CLK100MHZ/A (sky130_fd_sc_hd__clkbuf_16)
     4    0.04    0.06    0.15   10.21 ^ clkbuf_0_CLK100MHZ/X (sky130_fd_sc_hd__clkbuf_16)
                                         clknet_0_CLK100MHZ (net)
                  0.06    0.00   10.21 ^ clkbuf_2_1__f_CLK100MHZ/A (sky130_fd_sc_hd__clkbuf_16)
     8    0.02    0.04    0.13   10.33 ^ clkbuf_2_1__f_CLK100MHZ/X (sky130_fd_sc_hd__clkbuf_16)
                                         clknet_2_1__leaf_CLK100MHZ (net)
                  0.04    0.00   10.33 ^ _259_/CLK (sky130_fd_sc_hd__dfrtp_2)
                         -0.25   10.08   clock uncertainty
                          0.00   10.08   clock reconvergence pessimism
                          0.22   10.30   library recovery time
                                 10.30   data required time
-----------------------------------------------------------------------------
                                 10.30   data required time
                                 -2.33   data arrival time
-----------------------------------------------------------------------------
                                  7.97   slack (MET)


Startpoint: BTNC (input port clocked by CLK100MHZ)
Endpoint: _264_ (recovery check against rising-edge clock CLK100MHZ)
Path Group: asynchronous
Path Type: max
Corner: Typical

Fanout     Cap    Slew   Delay    Time   Description
-----------------------------------------------------------------------------
                          0.00    0.00   clock CLK100MHZ (rise edge)
                          0.00    0.00   clock network delay (propagated)
                          2.00    2.00 v input external delay
     2    0.02    0.04    0.03    2.03 v BTNC (in)
                                         BTNC (net)
                  0.04    0.00    2.03 v _226_/A (sky130_fd_sc_hd__buf_4)
    10    0.08    0.10    0.22    2.25 v _226_/X (sky130_fd_sc_hd__buf_4)
                                         _114_ (net)
                  0.10    0.00    2.25 v _235_/A (sky130_fd_sc_hd__inv_2)
     1    0.01    0.06    0.09    2.34 ^ _235_/Y (sky130_fd_sc_hd__inv_2)
                                         _043_ (net)
                  0.06    0.00    2.34 ^ _264_/RESET_B (sky130_fd_sc_hd__dfrtp_1)
                                  2.34   data arrival time

                         10.00   10.00   clock CLK100MHZ (rise edge)
                          0.00   10.00   clock source latency
     1    0.02    0.09    0.06   10.06 ^ CLK100MHZ (in)
                                         CLK100MHZ (net)
                  0.09    0.00   10.06 ^ clkbuf_0_CLK100MHZ/A (sky130_fd_sc_hd__clkbuf_16)
     4    0.04    0.06    0.15   10.21 ^ clkbuf_0_CLK100MHZ/X (sky130_fd_sc_hd__clkbuf_16)
                                         clknet_0_CLK100MHZ (net)
                  0.06    0.00   10.21 ^ clkbuf_2_0__f_CLK100MHZ/A (sky130_fd_sc_hd__clkbuf_16)
     8    0.03    0.05    0.13   10.34 ^ clkbuf_2_0__f_CLK100MHZ/X (sky130_fd_sc_hd__clkbuf_16)
                                         clknet_2_0__leaf_CLK100MHZ (net)
                  0.05    0.00   10.34 ^ _264_/CLK (sky130_fd_sc_hd__dfrtp_1)
                         -0.25   10.09   clock uncertainty
                          0.00   10.09   clock reconvergence pessimism
                          0.23   10.32   library recovery time
                                 10.32   data required time
-----------------------------------------------------------------------------
                                 10.32   data required time
                                 -2.34   data arrival time
-----------------------------------------------------------------------------
                                  7.97   slack (MET)


Startpoint: BTNC (input port clocked by CLK100MHZ)
Endpoint: _274_ (recovery check against rising-edge clock CLK100MHZ)
Path Group: asynchronous
Path Type: max
Corner: Typical

Fanout     Cap    Slew   Delay    Time   Description
-----------------------------------------------------------------------------
                          0.00    0.00   clock CLK100MHZ (rise edge)
                          0.00    0.00   clock network delay (propagated)
                          2.00    2.00 v input external delay
     2    0.02    0.04    0.03    2.03 v BTNC (in)
                                         BTNC (net)
                  0.04    0.00    2.03 v _214_/A (sky130_fd_sc_hd__buf_4)
    10    0.07    0.09    0.21    2.24 v _214_/X (sky130_fd_sc_hd__buf_4)
                                         _112_ (net)
                  0.09    0.00    2.24 v _245_/A (sky130_fd_sc_hd__inv_2)
     1    0.01    0.06    0.09    2.33 ^ _245_/Y (sky130_fd_sc_hd__inv_2)
                                         _053_ (net)
                  0.06    0.00    2.33 ^ _274_/RESET_B (sky130_fd_sc_hd__dfrtp_2)
                                  2.33   data arrival time

                         10.00   10.00   clock CLK100MHZ (rise edge)
                          0.00   10.00   clock source latency
     1    0.02    0.09    0.06   10.06 ^ CLK100MHZ (in)
                                         CLK100MHZ (net)
                  0.09    0.00   10.06 ^ clkbuf_0_CLK100MHZ/A (sky130_fd_sc_hd__clkbuf_16)
     4    0.04    0.06    0.15   10.21 ^ clkbuf_0_CLK100MHZ/X (sky130_fd_sc_hd__clkbuf_16)
                                         clknet_0_CLK100MHZ (net)
                  0.06    0.00   10.21 ^ clkbuf_2_3__f_CLK100MHZ/A (sky130_fd_sc_hd__clkbuf_16)
     8    0.03    0.05    0.13   10.34 ^ clkbuf_2_3__f_CLK100MHZ/X (sky130_fd_sc_hd__clkbuf_16)
                                         clknet_2_3__leaf_CLK100MHZ (net)
                  0.05    0.00   10.34 ^ _274_/CLK (sky130_fd_sc_hd__dfrtp_2)
                         -0.25   10.09   clock uncertainty
                          0.00   10.09   clock reconvergence pessimism
                          0.22   10.30   library recovery time
                                 10.30   data required time
-----------------------------------------------------------------------------
                                 10.30   data required time
                                 -2.33   data arrival time
-----------------------------------------------------------------------------
                                  7.97   slack (MET)


Startpoint: BTNC (input port clocked by CLK100MHZ)
Endpoint: _273_ (recovery check against rising-edge clock CLK100MHZ)
Path Group: asynchronous
Path Type: max
Corner: Typical

Fanout     Cap    Slew   Delay    Time   Description
-----------------------------------------------------------------------------
                          0.00    0.00   clock CLK100MHZ (rise edge)
                          0.00    0.00   clock network delay (propagated)
                          2.00    2.00 v input external delay
     2    0.02    0.04    0.03    2.03 v BTNC (in)
                                         BTNC (net)
                  0.04    0.00    2.03 v _214_/A (sky130_fd_sc_hd__buf_4)
    10    0.07    0.09    0.21    2.24 v _214_/X (sky130_fd_sc_hd__buf_4)
                                         _112_ (net)
                  0.09    0.00    2.24 v _244_/A (sky130_fd_sc_hd__inv_2)
     1    0.01    0.07    0.09    2.34 ^ _244_/Y (sky130_fd_sc_hd__inv_2)
                                         _052_ (net)
                  0.07    0.00    2.34 ^ _273_/RESET_B (sky130_fd_sc_hd__dfrtp_1)
                                  2.34   data arrival time

                         10.00   10.00   clock CLK100MHZ (rise edge)
                          0.00   10.00   clock source latency
     1    0.02    0.09    0.06   10.06 ^ CLK100MHZ (in)
                                         CLK100MHZ (net)
                  0.09    0.00   10.06 ^ clkbuf_0_CLK100MHZ/A (sky130_fd_sc_hd__clkbuf_16)
     4    0.04    0.06    0.15   10.21 ^ clkbuf_0_CLK100MHZ/X (sky130_fd_sc_hd__clkbuf_16)
                                         clknet_0_CLK100MHZ (net)
                  0.06    0.00   10.21 ^ clkbuf_2_3__f_CLK100MHZ/A (sky130_fd_sc_hd__clkbuf_16)
     8    0.03    0.05    0.13   10.34 ^ clkbuf_2_3__f_CLK100MHZ/X (sky130_fd_sc_hd__clkbuf_16)
                                         clknet_2_3__leaf_CLK100MHZ (net)
                  0.05    0.00   10.34 ^ _273_/CLK (sky130_fd_sc_hd__dfrtp_1)
                         -0.25   10.09   clock uncertainty
                          0.00   10.09   clock reconvergence pessimism
                          0.23   10.31   library recovery time
                                 10.31   data required time
-----------------------------------------------------------------------------
                                 10.31   data required time
                                 -2.34   data arrival time
-----------------------------------------------------------------------------
                                  7.98   slack (MET)


Startpoint: BTNC (input port clocked by CLK100MHZ)
Endpoint: _271_ (recovery check against rising-edge clock CLK100MHZ)
Path Group: asynchronous
Path Type: max
Corner: Typical

Fanout     Cap    Slew   Delay    Time   Description
-----------------------------------------------------------------------------
                          0.00    0.00   clock CLK100MHZ (rise edge)
                          0.00    0.00   clock network delay (propagated)
                          2.00    2.00 v input external delay
     2    0.02    0.04    0.03    2.03 v BTNC (in)
                                         BTNC (net)
                  0.04    0.00    2.03 v _214_/A (sky130_fd_sc_hd__buf_4)
    10    0.07    0.09    0.21    2.24 v _214_/X (sky130_fd_sc_hd__buf_4)
                                         _112_ (net)
                  0.09    0.00    2.24 v _242_/A (sky130_fd_sc_hd__inv_2)
     1    0.01    0.06    0.09    2.33 ^ _242_/Y (sky130_fd_sc_hd__inv_2)
                                         _050_ (net)
                  0.06    0.00    2.33 ^ _271_/RESET_B (sky130_fd_sc_hd__dfrtp_1)
                                  2.33   data arrival time

                         10.00   10.00   clock CLK100MHZ (rise edge)
                          0.00   10.00   clock source latency
     1    0.02    0.09    0.06   10.06 ^ CLK100MHZ (in)
                                         CLK100MHZ (net)
                  0.09    0.00   10.06 ^ clkbuf_0_CLK100MHZ/A (sky130_fd_sc_hd__clkbuf_16)
     4    0.04    0.06    0.15   10.21 ^ clkbuf_0_CLK100MHZ/X (sky130_fd_sc_hd__clkbuf_16)
                                         clknet_0_CLK100MHZ (net)
                  0.06    0.00   10.21 ^ clkbuf_2_0__f_CLK100MHZ/A (sky130_fd_sc_hd__clkbuf_16)
     8    0.03    0.05    0.13   10.34 ^ clkbuf_2_0__f_CLK100MHZ/X (sky130_fd_sc_hd__clkbuf_16)
                                         clknet_2_0__leaf_CLK100MHZ (net)
                  0.05    0.00   10.34 ^ _271_/CLK (sky130_fd_sc_hd__dfrtp_1)
                         -0.25   10.09   clock uncertainty
                          0.00   10.09   clock reconvergence pessimism
                          0.23   10.31   library recovery time
                                 10.31   data required time
-----------------------------------------------------------------------------
                                 10.31   data required time
                                 -2.33   data arrival time
-----------------------------------------------------------------------------
                                  7.98   slack (MET)


Startpoint: BTNC (input port clocked by CLK100MHZ)
Endpoint: _261_ (recovery check against rising-edge clock CLK100MHZ)
Path Group: asynchronous
Path Type: max
Corner: Typical

Fanout     Cap    Slew   Delay    Time   Description
-----------------------------------------------------------------------------
                          0.00    0.00   clock CLK100MHZ (rise edge)
                          0.00    0.00   clock network delay (propagated)
                          2.00    2.00 v input external delay
     2    0.02    0.04    0.03    2.03 v BTNC (in)
                                         BTNC (net)
                  0.04    0.00    2.03 v _226_/A (sky130_fd_sc_hd__buf_4)
    10    0.08    0.10    0.22    2.25 v _226_/X (sky130_fd_sc_hd__buf_4)
                                         _114_ (net)
                  0.10    0.00    2.25 v _232_/A (sky130_fd_sc_hd__inv_2)
     1    0.01    0.05    0.08    2.33 ^ _232_/Y (sky130_fd_sc_hd__inv_2)
                                         _040_ (net)
                  0.05    0.00    2.33 ^ _261_/RESET_B (sky130_fd_sc_hd__dfrtp_1)
                                  2.33   data arrival time

                         10.00   10.00   clock CLK100MHZ (rise edge)
                          0.00   10.00   clock source latency
     1    0.02    0.09    0.06   10.06 ^ CLK100MHZ (in)
                                         CLK100MHZ (net)
                  0.09    0.00   10.06 ^ clkbuf_0_CLK100MHZ/A (sky130_fd_sc_hd__clkbuf_16)
     4    0.04    0.06    0.15   10.21 ^ clkbuf_0_CLK100MHZ/X (sky130_fd_sc_hd__clkbuf_16)
                                         clknet_0_CLK100MHZ (net)
                  0.06    0.00   10.21 ^ clkbuf_2_3__f_CLK100MHZ/A (sky130_fd_sc_hd__clkbuf_16)
     8    0.03    0.05    0.13   10.34 ^ clkbuf_2_3__f_CLK100MHZ/X (sky130_fd_sc_hd__clkbuf_16)
                                         clknet_2_3__leaf_CLK100MHZ (net)
                  0.05    0.00   10.34 ^ _261_/CLK (sky130_fd_sc_hd__dfrtp_1)
                         -0.25   10.09   clock uncertainty
                          0.00   10.09   clock reconvergence pessimism
                          0.23   10.32   library recovery time
                                 10.32   data required time
-----------------------------------------------------------------------------
                                 10.32   data required time
                                 -2.33   data arrival time
-----------------------------------------------------------------------------
                                  7.99   slack (MET)


Startpoint: BTNC (input port clocked by CLK100MHZ)
Endpoint: _268_ (recovery check against rising-edge clock CLK100MHZ)
Path Group: asynchronous
Path Type: max
Corner: Typical

Fanout     Cap    Slew   Delay    Time   Description
-----------------------------------------------------------------------------
                          0.00    0.00   clock CLK100MHZ (rise edge)
                          0.00    0.00   clock network delay (propagated)
                          2.00    2.00 v input external delay
     2    0.02    0.04    0.03    2.03 v BTNC (in)
                                         BTNC (net)
                  0.04    0.00    2.03 v _214_/A (sky130_fd_sc_hd__buf_4)
    10    0.07    0.09    0.21    2.24 v _214_/X (sky130_fd_sc_hd__buf_4)
                                         _112_ (net)
                  0.09    0.00    2.24 v _239_/A (sky130_fd_sc_hd__inv_2)
     1    0.01    0.04    0.07    2.31 ^ _239_/Y (sky130_fd_sc_hd__inv_2)
                                         _047_ (net)
                  0.04    0.00    2.31 ^ _268_/RESET_B (sky130_fd_sc_hd__dfrtp_2)
                                  2.31   data arrival time

                         10.00   10.00   clock CLK100MHZ (rise edge)
                          0.00   10.00   clock source latency
     1    0.02    0.09    0.06   10.06 ^ CLK100MHZ (in)
                                         CLK100MHZ (net)
                  0.09    0.00   10.06 ^ clkbuf_0_CLK100MHZ/A (sky130_fd_sc_hd__clkbuf_16)
     4    0.04    0.06    0.15   10.21 ^ clkbuf_0_CLK100MHZ/X (sky130_fd_sc_hd__clkbuf_16)
                                         clknet_0_CLK100MHZ (net)
                  0.06    0.00   10.21 ^ clkbuf_2_1__f_CLK100MHZ/A (sky130_fd_sc_hd__clkbuf_16)
     8    0.02    0.04    0.13   10.33 ^ clkbuf_2_1__f_CLK100MHZ/X (sky130_fd_sc_hd__clkbuf_16)
                                         clknet_2_1__leaf_CLK100MHZ (net)
                  0.04    0.00   10.33 ^ _268_/CLK (sky130_fd_sc_hd__dfrtp_2)
                         -0.25   10.08   clock uncertainty
                          0.00   10.08   clock reconvergence pessimism
                          0.22   10.30   library recovery time
                                 10.30   data required time
-----------------------------------------------------------------------------
                                 10.30   data required time
                                 -2.31   data arrival time
-----------------------------------------------------------------------------
                                  7.99   slack (MET)


Startpoint: BTNC (input port clocked by CLK100MHZ)
Endpoint: _270_ (recovery check against rising-edge clock CLK100MHZ)
Path Group: asynchronous
Path Type: max
Corner: Typical

Fanout     Cap    Slew   Delay    Time   Description
-----------------------------------------------------------------------------
                          0.00    0.00   clock CLK100MHZ (rise edge)
                          0.00    0.00   clock network delay (propagated)
                          2.00    2.00 v input external delay
     2    0.02    0.04    0.03    2.03 v BTNC (in)
                                         BTNC (net)
                  0.04    0.00    2.03 v _214_/A (sky130_fd_sc_hd__buf_4)
    10    0.07    0.09    0.21    2.24 v _214_/X (sky130_fd_sc_hd__buf_4)
                                         _112_ (net)
                  0.09    0.00    2.24 v _241_/A (sky130_fd_sc_hd__inv_2)
     1    0.01    0.05    0.08    2.32 ^ _241_/Y (sky130_fd_sc_hd__inv_2)
                                         _049_ (net)
                  0.05    0.00    2.32 ^ _270_/RESET_B (sky130_fd_sc_hd__dfrtp_1)
                                  2.32   data arrival time

                         10.00   10.00   clock CLK100MHZ (rise edge)
                          0.00   10.00   clock source latency
     1    0.02    0.09    0.06   10.06 ^ CLK100MHZ (in)
                                         CLK100MHZ (net)
                  0.09    0.00   10.06 ^ clkbuf_0_CLK100MHZ/A (sky130_fd_sc_hd__clkbuf_16)
     4    0.04    0.06    0.15   10.21 ^ clkbuf_0_CLK100MHZ/X (sky130_fd_sc_hd__clkbuf_16)
                                         clknet_0_CLK100MHZ (net)
                  0.06    0.00   10.21 ^ clkbuf_2_0__f_CLK100MHZ/A (sky130_fd_sc_hd__clkbuf_16)
     8    0.03    0.05    0.13   10.34 ^ clkbuf_2_0__f_CLK100MHZ/X (sky130_fd_sc_hd__clkbuf_16)
                                         clknet_2_0__leaf_CLK100MHZ (net)
                  0.05    0.00   10.34 ^ _270_/CLK (sky130_fd_sc_hd__dfrtp_1)
                         -0.25   10.09   clock uncertainty
                          0.00   10.09   clock reconvergence pessimism
                          0.23   10.32   library recovery time
                                 10.32   data required time
-----------------------------------------------------------------------------
                                 10.32   data required time
                                 -2.32   data arrival time
-----------------------------------------------------------------------------
                                  7.99   slack (MET)


Startpoint: BTNC (input port clocked by CLK100MHZ)
Endpoint: _272_ (recovery check against rising-edge clock CLK100MHZ)
Path Group: asynchronous
Path Type: max
Corner: Typical

Fanout     Cap    Slew   Delay    Time   Description
-----------------------------------------------------------------------------
                          0.00    0.00   clock CLK100MHZ (rise edge)
                          0.00    0.00   clock network delay (propagated)
                          2.00    2.00 v input external delay
     2    0.02    0.04    0.03    2.03 v BTNC (in)
                                         BTNC (net)
                  0.04    0.00    2.03 v _214_/A (sky130_fd_sc_hd__buf_4)
    10    0.07    0.09    0.21    2.24 v _214_/X (sky130_fd_sc_hd__buf_4)
                                         _112_ (net)
                  0.09    0.00    2.24 v _243_/A (sky130_fd_sc_hd__inv_2)
     1    0.00    0.04    0.07    2.31 ^ _243_/Y (sky130_fd_sc_hd__inv_2)
                                         _051_ (net)
                  0.04    0.00    2.31 ^ _272_/RESET_B (sky130_fd_sc_hd__dfrtp_1)
                                  2.31   data arrival time

                         10.00   10.00   clock CLK100MHZ (rise edge)
                          0.00   10.00   clock source latency
     1    0.02    0.09    0.06   10.06 ^ CLK100MHZ (in)
                                         CLK100MHZ (net)
                  0.09    0.00   10.06 ^ clkbuf_0_CLK100MHZ/A (sky130_fd_sc_hd__clkbuf_16)
     4    0.04    0.06    0.15   10.21 ^ clkbuf_0_CLK100MHZ/X (sky130_fd_sc_hd__clkbuf_16)
                                         clknet_0_CLK100MHZ (net)
                  0.06    0.00   10.21 ^ clkbuf_2_1__f_CLK100MHZ/A (sky130_fd_sc_hd__clkbuf_16)
     8    0.02    0.04    0.13   10.33 ^ clkbuf_2_1__f_CLK100MHZ/X (sky130_fd_sc_hd__clkbuf_16)
                                         clknet_2_1__leaf_CLK100MHZ (net)
                  0.04    0.00   10.33 ^ _272_/CLK (sky130_fd_sc_hd__dfrtp_1)
                         -0.25   10.08   clock uncertainty
                          0.00   10.08   clock reconvergence pessimism
                          0.23   10.32   library recovery time
                                 10.32   data required time
-----------------------------------------------------------------------------
                                 10.32   data required time
                                 -2.31   data arrival time
-----------------------------------------------------------------------------
                                  8.01   slack (MET)


Startpoint: BTNC (input port clocked by CLK100MHZ)
Endpoint: _267_ (recovery check against rising-edge clock CLK100MHZ)
Path Group: asynchronous
Path Type: max
Corner: Typical

Fanout     Cap    Slew   Delay    Time   Description
-----------------------------------------------------------------------------
                          0.00    0.00   clock CLK100MHZ (rise edge)
                          0.00    0.00   clock network delay (propagated)
                          2.00    2.00 v input external delay
     2    0.02    0.04    0.03    2.03 v BTNC (in)
                                         BTNC (net)
                  0.04    0.00    2.03 v _214_/A (sky130_fd_sc_hd__buf_4)
    10    0.07    0.09    0.21    2.24 v _214_/X (sky130_fd_sc_hd__buf_4)
                                         _112_ (net)
                  0.09    0.00    2.24 v _238_/A (sky130_fd_sc_hd__inv_2)
     1    0.00    0.04    0.06    2.31 ^ _238_/Y (sky130_fd_sc_hd__inv_2)
                                         _046_ (net)
                  0.04    0.00    2.31 ^ _267_/RESET_B (sky130_fd_sc_hd__dfrtp_1)
                                  2.31   data arrival time

                         10.00   10.00   clock CLK100MHZ (rise edge)
                          0.00   10.00   clock source latency
     1    0.02    0.09    0.06   10.06 ^ CLK100MHZ (in)
                                         CLK100MHZ (net)
                  0.09    0.00   10.06 ^ clkbuf_0_CLK100MHZ/A (sky130_fd_sc_hd__clkbuf_16)
     4    0.04    0.06    0.15   10.21 ^ clkbuf_0_CLK100MHZ/X (sky130_fd_sc_hd__clkbuf_16)
                                         clknet_0_CLK100MHZ (net)
                  0.06    0.00   10.21 ^ clkbuf_2_3__f_CLK100MHZ/A (sky130_fd_sc_hd__clkbuf_16)
     8    0.03    0.05    0.13   10.34 ^ clkbuf_2_3__f_CLK100MHZ/X (sky130_fd_sc_hd__clkbuf_16)
                                         clknet_2_3__leaf_CLK100MHZ (net)
                  0.05    0.00   10.34 ^ _267_/CLK (sky130_fd_sc_hd__dfrtp_1)
                         -0.25   10.09   clock uncertainty
                          0.00   10.09   clock reconvergence pessimism
                          0.23   10.32   library recovery time
                                 10.32   data required time
-----------------------------------------------------------------------------
                                 10.32   data required time
                                 -2.31   data arrival time
-----------------------------------------------------------------------------
                                  8.01   slack (MET)


Startpoint: _250_ (rising edge-triggered flip-flop clocked by CLK100MHZ)
Endpoint: _262_ (rising edge-triggered flip-flop clocked by CLK100MHZ)
Path Group: CLK100MHZ
Path Type: max
Corner: Typical

Fanout     Cap    Slew   Delay    Time   Description
-----------------------------------------------------------------------------
                          0.00    0.00   clock CLK100MHZ (rise edge)
                          0.00    0.00   clock source latency
     1    0.02    0.09    0.06    0.06 ^ CLK100MHZ (in)
                                         CLK100MHZ (net)
                  0.09    0.00    0.06 ^ clkbuf_0_CLK100MHZ/A (sky130_fd_sc_hd__clkbuf_16)
     4    0.04    0.06    0.17    0.23 ^ clkbuf_0_CLK100MHZ/X (sky130_fd_sc_hd__clkbuf_16)
                                         clknet_0_CLK100MHZ (net)
                  0.06    0.00    0.23 ^ clkbuf_2_2__f_CLK100MHZ/A (sky130_fd_sc_hd__clkbuf_16)
     8    0.03    0.05    0.15    0.37 ^ clkbuf_2_2__f_CLK100MHZ/X (sky130_fd_sc_hd__clkbuf_16)
                                         clknet_2_2__leaf_CLK100MHZ (net)
                  0.05    0.00    0.38 ^ _250_/CLK (sky130_fd_sc_hd__dfrtp_2)
     5    0.04    0.19    0.49    0.86 ^ _250_/Q (sky130_fd_sc_hd__dfrtp_2)
                                         decoder.delay[0] (net)
                  0.19    0.00    0.86 ^ _126_/B (sky130_fd_sc_hd__and4_2)
     6    0.03    0.20    0.40    1.26 ^ _126_/X (sky130_fd_sc_hd__and4_2)
                                         _059_ (net)
                  0.20    0.00    1.26 ^ _182_/B (sky130_fd_sc_hd__and3_1)
     2    0.01    0.12    0.25    1.51 ^ _182_/X (sky130_fd_sc_hd__and3_1)
                                         _093_ (net)
                  0.12    0.00    1.51 ^ _196_/B (sky130_fd_sc_hd__nand2_1)
     2    0.02    0.16    0.16    1.68 v _196_/Y (sky130_fd_sc_hd__nand2_1)
                                         _103_ (net)
                  0.16    0.00    1.68 v _199_/B (sky130_fd_sc_hd__xnor2_1)
     1    0.01    0.17    0.23    1.90 ^ _199_/Y (sky130_fd_sc_hd__xnor2_1)
                                         _003_ (net)
                  0.17    0.00    1.90 ^ _262_/D (sky130_fd_sc_hd__dfrtp_2)
                                  1.90   data arrival time

                         10.00   10.00   clock CLK100MHZ (rise edge)
                          0.00   10.00   clock source latency
     1    0.02    0.09    0.06   10.06 ^ CLK100MHZ (in)
                                         CLK100MHZ (net)
                  0.09    0.00   10.06 ^ clkbuf_0_CLK100MHZ/A (sky130_fd_sc_hd__clkbuf_16)
     4    0.04    0.06    0.15   10.21 ^ clkbuf_0_CLK100MHZ/X (sky130_fd_sc_hd__clkbuf_16)
                                         clknet_0_CLK100MHZ (net)
                  0.06    0.00   10.21 ^ clkbuf_2_2__f_CLK100MHZ/A (sky130_fd_sc_hd__clkbuf_16)
     8    0.03    0.05    0.13   10.34 ^ clkbuf_2_2__f_CLK100MHZ/X (sky130_fd_sc_hd__clkbuf_16)
                                         clknet_2_2__leaf_CLK100MHZ (net)
                  0.05    0.00   10.34 ^ _262_/CLK (sky130_fd_sc_hd__dfrtp_2)
                         -0.25   10.09   clock uncertainty
                          0.04   10.13   clock reconvergence pessimism
                         -0.09   10.03   library setup time
                                 10.03   data required time
-----------------------------------------------------------------------------
                                 10.03   data required time
                                 -1.90   data arrival time
-----------------------------------------------------------------------------
                                  8.13   slack (MET)


Startpoint: _250_ (rising edge-triggered flip-flop clocked by CLK100MHZ)
Endpoint: _256_ (rising edge-triggered flip-flop clocked by CLK100MHZ)
Path Group: CLK100MHZ
Path Type: max
Corner: Typical

Fanout     Cap    Slew   Delay    Time   Description
-----------------------------------------------------------------------------
                          0.00    0.00   clock CLK100MHZ (rise edge)
                          0.00    0.00   clock source latency
     1    0.02    0.09    0.06    0.06 ^ CLK100MHZ (in)
                                         CLK100MHZ (net)
                  0.09    0.00    0.06 ^ clkbuf_0_CLK100MHZ/A (sky130_fd_sc_hd__clkbuf_16)
     4    0.04    0.06    0.17    0.23 ^ clkbuf_0_CLK100MHZ/X (sky130_fd_sc_hd__clkbuf_16)
                                         clknet_0_CLK100MHZ (net)
                  0.06    0.00    0.23 ^ clkbuf_2_2__f_CLK100MHZ/A (sky130_fd_sc_hd__clkbuf_16)
     8    0.03    0.05    0.15    0.37 ^ clkbuf_2_2__f_CLK100MHZ/X (sky130_fd_sc_hd__clkbuf_16)
                                         clknet_2_2__leaf_CLK100MHZ (net)
                  0.05    0.00    0.38 ^ _250_/CLK (sky130_fd_sc_hd__dfrtp_2)
     5    0.04    0.19    0.49    0.86 ^ _250_/Q (sky130_fd_sc_hd__dfrtp_2)
                                         decoder.delay[0] (net)
                  0.19    0.00    0.86 ^ _126_/B (sky130_fd_sc_hd__and4_2)
     6    0.03    0.20    0.40    1.26 ^ _126_/X (sky130_fd_sc_hd__and4_2)
                                         _059_ (net)
                  0.20    0.00    1.26 ^ _177_/C (sky130_fd_sc_hd__and3_2)
     3    0.03    0.16    0.33    1.58 ^ _177_/X (sky130_fd_sc_hd__and3_2)
                                         _090_ (net)
                  0.16    0.00    1.58 ^ _180_/B (sky130_fd_sc_hd__xor2_1)
     1    0.01    0.16    0.21    1.79 ^ _180_/X (sky130_fd_sc_hd__xor2_1)
                                         _021_ (net)
                  0.16    0.00    1.79 ^ _256_/D (sky130_fd_sc_hd__dfrtp_4)
                                  1.79   data arrival time

                         10.00   10.00   clock CLK100MHZ (rise edge)
                          0.00   10.00   clock source latency
     1    0.02    0.09    0.06   10.06 ^ CLK100MHZ (in)
                                         CLK100MHZ (net)
                  0.09    0.00   10.06 ^ clkbuf_0_CLK100MHZ/A (sky130_fd_sc_hd__clkbuf_16)
     4    0.04    0.06    0.15   10.21 ^ clkbuf_0_CLK100MHZ/X (sky130_fd_sc_hd__clkbuf_16)
                                         clknet_0_CLK100MHZ (net)
                  0.06    0.00   10.21 ^ clkbuf_2_0__f_CLK100MHZ/A (sky130_fd_sc_hd__clkbuf_16)
     8    0.03    0.05    0.13   10.34 ^ clkbuf_2_0__f_CLK100MHZ/X (sky130_fd_sc_hd__clkbuf_16)
                                         clknet_2_0__leaf_CLK100MHZ (net)
                  0.05    0.00   10.34 ^ _256_/CLK (sky130_fd_sc_hd__dfrtp_4)
                         -0.25   10.09   clock uncertainty
                          0.02   10.11   clock reconvergence pessimism
                         -0.09   10.02   library setup time
                                 10.02   data required time
-----------------------------------------------------------------------------
                                 10.02   data required time
                                 -1.79   data arrival time
-----------------------------------------------------------------------------
                                  8.23   slack (MET)


Startpoint: _250_ (rising edge-triggered flip-flop clocked by CLK100MHZ)
Endpoint: _255_ (rising edge-triggered flip-flop clocked by CLK100MHZ)
Path Group: CLK100MHZ
Path Type: max
Corner: Typical

Fanout     Cap    Slew   Delay    Time   Description
-----------------------------------------------------------------------------
                          0.00    0.00   clock CLK100MHZ (rise edge)
                          0.00    0.00   clock source latency
     1    0.02    0.09    0.06    0.06 ^ CLK100MHZ (in)
                                         CLK100MHZ (net)
                  0.09    0.00    0.06 ^ clkbuf_0_CLK100MHZ/A (sky130_fd_sc_hd__clkbuf_16)
     4    0.04    0.06    0.17    0.23 ^ clkbuf_0_CLK100MHZ/X (sky130_fd_sc_hd__clkbuf_16)
                                         clknet_0_CLK100MHZ (net)
                  0.06    0.00    0.23 ^ clkbuf_2_2__f_CLK100MHZ/A (sky130_fd_sc_hd__clkbuf_16)
     8    0.03    0.05    0.15    0.37 ^ clkbuf_2_2__f_CLK100MHZ/X (sky130_fd_sc_hd__clkbuf_16)
                                         clknet_2_2__leaf_CLK100MHZ (net)
                  0.05    0.00    0.38 ^ _250_/CLK (sky130_fd_sc_hd__dfrtp_2)
     5    0.04    0.19    0.49    0.86 ^ _250_/Q (sky130_fd_sc_hd__dfrtp_2)
                                         decoder.delay[0] (net)
                  0.19    0.00    0.86 ^ _126_/B (sky130_fd_sc_hd__and4_2)
     6    0.03    0.20    0.40    1.26 ^ _126_/X (sky130_fd_sc_hd__and4_2)
                                         _059_ (net)
                  0.20    0.00    1.26 ^ _177_/C (sky130_fd_sc_hd__and3_2)
     3    0.03    0.16    0.33    1.58 ^ _177_/X (sky130_fd_sc_hd__and3_2)
                                         _090_ (net)
                  0.16    0.00    1.58 ^ _179_/A (sky130_fd_sc_hd__nor2_1)
     1    0.00    0.05    0.08    1.67 v _179_/Y (sky130_fd_sc_hd__nor2_1)
                                         _020_ (net)
                  0.05    0.00    1.67 v _255_/D (sky130_fd_sc_hd__dfrtp_2)
                                  1.67   data arrival time

                         10.00   10.00   clock CLK100MHZ (rise edge)
                          0.00   10.00   clock source latency
     1    0.02    0.09    0.06   10.06 ^ CLK100MHZ (in)
                                         CLK100MHZ (net)
                  0.09    0.00   10.06 ^ clkbuf_0_CLK100MHZ/A (sky130_fd_sc_hd__clkbuf_16)
     4    0.04    0.06    0.15   10.21 ^ clkbuf_0_CLK100MHZ/X (sky130_fd_sc_hd__clkbuf_16)
                                         clknet_0_CLK100MHZ (net)
                  0.06    0.00   10.21 ^ clkbuf_2_0__f_CLK100MHZ/A (sky130_fd_sc_hd__clkbuf_16)
     8    0.03    0.05    0.13   10.34 ^ clkbuf_2_0__f_CLK100MHZ/X (sky130_fd_sc_hd__clkbuf_16)
                                         clknet_2_0__leaf_CLK100MHZ (net)
                  0.05    0.00   10.34 ^ _255_/CLK (sky130_fd_sc_hd__dfrtp_2)
                         -0.25   10.09   clock uncertainty
                          0.02   10.11   clock reconvergence pessimism
                         -0.12    9.99   library setup time
                                  9.99   data required time
-----------------------------------------------------------------------------
                                  9.99   data required time
                                 -1.67   data arrival time
-----------------------------------------------------------------------------
                                  8.32   slack (MET)


Startpoint: _250_ (rising edge-triggered flip-flop clocked by CLK100MHZ)
Endpoint: _253_ (rising edge-triggered flip-flop clocked by CLK100MHZ)
Path Group: CLK100MHZ
Path Type: max
Corner: Typical

Fanout     Cap    Slew   Delay    Time   Description
-----------------------------------------------------------------------------
                          0.00    0.00   clock CLK100MHZ (rise edge)
                          0.00    0.00   clock source latency
     1    0.02    0.09    0.06    0.06 ^ CLK100MHZ (in)
                                         CLK100MHZ (net)
                  0.09    0.00    0.06 ^ clkbuf_0_CLK100MHZ/A (sky130_fd_sc_hd__clkbuf_16)
     4    0.04    0.06    0.17    0.23 ^ clkbuf_0_CLK100MHZ/X (sky130_fd_sc_hd__clkbuf_16)
                                         clknet_0_CLK100MHZ (net)
                  0.06    0.00    0.23 ^ clkbuf_2_2__f_CLK100MHZ/A (sky130_fd_sc_hd__clkbuf_16)
     8    0.03    0.05    0.15    0.37 ^ clkbuf_2_2__f_CLK100MHZ/X (sky130_fd_sc_hd__clkbuf_16)
                                         clknet_2_2__leaf_CLK100MHZ (net)
                  0.05    0.00    0.38 ^ _250_/CLK (sky130_fd_sc_hd__dfrtp_2)
     5    0.04    0.19    0.49    0.86 ^ _250_/Q (sky130_fd_sc_hd__dfrtp_2)
                                         decoder.delay[0] (net)
                  0.19    0.00    0.86 ^ _126_/B (sky130_fd_sc_hd__and4_2)
     6    0.03    0.20    0.40    1.26 ^ _126_/X (sky130_fd_sc_hd__and4_2)
                                         _059_ (net)
                  0.20    0.00    1.26 ^ _172_/A_N (sky130_fd_sc_hd__and2b_1)
     1    0.02    0.09    0.27    1.53 v _172_/X (sky130_fd_sc_hd__and2b_1)
                                         _087_ (net)
                  0.09    0.00    1.53 v _173_/A (sky130_fd_sc_hd__clkbuf_1)
     1    0.01    0.05    0.13    1.67 v _173_/X (sky130_fd_sc_hd__clkbuf_1)
                                         _018_ (net)
                  0.05    0.00    1.67 v _253_/D (sky130_fd_sc_hd__dfrtp_1)
                                  1.67   data arrival time

                         10.00   10.00   clock CLK100MHZ (rise edge)
                          0.00   10.00   clock source latency
     1    0.02    0.09    0.06   10.06 ^ CLK100MHZ (in)
                                         CLK100MHZ (net)
                  0.09    0.00   10.06 ^ clkbuf_0_CLK100MHZ/A (sky130_fd_sc_hd__clkbuf_16)
     4    0.04    0.06    0.15   10.21 ^ clkbuf_0_CLK100MHZ/X (sky130_fd_sc_hd__clkbuf_16)
                                         clknet_0_CLK100MHZ (net)
                  0.06    0.00   10.21 ^ clkbuf_2_2__f_CLK100MHZ/A (sky130_fd_sc_hd__clkbuf_16)
     8    0.03    0.05    0.13   10.34 ^ clkbuf_2_2__f_CLK100MHZ/X (sky130_fd_sc_hd__clkbuf_16)
                                         clknet_2_2__leaf_CLK100MHZ (net)
                  0.05    0.00   10.34 ^ _253_/CLK (sky130_fd_sc_hd__dfrtp_1)
                         -0.25   10.09   clock uncertainty
                          0.04   10.13   clock reconvergence pessimism
                         -0.12   10.01   library setup time
                                 10.01   data required time
-----------------------------------------------------------------------------
                                 10.01   data required time
                                 -1.67   data arrival time
-----------------------------------------------------------------------------
                                  8.34   slack (MET)


Startpoint: _250_ (rising edge-triggered flip-flop clocked by CLK100MHZ)
Endpoint: _254_ (rising edge-triggered flip-flop clocked by CLK100MHZ)
Path Group: CLK100MHZ
Path Type: max
Corner: Typical

Fanout     Cap    Slew   Delay    Time   Description
-----------------------------------------------------------------------------
                          0.00    0.00   clock CLK100MHZ (rise edge)
                          0.00    0.00   clock source latency
     1    0.02    0.09    0.06    0.06 ^ CLK100MHZ (in)
                                         CLK100MHZ (net)
                  0.09    0.00    0.06 ^ clkbuf_0_CLK100MHZ/A (sky130_fd_sc_hd__clkbuf_16)
     4    0.04    0.06    0.17    0.23 ^ clkbuf_0_CLK100MHZ/X (sky130_fd_sc_hd__clkbuf_16)
                                         clknet_0_CLK100MHZ (net)
                  0.06    0.00    0.23 ^ clkbuf_2_2__f_CLK100MHZ/A (sky130_fd_sc_hd__clkbuf_16)
     8    0.03    0.05    0.15    0.37 ^ clkbuf_2_2__f_CLK100MHZ/X (sky130_fd_sc_hd__clkbuf_16)
                                         clknet_2_2__leaf_CLK100MHZ (net)
                  0.05    0.00    0.38 ^ _250_/CLK (sky130_fd_sc_hd__dfrtp_2)
     5    0.04    0.19    0.49    0.86 ^ _250_/Q (sky130_fd_sc_hd__dfrtp_2)
                                         decoder.delay[0] (net)
                  0.19    0.00    0.86 ^ _126_/B (sky130_fd_sc_hd__and4_2)
     6    0.03    0.20    0.40    1.26 ^ _126_/X (sky130_fd_sc_hd__and4_2)
                                         _059_ (net)
                  0.20    0.00    1.26 ^ _174_/B (sky130_fd_sc_hd__and2_1)
     2    0.01    0.13    0.23    1.48 ^ _174_/X (sky130_fd_sc_hd__and2_1)
                                         _088_ (net)
                  0.13    0.00    1.49 ^ _176_/A (sky130_fd_sc_hd__nor2_1)
     1    0.00    0.05    0.07    1.56 v _176_/Y (sky130_fd_sc_hd__nor2_1)
                                         _019_ (net)
                  0.05    0.00    1.56 v _254_/D (sky130_fd_sc_hd__dfrtp_2)
                                  1.56   data arrival time

                         10.00   10.00   clock CLK100MHZ (rise edge)
                          0.00   10.00   clock source latency
     1    0.02    0.09    0.06   10.06 ^ CLK100MHZ (in)
                                         CLK100MHZ (net)
                  0.09    0.00   10.06 ^ clkbuf_0_CLK100MHZ/A (sky130_fd_sc_hd__clkbuf_16)
     4    0.04    0.06    0.15   10.21 ^ clkbuf_0_CLK100MHZ/X (sky130_fd_sc_hd__clkbuf_16)
                                         clknet_0_CLK100MHZ (net)
                  0.06    0.00   10.21 ^ clkbuf_2_1__f_CLK100MHZ/A (sky130_fd_sc_hd__clkbuf_16)
     8    0.02    0.04    0.13   10.33 ^ clkbuf_2_1__f_CLK100MHZ/X (sky130_fd_sc_hd__clkbuf_16)
                                         clknet_2_1__leaf_CLK100MHZ (net)
                  0.04    0.00   10.33 ^ _254_/CLK (sky130_fd_sc_hd__dfrtp_2)
                         -0.25   10.08   clock uncertainty
                          0.02   10.11   clock reconvergence pessimism
                         -0.12    9.99   library setup time
                                  9.99   data required time
-----------------------------------------------------------------------------
                                  9.99   data required time
                                 -1.56   data arrival time
-----------------------------------------------------------------------------
                                  8.43   slack (MET)


Startpoint: _250_ (rising edge-triggered flip-flop clocked by CLK100MHZ)
Endpoint: _252_ (rising edge-triggered flip-flop clocked by CLK100MHZ)
Path Group: CLK100MHZ
Path Type: max
Corner: Typical

Fanout     Cap    Slew   Delay    Time   Description
-----------------------------------------------------------------------------
                          0.00    0.00   clock CLK100MHZ (rise edge)
                          0.00    0.00   clock source latency
     1    0.02    0.09    0.06    0.06 ^ CLK100MHZ (in)
                                         CLK100MHZ (net)
                  0.09    0.00    0.06 ^ clkbuf_0_CLK100MHZ/A (sky130_fd_sc_hd__clkbuf_16)
     4    0.04    0.06    0.17    0.23 ^ clkbuf_0_CLK100MHZ/X (sky130_fd_sc_hd__clkbuf_16)
                                         clknet_0_CLK100MHZ (net)
                  0.06    0.00    0.23 ^ clkbuf_2_2__f_CLK100MHZ/A (sky130_fd_sc_hd__clkbuf_16)
     8    0.03    0.05    0.15    0.37 ^ clkbuf_2_2__f_CLK100MHZ/X (sky130_fd_sc_hd__clkbuf_16)
                                         clknet_2_2__leaf_CLK100MHZ (net)
                  0.05    0.00    0.38 ^ _250_/CLK (sky130_fd_sc_hd__dfrtp_2)
     5    0.04    0.19    0.49    0.86 ^ _250_/Q (sky130_fd_sc_hd__dfrtp_2)
                                         decoder.delay[0] (net)
                  0.19    0.00    0.86 ^ _166_/B (sky130_fd_sc_hd__nand2_1)
     2    0.02    0.14    0.18    1.04 v _166_/Y (sky130_fd_sc_hd__nand2_1)
                                         _083_ (net)
                  0.14    0.00    1.04 v _170_/B (sky130_fd_sc_hd__xnor2_1)
     1    0.02    0.42    0.41    1.45 ^ _170_/Y (sky130_fd_sc_hd__xnor2_1)
                                         _017_ (net)
                  0.42    0.00    1.45 ^ _252_/D (sky130_fd_sc_hd__dfrtp_2)
                                  1.45   data arrival time

                         10.00   10.00   clock CLK100MHZ (rise edge)
                          0.00   10.00   clock source latency
     1    0.02    0.09    0.06   10.06 ^ CLK100MHZ (in)
                                         CLK100MHZ (net)
                  0.09    0.00   10.06 ^ clkbuf_0_CLK100MHZ/A (sky130_fd_sc_hd__clkbuf_16)
     4    0.04    0.06    0.15   10.21 ^ clkbuf_0_CLK100MHZ/X (sky130_fd_sc_hd__clkbuf_16)
                                         clknet_0_CLK100MHZ (net)
                  0.06    0.00   10.21 ^ clkbuf_2_2__f_CLK100MHZ/A (sky130_fd_sc_hd__clkbuf_16)
     8    0.03    0.05    0.13   10.34 ^ clkbuf_2_2__f_CLK100MHZ/X (sky130_fd_sc_hd__clkbuf_16)
                                         clknet_2_2__leaf_CLK100MHZ (net)
                  0.05    0.00   10.34 ^ _252_/CLK (sky130_fd_sc_hd__dfrtp_2)
                         -0.25   10.09   clock uncertainty
                          0.04   10.13   clock reconvergence pessimism
                         -0.15    9.98   library setup time
                                  9.98   data required time
-----------------------------------------------------------------------------
                                  9.98   data required time
                                 -1.45   data arrival time
-----------------------------------------------------------------------------
                                  8.52   slack (MET)


Startpoint: _250_ (rising edge-triggered flip-flop clocked by CLK100MHZ)
Endpoint: _251_ (rising edge-triggered flip-flop clocked by CLK100MHZ)
Path Group: CLK100MHZ
Path Type: max
Corner: Typical

Fanout     Cap    Slew   Delay    Time   Description
-----------------------------------------------------------------------------
                          0.00    0.00   clock CLK100MHZ (rise edge)
                          0.00    0.00   clock source latency
     1    0.02    0.09    0.06    0.06 ^ CLK100MHZ (in)
                                         CLK100MHZ (net)
                  0.09    0.00    0.06 ^ clkbuf_0_CLK100MHZ/A (sky130_fd_sc_hd__clkbuf_16)
     4    0.04    0.06    0.17    0.23 ^ clkbuf_0_CLK100MHZ/X (sky130_fd_sc_hd__clkbuf_16)
                                         clknet_0_CLK100MHZ (net)
                  0.06    0.00    0.23 ^ clkbuf_2_2__f_CLK100MHZ/A (sky130_fd_sc_hd__clkbuf_16)
     8    0.03    0.05    0.15    0.37 ^ clkbuf_2_2__f_CLK100MHZ/X (sky130_fd_sc_hd__clkbuf_16)
                                         clknet_2_2__leaf_CLK100MHZ (net)
                  0.05    0.00    0.38 ^ _250_/CLK (sky130_fd_sc_hd__dfrtp_2)
     5    0.04    0.12    0.50    0.88 v _250_/Q (sky130_fd_sc_hd__dfrtp_2)
                                         decoder.delay[0] (net)
                  0.12    0.00    0.88 v _167_/B (sky130_fd_sc_hd__or2_1)
     1    0.01    0.06    0.26    1.13 v _167_/X (sky130_fd_sc_hd__or2_1)
                                         _084_ (net)
                  0.06    0.00    1.13 v _168_/B (sky130_fd_sc_hd__and2_1)
     1    0.01    0.06    0.19    1.32 v _168_/X (sky130_fd_sc_hd__and2_1)
                                         _085_ (net)
                  0.06    0.00    1.32 v _169_/A (sky130_fd_sc_hd__clkbuf_1)
     1    0.01    0.05    0.12    1.44 v _169_/X (sky130_fd_sc_hd__clkbuf_1)
                                         _011_ (net)
                  0.05    0.00    1.45 v _251_/D (sky130_fd_sc_hd__dfrtp_2)
                                  1.45   data arrival time

                         10.00   10.00   clock CLK100MHZ (rise edge)
                          0.00   10.00   clock source latency
     1    0.02    0.09    0.06   10.06 ^ CLK100MHZ (in)
                                         CLK100MHZ (net)
                  0.09    0.00   10.06 ^ clkbuf_0_CLK100MHZ/A (sky130_fd_sc_hd__clkbuf_16)
     4    0.04    0.06    0.15   10.21 ^ clkbuf_0_CLK100MHZ/X (sky130_fd_sc_hd__clkbuf_16)
                                         clknet_0_CLK100MHZ (net)
                  0.06    0.00   10.21 ^ clkbuf_2_2__f_CLK100MHZ/A (sky130_fd_sc_hd__clkbuf_16)
     8    0.03    0.05    0.13   10.34 ^ clkbuf_2_2__f_CLK100MHZ/X (sky130_fd_sc_hd__clkbuf_16)
                                         clknet_2_2__leaf_CLK100MHZ (net)
                  0.05    0.00   10.34 ^ _251_/CLK (sky130_fd_sc_hd__dfrtp_2)
                         -0.25   10.09   clock uncertainty
                          0.04   10.13   clock reconvergence pessimism
                         -0.12   10.01   library setup time
                                 10.01   data required time
-----------------------------------------------------------------------------
                                 10.01   data required time
                                 -1.45   data arrival time
-----------------------------------------------------------------------------
                                  8.56   slack (MET)


Startpoint: _250_ (rising edge-triggered flip-flop clocked by CLK100MHZ)
Endpoint: _250_ (rising edge-triggered flip-flop clocked by CLK100MHZ)
Path Group: CLK100MHZ
Path Type: max
Corner: Typical

Fanout     Cap    Slew   Delay    Time   Description
-----------------------------------------------------------------------------
                          0.00    0.00   clock CLK100MHZ (rise edge)
                          0.00    0.00   clock source latency
     1    0.02    0.09    0.06    0.06 ^ CLK100MHZ (in)
                                         CLK100MHZ (net)
                  0.09    0.00    0.06 ^ clkbuf_0_CLK100MHZ/A (sky130_fd_sc_hd__clkbuf_16)
     4    0.04    0.06    0.17    0.23 ^ clkbuf_0_CLK100MHZ/X (sky130_fd_sc_hd__clkbuf_16)
                                         clknet_0_CLK100MHZ (net)
                  0.06    0.00    0.23 ^ clkbuf_2_2__f_CLK100MHZ/A (sky130_fd_sc_hd__clkbuf_16)
     8    0.03    0.05    0.15    0.37 ^ clkbuf_2_2__f_CLK100MHZ/X (sky130_fd_sc_hd__clkbuf_16)
                                         clknet_2_2__leaf_CLK100MHZ (net)
                  0.05    0.00    0.38 ^ _250_/CLK (sky130_fd_sc_hd__dfrtp_2)
     5    0.04    0.19    0.49    0.86 ^ _250_/Q (sky130_fd_sc_hd__dfrtp_2)
                                         decoder.delay[0] (net)
                  0.19    0.00    0.86 ^ _165_/A (sky130_fd_sc_hd__inv_2)
     1    0.00    0.04    0.05    0.91 v _165_/Y (sky130_fd_sc_hd__inv_2)
                                         _000_ (net)
                  0.04    0.00    0.91 v _250_/D (sky130_fd_sc_hd__dfrtp_2)
                                  0.91   data arrival time

                         10.00   10.00   clock CLK100MHZ (rise edge)
                          0.00   10.00   clock source latency
     1    0.02    0.09    0.06   10.06 ^ CLK100MHZ (in)
                                         CLK100MHZ (net)
                  0.09    0.00   10.06 ^ clkbuf_0_CLK100MHZ/A (sky130_fd_sc_hd__clkbuf_16)
     4    0.04    0.06    0.15   10.21 ^ clkbuf_0_CLK100MHZ/X (sky130_fd_sc_hd__clkbuf_16)
                                         clknet_0_CLK100MHZ (net)
                  0.06    0.00   10.21 ^ clkbuf_2_2__f_CLK100MHZ/A (sky130_fd_sc_hd__clkbuf_16)
     8    0.03    0.05    0.13   10.34 ^ clkbuf_2_2__f_CLK100MHZ/X (sky130_fd_sc_hd__clkbuf_16)
                                         clknet_2_2__leaf_CLK100MHZ (net)
                  0.05    0.00   10.34 ^ _250_/CLK (sky130_fd_sc_hd__dfrtp_2)
                         -0.25   10.09   clock uncertainty
                          0.04   10.13   clock reconvergence pessimism
                         -0.11   10.01   library setup time
                                 10.01   data required time
-----------------------------------------------------------------------------
                                 10.01   data required time
                                 -0.91   data arrival time
-----------------------------------------------------------------------------
                                  9.11   slack (MET)



worst slack corner Typical: 5.0964
