
===========================================================================
report_checks -path_delay min (Hold)
============================================================================
======================= Fastest Corner ===================================

Startpoint: _250_ (rising edge-triggered flip-flop clocked by CLK100MHZ)
Endpoint: _250_ (rising edge-triggered flip-flop clocked by CLK100MHZ)
Path Group: CLK100MHZ
Path Type: min
Corner: Fastest

Fanout     Cap    Slew   Delay    Time   Description
-----------------------------------------------------------------------------
                          0.00    0.00   clock CLK100MHZ (rise edge)
                          0.00    0.00   clock source latency
     1    0.02    0.06    0.04    0.04 ^ CLK100MHZ (in)
                                         CLK100MHZ (net)
                  0.06    0.00    0.04 ^ clkbuf_0_CLK100MHZ/A (sky130_fd_sc_hd__clkbuf_16)
     4    0.04    0.05    0.10    0.14 ^ clkbuf_0_CLK100MHZ/X (sky130_fd_sc_hd__clkbuf_16)
                                         clknet_0_CLK100MHZ (net)
                  0.05    0.00    0.14 ^ clkbuf_2_2__f_CLK100MHZ/A (sky130_fd_sc_hd__clkbuf_16)
     8    0.03    0.04    0.09    0.24 ^ clkbuf_2_2__f_CLK100MHZ/X (sky130_fd_sc_hd__clkbuf_16)
                                         clknet_2_2__leaf_CLK100MHZ (net)
                  0.04    0.00    0.24 ^ _250_/CLK (sky130_fd_sc_hd__dfrtp_2)
     5    0.04    0.14    0.29    0.52 ^ _250_/Q (sky130_fd_sc_hd__dfrtp_2)
                                         decoder.delay[0] (net)
                  0.14    0.00    0.52 ^ _165_/A (sky130_fd_sc_hd__inv_2)
     1    0.00    0.03    0.01    0.53 v _165_/Y (sky130_fd_sc_hd__inv_2)
                                         _000_ (net)
                  0.03    0.00    0.53 v _250_/D (sky130_fd_sc_hd__dfrtp_2)
                                  0.53   data arrival time

                          0.00    0.00   clock CLK100MHZ (rise edge)
                          0.00    0.00   clock source latency
     1    0.02    0.06    0.05    0.05 ^ CLK100MHZ (in)
                                         CLK100MHZ (net)
                  0.06    0.00    0.05 ^ clkbuf_0_CLK100MHZ/A (sky130_fd_sc_hd__clkbuf_16)
     4    0.04    0.05    0.11    0.16 ^ clkbuf_0_CLK100MHZ/X (sky130_fd_sc_hd__clkbuf_16)
                                         clknet_0_CLK100MHZ (net)
                  0.05    0.00    0.16 ^ clkbuf_2_2__f_CLK100MHZ/A (sky130_fd_sc_hd__clkbuf_16)
     8    0.03    0.04    0.10    0.26 ^ clkbuf_2_2__f_CLK100MHZ/X (sky130_fd_sc_hd__clkbuf_16)
                                         clknet_2_2__leaf_CLK100MHZ (net)
                  0.04    0.00    0.26 ^ _250_/CLK (sky130_fd_sc_hd__dfrtp_2)
                          0.25    0.51   clock uncertainty
                         -0.02    0.49   clock reconvergence pessimism
                         -0.03    0.46   library hold time
                                  0.46   data required time
-----------------------------------------------------------------------------
                                  0.46   data required time
                                 -0.53   data arrival time
-----------------------------------------------------------------------------
                                  0.08   slack (MET)


Startpoint: _268_ (rising edge-triggered flip-flop clocked by CLK100MHZ)
Endpoint: _268_ (rising edge-triggered flip-flop clocked by CLK100MHZ)
Path Group: CLK100MHZ
Path Type: min
Corner: Fastest

Fanout     Cap    Slew   Delay    Time   Description
-----------------------------------------------------------------------------
                          0.00    0.00   clock CLK100MHZ (rise edge)
                          0.00    0.00   clock source latency
     1    0.02    0.06    0.04    0.04 ^ CLK100MHZ (in)
                                         CLK100MHZ (net)
                  0.06    0.00    0.04 ^ clkbuf_0_CLK100MHZ/A (sky130_fd_sc_hd__clkbuf_16)
     4    0.04    0.05    0.10    0.14 ^ clkbuf_0_CLK100MHZ/X (sky130_fd_sc_hd__clkbuf_16)
                                         clknet_0_CLK100MHZ (net)
                  0.05    0.00    0.14 ^ clkbuf_2_1__f_CLK100MHZ/A (sky130_fd_sc_hd__clkbuf_16)
     8    0.02    0.03    0.09    0.23 ^ clkbuf_2_1__f_CLK100MHZ/X (sky130_fd_sc_hd__clkbuf_16)
                                         clknet_2_1__leaf_CLK100MHZ (net)
                  0.03    0.00    0.23 ^ _268_/CLK (sky130_fd_sc_hd__dfrtp_2)
     3    0.03    0.10    0.26    0.49 ^ _268_/Q (sky130_fd_sc_hd__dfrtp_2)
                                         decoder.delay[18] (net)
                  0.10    0.00    0.49 ^ _211_/A (sky130_fd_sc_hd__xor2_1)
     1    0.00    0.03    0.05    0.53 v _211_/X (sky130_fd_sc_hd__xor2_1)
                                         _009_ (net)
                  0.03    0.00    0.53 v _268_/D (sky130_fd_sc_hd__dfrtp_2)
                                  0.53   data arrival time

                          0.00    0.00   clock CLK100MHZ (rise edge)
                          0.00    0.00   clock source latency
     1    0.02    0.06    0.05    0.05 ^ CLK100MHZ (in)
                                         CLK100MHZ (net)
                  0.06    0.00    0.05 ^ clkbuf_0_CLK100MHZ/A (sky130_fd_sc_hd__clkbuf_16)
     4    0.04    0.05    0.11    0.16 ^ clkbuf_0_CLK100MHZ/X (sky130_fd_sc_hd__clkbuf_16)
                                         clknet_0_CLK100MHZ (net)
                  0.05    0.00    0.16 ^ clkbuf_2_1__f_CLK100MHZ/A (sky130_fd_sc_hd__clkbuf_16)
     8    0.02    0.03    0.10    0.26 ^ clkbuf_2_1__f_CLK100MHZ/X (sky130_fd_sc_hd__clkbuf_16)
                                         clknet_2_1__leaf_CLK100MHZ (net)
                  0.03    0.00    0.26 ^ _268_/CLK (sky130_fd_sc_hd__dfrtp_2)
                          0.25    0.51   clock uncertainty
                         -0.02    0.48   clock reconvergence pessimism
                         -0.03    0.45   library hold time
                                  0.45   data required time
-----------------------------------------------------------------------------
                                  0.45   data required time
                                 -0.53   data arrival time
-----------------------------------------------------------------------------
                                  0.08   slack (MET)


Startpoint: _266_ (rising edge-triggered flip-flop clocked by CLK100MHZ)
Endpoint: _266_ (rising edge-triggered flip-flop clocked by CLK100MHZ)
Path Group: CLK100MHZ
Path Type: min
Corner: Fastest

Fanout     Cap    Slew   Delay    Time   Description
-----------------------------------------------------------------------------
                          0.00    0.00   clock CLK100MHZ (rise edge)
                          0.00    0.00   clock source latency
     1    0.02    0.06    0.04    0.04 ^ CLK100MHZ (in)
                                         CLK100MHZ (net)
                  0.06    0.00    0.04 ^ clkbuf_0_CLK100MHZ/A (sky130_fd_sc_hd__clkbuf_16)
     4    0.04    0.05    0.10    0.14 ^ clkbuf_0_CLK100MHZ/X (sky130_fd_sc_hd__clkbuf_16)
                                         clknet_0_CLK100MHZ (net)
                  0.05    0.00    0.14 ^ clkbuf_2_0__f_CLK100MHZ/A (sky130_fd_sc_hd__clkbuf_16)
     8    0.03    0.04    0.09    0.23 ^ clkbuf_2_0__f_CLK100MHZ/X (sky130_fd_sc_hd__clkbuf_16)
                                         clknet_2_0__leaf_CLK100MHZ (net)
                  0.04    0.00    0.23 ^ _266_/CLK (sky130_fd_sc_hd__dfrtp_2)
     5    0.03    0.12    0.27    0.51 ^ _266_/Q (sky130_fd_sc_hd__dfrtp_2)
                                         decoder.delay[16] (net)
                  0.12    0.00    0.51 ^ _207_/A (sky130_fd_sc_hd__xor2_1)
     1    0.00    0.03    0.05    0.56 v _207_/X (sky130_fd_sc_hd__xor2_1)
                                         _007_ (net)
                  0.03    0.00    0.56 v _266_/D (sky130_fd_sc_hd__dfrtp_2)
                                  0.56   data arrival time

                          0.00    0.00   clock CLK100MHZ (rise edge)
                          0.00    0.00   clock source latency
     1    0.02    0.06    0.05    0.05 ^ CLK100MHZ (in)
                                         CLK100MHZ (net)
                  0.06    0.00    0.05 ^ clkbuf_0_CLK100MHZ/A (sky130_fd_sc_hd__clkbuf_16)
     4    0.04    0.05    0.11    0.16 ^ clkbuf_0_CLK100MHZ/X (sky130_fd_sc_hd__clkbuf_16)
                                         clknet_0_CLK100MHZ (net)
                  0.05    0.00    0.16 ^ clkbuf_2_0__f_CLK100MHZ/A (sky130_fd_sc_hd__clkbuf_16)
     8    0.03    0.04    0.10    0.26 ^ clkbuf_2_0__f_CLK100MHZ/X (sky130_fd_sc_hd__clkbuf_16)
                                         clknet_2_0__leaf_CLK100MHZ (net)
                  0.04    0.00    0.26 ^ _266_/CLK (sky130_fd_sc_hd__dfrtp_2)
                          0.25    0.51   clock uncertainty
                         -0.02    0.48   clock reconvergence pessimism
                         -0.03    0.46   library hold time
                                  0.46   data required time
-----------------------------------------------------------------------------
                                  0.46   data required time
                                 -0.56   data arrival time
-----------------------------------------------------------------------------
                                  0.10   slack (MET)


Startpoint: _262_ (rising edge-triggered flip-flop clocked by CLK100MHZ)
Endpoint: _262_ (rising edge-triggered flip-flop clocked by CLK100MHZ)
Path Group: CLK100MHZ
Path Type: min
Corner: Fastest

Fanout     Cap    Slew   Delay    Time   Description
-----------------------------------------------------------------------------
                          0.00    0.00   clock CLK100MHZ (rise edge)
                          0.00    0.00   clock source latency
     1    0.02    0.06    0.04    0.04 ^ CLK100MHZ (in)
                                         CLK100MHZ (net)
                  0.06    0.00    0.04 ^ clkbuf_0_CLK100MHZ/A (sky130_fd_sc_hd__clkbuf_16)
     4    0.04    0.05    0.10    0.14 ^ clkbuf_0_CLK100MHZ/X (sky130_fd_sc_hd__clkbuf_16)
                                         clknet_0_CLK100MHZ (net)
                  0.05    0.00    0.14 ^ clkbuf_2_2__f_CLK100MHZ/A (sky130_fd_sc_hd__clkbuf_16)
     8    0.03    0.04    0.09    0.24 ^ clkbuf_2_2__f_CLK100MHZ/X (sky130_fd_sc_hd__clkbuf_16)
                                         clknet_2_2__leaf_CLK100MHZ (net)
                  0.04    0.00    0.24 ^ _262_/CLK (sky130_fd_sc_hd__dfrtp_2)
     5    0.03    0.11    0.26    0.50 ^ _262_/Q (sky130_fd_sc_hd__dfrtp_2)
                                         decoder.delay[12] (net)
                  0.11    0.00    0.50 ^ _199_/A (sky130_fd_sc_hd__xnor2_1)
     1    0.01    0.03    0.06    0.56 v _199_/Y (sky130_fd_sc_hd__xnor2_1)
                                         _003_ (net)
                  0.03    0.00    0.56 v _262_/D (sky130_fd_sc_hd__dfrtp_2)
                                  0.56   data arrival time

                          0.00    0.00   clock CLK100MHZ (rise edge)
                          0.00    0.00   clock source latency
     1    0.02    0.06    0.05    0.05 ^ CLK100MHZ (in)
                                         CLK100MHZ (net)
                  0.06    0.00    0.05 ^ clkbuf_0_CLK100MHZ/A (sky130_fd_sc_hd__clkbuf_16)
     4    0.04    0.05    0.11    0.16 ^ clkbuf_0_CLK100MHZ/X (sky130_fd_sc_hd__clkbuf_16)
                                         clknet_0_CLK100MHZ (net)
                  0.05    0.00    0.16 ^ clkbuf_2_2__f_CLK100MHZ/A (sky130_fd_sc_hd__clkbuf_16)
     8    0.03    0.04    0.10    0.26 ^ clkbuf_2_2__f_CLK100MHZ/X (sky130_fd_sc_hd__clkbuf_16)
                                         clknet_2_2__leaf_CLK100MHZ (net)
                  0.04    0.00    0.26 ^ _262_/CLK (sky130_fd_sc_hd__dfrtp_2)
                          0.25    0.51   clock uncertainty
                         -0.02    0.49   clock reconvergence pessimism
                         -0.03    0.46   library hold time
                                  0.46   data required time
-----------------------------------------------------------------------------
                                  0.46   data required time
                                 -0.56   data arrival time
-----------------------------------------------------------------------------
                                  0.10   slack (MET)


Startpoint: _269_ (rising edge-triggered flip-flop clocked by CLK100MHZ)
Endpoint: _269_ (rising edge-triggered flip-flop clocked by CLK100MHZ)
Path Group: CLK100MHZ
Path Type: min
Corner: Fastest

Fanout     Cap    Slew   Delay    Time   Description
-----------------------------------------------------------------------------
                          0.00    0.00   clock CLK100MHZ (rise edge)
                          0.00    0.00   clock source latency
     1    0.02    0.06    0.04    0.04 ^ CLK100MHZ (in)
                                         CLK100MHZ (net)
                  0.06    0.00    0.04 ^ clkbuf_0_CLK100MHZ/A (sky130_fd_sc_hd__clkbuf_16)
     4    0.04    0.05    0.10    0.14 ^ clkbuf_0_CLK100MHZ/X (sky130_fd_sc_hd__clkbuf_16)
                                         clknet_0_CLK100MHZ (net)
                  0.05    0.00    0.14 ^ clkbuf_2_2__f_CLK100MHZ/A (sky130_fd_sc_hd__clkbuf_16)
     8    0.03    0.04    0.09    0.24 ^ clkbuf_2_2__f_CLK100MHZ/X (sky130_fd_sc_hd__clkbuf_16)
                                         clknet_2_2__leaf_CLK100MHZ (net)
                  0.04    0.00    0.24 ^ _269_/CLK (sky130_fd_sc_hd__dfrtp_1)
     2    0.01    0.09    0.24    0.47 ^ _269_/Q (sky130_fd_sc_hd__dfrtp_1)
                                         decoder.delay[19] (net)
                  0.09    0.00    0.47 ^ _213_/B2 (sky130_fd_sc_hd__o2bb2a_1)
     1    0.01    0.06    0.11    0.58 ^ _213_/X (sky130_fd_sc_hd__o2bb2a_1)
                                         _010_ (net)
                  0.06    0.00    0.58 ^ _269_/D (sky130_fd_sc_hd__dfrtp_1)
                                  0.58   data arrival time

                          0.00    0.00   clock CLK100MHZ (rise edge)
                          0.00    0.00   clock source latency
     1    0.02    0.06    0.05    0.05 ^ CLK100MHZ (in)
                                         CLK100MHZ (net)
                  0.06    0.00    0.05 ^ clkbuf_0_CLK100MHZ/A (sky130_fd_sc_hd__clkbuf_16)
     4    0.04    0.05    0.11    0.16 ^ clkbuf_0_CLK100MHZ/X (sky130_fd_sc_hd__clkbuf_16)
                                         clknet_0_CLK100MHZ (net)
                  0.05    0.00    0.16 ^ clkbuf_2_2__f_CLK100MHZ/A (sky130_fd_sc_hd__clkbuf_16)
     8    0.03    0.04    0.10    0.26 ^ clkbuf_2_2__f_CLK100MHZ/X (sky130_fd_sc_hd__clkbuf_16)
                                         clknet_2_2__leaf_CLK100MHZ (net)
                  0.04    0.00    0.26 ^ _269_/CLK (sky130_fd_sc_hd__dfrtp_1)
                          0.25    0.51   clock uncertainty
                         -0.02    0.49   clock reconvergence pessimism
                         -0.02    0.46   library hold time
                                  0.46   data required time
-----------------------------------------------------------------------------
                                  0.46   data required time
                                 -0.58   data arrival time
-----------------------------------------------------------------------------
                                  0.12   slack (MET)


Startpoint: _274_ (rising edge-triggered flip-flop clocked by CLK100MHZ)
Endpoint: _274_ (rising edge-triggered flip-flop clocked by CLK100MHZ)
Path Group: CLK100MHZ
Path Type: min
Corner: Fastest

Fanout     Cap    Slew   Delay    Time   Description
-----------------------------------------------------------------------------
                          0.00    0.00   clock CLK100MHZ (rise edge)
                          0.00    0.00   clock source latency
     1    0.02    0.06    0.04    0.04 ^ CLK100MHZ (in)
                                         CLK100MHZ (net)
                  0.06    0.00    0.04 ^ clkbuf_0_CLK100MHZ/A (sky130_fd_sc_hd__clkbuf_16)
     4    0.04    0.05    0.10    0.14 ^ clkbuf_0_CLK100MHZ/X (sky130_fd_sc_hd__clkbuf_16)
                                         clknet_0_CLK100MHZ (net)
                  0.05    0.00    0.14 ^ clkbuf_2_3__f_CLK100MHZ/A (sky130_fd_sc_hd__clkbuf_16)
     8    0.03    0.04    0.09    0.23 ^ clkbuf_2_3__f_CLK100MHZ/X (sky130_fd_sc_hd__clkbuf_16)
                                         clknet_2_3__leaf_CLK100MHZ (net)
                  0.04    0.00    0.23 ^ _274_/CLK (sky130_fd_sc_hd__dfrtp_2)
     5    0.03    0.11    0.26    0.50 ^ _274_/Q (sky130_fd_sc_hd__dfrtp_2)
                                         decoder.delay[24] (net)
                  0.11    0.00    0.50 ^ _154_/A (sky130_fd_sc_hd__xnor2_1)
     1    0.01    0.05    0.07    0.57 v _154_/Y (sky130_fd_sc_hd__xnor2_1)
                                         _016_ (net)
                  0.05    0.00    0.57 v _274_/D (sky130_fd_sc_hd__dfrtp_2)
                                  0.57   data arrival time

                          0.00    0.00   clock CLK100MHZ (rise edge)
                          0.00    0.00   clock source latency
     1    0.02    0.06    0.05    0.05 ^ CLK100MHZ (in)
                                         CLK100MHZ (net)
                  0.06    0.00    0.05 ^ clkbuf_0_CLK100MHZ/A (sky130_fd_sc_hd__clkbuf_16)
     4    0.04    0.05    0.11    0.16 ^ clkbuf_0_CLK100MHZ/X (sky130_fd_sc_hd__clkbuf_16)
                                         clknet_0_CLK100MHZ (net)
                  0.05    0.00    0.16 ^ clkbuf_2_3__f_CLK100MHZ/A (sky130_fd_sc_hd__clkbuf_16)
     8    0.03    0.04    0.10    0.26 ^ clkbuf_2_3__f_CLK100MHZ/X (sky130_fd_sc_hd__clkbuf_16)
                                         clknet_2_3__leaf_CLK100MHZ (net)
                  0.04    0.00    0.26 ^ _274_/CLK (sky130_fd_sc_hd__dfrtp_2)
                          0.25    0.51   clock uncertainty
                         -0.02    0.48   clock reconvergence pessimism
                         -0.03    0.45   library hold time
                                  0.45   data required time
-----------------------------------------------------------------------------
                                  0.45   data required time
                                 -0.57   data arrival time
-----------------------------------------------------------------------------
                                  0.12   slack (MET)


Startpoint: _256_ (rising edge-triggered flip-flop clocked by CLK100MHZ)
Endpoint: _256_ (rising edge-triggered flip-flop clocked by CLK100MHZ)
Path Group: CLK100MHZ
Path Type: min
Corner: Fastest

Fanout     Cap    Slew   Delay    Time   Description
-----------------------------------------------------------------------------
                          0.00    0.00   clock CLK100MHZ (rise edge)
                          0.00    0.00   clock source latency
     1    0.02    0.06    0.04    0.04 ^ CLK100MHZ (in)
                                         CLK100MHZ (net)
                  0.06    0.00    0.04 ^ clkbuf_0_CLK100MHZ/A (sky130_fd_sc_hd__clkbuf_16)
     4    0.04    0.05    0.10    0.14 ^ clkbuf_0_CLK100MHZ/X (sky130_fd_sc_hd__clkbuf_16)
                                         clknet_0_CLK100MHZ (net)
                  0.05    0.00    0.14 ^ clkbuf_2_0__f_CLK100MHZ/A (sky130_fd_sc_hd__clkbuf_16)
     8    0.03    0.04    0.09    0.23 ^ clkbuf_2_0__f_CLK100MHZ/X (sky130_fd_sc_hd__clkbuf_16)
                                         clknet_2_0__leaf_CLK100MHZ (net)
                  0.04    0.00    0.23 ^ _256_/CLK (sky130_fd_sc_hd__dfrtp_4)
     4    0.04    0.10    0.29    0.52 ^ _256_/Q (sky130_fd_sc_hd__dfrtp_4)
                                         decoder.delay[6] (net)
                  0.10    0.00    0.52 ^ _180_/A (sky130_fd_sc_hd__xor2_1)
     1    0.01    0.03    0.05    0.58 v _180_/X (sky130_fd_sc_hd__xor2_1)
                                         _021_ (net)
                  0.03    0.00    0.58 v _256_/D (sky130_fd_sc_hd__dfrtp_4)
                                  0.58   data arrival time

                          0.00    0.00   clock CLK100MHZ (rise edge)
                          0.00    0.00   clock source latency
     1    0.02    0.06    0.05    0.05 ^ CLK100MHZ (in)
                                         CLK100MHZ (net)
                  0.06    0.00    0.05 ^ clkbuf_0_CLK100MHZ/A (sky130_fd_sc_hd__clkbuf_16)
     4    0.04    0.05    0.11    0.16 ^ clkbuf_0_CLK100MHZ/X (sky130_fd_sc_hd__clkbuf_16)
                                         clknet_0_CLK100MHZ (net)
                  0.05    0.00    0.16 ^ clkbuf_2_0__f_CLK100MHZ/A (sky130_fd_sc_hd__clkbuf_16)
     8    0.03    0.04    0.10    0.26 ^ clkbuf_2_0__f_CLK100MHZ/X (sky130_fd_sc_hd__clkbuf_16)
                                         clknet_2_0__leaf_CLK100MHZ (net)
                  0.04    0.00    0.26 ^ _256_/CLK (sky130_fd_sc_hd__dfrtp_4)
                          0.25    0.51   clock uncertainty
                         -0.02    0.48   clock reconvergence pessimism
                         -0.03    0.46   library hold time
                                  0.46   data required time
-----------------------------------------------------------------------------
                                  0.46   data required time
                                 -0.58   data arrival time
-----------------------------------------------------------------------------
                                  0.12   slack (MET)


Startpoint: _259_ (rising edge-triggered flip-flop clocked by CLK100MHZ)
Endpoint: _259_ (rising edge-triggered flip-flop clocked by CLK100MHZ)
Path Group: CLK100MHZ
Path Type: min
Corner: Fastest

Fanout     Cap    Slew   Delay    Time   Description
-----------------------------------------------------------------------------
                          0.00    0.00   clock CLK100MHZ (rise edge)
                          0.00    0.00   clock source latency
     1    0.02    0.06    0.04    0.04 ^ CLK100MHZ (in)
                                         CLK100MHZ (net)
                  0.06    0.00    0.04 ^ clkbuf_0_CLK100MHZ/A (sky130_fd_sc_hd__clkbuf_16)
     4    0.04    0.05    0.10    0.14 ^ clkbuf_0_CLK100MHZ/X (sky130_fd_sc_hd__clkbuf_16)
                                         clknet_0_CLK100MHZ (net)
                  0.05    0.00    0.14 ^ clkbuf_2_1__f_CLK100MHZ/A (sky130_fd_sc_hd__clkbuf_16)
     8    0.02    0.03    0.09    0.23 ^ clkbuf_2_1__f_CLK100MHZ/X (sky130_fd_sc_hd__clkbuf_16)
                                         clknet_2_1__leaf_CLK100MHZ (net)
                  0.03    0.00    0.23 ^ _259_/CLK (sky130_fd_sc_hd__dfrtp_2)
     4    0.03    0.12    0.27    0.50 ^ _259_/Q (sky130_fd_sc_hd__dfrtp_2)
                                         decoder.delay[9] (net)
                  0.12    0.00    0.50 ^ _191_/A (sky130_fd_sc_hd__xnor2_1)
     1    0.01    0.04    0.07    0.57 v _191_/Y (sky130_fd_sc_hd__xnor2_1)
                                         _024_ (net)
                  0.04    0.00    0.57 v _259_/D (sky130_fd_sc_hd__dfrtp_2)
                                  0.57   data arrival time

                          0.00    0.00   clock CLK100MHZ (rise edge)
                          0.00    0.00   clock source latency
     1    0.02    0.06    0.05    0.05 ^ CLK100MHZ (in)
                                         CLK100MHZ (net)
                  0.06    0.00    0.05 ^ clkbuf_0_CLK100MHZ/A (sky130_fd_sc_hd__clkbuf_16)
     4    0.04    0.05    0.11    0.16 ^ clkbuf_0_CLK100MHZ/X (sky130_fd_sc_hd__clkbuf_16)
                                         clknet_0_CLK100MHZ (net)
                  0.05    0.00    0.16 ^ clkbuf_2_1__f_CLK100MHZ/A (sky130_fd_sc_hd__clkbuf_16)
     8    0.02    0.03    0.10    0.26 ^ clkbuf_2_1__f_CLK100MHZ/X (sky130_fd_sc_hd__clkbuf_16)
                                         clknet_2_1__leaf_CLK100MHZ (net)
                  0.03    0.00    0.26 ^ _259_/CLK (sky130_fd_sc_hd__dfrtp_2)
                          0.25    0.51   clock uncertainty
                         -0.02    0.48   clock reconvergence pessimism
                         -0.03    0.45   library hold time
                                  0.45   data required time
-----------------------------------------------------------------------------
                                  0.45   data required time
                                 -0.57   data arrival time
-----------------------------------------------------------------------------
                                  0.12   slack (MET)


Startpoint: _264_ (rising edge-triggered flip-flop clocked by CLK100MHZ)
Endpoint: _264_ (rising edge-triggered flip-flop clocked by CLK100MHZ)
Path Group: CLK100MHZ
Path Type: min
Corner: Fastest

Fanout     Cap    Slew   Delay    Time   Description
-----------------------------------------------------------------------------
                          0.00    0.00   clock CLK100MHZ (rise edge)
                          0.00    0.00   clock source latency
     1    0.02    0.06    0.04    0.04 ^ CLK100MHZ (in)
                                         CLK100MHZ (net)
                  0.06    0.00    0.04 ^ clkbuf_0_CLK100MHZ/A (sky130_fd_sc_hd__clkbuf_16)
     4    0.04    0.05    0.10    0.14 ^ clkbuf_0_CLK100MHZ/X (sky130_fd_sc_hd__clkbuf_16)
                                         clknet_0_CLK100MHZ (net)
                  0.05    0.00    0.14 ^ clkbuf_2_0__f_CLK100MHZ/A (sky130_fd_sc_hd__clkbuf_16)
     8    0.03    0.04    0.09    0.23 ^ clkbuf_2_0__f_CLK100MHZ/X (sky130_fd_sc_hd__clkbuf_16)
                                         clknet_2_0__leaf_CLK100MHZ (net)
                  0.04    0.00    0.23 ^ _264_/CLK (sky130_fd_sc_hd__dfrtp_1)
     3    0.02    0.14    0.26    0.50 ^ _264_/Q (sky130_fd_sc_hd__dfrtp_1)
                                         decoder.delay[14] (net)
                  0.14    0.00    0.50 ^ _204_/B2 (sky130_fd_sc_hd__o2bb2a_1)
     1    0.01    0.06    0.11    0.61 ^ _204_/X (sky130_fd_sc_hd__o2bb2a_1)
                                         _005_ (net)
                  0.06    0.00    0.61 ^ _264_/D (sky130_fd_sc_hd__dfrtp_1)
                                  0.61   data arrival time

                          0.00    0.00   clock CLK100MHZ (rise edge)
                          0.00    0.00   clock source latency
     1    0.02    0.06    0.05    0.05 ^ CLK100MHZ (in)
                                         CLK100MHZ (net)
                  0.06    0.00    0.05 ^ clkbuf_0_CLK100MHZ/A (sky130_fd_sc_hd__clkbuf_16)
     4    0.04    0.05    0.11    0.16 ^ clkbuf_0_CLK100MHZ/X (sky130_fd_sc_hd__clkbuf_16)
                                         clknet_0_CLK100MHZ (net)
                  0.05    0.00    0.16 ^ clkbuf_2_0__f_CLK100MHZ/A (sky130_fd_sc_hd__clkbuf_16)
     8    0.03    0.04    0.10    0.26 ^ clkbuf_2_0__f_CLK100MHZ/X (sky130_fd_sc_hd__clkbuf_16)
                                         clknet_2_0__leaf_CLK100MHZ (net)
                  0.04    0.00    0.26 ^ _264_/CLK (sky130_fd_sc_hd__dfrtp_1)
                          0.25    0.51   clock uncertainty
                         -0.02    0.48   clock reconvergence pessimism
                         -0.02    0.46   library hold time
                                  0.46   data required time
-----------------------------------------------------------------------------
                                  0.46   data required time
                                 -0.61   data arrival time
-----------------------------------------------------------------------------
                                  0.15   slack (MET)


Startpoint: _272_ (rising edge-triggered flip-flop clocked by CLK100MHZ)
Endpoint: _272_ (rising edge-triggered flip-flop clocked by CLK100MHZ)
Path Group: CLK100MHZ
Path Type: min
Corner: Fastest

Fanout     Cap    Slew   Delay    Time   Description
-----------------------------------------------------------------------------
                          0.00    0.00   clock CLK100MHZ (rise edge)
                          0.00    0.00   clock source latency
     1    0.02    0.06    0.04    0.04 ^ CLK100MHZ (in)
                                         CLK100MHZ (net)
                  0.06    0.00    0.04 ^ clkbuf_0_CLK100MHZ/A (sky130_fd_sc_hd__clkbuf_16)
     4    0.04    0.05    0.10    0.14 ^ clkbuf_0_CLK100MHZ/X (sky130_fd_sc_hd__clkbuf_16)
                                         clknet_0_CLK100MHZ (net)
                  0.05    0.00    0.14 ^ clkbuf_2_1__f_CLK100MHZ/A (sky130_fd_sc_hd__clkbuf_16)
     8    0.02    0.03    0.09    0.23 ^ clkbuf_2_1__f_CLK100MHZ/X (sky130_fd_sc_hd__clkbuf_16)
                                         clknet_2_1__leaf_CLK100MHZ (net)
                  0.03    0.00    0.23 ^ _272_/CLK (sky130_fd_sc_hd__dfrtp_1)
     3    0.02    0.17    0.28    0.52 ^ _272_/Q (sky130_fd_sc_hd__dfrtp_1)
                                         decoder.delay[22] (net)
                  0.17    0.00    0.52 ^ _149_/B2 (sky130_fd_sc_hd__o2bb2a_1)
     1    0.00    0.04    0.10    0.61 ^ _149_/X (sky130_fd_sc_hd__o2bb2a_1)
                                         _014_ (net)
                  0.04    0.00    0.61 ^ _272_/D (sky130_fd_sc_hd__dfrtp_1)
                                  0.61   data arrival time

                          0.00    0.00   clock CLK100MHZ (rise edge)
                          0.00    0.00   clock source latency
     1    0.02    0.06    0.05    0.05 ^ CLK100MHZ (in)
                                         CLK100MHZ (net)
                  0.06    0.00    0.05 ^ clkbuf_0_CLK100MHZ/A (sky130_fd_sc_hd__clkbuf_16)
     4    0.04    0.05    0.11    0.16 ^ clkbuf_0_CLK100MHZ/X (sky130_fd_sc_hd__clkbuf_16)
                                         clknet_0_CLK100MHZ (net)
                  0.05    0.00    0.16 ^ clkbuf_2_1__f_CLK100MHZ/A (sky130_fd_sc_hd__clkbuf_16)
     8    0.02    0.03    0.10    0.26 ^ clkbuf_2_1__f_CLK100MHZ/X (sky130_fd_sc_hd__clkbuf_16)
                                         clknet_2_1__leaf_CLK100MHZ (net)
                  0.03    0.00    0.26 ^ _272_/CLK (sky130_fd_sc_hd__dfrtp_1)
                          0.25    0.51   clock uncertainty
                         -0.02    0.48   clock reconvergence pessimism
                         -0.02    0.46   library hold time
                                  0.46   data required time
-----------------------------------------------------------------------------
                                  0.46   data required time
                                 -0.61   data arrival time
-----------------------------------------------------------------------------
                                  0.15   slack (MET)


Startpoint: _270_ (rising edge-triggered flip-flop clocked by CLK100MHZ)
Endpoint: _270_ (rising edge-triggered flip-flop clocked by CLK100MHZ)
Path Group: CLK100MHZ
Path Type: min
Corner: Fastest

Fanout     Cap    Slew   Delay    Time   Description
-----------------------------------------------------------------------------
                          0.00    0.00   clock CLK100MHZ (rise edge)
                          0.00    0.00   clock source latency
     1    0.02    0.06    0.04    0.04 ^ CLK100MHZ (in)
                                         CLK100MHZ (net)
                  0.06    0.00    0.04 ^ clkbuf_0_CLK100MHZ/A (sky130_fd_sc_hd__clkbuf_16)
     4    0.04    0.05    0.10    0.14 ^ clkbuf_0_CLK100MHZ/X (sky130_fd_sc_hd__clkbuf_16)
                                         clknet_0_CLK100MHZ (net)
                  0.05    0.00    0.14 ^ clkbuf_2_0__f_CLK100MHZ/A (sky130_fd_sc_hd__clkbuf_16)
     8    0.03    0.04    0.09    0.23 ^ clkbuf_2_0__f_CLK100MHZ/X (sky130_fd_sc_hd__clkbuf_16)
                                         clknet_2_0__leaf_CLK100MHZ (net)
                  0.04    0.00    0.23 ^ _270_/CLK (sky130_fd_sc_hd__dfrtp_1)
     3    0.02    0.07    0.25    0.49 v _270_/Q (sky130_fd_sc_hd__dfrtp_1)
                                         decoder.delay[20] (net)
                  0.07    0.00    0.49 v _143_/B1 (sky130_fd_sc_hd__a21oi_1)
     1    0.00    0.07    0.07    0.56 ^ _143_/Y (sky130_fd_sc_hd__a21oi_1)
                                         _072_ (net)
                  0.07    0.00    0.56 ^ _145_/A (sky130_fd_sc_hd__nor2_1)
     1    0.01    0.04    0.05    0.61 v _145_/Y (sky130_fd_sc_hd__nor2_1)
                                         _012_ (net)
                  0.04    0.00    0.61 v _270_/D (sky130_fd_sc_hd__dfrtp_1)
                                  0.61   data arrival time

                          0.00    0.00   clock CLK100MHZ (rise edge)
                          0.00    0.00   clock source latency
     1    0.02    0.06    0.05    0.05 ^ CLK100MHZ (in)
                                         CLK100MHZ (net)
                  0.06    0.00    0.05 ^ clkbuf_0_CLK100MHZ/A (sky130_fd_sc_hd__clkbuf_16)
     4    0.04    0.05    0.11    0.16 ^ clkbuf_0_CLK100MHZ/X (sky130_fd_sc_hd__clkbuf_16)
                                         clknet_0_CLK100MHZ (net)
                  0.05    0.00    0.16 ^ clkbuf_2_0__f_CLK100MHZ/A (sky130_fd_sc_hd__clkbuf_16)
     8    0.03    0.04    0.10    0.26 ^ clkbuf_2_0__f_CLK100MHZ/X (sky130_fd_sc_hd__clkbuf_16)
                                         clknet_2_0__leaf_CLK100MHZ (net)
                  0.04    0.00    0.26 ^ _270_/CLK (sky130_fd_sc_hd__dfrtp_1)
                          0.25    0.51   clock uncertainty
                         -0.02    0.48   clock reconvergence pessimism
                         -0.03    0.45   library hold time
                                  0.45   data required time
-----------------------------------------------------------------------------
                                  0.45   data required time
                                 -0.61   data arrival time
-----------------------------------------------------------------------------
                                  0.16   slack (MET)


Startpoint: _247_ (rising edge-triggered flip-flop clocked by CLK100MHZ)
Endpoint: _247_ (rising edge-triggered flip-flop clocked by CLK100MHZ)
Path Group: CLK100MHZ
Path Type: min
Corner: Fastest

Fanout     Cap    Slew   Delay    Time   Description
-----------------------------------------------------------------------------
                          0.00    0.00   clock CLK100MHZ (rise edge)
                          0.00    0.00   clock source latency
     1    0.02    0.06    0.04    0.04 ^ CLK100MHZ (in)
                                         CLK100MHZ (net)
                  0.06    0.00    0.04 ^ clkbuf_0_CLK100MHZ/A (sky130_fd_sc_hd__clkbuf_16)
     4    0.04    0.05    0.10    0.14 ^ clkbuf_0_CLK100MHZ/X (sky130_fd_sc_hd__clkbuf_16)
                                         clknet_0_CLK100MHZ (net)
                  0.05    0.00    0.14 ^ clkbuf_2_3__f_CLK100MHZ/A (sky130_fd_sc_hd__clkbuf_16)
     8    0.03    0.04    0.09    0.23 ^ clkbuf_2_3__f_CLK100MHZ/X (sky130_fd_sc_hd__clkbuf_16)
                                         clknet_2_3__leaf_CLK100MHZ (net)
                  0.04    0.00    0.23 ^ _247_/CLK (sky130_fd_sc_hd__dfrtp_4)
     9    0.05    0.12    0.30    0.54 ^ _247_/Q (sky130_fd_sc_hd__dfrtp_4)
                                         decoder.count[1] (net)
                  0.12    0.00    0.54 ^ _140_/A (sky130_fd_sc_hd__xor2_1)
     1    0.01    0.04    0.07    0.61 v _140_/X (sky130_fd_sc_hd__xor2_1)
                                         _055_ (net)
                  0.04    0.00    0.61 v _247_/D (sky130_fd_sc_hd__dfrtp_4)
                                  0.61   data arrival time

                          0.00    0.00   clock CLK100MHZ (rise edge)
                          0.00    0.00   clock source latency
     1    0.02    0.06    0.05    0.05 ^ CLK100MHZ (in)
                                         CLK100MHZ (net)
                  0.06    0.00    0.05 ^ clkbuf_0_CLK100MHZ/A (sky130_fd_sc_hd__clkbuf_16)
     4    0.04    0.05    0.11    0.16 ^ clkbuf_0_CLK100MHZ/X (sky130_fd_sc_hd__clkbuf_16)
                                         clknet_0_CLK100MHZ (net)
                  0.05    0.00    0.16 ^ clkbuf_2_3__f_CLK100MHZ/A (sky130_fd_sc_hd__clkbuf_16)
     8    0.03    0.04    0.10    0.26 ^ clkbuf_2_3__f_CLK100MHZ/X (sky130_fd_sc_hd__clkbuf_16)
                                         clknet_2_3__leaf_CLK100MHZ (net)
                  0.04    0.00    0.26 ^ _247_/CLK (sky130_fd_sc_hd__dfrtp_4)
                          0.25    0.51   clock uncertainty
                         -0.02    0.48   clock reconvergence pessimism
                         -0.03    0.45   library hold time
                                  0.45   data required time
-----------------------------------------------------------------------------
                                  0.45   data required time
                                 -0.61   data arrival time
-----------------------------------------------------------------------------
                                  0.16   slack (MET)


Startpoint: _255_ (rising edge-triggered flip-flop clocked by CLK100MHZ)
Endpoint: _255_ (rising edge-triggered flip-flop clocked by CLK100MHZ)
Path Group: CLK100MHZ
Path Type: min
Corner: Fastest

Fanout     Cap    Slew   Delay    Time   Description
-----------------------------------------------------------------------------
                          0.00    0.00   clock CLK100MHZ (rise edge)
                          0.00    0.00   clock source latency
     1    0.02    0.06    0.04    0.04 ^ CLK100MHZ (in)
                                         CLK100MHZ (net)
                  0.06    0.00    0.04 ^ clkbuf_0_CLK100MHZ/A (sky130_fd_sc_hd__clkbuf_16)
     4    0.04    0.05    0.10    0.14 ^ clkbuf_0_CLK100MHZ/X (sky130_fd_sc_hd__clkbuf_16)
                                         clknet_0_CLK100MHZ (net)
                  0.05    0.00    0.14 ^ clkbuf_2_0__f_CLK100MHZ/A (sky130_fd_sc_hd__clkbuf_16)
     8    0.03    0.04    0.09    0.23 ^ clkbuf_2_0__f_CLK100MHZ/X (sky130_fd_sc_hd__clkbuf_16)
                                         clknet_2_0__leaf_CLK100MHZ (net)
                  0.04    0.00    0.23 ^ _255_/CLK (sky130_fd_sc_hd__dfrtp_2)
     4    0.03    0.11    0.27    0.50 ^ _255_/Q (sky130_fd_sc_hd__dfrtp_2)
                                         decoder.delay[5] (net)
                  0.11    0.00    0.50 ^ _178_/A (sky130_fd_sc_hd__nor2_1)
     1    0.01    0.04    0.05    0.55 v _178_/Y (sky130_fd_sc_hd__nor2_1)
                                         _091_ (net)
                  0.04    0.00    0.55 v _179_/B (sky130_fd_sc_hd__nor2_1)
     1    0.00    0.08    0.07    0.62 ^ _179_/Y (sky130_fd_sc_hd__nor2_1)
                                         _020_ (net)
                  0.08    0.00    0.62 ^ _255_/D (sky130_fd_sc_hd__dfrtp_2)
                                  0.62   data arrival time

                          0.00    0.00   clock CLK100MHZ (rise edge)
                          0.00    0.00   clock source latency
     1    0.02    0.06    0.05    0.05 ^ CLK100MHZ (in)
                                         CLK100MHZ (net)
                  0.06    0.00    0.05 ^ clkbuf_0_CLK100MHZ/A (sky130_fd_sc_hd__clkbuf_16)
     4    0.04    0.05    0.11    0.16 ^ clkbuf_0_CLK100MHZ/X (sky130_fd_sc_hd__clkbuf_16)
                                         clknet_0_CLK100MHZ (net)
                  0.05    0.00    0.16 ^ clkbuf_2_0__f_CLK100MHZ/A (sky130_fd_sc_hd__clkbuf_16)
     8    0.03    0.04    0.10    0.26 ^ clkbuf_2_0__f_CLK100MHZ/X (sky130_fd_sc_hd__clkbuf_16)
                                         clknet_2_0__leaf_CLK100MHZ (net)
                  0.04    0.00    0.26 ^ _255_/CLK (sky130_fd_sc_hd__dfrtp_2)
                          0.25    0.51   clock uncertainty
                         -0.02    0.48   clock reconvergence pessimism
                         -0.02    0.46   library hold time
                                  0.46   data required time
-----------------------------------------------------------------------------
                                  0.46   data required time
                                 -0.62   data arrival time
-----------------------------------------------------------------------------
                                  0.16   slack (MET)


Startpoint: _249_ (rising edge-triggered flip-flop clocked by CLK100MHZ)
Endpoint: _249_ (rising edge-triggered flip-flop clocked by CLK100MHZ)
Path Group: CLK100MHZ
Path Type: min
Corner: Fastest

Fanout     Cap    Slew   Delay    Time   Description
-----------------------------------------------------------------------------
                          0.00    0.00   clock CLK100MHZ (rise edge)
                          0.00    0.00   clock source latency
     1    0.02    0.06    0.04    0.04 ^ CLK100MHZ (in)
                                         CLK100MHZ (net)
                  0.06    0.00    0.04 ^ clkbuf_0_CLK100MHZ/A (sky130_fd_sc_hd__clkbuf_16)
     4    0.04    0.05    0.10    0.14 ^ clkbuf_0_CLK100MHZ/X (sky130_fd_sc_hd__clkbuf_16)
                                         clknet_0_CLK100MHZ (net)
                  0.05    0.00    0.14 ^ clkbuf_2_3__f_CLK100MHZ/A (sky130_fd_sc_hd__clkbuf_16)
     8    0.03    0.04    0.09    0.23 ^ clkbuf_2_3__f_CLK100MHZ/X (sky130_fd_sc_hd__clkbuf_16)
                                         clknet_2_3__leaf_CLK100MHZ (net)
                  0.04    0.00    0.23 ^ _249_/CLK (sky130_fd_sc_hd__dfrtp_4)
     6    0.04    0.10    0.29    0.53 ^ _249_/Q (sky130_fd_sc_hd__dfrtp_4)
                                         decoder.count[3] (net)
                  0.10    0.00    0.53 ^ _130_/A (sky130_fd_sc_hd__xor2_1)
     1    0.01    0.05    0.08    0.61 v _130_/X (sky130_fd_sc_hd__xor2_1)
                                         _057_ (net)
                  0.05    0.00    0.61 v _249_/D (sky130_fd_sc_hd__dfrtp_4)
                                  0.61   data arrival time

                          0.00    0.00   clock CLK100MHZ (rise edge)
                          0.00    0.00   clock source latency
     1    0.02    0.06    0.05    0.05 ^ CLK100MHZ (in)
                                         CLK100MHZ (net)
                  0.06    0.00    0.05 ^ clkbuf_0_CLK100MHZ/A (sky130_fd_sc_hd__clkbuf_16)
     4    0.04    0.05    0.11    0.16 ^ clkbuf_0_CLK100MHZ/X (sky130_fd_sc_hd__clkbuf_16)
                                         clknet_0_CLK100MHZ (net)
                  0.05    0.00    0.16 ^ clkbuf_2_3__f_CLK100MHZ/A (sky130_fd_sc_hd__clkbuf_16)
     8    0.03    0.04    0.10    0.26 ^ clkbuf_2_3__f_CLK100MHZ/X (sky130_fd_sc_hd__clkbuf_16)
                                         clknet_2_3__leaf_CLK100MHZ (net)
                  0.04    0.00    0.26 ^ _249_/CLK (sky130_fd_sc_hd__dfrtp_4)
                          0.25    0.51   clock uncertainty
                         -0.02    0.48   clock reconvergence pessimism
                         -0.04    0.45   library hold time
                                  0.45   data required time
-----------------------------------------------------------------------------
                                  0.45   data required time
                                 -0.61   data arrival time
-----------------------------------------------------------------------------
                                  0.16   slack (MET)


Startpoint: _254_ (rising edge-triggered flip-flop clocked by CLK100MHZ)
Endpoint: _254_ (rising edge-triggered flip-flop clocked by CLK100MHZ)
Path Group: CLK100MHZ
Path Type: min
Corner: Fastest

Fanout     Cap    Slew   Delay    Time   Description
-----------------------------------------------------------------------------
                          0.00    0.00   clock CLK100MHZ (rise edge)
                          0.00    0.00   clock source latency
     1    0.02    0.06    0.04    0.04 ^ CLK100MHZ (in)
                                         CLK100MHZ (net)
                  0.06    0.00    0.04 ^ clkbuf_0_CLK100MHZ/A (sky130_fd_sc_hd__clkbuf_16)
     4    0.04    0.05    0.10    0.14 ^ clkbuf_0_CLK100MHZ/X (sky130_fd_sc_hd__clkbuf_16)
                                         clknet_0_CLK100MHZ (net)
                  0.05    0.00    0.14 ^ clkbuf_2_1__f_CLK100MHZ/A (sky130_fd_sc_hd__clkbuf_16)
     8    0.02    0.03    0.09    0.23 ^ clkbuf_2_1__f_CLK100MHZ/X (sky130_fd_sc_hd__clkbuf_16)
                                         clknet_2_1__leaf_CLK100MHZ (net)
                  0.03    0.00    0.23 ^ _254_/CLK (sky130_fd_sc_hd__dfrtp_2)
     5    0.03    0.12    0.27    0.50 ^ _254_/Q (sky130_fd_sc_hd__dfrtp_2)
                                         decoder.delay[4] (net)
                  0.12    0.00    0.51 ^ _175_/A (sky130_fd_sc_hd__nor2_1)
     1    0.01    0.05    0.05    0.56 v _175_/Y (sky130_fd_sc_hd__nor2_1)
                                         _089_ (net)
                  0.05    0.00    0.56 v _176_/B (sky130_fd_sc_hd__nor2_1)
     1    0.00    0.07    0.07    0.63 ^ _176_/Y (sky130_fd_sc_hd__nor2_1)
                                         _019_ (net)
                  0.07    0.00    0.63 ^ _254_/D (sky130_fd_sc_hd__dfrtp_2)
                                  0.63   data arrival time

                          0.00    0.00   clock CLK100MHZ (rise edge)
                          0.00    0.00   clock source latency
     1    0.02    0.06    0.05    0.05 ^ CLK100MHZ (in)
                                         CLK100MHZ (net)
                  0.06    0.00    0.05 ^ clkbuf_0_CLK100MHZ/A (sky130_fd_sc_hd__clkbuf_16)
     4    0.04    0.05    0.11    0.16 ^ clkbuf_0_CLK100MHZ/X (sky130_fd_sc_hd__clkbuf_16)
                                         clknet_0_CLK100MHZ (net)
                  0.05    0.00    0.16 ^ clkbuf_2_1__f_CLK100MHZ/A (sky130_fd_sc_hd__clkbuf_16)
     8    0.02    0.03    0.10    0.26 ^ clkbuf_2_1__f_CLK100MHZ/X (sky130_fd_sc_hd__clkbuf_16)
                                         clknet_2_1__leaf_CLK100MHZ (net)
                  0.03    0.00    0.26 ^ _254_/CLK (sky130_fd_sc_hd__dfrtp_2)
                          0.25    0.51   clock uncertainty
                         -0.02    0.48   clock reconvergence pessimism
                         -0.02    0.46   library hold time
                                  0.46   data required time
-----------------------------------------------------------------------------
                                  0.46   data required time
                                 -0.63   data arrival time
-----------------------------------------------------------------------------
                                  0.17   slack (MET)


Startpoint: _271_ (rising edge-triggered flip-flop clocked by CLK100MHZ)
Endpoint: _271_ (rising edge-triggered flip-flop clocked by CLK100MHZ)
Path Group: CLK100MHZ
Path Type: min
Corner: Fastest

Fanout     Cap    Slew   Delay    Time   Description
-----------------------------------------------------------------------------
                          0.00    0.00   clock CLK100MHZ (rise edge)
                          0.00    0.00   clock source latency
     1    0.02    0.06    0.04    0.04 ^ CLK100MHZ (in)
                                         CLK100MHZ (net)
                  0.06    0.00    0.04 ^ clkbuf_0_CLK100MHZ/A (sky130_fd_sc_hd__clkbuf_16)
     4    0.04    0.05    0.10    0.14 ^ clkbuf_0_CLK100MHZ/X (sky130_fd_sc_hd__clkbuf_16)
                                         clknet_0_CLK100MHZ (net)
                  0.05    0.00    0.14 ^ clkbuf_2_0__f_CLK100MHZ/A (sky130_fd_sc_hd__clkbuf_16)
     8    0.03    0.04    0.09    0.23 ^ clkbuf_2_0__f_CLK100MHZ/X (sky130_fd_sc_hd__clkbuf_16)
                                         clknet_2_0__leaf_CLK100MHZ (net)
                  0.04    0.00    0.23 ^ _271_/CLK (sky130_fd_sc_hd__dfrtp_1)
     2    0.02    0.11    0.25    0.48 ^ _271_/Q (sky130_fd_sc_hd__dfrtp_1)
                                         decoder.delay[21] (net)
                  0.11    0.00    0.48 ^ _147_/A1 (sky130_fd_sc_hd__o21ba_1)
     1    0.02    0.12    0.15    0.63 ^ _147_/X (sky130_fd_sc_hd__o21ba_1)
                                         _013_ (net)
                  0.12    0.00    0.63 ^ _271_/D (sky130_fd_sc_hd__dfrtp_1)
                                  0.63   data arrival time

                          0.00    0.00   clock CLK100MHZ (rise edge)
                          0.00    0.00   clock source latency
     1    0.02    0.06    0.05    0.05 ^ CLK100MHZ (in)
                                         CLK100MHZ (net)
                  0.06    0.00    0.05 ^ clkbuf_0_CLK100MHZ/A (sky130_fd_sc_hd__clkbuf_16)
     4    0.04    0.05    0.11    0.16 ^ clkbuf_0_CLK100MHZ/X (sky130_fd_sc_hd__clkbuf_16)
                                         clknet_0_CLK100MHZ (net)
                  0.05    0.00    0.16 ^ clkbuf_2_0__f_CLK100MHZ/A (sky130_fd_sc_hd__clkbuf_16)
     8    0.03    0.04    0.10    0.26 ^ clkbuf_2_0__f_CLK100MHZ/X (sky130_fd_sc_hd__clkbuf_16)
                                         clknet_2_0__leaf_CLK100MHZ (net)
                  0.04    0.00    0.26 ^ _271_/CLK (sky130_fd_sc_hd__dfrtp_1)
                          0.25    0.51   clock uncertainty
                         -0.02    0.48   clock reconvergence pessimism
                         -0.03    0.46   library hold time
                                  0.46   data required time
-----------------------------------------------------------------------------
                                  0.46   data required time
                                 -0.63   data arrival time
-----------------------------------------------------------------------------
                                  0.17   slack (MET)


Startpoint: _274_ (rising edge-triggered flip-flop clocked by CLK100MHZ)
Endpoint: _248_ (rising edge-triggered flip-flop clocked by CLK100MHZ)
Path Group: CLK100MHZ
Path Type: min
Corner: Fastest

Fanout     Cap    Slew   Delay    Time   Description
-----------------------------------------------------------------------------
                          0.00    0.00   clock CLK100MHZ (rise edge)
                          0.00    0.00   clock source latency
     1    0.02    0.06    0.04    0.04 ^ CLK100MHZ (in)
                                         CLK100MHZ (net)
                  0.06    0.00    0.04 ^ clkbuf_0_CLK100MHZ/A (sky130_fd_sc_hd__clkbuf_16)
     4    0.04    0.05    0.10    0.14 ^ clkbuf_0_CLK100MHZ/X (sky130_fd_sc_hd__clkbuf_16)
                                         clknet_0_CLK100MHZ (net)
                  0.05    0.00    0.14 ^ clkbuf_2_3__f_CLK100MHZ/A (sky130_fd_sc_hd__clkbuf_16)
     8    0.03    0.04    0.09    0.23 ^ clkbuf_2_3__f_CLK100MHZ/X (sky130_fd_sc_hd__clkbuf_16)
                                         clknet_2_3__leaf_CLK100MHZ (net)
                  0.04    0.00    0.23 ^ _274_/CLK (sky130_fd_sc_hd__dfrtp_2)
     5    0.03    0.11    0.26    0.50 ^ _274_/Q (sky130_fd_sc_hd__dfrtp_2)
                                         decoder.delay[24] (net)
                  0.11    0.00    0.50 ^ _137_/A1 (sky130_fd_sc_hd__a31o_1)
     1    0.01    0.07    0.11    0.61 ^ _137_/X (sky130_fd_sc_hd__a31o_1)
                                         _069_ (net)
                  0.07    0.00    0.61 ^ _138_/B1 (sky130_fd_sc_hd__o31ai_1)
     1    0.00    0.03    0.03    0.64 v _138_/Y (sky130_fd_sc_hd__o31ai_1)
                                         _056_ (net)
                  0.03    0.00    0.64 v _248_/D (sky130_fd_sc_hd__dfrtp_4)
                                  0.64   data arrival time

                          0.00    0.00   clock CLK100MHZ (rise edge)
                          0.00    0.00   clock source latency
     1    0.02    0.06    0.05    0.05 ^ CLK100MHZ (in)
                                         CLK100MHZ (net)
                  0.06    0.00    0.05 ^ clkbuf_0_CLK100MHZ/A (sky130_fd_sc_hd__clkbuf_16)
     4    0.04    0.05    0.11    0.16 ^ clkbuf_0_CLK100MHZ/X (sky130_fd_sc_hd__clkbuf_16)
                                         clknet_0_CLK100MHZ (net)
                  0.05    0.00    0.16 ^ clkbuf_2_0__f_CLK100MHZ/A (sky130_fd_sc_hd__clkbuf_16)
     8    0.03    0.04    0.10    0.26 ^ clkbuf_2_0__f_CLK100MHZ/X (sky130_fd_sc_hd__clkbuf_16)
                                         clknet_2_0__leaf_CLK100MHZ (net)
                  0.04    0.00    0.26 ^ _248_/CLK (sky130_fd_sc_hd__dfrtp_4)
                          0.25    0.51   clock uncertainty
                         -0.02    0.49   clock reconvergence pessimism
                         -0.03    0.47   library hold time
                                  0.47   data required time
-----------------------------------------------------------------------------
                                  0.47   data required time
                                 -0.64   data arrival time
-----------------------------------------------------------------------------
                                  0.17   slack (MET)


Startpoint: _265_ (rising edge-triggered flip-flop clocked by CLK100MHZ)
Endpoint: _265_ (rising edge-triggered flip-flop clocked by CLK100MHZ)
Path Group: CLK100MHZ
Path Type: min
Corner: Fastest

Fanout     Cap    Slew   Delay    Time   Description
-----------------------------------------------------------------------------
                          0.00    0.00   clock CLK100MHZ (rise edge)
                          0.00    0.00   clock source latency
     1    0.02    0.06    0.04    0.04 ^ CLK100MHZ (in)
                                         CLK100MHZ (net)
                  0.06    0.00    0.04 ^ clkbuf_0_CLK100MHZ/A (sky130_fd_sc_hd__clkbuf_16)
     4    0.04    0.05    0.10    0.14 ^ clkbuf_0_CLK100MHZ/X (sky130_fd_sc_hd__clkbuf_16)
                                         clknet_0_CLK100MHZ (net)
                  0.05    0.00    0.14 ^ clkbuf_2_1__f_CLK100MHZ/A (sky130_fd_sc_hd__clkbuf_16)
     8    0.02    0.03    0.09    0.23 ^ clkbuf_2_1__f_CLK100MHZ/X (sky130_fd_sc_hd__clkbuf_16)
                                         clknet_2_1__leaf_CLK100MHZ (net)
                  0.03    0.00    0.23 ^ _265_/CLK (sky130_fd_sc_hd__dfrtp_1)
     2    0.02    0.08    0.26    0.49 v _265_/Q (sky130_fd_sc_hd__dfrtp_1)
                                         decoder.delay[15] (net)
                  0.08    0.00    0.49 v _205_/B1 (sky130_fd_sc_hd__a21oi_1)
     1    0.00    0.07    0.08    0.57 ^ _205_/Y (sky130_fd_sc_hd__a21oi_1)
                                         _108_ (net)
                  0.07    0.00    0.57 ^ _206_/B (sky130_fd_sc_hd__nor2_1)
     1    0.01    0.04    0.05    0.62 v _206_/Y (sky130_fd_sc_hd__nor2_1)
                                         _006_ (net)
                  0.04    0.00    0.62 v _265_/D (sky130_fd_sc_hd__dfrtp_1)
                                  0.62   data arrival time

                          0.00    0.00   clock CLK100MHZ (rise edge)
                          0.00    0.00   clock source latency
     1    0.02    0.06    0.05    0.05 ^ CLK100MHZ (in)
                                         CLK100MHZ (net)
                  0.06    0.00    0.05 ^ clkbuf_0_CLK100MHZ/A (sky130_fd_sc_hd__clkbuf_16)
     4    0.04    0.05    0.11    0.16 ^ clkbuf_0_CLK100MHZ/X (sky130_fd_sc_hd__clkbuf_16)
                                         clknet_0_CLK100MHZ (net)
                  0.05    0.00    0.16 ^ clkbuf_2_1__f_CLK100MHZ/A (sky130_fd_sc_hd__clkbuf_16)
     8    0.02    0.03    0.10    0.26 ^ clkbuf_2_1__f_CLK100MHZ/X (sky130_fd_sc_hd__clkbuf_16)
                                         clknet_2_1__leaf_CLK100MHZ (net)
                  0.03    0.00    0.26 ^ _265_/CLK (sky130_fd_sc_hd__dfrtp_1)
                          0.25    0.51   clock uncertainty
                         -0.02    0.48   clock reconvergence pessimism
                         -0.04    0.45   library hold time
                                  0.45   data required time
-----------------------------------------------------------------------------
                                  0.45   data required time
                                 -0.62   data arrival time
-----------------------------------------------------------------------------
                                  0.17   slack (MET)


Startpoint: _267_ (rising edge-triggered flip-flop clocked by CLK100MHZ)
Endpoint: _267_ (rising edge-triggered flip-flop clocked by CLK100MHZ)
Path Group: CLK100MHZ
Path Type: min
Corner: Fastest

Fanout     Cap    Slew   Delay    Time   Description
-----------------------------------------------------------------------------
                          0.00    0.00   clock CLK100MHZ (rise edge)
                          0.00    0.00   clock source latency
     1    0.02    0.06    0.04    0.04 ^ CLK100MHZ (in)
                                         CLK100MHZ (net)
                  0.06    0.00    0.04 ^ clkbuf_0_CLK100MHZ/A (sky130_fd_sc_hd__clkbuf_16)
     4    0.04    0.05    0.10    0.14 ^ clkbuf_0_CLK100MHZ/X (sky130_fd_sc_hd__clkbuf_16)
                                         clknet_0_CLK100MHZ (net)
                  0.05    0.00    0.14 ^ clkbuf_2_3__f_CLK100MHZ/A (sky130_fd_sc_hd__clkbuf_16)
     8    0.03    0.04    0.09    0.23 ^ clkbuf_2_3__f_CLK100MHZ/X (sky130_fd_sc_hd__clkbuf_16)
                                         clknet_2_3__leaf_CLK100MHZ (net)
                  0.04    0.00    0.23 ^ _267_/CLK (sky130_fd_sc_hd__dfrtp_1)
     4    0.02    0.09    0.27    0.50 v _267_/Q (sky130_fd_sc_hd__dfrtp_1)
                                         decoder.delay[17] (net)
                  0.09    0.00    0.50 v _208_/B1 (sky130_fd_sc_hd__a21oi_1)
     1    0.00    0.07    0.08    0.59 ^ _208_/Y (sky130_fd_sc_hd__a21oi_1)
                                         _109_ (net)
                  0.07    0.00    0.59 ^ _210_/A (sky130_fd_sc_hd__nor2_1)
     1    0.01    0.04    0.04    0.63 v _210_/Y (sky130_fd_sc_hd__nor2_1)
                                         _008_ (net)
                  0.04    0.00    0.63 v _267_/D (sky130_fd_sc_hd__dfrtp_1)
                                  0.63   data arrival time

                          0.00    0.00   clock CLK100MHZ (rise edge)
                          0.00    0.00   clock source latency
     1    0.02    0.06    0.05    0.05 ^ CLK100MHZ (in)
                                         CLK100MHZ (net)
                  0.06    0.00    0.05 ^ clkbuf_0_CLK100MHZ/A (sky130_fd_sc_hd__clkbuf_16)
     4    0.04    0.05    0.11    0.16 ^ clkbuf_0_CLK100MHZ/X (sky130_fd_sc_hd__clkbuf_16)
                                         clknet_0_CLK100MHZ (net)
                  0.05    0.00    0.16 ^ clkbuf_2_3__f_CLK100MHZ/A (sky130_fd_sc_hd__clkbuf_16)
     8    0.03    0.04    0.10    0.26 ^ clkbuf_2_3__f_CLK100MHZ/X (sky130_fd_sc_hd__clkbuf_16)
                                         clknet_2_3__leaf_CLK100MHZ (net)
                  0.04    0.00    0.26 ^ _267_/CLK (sky130_fd_sc_hd__dfrtp_1)
                          0.25    0.51   clock uncertainty
                         -0.02    0.48   clock reconvergence pessimism
                         -0.03    0.45   library hold time
                                  0.45   data required time
-----------------------------------------------------------------------------
                                  0.45   data required time
                                 -0.63   data arrival time
-----------------------------------------------------------------------------
                                  0.18   slack (MET)


Startpoint: _252_ (rising edge-triggered flip-flop clocked by CLK100MHZ)
Endpoint: _252_ (rising edge-triggered flip-flop clocked by CLK100MHZ)
Path Group: CLK100MHZ
Path Type: min
Corner: Fastest

Fanout     Cap    Slew   Delay    Time   Description
-----------------------------------------------------------------------------
                          0.00    0.00   clock CLK100MHZ (rise edge)
                          0.00    0.00   clock source latency
     1    0.02    0.06    0.04    0.04 ^ CLK100MHZ (in)
                                         CLK100MHZ (net)
                  0.06    0.00    0.04 ^ clkbuf_0_CLK100MHZ/A (sky130_fd_sc_hd__clkbuf_16)
     4    0.04    0.05    0.10    0.14 ^ clkbuf_0_CLK100MHZ/X (sky130_fd_sc_hd__clkbuf_16)
                                         clknet_0_CLK100MHZ (net)
                  0.05    0.00    0.14 ^ clkbuf_2_2__f_CLK100MHZ/A (sky130_fd_sc_hd__clkbuf_16)
     8    0.03    0.04    0.09    0.24 ^ clkbuf_2_2__f_CLK100MHZ/X (sky130_fd_sc_hd__clkbuf_16)
                                         clknet_2_2__leaf_CLK100MHZ (net)
                  0.04    0.00    0.24 ^ _252_/CLK (sky130_fd_sc_hd__dfrtp_2)
     3    0.03    0.13    0.28    0.51 ^ _252_/Q (sky130_fd_sc_hd__dfrtp_2)
                                         decoder.delay[2] (net)
                  0.13    0.00    0.51 ^ _170_/A (sky130_fd_sc_hd__xnor2_1)
     1    0.02    0.09    0.11    0.62 v _170_/Y (sky130_fd_sc_hd__xnor2_1)
                                         _017_ (net)
                  0.09    0.00    0.62 v _252_/D (sky130_fd_sc_hd__dfrtp_2)
                                  0.62   data arrival time

                          0.00    0.00   clock CLK100MHZ (rise edge)
                          0.00    0.00   clock source latency
     1    0.02    0.06    0.05    0.05 ^ CLK100MHZ (in)
                                         CLK100MHZ (net)
                  0.06    0.00    0.05 ^ clkbuf_0_CLK100MHZ/A (sky130_fd_sc_hd__clkbuf_16)
     4    0.04    0.05    0.11    0.16 ^ clkbuf_0_CLK100MHZ/X (sky130_fd_sc_hd__clkbuf_16)
                                         clknet_0_CLK100MHZ (net)
                  0.05    0.00    0.16 ^ clkbuf_2_2__f_CLK100MHZ/A (sky130_fd_sc_hd__clkbuf_16)
     8    0.03    0.04    0.10    0.26 ^ clkbuf_2_2__f_CLK100MHZ/X (sky130_fd_sc_hd__clkbuf_16)
                                         clknet_2_2__leaf_CLK100MHZ (net)
                  0.04    0.00    0.26 ^ _252_/CLK (sky130_fd_sc_hd__dfrtp_2)
                          0.25    0.51   clock uncertainty
                         -0.02    0.49   clock reconvergence pessimism
                         -0.05    0.44   library hold time
                                  0.44   data required time
-----------------------------------------------------------------------------
                                  0.44   data required time
                                 -0.62   data arrival time
-----------------------------------------------------------------------------
                                  0.18   slack (MET)


Startpoint: _263_ (rising edge-triggered flip-flop clocked by CLK100MHZ)
Endpoint: _263_ (rising edge-triggered flip-flop clocked by CLK100MHZ)
Path Group: CLK100MHZ
Path Type: min
Corner: Fastest

Fanout     Cap    Slew   Delay    Time   Description
-----------------------------------------------------------------------------
                          0.00    0.00   clock CLK100MHZ (rise edge)
                          0.00    0.00   clock source latency
     1    0.02    0.06    0.04    0.04 ^ CLK100MHZ (in)
                                         CLK100MHZ (net)
                  0.06    0.00    0.04 ^ clkbuf_0_CLK100MHZ/A (sky130_fd_sc_hd__clkbuf_16)
     4    0.04    0.05    0.10    0.14 ^ clkbuf_0_CLK100MHZ/X (sky130_fd_sc_hd__clkbuf_16)
                                         clknet_0_CLK100MHZ (net)
                  0.05    0.00    0.14 ^ clkbuf_2_2__f_CLK100MHZ/A (sky130_fd_sc_hd__clkbuf_16)
     8    0.03    0.04    0.09    0.24 ^ clkbuf_2_2__f_CLK100MHZ/X (sky130_fd_sc_hd__clkbuf_16)
                                         clknet_2_2__leaf_CLK100MHZ (net)
                  0.04    0.00    0.24 ^ _263_/CLK (sky130_fd_sc_hd__dfrtp_1)
     4    0.03    0.19    0.30    0.53 ^ _263_/Q (sky130_fd_sc_hd__dfrtp_1)
                                         decoder.delay[13] (net)
                  0.19    0.00    0.53 ^ _202_/A1 (sky130_fd_sc_hd__o21ba_1)
     1    0.01    0.09    0.13    0.66 ^ _202_/X (sky130_fd_sc_hd__o21ba_1)
                                         _004_ (net)
                  0.09    0.00    0.66 ^ _263_/D (sky130_fd_sc_hd__dfrtp_1)
                                  0.66   data arrival time

                          0.00    0.00   clock CLK100MHZ (rise edge)
                          0.00    0.00   clock source latency
     1    0.02    0.06    0.05    0.05 ^ CLK100MHZ (in)
                                         CLK100MHZ (net)
                  0.06    0.00    0.05 ^ clkbuf_0_CLK100MHZ/A (sky130_fd_sc_hd__clkbuf_16)
     4    0.04    0.05    0.11    0.16 ^ clkbuf_0_CLK100MHZ/X (sky130_fd_sc_hd__clkbuf_16)
                                         clknet_0_CLK100MHZ (net)
                  0.05    0.00    0.16 ^ clkbuf_2_2__f_CLK100MHZ/A (sky130_fd_sc_hd__clkbuf_16)
     8    0.03    0.04    0.10    0.26 ^ clkbuf_2_2__f_CLK100MHZ/X (sky130_fd_sc_hd__clkbuf_16)
                                         clknet_2_2__leaf_CLK100MHZ (net)
                  0.04    0.00    0.26 ^ _263_/CLK (sky130_fd_sc_hd__dfrtp_1)
                          0.25    0.51   clock uncertainty
                         -0.02    0.49   clock reconvergence pessimism
                         -0.02    0.46   library hold time
                                  0.46   data required time
-----------------------------------------------------------------------------
                                  0.46   data required time
                                 -0.66   data arrival time
-----------------------------------------------------------------------------
                                  0.20   slack (MET)


Startpoint: _260_ (rising edge-triggered flip-flop clocked by CLK100MHZ)
Endpoint: _260_ (rising edge-triggered flip-flop clocked by CLK100MHZ)
Path Group: CLK100MHZ
Path Type: min
Corner: Fastest

Fanout     Cap    Slew   Delay    Time   Description
-----------------------------------------------------------------------------
                          0.00    0.00   clock CLK100MHZ (rise edge)
                          0.00    0.00   clock source latency
     1    0.02    0.06    0.04    0.04 ^ CLK100MHZ (in)
                                         CLK100MHZ (net)
                  0.06    0.00    0.04 ^ clkbuf_0_CLK100MHZ/A (sky130_fd_sc_hd__clkbuf_16)
     4    0.04    0.05    0.10    0.14 ^ clkbuf_0_CLK100MHZ/X (sky130_fd_sc_hd__clkbuf_16)
                                         clknet_0_CLK100MHZ (net)
                  0.05    0.00    0.14 ^ clkbuf_2_1__f_CLK100MHZ/A (sky130_fd_sc_hd__clkbuf_16)
     8    0.02    0.03    0.09    0.23 ^ clkbuf_2_1__f_CLK100MHZ/X (sky130_fd_sc_hd__clkbuf_16)
                                         clknet_2_1__leaf_CLK100MHZ (net)
                  0.03    0.00    0.23 ^ _260_/CLK (sky130_fd_sc_hd__dfrtp_1)
     3    0.03    0.18    0.29    0.52 ^ _260_/Q (sky130_fd_sc_hd__dfrtp_1)
                                         decoder.delay[10] (net)
                  0.18    0.00    0.52 ^ _193_/B1 (sky130_fd_sc_hd__a31o_1)
     1    0.01    0.06    0.08    0.60 ^ _193_/X (sky130_fd_sc_hd__a31o_1)
                                         _101_ (net)
                  0.06    0.00    0.60 ^ _194_/B1_N (sky130_fd_sc_hd__a21boi_1)
     1    0.00    0.05    0.07    0.67 ^ _194_/Y (sky130_fd_sc_hd__a21boi_1)
                                         _001_ (net)
                  0.05    0.00    0.67 ^ _260_/D (sky130_fd_sc_hd__dfrtp_1)
                                  0.67   data arrival time

                          0.00    0.00   clock CLK100MHZ (rise edge)
                          0.00    0.00   clock source latency
     1    0.02    0.06    0.05    0.05 ^ CLK100MHZ (in)
                                         CLK100MHZ (net)
                  0.06    0.00    0.05 ^ clkbuf_0_CLK100MHZ/A (sky130_fd_sc_hd__clkbuf_16)
     4    0.04    0.05    0.11    0.16 ^ clkbuf_0_CLK100MHZ/X (sky130_fd_sc_hd__clkbuf_16)
                                         clknet_0_CLK100MHZ (net)
                  0.05    0.00    0.16 ^ clkbuf_2_1__f_CLK100MHZ/A (sky130_fd_sc_hd__clkbuf_16)
     8    0.02    0.03    0.10    0.26 ^ clkbuf_2_1__f_CLK100MHZ/X (sky130_fd_sc_hd__clkbuf_16)
                                         clknet_2_1__leaf_CLK100MHZ (net)
                  0.03    0.00    0.26 ^ _260_/CLK (sky130_fd_sc_hd__dfrtp_1)
                          0.25    0.51   clock uncertainty
                         -0.02    0.48   clock reconvergence pessimism
                         -0.02    0.46   library hold time
                                  0.46   data required time
-----------------------------------------------------------------------------
                                  0.46   data required time
                                 -0.67   data arrival time
-----------------------------------------------------------------------------
                                  0.21   slack (MET)


Startpoint: _246_ (rising edge-triggered flip-flop clocked by CLK100MHZ)
Endpoint: _246_ (rising edge-triggered flip-flop clocked by CLK100MHZ)
Path Group: CLK100MHZ
Path Type: min
Corner: Fastest

Fanout     Cap    Slew   Delay    Time   Description
-----------------------------------------------------------------------------
                          0.00    0.00   clock CLK100MHZ (rise edge)
                          0.00    0.00   clock source latency
     1    0.02    0.06    0.04    0.04 ^ CLK100MHZ (in)
                                         CLK100MHZ (net)
                  0.06    0.00    0.04 ^ clkbuf_0_CLK100MHZ/A (sky130_fd_sc_hd__clkbuf_16)
     4    0.04    0.05    0.10    0.14 ^ clkbuf_0_CLK100MHZ/X (sky130_fd_sc_hd__clkbuf_16)
                                         clknet_0_CLK100MHZ (net)
                  0.05    0.00    0.14 ^ clkbuf_2_1__f_CLK100MHZ/A (sky130_fd_sc_hd__clkbuf_16)
     8    0.02    0.03    0.09    0.23 ^ clkbuf_2_1__f_CLK100MHZ/X (sky130_fd_sc_hd__clkbuf_16)
                                         clknet_2_1__leaf_CLK100MHZ (net)
                  0.03    0.00    0.23 ^ _246_/CLK (sky130_fd_sc_hd__dfrtp_4)
     6    0.04    0.08    0.32    0.55 v _246_/Q (sky130_fd_sc_hd__dfrtp_4)
                                         decoder.count[0] (net)
                  0.08    0.00    0.55 v _141_/A (sky130_fd_sc_hd__inv_2)
     2    0.01    0.05    0.07    0.62 ^ _141_/Y (sky130_fd_sc_hd__inv_2)
                                         _071_ (net)
                  0.05    0.00    0.62 ^ _142_/A1 (sky130_fd_sc_hd__a21oi_1)
     1    0.01    0.05    0.05    0.68 v _142_/Y (sky130_fd_sc_hd__a21oi_1)
                                         _054_ (net)
                  0.05    0.00    0.68 v _246_/D (sky130_fd_sc_hd__dfrtp_4)
                                  0.68   data arrival time

                          0.00    0.00   clock CLK100MHZ (rise edge)
                          0.00    0.00   clock source latency
     1    0.02    0.06    0.05    0.05 ^ CLK100MHZ (in)
                                         CLK100MHZ (net)
                  0.06    0.00    0.05 ^ clkbuf_0_CLK100MHZ/A (sky130_fd_sc_hd__clkbuf_16)
     4    0.04    0.05    0.11    0.16 ^ clkbuf_0_CLK100MHZ/X (sky130_fd_sc_hd__clkbuf_16)
                                         clknet_0_CLK100MHZ (net)
                  0.05    0.00    0.16 ^ clkbuf_2_1__f_CLK100MHZ/A (sky130_fd_sc_hd__clkbuf_16)
     8    0.02    0.03    0.10    0.26 ^ clkbuf_2_1__f_CLK100MHZ/X (sky130_fd_sc_hd__clkbuf_16)
                                         clknet_2_1__leaf_CLK100MHZ (net)
                  0.03    0.00    0.26 ^ _246_/CLK (sky130_fd_sc_hd__dfrtp_4)
                          0.25    0.51   clock uncertainty
                         -0.02    0.48   clock reconvergence pessimism
                         -0.03    0.45   library hold time
                                  0.45   data required time
-----------------------------------------------------------------------------
                                  0.45   data required time
                                 -0.68   data arrival time
-----------------------------------------------------------------------------
                                  0.23   slack (MET)


Startpoint: _251_ (rising edge-triggered flip-flop clocked by CLK100MHZ)
Endpoint: _251_ (rising edge-triggered flip-flop clocked by CLK100MHZ)
Path Group: CLK100MHZ
Path Type: min
Corner: Fastest

Fanout     Cap    Slew   Delay    Time   Description
-----------------------------------------------------------------------------
                          0.00    0.00   clock CLK100MHZ (rise edge)
                          0.00    0.00   clock source latency
     1    0.02    0.06    0.04    0.04 ^ CLK100MHZ (in)
                                         CLK100MHZ (net)
                  0.06    0.00    0.04 ^ clkbuf_0_CLK100MHZ/A (sky130_fd_sc_hd__clkbuf_16)
     4    0.04    0.05    0.10    0.14 ^ clkbuf_0_CLK100MHZ/X (sky130_fd_sc_hd__clkbuf_16)
                                         clknet_0_CLK100MHZ (net)
                  0.05    0.00    0.14 ^ clkbuf_2_2__f_CLK100MHZ/A (sky130_fd_sc_hd__clkbuf_16)
     8    0.03    0.04    0.09    0.24 ^ clkbuf_2_2__f_CLK100MHZ/X (sky130_fd_sc_hd__clkbuf_16)
                                         clknet_2_2__leaf_CLK100MHZ (net)
                  0.04    0.00    0.24 ^ _251_/CLK (sky130_fd_sc_hd__dfrtp_2)
     4    0.03    0.11    0.26    0.50 ^ _251_/Q (sky130_fd_sc_hd__dfrtp_2)
                                         decoder.delay[1] (net)
                  0.11    0.00    0.50 ^ _167_/A (sky130_fd_sc_hd__or2_1)
     1    0.01    0.05    0.08    0.58 ^ _167_/X (sky130_fd_sc_hd__or2_1)
                                         _084_ (net)
                  0.05    0.00    0.58 ^ _168_/B (sky130_fd_sc_hd__and2_1)
     1    0.01    0.07    0.10    0.68 ^ _168_/X (sky130_fd_sc_hd__and2_1)
                                         _085_ (net)
                  0.07    0.00    0.68 ^ _169_/A (sky130_fd_sc_hd__clkbuf_1)
     1    0.01    0.08    0.08    0.76 ^ _169_/X (sky130_fd_sc_hd__clkbuf_1)
                                         _011_ (net)
                  0.08    0.00    0.76 ^ _251_/D (sky130_fd_sc_hd__dfrtp_2)
                                  0.76   data arrival time

                          0.00    0.00   clock CLK100MHZ (rise edge)
                          0.00    0.00   clock source latency
     1    0.02    0.06    0.05    0.05 ^ CLK100MHZ (in)
                                         CLK100MHZ (net)
                  0.06    0.00    0.05 ^ clkbuf_0_CLK100MHZ/A (sky130_fd_sc_hd__clkbuf_16)
     4    0.04    0.05    0.11    0.16 ^ clkbuf_0_CLK100MHZ/X (sky130_fd_sc_hd__clkbuf_16)
                                         clknet_0_CLK100MHZ (net)
                  0.05    0.00    0.16 ^ clkbuf_2_2__f_CLK100MHZ/A (sky130_fd_sc_hd__clkbuf_16)
     8    0.03    0.04    0.10    0.26 ^ clkbuf_2_2__f_CLK100MHZ/X (sky130_fd_sc_hd__clkbuf_16)
                                         clknet_2_2__leaf_CLK100MHZ (net)
                  0.04    0.00    0.26 ^ _251_/CLK (sky130_fd_sc_hd__dfrtp_2)
                          0.25    0.51   clock uncertainty
                         -0.02    0.49   clock reconvergence pessimism
                         -0.02    0.46   library hold time
                                  0.46   data required time
-----------------------------------------------------------------------------
                                  0.46   data required time
                                 -0.76   data arrival time
-----------------------------------------------------------------------------
                                  0.30   slack (MET)


Startpoint: _273_ (rising edge-triggered flip-flop clocked by CLK100MHZ)
Endpoint: _273_ (rising edge-triggered flip-flop clocked by CLK100MHZ)
Path Group: CLK100MHZ
Path Type: min
Corner: Fastest

Fanout     Cap    Slew   Delay    Time   Description
-----------------------------------------------------------------------------
                          0.00    0.00   clock CLK100MHZ (rise edge)
                          0.00    0.00   clock source latency
     1    0.02    0.06    0.04    0.04 ^ CLK100MHZ (in)
                                         CLK100MHZ (net)
                  0.06    0.00    0.04 ^ clkbuf_0_CLK100MHZ/A (sky130_fd_sc_hd__clkbuf_16)
     4    0.04    0.05    0.10    0.14 ^ clkbuf_0_CLK100MHZ/X (sky130_fd_sc_hd__clkbuf_16)
                                         clknet_0_CLK100MHZ (net)
                  0.05    0.00    0.14 ^ clkbuf_2_3__f_CLK100MHZ/A (sky130_fd_sc_hd__clkbuf_16)
     8    0.03    0.04    0.09    0.23 ^ clkbuf_2_3__f_CLK100MHZ/X (sky130_fd_sc_hd__clkbuf_16)
                                         clknet_2_3__leaf_CLK100MHZ (net)
                  0.04    0.00    0.23 ^ _273_/CLK (sky130_fd_sc_hd__dfrtp_1)
     2    0.01    0.06    0.21    0.45 ^ _273_/Q (sky130_fd_sc_hd__dfrtp_1)
                                         decoder.delay[23] (net)
                  0.06    0.00    0.45 ^ _151_/B1 (sky130_fd_sc_hd__a21o_1)
     1    0.01    0.10    0.10    0.54 ^ _151_/X (sky130_fd_sc_hd__a21o_1)
                                         _077_ (net)
                  0.10    0.00    0.54 ^ _152_/B (sky130_fd_sc_hd__and2_1)
     1    0.01    0.07    0.11    0.66 ^ _152_/X (sky130_fd_sc_hd__and2_1)
                                         _078_ (net)
                  0.07    0.00    0.66 ^ _153_/A (sky130_fd_sc_hd__buf_1)
     1    0.01    0.12    0.11    0.77 ^ _153_/X (sky130_fd_sc_hd__buf_1)
                                         _015_ (net)
                  0.12    0.00    0.77 ^ _273_/D (sky130_fd_sc_hd__dfrtp_1)
                                  0.77   data arrival time

                          0.00    0.00   clock CLK100MHZ (rise edge)
                          0.00    0.00   clock source latency
     1    0.02    0.06    0.05    0.05 ^ CLK100MHZ (in)
                                         CLK100MHZ (net)
                  0.06    0.00    0.05 ^ clkbuf_0_CLK100MHZ/A (sky130_fd_sc_hd__clkbuf_16)
     4    0.04    0.05    0.11    0.16 ^ clkbuf_0_CLK100MHZ/X (sky130_fd_sc_hd__clkbuf_16)
                                         clknet_0_CLK100MHZ (net)
                  0.05    0.00    0.16 ^ clkbuf_2_3__f_CLK100MHZ/A (sky130_fd_sc_hd__clkbuf_16)
     8    0.03    0.04    0.10    0.26 ^ clkbuf_2_3__f_CLK100MHZ/X (sky130_fd_sc_hd__clkbuf_16)
                                         clknet_2_3__leaf_CLK100MHZ (net)
                  0.04    0.00    0.26 ^ _273_/CLK (sky130_fd_sc_hd__dfrtp_1)
                          0.25    0.51   clock uncertainty
                         -0.02    0.48   clock reconvergence pessimism
                         -0.03    0.46   library hold time
                                  0.46   data required time
-----------------------------------------------------------------------------
                                  0.46   data required time
                                 -0.77   data arrival time
-----------------------------------------------------------------------------
                                  0.31   slack (MET)


Startpoint: _253_ (rising edge-triggered flip-flop clocked by CLK100MHZ)
Endpoint: _253_ (rising edge-triggered flip-flop clocked by CLK100MHZ)
Path Group: CLK100MHZ
Path Type: min
Corner: Fastest

Fanout     Cap    Slew   Delay    Time   Description
-----------------------------------------------------------------------------
                          0.00    0.00   clock CLK100MHZ (rise edge)
                          0.00    0.00   clock source latency
     1    0.02    0.06    0.04    0.04 ^ CLK100MHZ (in)
                                         CLK100MHZ (net)
                  0.06    0.00    0.04 ^ clkbuf_0_CLK100MHZ/A (sky130_fd_sc_hd__clkbuf_16)
     4    0.04    0.05    0.10    0.14 ^ clkbuf_0_CLK100MHZ/X (sky130_fd_sc_hd__clkbuf_16)
                                         clknet_0_CLK100MHZ (net)
                  0.05    0.00    0.14 ^ clkbuf_2_2__f_CLK100MHZ/A (sky130_fd_sc_hd__clkbuf_16)
     8    0.03    0.04    0.09    0.24 ^ clkbuf_2_2__f_CLK100MHZ/X (sky130_fd_sc_hd__clkbuf_16)
                                         clknet_2_2__leaf_CLK100MHZ (net)
                  0.04    0.00    0.24 ^ _253_/CLK (sky130_fd_sc_hd__dfrtp_1)
     2    0.02    0.11    0.25    0.49 ^ _253_/Q (sky130_fd_sc_hd__dfrtp_1)
                                         decoder.delay[3] (net)
                  0.11    0.00    0.49 ^ _171_/B1 (sky130_fd_sc_hd__a31o_1)
     1    0.01    0.05    0.07    0.56 ^ _171_/X (sky130_fd_sc_hd__a31o_1)
                                         _086_ (net)
                  0.05    0.00    0.56 ^ _172_/B (sky130_fd_sc_hd__and2b_1)
     1    0.02    0.12    0.13    0.69 ^ _172_/X (sky130_fd_sc_hd__and2b_1)
                                         _087_ (net)
                  0.12    0.00    0.69 ^ _173_/A (sky130_fd_sc_hd__clkbuf_1)
     1    0.01    0.07    0.08    0.77 ^ _173_/X (sky130_fd_sc_hd__clkbuf_1)
                                         _018_ (net)
                  0.07    0.00    0.77 ^ _253_/D (sky130_fd_sc_hd__dfrtp_1)
                                  0.77   data arrival time

                          0.00    0.00   clock CLK100MHZ (rise edge)
                          0.00    0.00   clock source latency
     1    0.02    0.06    0.05    0.05 ^ CLK100MHZ (in)
                                         CLK100MHZ (net)
                  0.06    0.00    0.05 ^ clkbuf_0_CLK100MHZ/A (sky130_fd_sc_hd__clkbuf_16)
     4    0.04    0.05    0.11    0.16 ^ clkbuf_0_CLK100MHZ/X (sky130_fd_sc_hd__clkbuf_16)
                                         clknet_0_CLK100MHZ (net)
                  0.05    0.00    0.16 ^ clkbuf_2_2__f_CLK100MHZ/A (sky130_fd_sc_hd__clkbuf_16)
     8    0.03    0.04    0.10    0.26 ^ clkbuf_2_2__f_CLK100MHZ/X (sky130_fd_sc_hd__clkbuf_16)
                                         clknet_2_2__leaf_CLK100MHZ (net)
                  0.04    0.00    0.26 ^ _253_/CLK (sky130_fd_sc_hd__dfrtp_1)
                          0.25    0.51   clock uncertainty
                         -0.02    0.49   clock reconvergence pessimism
                         -0.02    0.46   library hold time
                                  0.46   data required time
-----------------------------------------------------------------------------
                                  0.46   data required time
                                 -0.77   data arrival time
-----------------------------------------------------------------------------
                                  0.31   slack (MET)


Startpoint: _258_ (rising edge-triggered flip-flop clocked by CLK100MHZ)
Endpoint: _258_ (rising edge-triggered flip-flop clocked by CLK100MHZ)
Path Group: CLK100MHZ
Path Type: min
Corner: Fastest

Fanout     Cap    Slew   Delay    Time   Description
-----------------------------------------------------------------------------
                          0.00    0.00   clock CLK100MHZ (rise edge)
                          0.00    0.00   clock source latency
     1    0.02    0.06    0.04    0.04 ^ CLK100MHZ (in)
                                         CLK100MHZ (net)
                  0.06    0.00    0.04 ^ clkbuf_0_CLK100MHZ/A (sky130_fd_sc_hd__clkbuf_16)
     4    0.04    0.05    0.10    0.14 ^ clkbuf_0_CLK100MHZ/X (sky130_fd_sc_hd__clkbuf_16)
                                         clknet_0_CLK100MHZ (net)
                  0.05    0.00    0.14 ^ clkbuf_2_3__f_CLK100MHZ/A (sky130_fd_sc_hd__clkbuf_16)
     8    0.03    0.04    0.09    0.23 ^ clkbuf_2_3__f_CLK100MHZ/X (sky130_fd_sc_hd__clkbuf_16)
                                         clknet_2_3__leaf_CLK100MHZ (net)
                  0.04    0.00    0.23 ^ _258_/CLK (sky130_fd_sc_hd__dfrtp_4)
     5    0.04    0.09    0.29    0.52 ^ _258_/Q (sky130_fd_sc_hd__dfrtp_4)
                                         decoder.delay[8] (net)
                  0.09    0.00    0.52 ^ _187_/A (sky130_fd_sc_hd__nor2_1)
     1    0.01    0.05    0.06    0.58 v _187_/Y (sky130_fd_sc_hd__nor2_1)
                                         _097_ (net)
                  0.05    0.00    0.58 v _189_/A_N (sky130_fd_sc_hd__and2b_1)
     1    0.01    0.05    0.13    0.71 ^ _189_/X (sky130_fd_sc_hd__and2b_1)
                                         _099_ (net)
                  0.05    0.00    0.71 ^ _190_/A (sky130_fd_sc_hd__buf_1)
     1    0.01    0.13    0.12    0.83 ^ _190_/X (sky130_fd_sc_hd__buf_1)
                                         _023_ (net)
                  0.13    0.00    0.83 ^ _258_/D (sky130_fd_sc_hd__dfrtp_4)
                                  0.83   data arrival time

                          0.00    0.00   clock CLK100MHZ (rise edge)
                          0.00    0.00   clock source latency
     1    0.02    0.06    0.05    0.05 ^ CLK100MHZ (in)
                                         CLK100MHZ (net)
                  0.06    0.00    0.05 ^ clkbuf_0_CLK100MHZ/A (sky130_fd_sc_hd__clkbuf_16)
     4    0.04    0.05    0.11    0.16 ^ clkbuf_0_CLK100MHZ/X (sky130_fd_sc_hd__clkbuf_16)
                                         clknet_0_CLK100MHZ (net)
                  0.05    0.00    0.16 ^ clkbuf_2_3__f_CLK100MHZ/A (sky130_fd_sc_hd__clkbuf_16)
     8    0.03    0.04    0.10    0.26 ^ clkbuf_2_3__f_CLK100MHZ/X (sky130_fd_sc_hd__clkbuf_16)
                                         clknet_2_3__leaf_CLK100MHZ (net)
                  0.04    0.00    0.26 ^ _258_/CLK (sky130_fd_sc_hd__dfrtp_4)
                          0.25    0.51   clock uncertainty
                         -0.02    0.48   clock reconvergence pessimism
                         -0.03    0.46   library hold time
                                  0.46   data required time
-----------------------------------------------------------------------------
                                  0.46   data required time
                                 -0.83   data arrival time
-----------------------------------------------------------------------------
                                  0.37   slack (MET)


Startpoint: _261_ (rising edge-triggered flip-flop clocked by CLK100MHZ)
Endpoint: _261_ (rising edge-triggered flip-flop clocked by CLK100MHZ)
Path Group: CLK100MHZ
Path Type: min
Corner: Fastest

Fanout     Cap    Slew   Delay    Time   Description
-----------------------------------------------------------------------------
                          0.00    0.00   clock CLK100MHZ (rise edge)
                          0.00    0.00   clock source latency
     1    0.02    0.06    0.04    0.04 ^ CLK100MHZ (in)
                                         CLK100MHZ (net)
                  0.06    0.00    0.04 ^ clkbuf_0_CLK100MHZ/A (sky130_fd_sc_hd__clkbuf_16)
     4    0.04    0.05    0.10    0.14 ^ clkbuf_0_CLK100MHZ/X (sky130_fd_sc_hd__clkbuf_16)
                                         clknet_0_CLK100MHZ (net)
                  0.05    0.00    0.14 ^ clkbuf_2_3__f_CLK100MHZ/A (sky130_fd_sc_hd__clkbuf_16)
     8    0.03    0.04    0.09    0.23 ^ clkbuf_2_3__f_CLK100MHZ/X (sky130_fd_sc_hd__clkbuf_16)
                                         clknet_2_3__leaf_CLK100MHZ (net)
                  0.04    0.00    0.23 ^ _261_/CLK (sky130_fd_sc_hd__dfrtp_1)
     3    0.02    0.13    0.26    0.49 ^ _261_/Q (sky130_fd_sc_hd__dfrtp_1)
                                         decoder.delay[11] (net)
                  0.13    0.00    0.50 ^ _195_/B1 (sky130_fd_sc_hd__a21oi_1)
     1    0.02    0.07    0.07    0.57 v _195_/Y (sky130_fd_sc_hd__a21oi_1)
                                         _102_ (net)
                  0.07    0.00    0.57 v _197_/A_N (sky130_fd_sc_hd__and2b_1)
     1    0.01    0.08    0.16    0.72 ^ _197_/X (sky130_fd_sc_hd__and2b_1)
                                         _104_ (net)
                  0.08    0.00    0.72 ^ _198_/A (sky130_fd_sc_hd__buf_1)
     2    0.02    0.14    0.13    0.85 ^ _198_/X (sky130_fd_sc_hd__buf_1)
                                         _002_ (net)
                  0.14    0.00    0.85 ^ _261_/D (sky130_fd_sc_hd__dfrtp_1)
                                  0.85   data arrival time

                          0.00    0.00   clock CLK100MHZ (rise edge)
                          0.00    0.00   clock source latency
     1    0.02    0.06    0.05    0.05 ^ CLK100MHZ (in)
                                         CLK100MHZ (net)
                  0.06    0.00    0.05 ^ clkbuf_0_CLK100MHZ/A (sky130_fd_sc_hd__clkbuf_16)
     4    0.04    0.05    0.11    0.16 ^ clkbuf_0_CLK100MHZ/X (sky130_fd_sc_hd__clkbuf_16)
                                         clknet_0_CLK100MHZ (net)
                  0.05    0.00    0.16 ^ clkbuf_2_3__f_CLK100MHZ/A (sky130_fd_sc_hd__clkbuf_16)
     8    0.03    0.04    0.10    0.26 ^ clkbuf_2_3__f_CLK100MHZ/X (sky130_fd_sc_hd__clkbuf_16)
                                         clknet_2_3__leaf_CLK100MHZ (net)
                  0.04    0.00    0.26 ^ _261_/CLK (sky130_fd_sc_hd__dfrtp_1)
                          0.25    0.51   clock uncertainty
                         -0.02    0.48   clock reconvergence pessimism
                         -0.03    0.46   library hold time
                                  0.46   data required time
-----------------------------------------------------------------------------
                                  0.46   data required time
                                 -0.85   data arrival time
-----------------------------------------------------------------------------
                                  0.40   slack (MET)


Startpoint: _257_ (rising edge-triggered flip-flop clocked by CLK100MHZ)
Endpoint: _257_ (rising edge-triggered flip-flop clocked by CLK100MHZ)
Path Group: CLK100MHZ
Path Type: min
Corner: Fastest

Fanout     Cap    Slew   Delay    Time   Description
-----------------------------------------------------------------------------
                          0.00    0.00   clock CLK100MHZ (rise edge)
                          0.00    0.00   clock source latency
     1    0.02    0.06    0.04    0.04 ^ CLK100MHZ (in)
                                         CLK100MHZ (net)
                  0.06    0.00    0.04 ^ clkbuf_0_CLK100MHZ/A (sky130_fd_sc_hd__clkbuf_16)
     4    0.04    0.05    0.10    0.14 ^ clkbuf_0_CLK100MHZ/X (sky130_fd_sc_hd__clkbuf_16)
                                         clknet_0_CLK100MHZ (net)
                  0.05    0.00    0.14 ^ clkbuf_2_3__f_CLK100MHZ/A (sky130_fd_sc_hd__clkbuf_16)
     8    0.03    0.04    0.09    0.23 ^ clkbuf_2_3__f_CLK100MHZ/X (sky130_fd_sc_hd__clkbuf_16)
                                         clknet_2_3__leaf_CLK100MHZ (net)
                  0.04    0.00    0.23 ^ _257_/CLK (sky130_fd_sc_hd__dfrtp_1)
     3    0.02    0.09    0.27    0.51 v _257_/Q (sky130_fd_sc_hd__dfrtp_1)
                                         decoder.delay[7] (net)
                  0.09    0.00    0.51 v _184_/B1 (sky130_fd_sc_hd__a21o_1)
     1    0.01    0.04    0.10    0.61 v _184_/X (sky130_fd_sc_hd__a21o_1)
                                         _095_ (net)
                  0.04    0.00    0.61 v _185_/B (sky130_fd_sc_hd__and2b_1)
     1    0.02    0.08    0.14    0.76 v _185_/X (sky130_fd_sc_hd__and2b_1)
                                         _096_ (net)
                  0.08    0.00    0.76 v _186_/A (sky130_fd_sc_hd__buf_1)
     1    0.01    0.06    0.10    0.86 v _186_/X (sky130_fd_sc_hd__buf_1)
                                         _022_ (net)
                  0.06    0.00    0.86 v _257_/D (sky130_fd_sc_hd__dfrtp_1)
                                  0.86   data arrival time

                          0.00    0.00   clock CLK100MHZ (rise edge)
                          0.00    0.00   clock source latency
     1    0.02    0.06    0.05    0.05 ^ CLK100MHZ (in)
                                         CLK100MHZ (net)
                  0.06    0.00    0.05 ^ clkbuf_0_CLK100MHZ/A (sky130_fd_sc_hd__clkbuf_16)
     4    0.04    0.05    0.11    0.16 ^ clkbuf_0_CLK100MHZ/X (sky130_fd_sc_hd__clkbuf_16)
                                         clknet_0_CLK100MHZ (net)
                  0.05    0.00    0.16 ^ clkbuf_2_3__f_CLK100MHZ/A (sky130_fd_sc_hd__clkbuf_16)
     8    0.03    0.04    0.10    0.26 ^ clkbuf_2_3__f_CLK100MHZ/X (sky130_fd_sc_hd__clkbuf_16)
                                         clknet_2_3__leaf_CLK100MHZ (net)
                  0.04    0.00    0.26 ^ _257_/CLK (sky130_fd_sc_hd__dfrtp_1)
                          0.25    0.51   clock uncertainty
                         -0.02    0.48   clock reconvergence pessimism
                         -0.04    0.44   library hold time
                                  0.44   data required time
-----------------------------------------------------------------------------
                                  0.44   data required time
                                 -0.86   data arrival time
-----------------------------------------------------------------------------
                                  0.41   slack (MET)


Startpoint: BTNC (input port clocked by CLK100MHZ)
Endpoint: _267_ (removal check against rising-edge clock CLK100MHZ)
Path Group: asynchronous
Path Type: min
Corner: Fastest

Fanout     Cap    Slew   Delay    Time   Description
-----------------------------------------------------------------------------
                          0.00    0.00   clock CLK100MHZ (rise edge)
                          0.00    0.00   clock network delay (propagated)
                          2.00    2.00 v input external delay
     2    0.02    0.03    0.02    2.02 v BTNC (in)
                                         BTNC (net)
                  0.03    0.00    2.02 v _214_/A (sky130_fd_sc_hd__buf_4)
    10    0.07    0.06    0.13    2.15 v _214_/X (sky130_fd_sc_hd__buf_4)
                                         _112_ (net)
                  0.06    0.00    2.15 v _238_/A (sky130_fd_sc_hd__inv_2)
     1    0.00    0.03    0.04    2.19 ^ _238_/Y (sky130_fd_sc_hd__inv_2)
                                         _046_ (net)
                  0.03    0.00    2.19 ^ _267_/RESET_B (sky130_fd_sc_hd__dfrtp_1)
                                  2.19   data arrival time

                          0.00    0.00   clock CLK100MHZ (rise edge)
                          0.00    0.00   clock source latency
     1    0.02    0.06    0.05    0.05 ^ CLK100MHZ (in)
                                         CLK100MHZ (net)
                  0.06    0.00    0.05 ^ clkbuf_0_CLK100MHZ/A (sky130_fd_sc_hd__clkbuf_16)
     4    0.04    0.05    0.11    0.16 ^ clkbuf_0_CLK100MHZ/X (sky130_fd_sc_hd__clkbuf_16)
                                         clknet_0_CLK100MHZ (net)
                  0.05    0.00    0.16 ^ clkbuf_2_3__f_CLK100MHZ/A (sky130_fd_sc_hd__clkbuf_16)
     8    0.03    0.04    0.10    0.26 ^ clkbuf_2_3__f_CLK100MHZ/X (sky130_fd_sc_hd__clkbuf_16)
                                         clknet_2_3__leaf_CLK100MHZ (net)
                  0.04    0.00    0.26 ^ _267_/CLK (sky130_fd_sc_hd__dfrtp_1)
                          0.25    0.51   clock uncertainty
                          0.00    0.51   clock reconvergence pessimism
                          0.20    0.71   library removal time
                                  0.71   data required time
-----------------------------------------------------------------------------
                                  0.71   data required time
                                 -2.19   data arrival time
-----------------------------------------------------------------------------
                                  1.48   slack (MET)


Startpoint: BTNC (input port clocked by CLK100MHZ)
Endpoint: _272_ (removal check against rising-edge clock CLK100MHZ)
Path Group: asynchronous
Path Type: min
Corner: Fastest

Fanout     Cap    Slew   Delay    Time   Description
-----------------------------------------------------------------------------
                          0.00    0.00   clock CLK100MHZ (rise edge)
                          0.00    0.00   clock network delay (propagated)
                          2.00    2.00 v input external delay
     2    0.02    0.03    0.02    2.02 v BTNC (in)
                                         BTNC (net)
                  0.03    0.00    2.02 v _214_/A (sky130_fd_sc_hd__buf_4)
    10    0.07    0.06    0.13    2.15 v _214_/X (sky130_fd_sc_hd__buf_4)
                                         _112_ (net)
                  0.06    0.00    2.15 v _243_/A (sky130_fd_sc_hd__inv_2)
     1    0.00    0.03    0.04    2.19 ^ _243_/Y (sky130_fd_sc_hd__inv_2)
                                         _051_ (net)
                  0.03    0.00    2.19 ^ _272_/RESET_B (sky130_fd_sc_hd__dfrtp_1)
                                  2.19   data arrival time

                          0.00    0.00   clock CLK100MHZ (rise edge)
                          0.00    0.00   clock source latency
     1    0.02    0.06    0.05    0.05 ^ CLK100MHZ (in)
                                         CLK100MHZ (net)
                  0.06    0.00    0.05 ^ clkbuf_0_CLK100MHZ/A (sky130_fd_sc_hd__clkbuf_16)
     4    0.04    0.05    0.11    0.16 ^ clkbuf_0_CLK100MHZ/X (sky130_fd_sc_hd__clkbuf_16)
                                         clknet_0_CLK100MHZ (net)
                  0.05    0.00    0.16 ^ clkbuf_2_1__f_CLK100MHZ/A (sky130_fd_sc_hd__clkbuf_16)
     8    0.02    0.03    0.10    0.26 ^ clkbuf_2_1__f_CLK100MHZ/X (sky130_fd_sc_hd__clkbuf_16)
                                         clknet_2_1__leaf_CLK100MHZ (net)
                  0.03    0.00    0.26 ^ _272_/CLK (sky130_fd_sc_hd__dfrtp_1)
                          0.25    0.51   clock uncertainty
                          0.00    0.51   clock reconvergence pessimism
                          0.20    0.70   library removal time
                                  0.70   data required time
-----------------------------------------------------------------------------
                                  0.70   data required time
                                 -2.19   data arrival time
-----------------------------------------------------------------------------
                                  1.49   slack (MET)


Startpoint: BTNC (input port clocked by CLK100MHZ)
Endpoint: _268_ (removal check against rising-edge clock CLK100MHZ)
Path Group: asynchronous
Path Type: min
Corner: Fastest

Fanout     Cap    Slew   Delay    Time   Description
-----------------------------------------------------------------------------
                          0.00    0.00   clock CLK100MHZ (rise edge)
                          0.00    0.00   clock network delay (propagated)
                          2.00    2.00 v input external delay
     2    0.02    0.03    0.02    2.02 v BTNC (in)
                                         BTNC (net)
                  0.03    0.00    2.02 v _214_/A (sky130_fd_sc_hd__buf_4)
    10    0.07    0.06    0.13    2.15 v _214_/X (sky130_fd_sc_hd__buf_4)
                                         _112_ (net)
                  0.06    0.00    2.15 v _239_/A (sky130_fd_sc_hd__inv_2)
     1    0.01    0.03    0.05    2.19 ^ _239_/Y (sky130_fd_sc_hd__inv_2)
                                         _047_ (net)
                  0.03    0.00    2.19 ^ _268_/RESET_B (sky130_fd_sc_hd__dfrtp_2)
                                  2.19   data arrival time

                          0.00    0.00   clock CLK100MHZ (rise edge)
                          0.00    0.00   clock source latency
     1    0.02    0.06    0.05    0.05 ^ CLK100MHZ (in)
                                         CLK100MHZ (net)
                  0.06    0.00    0.05 ^ clkbuf_0_CLK100MHZ/A (sky130_fd_sc_hd__clkbuf_16)
     4    0.04    0.05    0.11    0.16 ^ clkbuf_0_CLK100MHZ/X (sky130_fd_sc_hd__clkbuf_16)
                                         clknet_0_CLK100MHZ (net)
                  0.05    0.00    0.16 ^ clkbuf_2_1__f_CLK100MHZ/A (sky130_fd_sc_hd__clkbuf_16)
     8    0.02    0.03    0.10    0.26 ^ clkbuf_2_1__f_CLK100MHZ/X (sky130_fd_sc_hd__clkbuf_16)
                                         clknet_2_1__leaf_CLK100MHZ (net)
                  0.03    0.00    0.26 ^ _268_/CLK (sky130_fd_sc_hd__dfrtp_2)
                          0.25    0.51   clock uncertainty
                          0.00    0.51   clock reconvergence pessimism
                          0.20    0.70   library removal time
                                  0.70   data required time
-----------------------------------------------------------------------------
                                  0.70   data required time
                                 -2.19   data arrival time
-----------------------------------------------------------------------------
                                  1.49   slack (MET)


Startpoint: BTNC (input port clocked by CLK100MHZ)
Endpoint: _270_ (removal check against rising-edge clock CLK100MHZ)
Path Group: asynchronous
Path Type: min
Corner: Fastest

Fanout     Cap    Slew   Delay    Time   Description
-----------------------------------------------------------------------------
                          0.00    0.00   clock CLK100MHZ (rise edge)
                          0.00    0.00   clock network delay (propagated)
                          2.00    2.00 v input external delay
     2    0.02    0.03    0.02    2.02 v BTNC (in)
                                         BTNC (net)
                  0.03    0.00    2.02 v _214_/A (sky130_fd_sc_hd__buf_4)
    10    0.07    0.06    0.13    2.15 v _214_/X (sky130_fd_sc_hd__buf_4)
                                         _112_ (net)
                  0.06    0.00    2.15 v _241_/A (sky130_fd_sc_hd__inv_2)
     1    0.01    0.04    0.05    2.20 ^ _241_/Y (sky130_fd_sc_hd__inv_2)
                                         _049_ (net)
                  0.04    0.00    2.20 ^ _270_/RESET_B (sky130_fd_sc_hd__dfrtp_1)
                                  2.20   data arrival time

                          0.00    0.00   clock CLK100MHZ (rise edge)
                          0.00    0.00   clock source latency
     1    0.02    0.06    0.05    0.05 ^ CLK100MHZ (in)
                                         CLK100MHZ (net)
                  0.06    0.00    0.05 ^ clkbuf_0_CLK100MHZ/A (sky130_fd_sc_hd__clkbuf_16)
     4    0.04    0.05    0.11    0.16 ^ clkbuf_0_CLK100MHZ/X (sky130_fd_sc_hd__clkbuf_16)
                                         clknet_0_CLK100MHZ (net)
                  0.05    0.00    0.16 ^ clkbuf_2_0__f_CLK100MHZ/A (sky130_fd_sc_hd__clkbuf_16)
     8    0.03    0.04    0.10    0.26 ^ clkbuf_2_0__f_CLK100MHZ/X (sky130_fd_sc_hd__clkbuf_16)
                                         clknet_2_0__leaf_CLK100MHZ (net)
                  0.04    0.00    0.26 ^ _270_/CLK (sky130_fd_sc_hd__dfrtp_1)
                          0.25    0.51   clock uncertainty
                          0.00    0.51   clock reconvergence pessimism
                          0.20    0.71   library removal time
                                  0.71   data required time
-----------------------------------------------------------------------------
                                  0.71   data required time
                                 -2.20   data arrival time
-----------------------------------------------------------------------------
                                  1.49   slack (MET)


Startpoint: BTNC (input port clocked by CLK100MHZ)
Endpoint: _274_ (removal check against rising-edge clock CLK100MHZ)
Path Group: asynchronous
Path Type: min
Corner: Fastest

Fanout     Cap    Slew   Delay    Time   Description
-----------------------------------------------------------------------------
                          0.00    0.00   clock CLK100MHZ (rise edge)
                          0.00    0.00   clock network delay (propagated)
                          2.00    2.00 v input external delay
     2    0.02    0.03    0.02    2.02 v BTNC (in)
                                         BTNC (net)
                  0.03    0.00    2.02 v _214_/A (sky130_fd_sc_hd__buf_4)
    10    0.07    0.06    0.13    2.15 v _214_/X (sky130_fd_sc_hd__buf_4)
                                         _112_ (net)
                  0.06    0.00    2.15 v _245_/A (sky130_fd_sc_hd__inv_2)
     1    0.01    0.04    0.06    2.20 ^ _245_/Y (sky130_fd_sc_hd__inv_2)
                                         _053_ (net)
                  0.04    0.00    2.20 ^ _274_/RESET_B (sky130_fd_sc_hd__dfrtp_2)
                                  2.20   data arrival time

                          0.00    0.00   clock CLK100MHZ (rise edge)
                          0.00    0.00   clock source latency
     1    0.02    0.06    0.05    0.05 ^ CLK100MHZ (in)
                                         CLK100MHZ (net)
                  0.06    0.00    0.05 ^ clkbuf_0_CLK100MHZ/A (sky130_fd_sc_hd__clkbuf_16)
     4    0.04    0.05    0.11    0.16 ^ clkbuf_0_CLK100MHZ/X (sky130_fd_sc_hd__clkbuf_16)
                                         clknet_0_CLK100MHZ (net)
                  0.05    0.00    0.16 ^ clkbuf_2_3__f_CLK100MHZ/A (sky130_fd_sc_hd__clkbuf_16)
     8    0.03    0.04    0.10    0.26 ^ clkbuf_2_3__f_CLK100MHZ/X (sky130_fd_sc_hd__clkbuf_16)
                                         clknet_2_3__leaf_CLK100MHZ (net)
                  0.04    0.00    0.26 ^ _274_/CLK (sky130_fd_sc_hd__dfrtp_2)
                          0.25    0.51   clock uncertainty
                          0.00    0.51   clock reconvergence pessimism
                          0.20    0.71   library removal time
                                  0.71   data required time
-----------------------------------------------------------------------------
                                  0.71   data required time
                                 -2.20   data arrival time
-----------------------------------------------------------------------------
                                  1.49   slack (MET)


Startpoint: BTNC (input port clocked by CLK100MHZ)
Endpoint: _256_ (removal check against rising-edge clock CLK100MHZ)
Path Group: asynchronous
Path Type: min
Corner: Fastest

Fanout     Cap    Slew   Delay    Time   Description
-----------------------------------------------------------------------------
                          0.00    0.00   clock CLK100MHZ (rise edge)
                          0.00    0.00   clock network delay (propagated)
                          2.00    2.00 v input external delay
     2    0.02    0.03    0.02    2.02 v BTNC (in)
                                         BTNC (net)
                  0.03    0.00    2.02 v _226_/A (sky130_fd_sc_hd__buf_4)
    10    0.08    0.07    0.13    2.15 v _226_/X (sky130_fd_sc_hd__buf_4)
                                         _114_ (net)
                  0.07    0.00    2.15 v _227_/A (sky130_fd_sc_hd__inv_2)
     1    0.01    0.04    0.05    2.20 ^ _227_/Y (sky130_fd_sc_hd__inv_2)
                                         _035_ (net)
                  0.04    0.00    2.20 ^ _256_/RESET_B (sky130_fd_sc_hd__dfrtp_4)
                                  2.20   data arrival time

                          0.00    0.00   clock CLK100MHZ (rise edge)
                          0.00    0.00   clock source latency
     1    0.02    0.06    0.05    0.05 ^ CLK100MHZ (in)
                                         CLK100MHZ (net)
                  0.06    0.00    0.05 ^ clkbuf_0_CLK100MHZ/A (sky130_fd_sc_hd__clkbuf_16)
     4    0.04    0.05    0.11    0.16 ^ clkbuf_0_CLK100MHZ/X (sky130_fd_sc_hd__clkbuf_16)
                                         clknet_0_CLK100MHZ (net)
                  0.05    0.00    0.16 ^ clkbuf_2_0__f_CLK100MHZ/A (sky130_fd_sc_hd__clkbuf_16)
     8    0.03    0.04    0.10    0.26 ^ clkbuf_2_0__f_CLK100MHZ/X (sky130_fd_sc_hd__clkbuf_16)
                                         clknet_2_0__leaf_CLK100MHZ (net)
                  0.04    0.00    0.26 ^ _256_/CLK (sky130_fd_sc_hd__dfrtp_4)
                          0.25    0.51   clock uncertainty
                          0.00    0.51   clock reconvergence pessimism
                          0.20    0.71   library removal time
                                  0.71   data required time
-----------------------------------------------------------------------------
                                  0.71   data required time
                                 -2.20   data arrival time
-----------------------------------------------------------------------------
                                  1.50   slack (MET)


Startpoint: BTNC (input port clocked by CLK100MHZ)
Endpoint: _271_ (removal check against rising-edge clock CLK100MHZ)
Path Group: asynchronous
Path Type: min
Corner: Fastest

Fanout     Cap    Slew   Delay    Time   Description
-----------------------------------------------------------------------------
                          0.00    0.00   clock CLK100MHZ (rise edge)
                          0.00    0.00   clock network delay (propagated)
                          2.00    2.00 v input external delay
     2    0.02    0.03    0.02    2.02 v BTNC (in)
                                         BTNC (net)
                  0.03    0.00    2.02 v _214_/A (sky130_fd_sc_hd__buf_4)
    10    0.07    0.06    0.13    2.15 v _214_/X (sky130_fd_sc_hd__buf_4)
                                         _112_ (net)
                  0.06    0.00    2.15 v _242_/A (sky130_fd_sc_hd__inv_2)
     1    0.01    0.05    0.06    2.21 ^ _242_/Y (sky130_fd_sc_hd__inv_2)
                                         _050_ (net)
                  0.05    0.00    2.21 ^ _271_/RESET_B (sky130_fd_sc_hd__dfrtp_1)
                                  2.21   data arrival time

                          0.00    0.00   clock CLK100MHZ (rise edge)
                          0.00    0.00   clock source latency
     1    0.02    0.06    0.05    0.05 ^ CLK100MHZ (in)
                                         CLK100MHZ (net)
                  0.06    0.00    0.05 ^ clkbuf_0_CLK100MHZ/A (sky130_fd_sc_hd__clkbuf_16)
     4    0.04    0.05    0.11    0.16 ^ clkbuf_0_CLK100MHZ/X (sky130_fd_sc_hd__clkbuf_16)
                                         clknet_0_CLK100MHZ (net)
                  0.05    0.00    0.16 ^ clkbuf_2_0__f_CLK100MHZ/A (sky130_fd_sc_hd__clkbuf_16)
     8    0.03    0.04    0.10    0.26 ^ clkbuf_2_0__f_CLK100MHZ/X (sky130_fd_sc_hd__clkbuf_16)
                                         clknet_2_0__leaf_CLK100MHZ (net)
                  0.04    0.00    0.26 ^ _271_/CLK (sky130_fd_sc_hd__dfrtp_1)
                          0.25    0.51   clock uncertainty
                          0.00    0.51   clock reconvergence pessimism
                          0.20    0.71   library removal time
                                  0.71   data required time
-----------------------------------------------------------------------------
                                  0.71   data required time
                                 -2.21   data arrival time
-----------------------------------------------------------------------------
                                  1.50   slack (MET)


Startpoint: BTNC (input port clocked by CLK100MHZ)
Endpoint: _273_ (removal check against rising-edge clock CLK100MHZ)
Path Group: asynchronous
Path Type: min
Corner: Fastest

Fanout     Cap    Slew   Delay    Time   Description
-----------------------------------------------------------------------------
                          0.00    0.00   clock CLK100MHZ (rise edge)
                          0.00    0.00   clock network delay (propagated)
                          2.00    2.00 v input external delay
     2    0.02    0.03    0.02    2.02 v BTNC (in)
                                         BTNC (net)
                  0.03    0.00    2.02 v _214_/A (sky130_fd_sc_hd__buf_4)
    10    0.07    0.06    0.13    2.15 v _214_/X (sky130_fd_sc_hd__buf_4)
                                         _112_ (net)
                  0.06    0.00    2.15 v _244_/A (sky130_fd_sc_hd__inv_2)
     1    0.01    0.05    0.06    2.21 ^ _244_/Y (sky130_fd_sc_hd__inv_2)
                                         _052_ (net)
                  0.05    0.00    2.21 ^ _273_/RESET_B (sky130_fd_sc_hd__dfrtp_1)
                                  2.21   data arrival time

                          0.00    0.00   clock CLK100MHZ (rise edge)
                          0.00    0.00   clock source latency
     1    0.02    0.06    0.05    0.05 ^ CLK100MHZ (in)
                                         CLK100MHZ (net)
                  0.06    0.00    0.05 ^ clkbuf_0_CLK100MHZ/A (sky130_fd_sc_hd__clkbuf_16)
     4    0.04    0.05    0.11    0.16 ^ clkbuf_0_CLK100MHZ/X (sky130_fd_sc_hd__clkbuf_16)
                                         clknet_0_CLK100MHZ (net)
                  0.05    0.00    0.16 ^ clkbuf_2_3__f_CLK100MHZ/A (sky130_fd_sc_hd__clkbuf_16)
     8    0.03    0.04    0.10    0.26 ^ clkbuf_2_3__f_CLK100MHZ/X (sky130_fd_sc_hd__clkbuf_16)
                                         clknet_2_3__leaf_CLK100MHZ (net)
                  0.04    0.00    0.26 ^ _273_/CLK (sky130_fd_sc_hd__dfrtp_1)
                          0.25    0.51   clock uncertainty
                          0.00    0.51   clock reconvergence pessimism
                          0.20    0.71   library removal time
                                  0.71   data required time
-----------------------------------------------------------------------------
                                  0.71   data required time
                                 -2.21   data arrival time
-----------------------------------------------------------------------------
                                  1.50   slack (MET)


Startpoint: BTNC (input port clocked by CLK100MHZ)
Endpoint: _261_ (removal check against rising-edge clock CLK100MHZ)
Path Group: asynchronous
Path Type: min
Corner: Fastest

Fanout     Cap    Slew   Delay    Time   Description
-----------------------------------------------------------------------------
                          0.00    0.00   clock CLK100MHZ (rise edge)
                          0.00    0.00   clock network delay (propagated)
                          2.00    2.00 v input external delay
     2    0.02    0.03    0.02    2.02 v BTNC (in)
                                         BTNC (net)
                  0.03    0.00    2.02 v _226_/A (sky130_fd_sc_hd__buf_4)
    10    0.08    0.07    0.13    2.15 v _226_/X (sky130_fd_sc_hd__buf_4)
                                         _114_ (net)
                  0.07    0.00    2.15 v _232_/A (sky130_fd_sc_hd__inv_2)
     1    0.01    0.04    0.05    2.20 ^ _232_/Y (sky130_fd_sc_hd__inv_2)
                                         _040_ (net)
                  0.04    0.00    2.20 ^ _261_/RESET_B (sky130_fd_sc_hd__dfrtp_1)
                                  2.20   data arrival time

                          0.00    0.00   clock CLK100MHZ (rise edge)
                          0.00    0.00   clock source latency
     1    0.02    0.06    0.05    0.05 ^ CLK100MHZ (in)
                                         CLK100MHZ (net)
                  0.06    0.00    0.05 ^ clkbuf_0_CLK100MHZ/A (sky130_fd_sc_hd__clkbuf_16)
     4    0.04    0.05    0.11    0.16 ^ clkbuf_0_CLK100MHZ/X (sky130_fd_sc_hd__clkbuf_16)
                                         clknet_0_CLK100MHZ (net)
                  0.05    0.00    0.16 ^ clkbuf_2_3__f_CLK100MHZ/A (sky130_fd_sc_hd__clkbuf_16)
     8    0.03    0.04    0.10    0.26 ^ clkbuf_2_3__f_CLK100MHZ/X (sky130_fd_sc_hd__clkbuf_16)
                                         clknet_2_3__leaf_CLK100MHZ (net)
                  0.04    0.00    0.26 ^ _261_/CLK (sky130_fd_sc_hd__dfrtp_1)
                          0.25    0.51   clock uncertainty
                          0.00    0.51   clock reconvergence pessimism
                          0.20    0.71   library removal time
                                  0.71   data required time
-----------------------------------------------------------------------------
                                  0.71   data required time
                                 -2.20   data arrival time
-----------------------------------------------------------------------------
                                  1.50   slack (MET)


Startpoint: BTNC (input port clocked by CLK100MHZ)
Endpoint: _259_ (removal check against rising-edge clock CLK100MHZ)
Path Group: asynchronous
Path Type: min
Corner: Fastest

Fanout     Cap    Slew   Delay    Time   Description
-----------------------------------------------------------------------------
                          0.00    0.00   clock CLK100MHZ (rise edge)
                          0.00    0.00   clock network delay (propagated)
                          2.00    2.00 v input external delay
     2    0.02    0.03    0.02    2.02 v BTNC (in)
                                         BTNC (net)
                  0.03    0.00    2.02 v _226_/A (sky130_fd_sc_hd__buf_4)
    10    0.08    0.07    0.13    2.15 v _226_/X (sky130_fd_sc_hd__buf_4)
                                         _114_ (net)
                  0.07    0.00    2.15 v _230_/A (sky130_fd_sc_hd__inv_2)
     1    0.01    0.03    0.05    2.20 ^ _230_/Y (sky130_fd_sc_hd__inv_2)
                                         _038_ (net)
                  0.03    0.00    2.20 ^ _259_/RESET_B (sky130_fd_sc_hd__dfrtp_2)
                                  2.20   data arrival time

                          0.00    0.00   clock CLK100MHZ (rise edge)
                          0.00    0.00   clock source latency
     1    0.02    0.06    0.05    0.05 ^ CLK100MHZ (in)
                                         CLK100MHZ (net)
                  0.06    0.00    0.05 ^ clkbuf_0_CLK100MHZ/A (sky130_fd_sc_hd__clkbuf_16)
     4    0.04    0.05    0.11    0.16 ^ clkbuf_0_CLK100MHZ/X (sky130_fd_sc_hd__clkbuf_16)
                                         clknet_0_CLK100MHZ (net)
                  0.05    0.00    0.16 ^ clkbuf_2_1__f_CLK100MHZ/A (sky130_fd_sc_hd__clkbuf_16)
     8    0.02    0.03    0.10    0.26 ^ clkbuf_2_1__f_CLK100MHZ/X (sky130_fd_sc_hd__clkbuf_16)
                                         clknet_2_1__leaf_CLK100MHZ (net)
                  0.03    0.00    0.26 ^ _259_/CLK (sky130_fd_sc_hd__dfrtp_2)
                          0.25    0.51   clock uncertainty
                          0.00    0.51   clock reconvergence pessimism
                          0.20    0.70   library removal time
                                  0.70   data required time
-----------------------------------------------------------------------------
                                  0.70   data required time
                                 -2.20   data arrival time
-----------------------------------------------------------------------------
                                  1.50   slack (MET)


Startpoint: BTNC (input port clocked by CLK100MHZ)
Endpoint: _264_ (removal check against rising-edge clock CLK100MHZ)
Path Group: asynchronous
Path Type: min
Corner: Fastest

Fanout     Cap    Slew   Delay    Time   Description
-----------------------------------------------------------------------------
                          0.00    0.00   clock CLK100MHZ (rise edge)
                          0.00    0.00   clock network delay (propagated)
                          2.00    2.00 v input external delay
     2    0.02    0.03    0.02    2.02 v BTNC (in)
                                         BTNC (net)
                  0.03    0.00    2.02 v _226_/A (sky130_fd_sc_hd__buf_4)
    10    0.08    0.07    0.13    2.15 v _226_/X (sky130_fd_sc_hd__buf_4)
                                         _114_ (net)
                  0.07    0.00    2.15 v _235_/A (sky130_fd_sc_hd__inv_2)
     1    0.01    0.04    0.06    2.21 ^ _235_/Y (sky130_fd_sc_hd__inv_2)
                                         _043_ (net)
                  0.04    0.00    2.21 ^ _264_/RESET_B (sky130_fd_sc_hd__dfrtp_1)
                                  2.21   data arrival time

                          0.00    0.00   clock CLK100MHZ (rise edge)
                          0.00    0.00   clock source latency
     1    0.02    0.06    0.05    0.05 ^ CLK100MHZ (in)
                                         CLK100MHZ (net)
                  0.06    0.00    0.05 ^ clkbuf_0_CLK100MHZ/A (sky130_fd_sc_hd__clkbuf_16)
     4    0.04    0.05    0.11    0.16 ^ clkbuf_0_CLK100MHZ/X (sky130_fd_sc_hd__clkbuf_16)
                                         clknet_0_CLK100MHZ (net)
                  0.05    0.00    0.16 ^ clkbuf_2_0__f_CLK100MHZ/A (sky130_fd_sc_hd__clkbuf_16)
     8    0.03    0.04    0.10    0.26 ^ clkbuf_2_0__f_CLK100MHZ/X (sky130_fd_sc_hd__clkbuf_16)
                                         clknet_2_0__leaf_CLK100MHZ (net)
                  0.04    0.00    0.26 ^ _264_/CLK (sky130_fd_sc_hd__dfrtp_1)
                          0.25    0.51   clock uncertainty
                          0.00    0.51   clock reconvergence pessimism
                          0.20    0.71   library removal time
                                  0.71   data required time
-----------------------------------------------------------------------------
                                  0.71   data required time
                                 -2.21   data arrival time
-----------------------------------------------------------------------------
                                  1.50   slack (MET)


Startpoint: BTNC (input port clocked by CLK100MHZ)
Endpoint: _266_ (removal check against rising-edge clock CLK100MHZ)
Path Group: asynchronous
Path Type: min
Corner: Fastest

Fanout     Cap    Slew   Delay    Time   Description
-----------------------------------------------------------------------------
                          0.00    0.00   clock CLK100MHZ (rise edge)
                          0.00    0.00   clock network delay (propagated)
                          2.00    2.00 v input external delay
     2    0.02    0.03    0.02    2.02 v BTNC (in)
                                         BTNC (net)
                  0.03    0.00    2.02 v _214_/A (sky130_fd_sc_hd__buf_4)
    10    0.07    0.06    0.13    2.15 v _214_/X (sky130_fd_sc_hd__buf_4)
                                         _112_ (net)
                  0.06    0.00    2.15 v _237_/A (sky130_fd_sc_hd__inv_2)
     1    0.02    0.06    0.07    2.22 ^ _237_/Y (sky130_fd_sc_hd__inv_2)
                                         _045_ (net)
                  0.06    0.00    2.22 ^ _266_/RESET_B (sky130_fd_sc_hd__dfrtp_2)
                                  2.22   data arrival time

                          0.00    0.00   clock CLK100MHZ (rise edge)
                          0.00    0.00   clock source latency
     1    0.02    0.06    0.05    0.05 ^ CLK100MHZ (in)
                                         CLK100MHZ (net)
                  0.06    0.00    0.05 ^ clkbuf_0_CLK100MHZ/A (sky130_fd_sc_hd__clkbuf_16)
     4    0.04    0.05    0.11    0.16 ^ clkbuf_0_CLK100MHZ/X (sky130_fd_sc_hd__clkbuf_16)
                                         clknet_0_CLK100MHZ (net)
                  0.05    0.00    0.16 ^ clkbuf_2_0__f_CLK100MHZ/A (sky130_fd_sc_hd__clkbuf_16)
     8    0.03    0.04    0.10    0.26 ^ clkbuf_2_0__f_CLK100MHZ/X (sky130_fd_sc_hd__clkbuf_16)
                                         clknet_2_0__leaf_CLK100MHZ (net)
                  0.04    0.00    0.26 ^ _266_/CLK (sky130_fd_sc_hd__dfrtp_2)
                          0.25    0.51   clock uncertainty
                          0.00    0.51   clock reconvergence pessimism
                          0.21    0.71   library removal time
                                  0.71   data required time
-----------------------------------------------------------------------------
                                  0.71   data required time
                                 -2.22   data arrival time
-----------------------------------------------------------------------------
                                  1.50   slack (MET)


Startpoint: BTNC (input port clocked by CLK100MHZ)
Endpoint: _257_ (removal check against rising-edge clock CLK100MHZ)
Path Group: asynchronous
Path Type: min
Corner: Fastest

Fanout     Cap    Slew   Delay    Time   Description
-----------------------------------------------------------------------------
                          0.00    0.00   clock CLK100MHZ (rise edge)
                          0.00    0.00   clock network delay (propagated)
                          2.00    2.00 v input external delay
     2    0.02    0.03    0.02    2.02 v BTNC (in)
                                         BTNC (net)
                  0.03    0.00    2.02 v _226_/A (sky130_fd_sc_hd__buf_4)
    10    0.08    0.07    0.13    2.15 v _226_/X (sky130_fd_sc_hd__buf_4)
                                         _114_ (net)
                  0.07    0.00    2.15 v _228_/A (sky130_fd_sc_hd__inv_2)
     1    0.01    0.04    0.06    2.21 ^ _228_/Y (sky130_fd_sc_hd__inv_2)
                                         _036_ (net)
                  0.04    0.00    2.21 ^ _257_/RESET_B (sky130_fd_sc_hd__dfrtp_1)
                                  2.21   data arrival time

                          0.00    0.00   clock CLK100MHZ (rise edge)
                          0.00    0.00   clock source latency
     1    0.02    0.06    0.05    0.05 ^ CLK100MHZ (in)
                                         CLK100MHZ (net)
                  0.06    0.00    0.05 ^ clkbuf_0_CLK100MHZ/A (sky130_fd_sc_hd__clkbuf_16)
     4    0.04    0.05    0.11    0.16 ^ clkbuf_0_CLK100MHZ/X (sky130_fd_sc_hd__clkbuf_16)
                                         clknet_0_CLK100MHZ (net)
                  0.05    0.00    0.16 ^ clkbuf_2_3__f_CLK100MHZ/A (sky130_fd_sc_hd__clkbuf_16)
     8    0.03    0.04    0.10    0.26 ^ clkbuf_2_3__f_CLK100MHZ/X (sky130_fd_sc_hd__clkbuf_16)
                                         clknet_2_3__leaf_CLK100MHZ (net)
                  0.04    0.00    0.26 ^ _257_/CLK (sky130_fd_sc_hd__dfrtp_1)
                          0.25    0.51   clock uncertainty
                          0.00    0.51   clock reconvergence pessimism
                          0.20    0.71   library removal time
                                  0.71   data required time
-----------------------------------------------------------------------------
                                  0.71   data required time
                                 -2.21   data arrival time
-----------------------------------------------------------------------------
                                  1.50   slack (MET)


Startpoint: BTNC (input port clocked by CLK100MHZ)
Endpoint: _263_ (removal check against rising-edge clock CLK100MHZ)
Path Group: asynchronous
Path Type: min
Corner: Fastest

Fanout     Cap    Slew   Delay    Time   Description
-----------------------------------------------------------------------------
                          0.00    0.00   clock CLK100MHZ (rise edge)
                          0.00    0.00   clock network delay (propagated)
                          2.00    2.00 v input external delay
     2    0.02    0.03    0.02    2.02 v BTNC (in)
                                         BTNC (net)
                  0.03    0.00    2.02 v _226_/A (sky130_fd_sc_hd__buf_4)
    10    0.08    0.07    0.13    2.15 v _226_/X (sky130_fd_sc_hd__buf_4)
                                         _114_ (net)
                  0.07    0.00    2.15 v _234_/A (sky130_fd_sc_hd__inv_2)
     1    0.01    0.05    0.06    2.22 ^ _234_/Y (sky130_fd_sc_hd__inv_2)
                                         _042_ (net)
                  0.05    0.00    2.22 ^ _263_/RESET_B (sky130_fd_sc_hd__dfrtp_1)
                                  2.22   data arrival time

                          0.00    0.00   clock CLK100MHZ (rise edge)
                          0.00    0.00   clock source latency
     1    0.02    0.06    0.05    0.05 ^ CLK100MHZ (in)
                                         CLK100MHZ (net)
                  0.06    0.00    0.05 ^ clkbuf_0_CLK100MHZ/A (sky130_fd_sc_hd__clkbuf_16)
     4    0.04    0.05    0.11    0.16 ^ clkbuf_0_CLK100MHZ/X (sky130_fd_sc_hd__clkbuf_16)
                                         clknet_0_CLK100MHZ (net)
                  0.05    0.00    0.16 ^ clkbuf_2_2__f_CLK100MHZ/A (sky130_fd_sc_hd__clkbuf_16)
     8    0.03    0.04    0.10    0.26 ^ clkbuf_2_2__f_CLK100MHZ/X (sky130_fd_sc_hd__clkbuf_16)
                                         clknet_2_2__leaf_CLK100MHZ (net)
                  0.04    0.00    0.26 ^ _263_/CLK (sky130_fd_sc_hd__dfrtp_1)
                          0.25    0.51   clock uncertainty
                          0.00    0.51   clock reconvergence pessimism
                          0.20    0.71   library removal time
                                  0.71   data required time
-----------------------------------------------------------------------------
                                  0.71   data required time
                                 -2.22   data arrival time
-----------------------------------------------------------------------------
                                  1.50   slack (MET)


Startpoint: BTNC (input port clocked by CLK100MHZ)
Endpoint: _269_ (removal check against rising-edge clock CLK100MHZ)
Path Group: asynchronous
Path Type: min
Corner: Fastest

Fanout     Cap    Slew   Delay    Time   Description
-----------------------------------------------------------------------------
                          0.00    0.00   clock CLK100MHZ (rise edge)
                          0.00    0.00   clock network delay (propagated)
                          2.00    2.00 v input external delay
     2    0.02    0.03    0.02    2.02 v BTNC (in)
                                         BTNC (net)
                  0.03    0.00    2.02 v _214_/A (sky130_fd_sc_hd__buf_4)
    10    0.07    0.06    0.13    2.15 v _214_/X (sky130_fd_sc_hd__buf_4)
                                         _112_ (net)
                  0.06    0.00    2.15 v _240_/A (sky130_fd_sc_hd__inv_2)
     1    0.02    0.07    0.07    2.22 ^ _240_/Y (sky130_fd_sc_hd__inv_2)
                                         _048_ (net)
                  0.07    0.00    2.22 ^ _269_/RESET_B (sky130_fd_sc_hd__dfrtp_1)
                                  2.22   data arrival time

                          0.00    0.00   clock CLK100MHZ (rise edge)
                          0.00    0.00   clock source latency
     1    0.02    0.06    0.05    0.05 ^ CLK100MHZ (in)
                                         CLK100MHZ (net)
                  0.06    0.00    0.05 ^ clkbuf_0_CLK100MHZ/A (sky130_fd_sc_hd__clkbuf_16)
     4    0.04    0.05    0.11    0.16 ^ clkbuf_0_CLK100MHZ/X (sky130_fd_sc_hd__clkbuf_16)
                                         clknet_0_CLK100MHZ (net)
                  0.05    0.00    0.16 ^ clkbuf_2_2__f_CLK100MHZ/A (sky130_fd_sc_hd__clkbuf_16)
     8    0.03    0.04    0.10    0.26 ^ clkbuf_2_2__f_CLK100MHZ/X (sky130_fd_sc_hd__clkbuf_16)
                                         clknet_2_2__leaf_CLK100MHZ (net)
                  0.04    0.00    0.26 ^ _269_/CLK (sky130_fd_sc_hd__dfrtp_1)
                          0.25    0.51   clock uncertainty
                          0.00    0.51   clock reconvergence pessimism
                          0.21    0.72   library removal time
                                  0.72   data required time
-----------------------------------------------------------------------------
                                  0.72   data required time
                                 -2.22   data arrival time
-----------------------------------------------------------------------------
                                  1.50   slack (MET)


Startpoint: BTNC (input port clocked by CLK100MHZ)
Endpoint: _258_ (removal check against rising-edge clock CLK100MHZ)
Path Group: asynchronous
Path Type: min
Corner: Fastest

Fanout     Cap    Slew   Delay    Time   Description
-----------------------------------------------------------------------------
                          0.00    0.00   clock CLK100MHZ (rise edge)
                          0.00    0.00   clock network delay (propagated)
                          2.00    2.00 v input external delay
     2    0.02    0.03    0.02    2.02 v BTNC (in)
                                         BTNC (net)
                  0.03    0.00    2.02 v _226_/A (sky130_fd_sc_hd__buf_4)
    10    0.08    0.07    0.13    2.15 v _226_/X (sky130_fd_sc_hd__buf_4)
                                         _114_ (net)
                  0.07    0.00    2.15 v _229_/A (sky130_fd_sc_hd__inv_2)
     1    0.01    0.05    0.06    2.22 ^ _229_/Y (sky130_fd_sc_hd__inv_2)
                                         _037_ (net)
                  0.05    0.00    2.22 ^ _258_/RESET_B (sky130_fd_sc_hd__dfrtp_4)
                                  2.22   data arrival time

                          0.00    0.00   clock CLK100MHZ (rise edge)
                          0.00    0.00   clock source latency
     1    0.02    0.06    0.05    0.05 ^ CLK100MHZ (in)
                                         CLK100MHZ (net)
                  0.06    0.00    0.05 ^ clkbuf_0_CLK100MHZ/A (sky130_fd_sc_hd__clkbuf_16)
     4    0.04    0.05    0.11    0.16 ^ clkbuf_0_CLK100MHZ/X (sky130_fd_sc_hd__clkbuf_16)
                                         clknet_0_CLK100MHZ (net)
                  0.05    0.00    0.16 ^ clkbuf_2_3__f_CLK100MHZ/A (sky130_fd_sc_hd__clkbuf_16)
     8    0.03    0.04    0.10    0.26 ^ clkbuf_2_3__f_CLK100MHZ/X (sky130_fd_sc_hd__clkbuf_16)
                                         clknet_2_3__leaf_CLK100MHZ (net)
                  0.04    0.00    0.26 ^ _258_/CLK (sky130_fd_sc_hd__dfrtp_4)
                          0.25    0.51   clock uncertainty
                          0.00    0.51   clock reconvergence pessimism
                          0.20    0.71   library removal time
                                  0.71   data required time
-----------------------------------------------------------------------------
                                  0.71   data required time
                                 -2.22   data arrival time
-----------------------------------------------------------------------------
                                  1.51   slack (MET)


Startpoint: BTNC (input port clocked by CLK100MHZ)
Endpoint: _262_ (removal check against rising-edge clock CLK100MHZ)
Path Group: asynchronous
Path Type: min
Corner: Fastest

Fanout     Cap    Slew   Delay    Time   Description
-----------------------------------------------------------------------------
                          0.00    0.00   clock CLK100MHZ (rise edge)
                          0.00    0.00   clock network delay (propagated)
                          2.00    2.00 v input external delay
     2    0.02    0.03    0.02    2.02 v BTNC (in)
                                         BTNC (net)
                  0.03    0.00    2.02 v _226_/A (sky130_fd_sc_hd__buf_4)
    10    0.08    0.07    0.13    2.15 v _226_/X (sky130_fd_sc_hd__buf_4)
                                         _114_ (net)
                  0.07    0.00    2.15 v _233_/A (sky130_fd_sc_hd__inv_2)
     1    0.01    0.05    0.07    2.22 ^ _233_/Y (sky130_fd_sc_hd__inv_2)
                                         _041_ (net)
                  0.05    0.00    2.22 ^ _262_/RESET_B (sky130_fd_sc_hd__dfrtp_2)
                                  2.22   data arrival time

                          0.00    0.00   clock CLK100MHZ (rise edge)
                          0.00    0.00   clock source latency
     1    0.02    0.06    0.05    0.05 ^ CLK100MHZ (in)
                                         CLK100MHZ (net)
                  0.06    0.00    0.05 ^ clkbuf_0_CLK100MHZ/A (sky130_fd_sc_hd__clkbuf_16)
     4    0.04    0.05    0.11    0.16 ^ clkbuf_0_CLK100MHZ/X (sky130_fd_sc_hd__clkbuf_16)
                                         clknet_0_CLK100MHZ (net)
                  0.05    0.00    0.16 ^ clkbuf_2_2__f_CLK100MHZ/A (sky130_fd_sc_hd__clkbuf_16)
     8    0.03    0.04    0.10    0.26 ^ clkbuf_2_2__f_CLK100MHZ/X (sky130_fd_sc_hd__clkbuf_16)
                                         clknet_2_2__leaf_CLK100MHZ (net)
                  0.04    0.00    0.26 ^ _262_/CLK (sky130_fd_sc_hd__dfrtp_2)
                          0.25    0.51   clock uncertainty
                          0.00    0.51   clock reconvergence pessimism
                          0.20    0.71   library removal time
                                  0.71   data required time
-----------------------------------------------------------------------------
                                  0.71   data required time
                                 -2.22   data arrival time
-----------------------------------------------------------------------------
                                  1.51   slack (MET)


Startpoint: BTNC (input port clocked by CLK100MHZ)
Endpoint: _260_ (removal check against rising-edge clock CLK100MHZ)
Path Group: asynchronous
Path Type: min
Corner: Fastest

Fanout     Cap    Slew   Delay    Time   Description
-----------------------------------------------------------------------------
                          0.00    0.00   clock CLK100MHZ (rise edge)
                          0.00    0.00   clock network delay (propagated)
                          2.00    2.00 v input external delay
     2    0.02    0.03    0.02    2.02 v BTNC (in)
                                         BTNC (net)
                  0.03    0.00    2.02 v _226_/A (sky130_fd_sc_hd__buf_4)
    10    0.08    0.07    0.13    2.15 v _226_/X (sky130_fd_sc_hd__buf_4)
                                         _114_ (net)
                  0.07    0.00    2.15 v _231_/A (sky130_fd_sc_hd__inv_2)
     1    0.02    0.06    0.07    2.23 ^ _231_/Y (sky130_fd_sc_hd__inv_2)
                                         _039_ (net)
                  0.06    0.00    2.23 ^ _260_/RESET_B (sky130_fd_sc_hd__dfrtp_1)
                                  2.23   data arrival time

                          0.00    0.00   clock CLK100MHZ (rise edge)
                          0.00    0.00   clock source latency
     1    0.02    0.06    0.05    0.05 ^ CLK100MHZ (in)
                                         CLK100MHZ (net)
                  0.06    0.00    0.05 ^ clkbuf_0_CLK100MHZ/A (sky130_fd_sc_hd__clkbuf_16)
     4    0.04    0.05    0.11    0.16 ^ clkbuf_0_CLK100MHZ/X (sky130_fd_sc_hd__clkbuf_16)
                                         clknet_0_CLK100MHZ (net)
                  0.05    0.00    0.16 ^ clkbuf_2_1__f_CLK100MHZ/A (sky130_fd_sc_hd__clkbuf_16)
     8    0.02    0.03    0.10    0.26 ^ clkbuf_2_1__f_CLK100MHZ/X (sky130_fd_sc_hd__clkbuf_16)
                                         clknet_2_1__leaf_CLK100MHZ (net)
                  0.03    0.00    0.26 ^ _260_/CLK (sky130_fd_sc_hd__dfrtp_1)
                          0.25    0.51   clock uncertainty
                          0.00    0.51   clock reconvergence pessimism
                          0.20    0.71   library removal time
                                  0.71   data required time
-----------------------------------------------------------------------------
                                  0.71   data required time
                                 -2.23   data arrival time
-----------------------------------------------------------------------------
                                  1.52   slack (MET)


Startpoint: BTNC (input port clocked by CLK100MHZ)
Endpoint: _265_ (removal check against rising-edge clock CLK100MHZ)
Path Group: asynchronous
Path Type: min
Corner: Fastest

Fanout     Cap    Slew   Delay    Time   Description
-----------------------------------------------------------------------------
                          0.00    0.00   clock CLK100MHZ (rise edge)
                          0.00    0.00   clock network delay (propagated)
                          2.00    2.00 v input external delay
     2    0.02    0.03    0.02    2.02 v BTNC (in)
                                         BTNC (net)
                  0.03    0.00    2.02 v _226_/A (sky130_fd_sc_hd__buf_4)
    10    0.08    0.07    0.13    2.15 v _226_/X (sky130_fd_sc_hd__buf_4)
                                         _114_ (net)
                  0.07    0.00    2.15 v _236_/A (sky130_fd_sc_hd__inv_2)
     1    0.02    0.06    0.08    2.23 ^ _236_/Y (sky130_fd_sc_hd__inv_2)
                                         _044_ (net)
                  0.06    0.00    2.23 ^ _265_/RESET_B (sky130_fd_sc_hd__dfrtp_1)
                                  2.23   data arrival time

                          0.00    0.00   clock CLK100MHZ (rise edge)
                          0.00    0.00   clock source latency
     1    0.02    0.06    0.05    0.05 ^ CLK100MHZ (in)
                                         CLK100MHZ (net)
                  0.06    0.00    0.05 ^ clkbuf_0_CLK100MHZ/A (sky130_fd_sc_hd__clkbuf_16)
     4    0.04    0.05    0.11    0.16 ^ clkbuf_0_CLK100MHZ/X (sky130_fd_sc_hd__clkbuf_16)
                                         clknet_0_CLK100MHZ (net)
                  0.05    0.00    0.16 ^ clkbuf_2_1__f_CLK100MHZ/A (sky130_fd_sc_hd__clkbuf_16)
     8    0.02    0.03    0.10    0.26 ^ clkbuf_2_1__f_CLK100MHZ/X (sky130_fd_sc_hd__clkbuf_16)
                                         clknet_2_1__leaf_CLK100MHZ (net)
                  0.03    0.00    0.26 ^ _265_/CLK (sky130_fd_sc_hd__dfrtp_1)
                          0.25    0.51   clock uncertainty
                          0.00    0.51   clock reconvergence pessimism
                          0.21    0.71   library removal time
                                  0.71   data required time
-----------------------------------------------------------------------------
                                  0.71   data required time
                                 -2.23   data arrival time
-----------------------------------------------------------------------------
                                  1.52   slack (MET)


Startpoint: BTNC (input port clocked by CLK100MHZ)
Endpoint: _253_ (removal check against rising-edge clock CLK100MHZ)
Path Group: asynchronous
Path Type: min
Corner: Fastest

Fanout     Cap    Slew   Delay    Time   Description
-----------------------------------------------------------------------------
                          0.00    0.00   clock CLK100MHZ (rise edge)
                          0.00    0.00   clock network delay (propagated)
                          2.00    2.00 v input external delay
     2    0.02    0.03    0.02    2.02 v BTNC (in)
                                         BTNC (net)
                  0.03    0.00    2.02 v _214_/A (sky130_fd_sc_hd__buf_4)
    10    0.07    0.06    0.13    2.15 v _214_/X (sky130_fd_sc_hd__buf_4)
                                         _112_ (net)
                  0.06    0.00    2.15 v _215_/A (sky130_fd_sc_hd__buf_4)
    10    0.07    0.07    0.14    2.29 v _215_/X (sky130_fd_sc_hd__buf_4)
                                         _113_ (net)
                  0.07    0.00    2.29 v _223_/A (sky130_fd_sc_hd__inv_2)
     1    0.01    0.04    0.05    2.34 ^ _223_/Y (sky130_fd_sc_hd__inv_2)
                                         _032_ (net)
                  0.04    0.00    2.34 ^ _253_/RESET_B (sky130_fd_sc_hd__dfrtp_1)
                                  2.34   data arrival time

                          0.00    0.00   clock CLK100MHZ (rise edge)
                          0.00    0.00   clock source latency
     1    0.02    0.06    0.05    0.05 ^ CLK100MHZ (in)
                                         CLK100MHZ (net)
                  0.06    0.00    0.05 ^ clkbuf_0_CLK100MHZ/A (sky130_fd_sc_hd__clkbuf_16)
     4    0.04    0.05    0.11    0.16 ^ clkbuf_0_CLK100MHZ/X (sky130_fd_sc_hd__clkbuf_16)
                                         clknet_0_CLK100MHZ (net)
                  0.05    0.00    0.16 ^ clkbuf_2_2__f_CLK100MHZ/A (sky130_fd_sc_hd__clkbuf_16)
     8    0.03    0.04    0.10    0.26 ^ clkbuf_2_2__f_CLK100MHZ/X (sky130_fd_sc_hd__clkbuf_16)
                                         clknet_2_2__leaf_CLK100MHZ (net)
                  0.04    0.00    0.26 ^ _253_/CLK (sky130_fd_sc_hd__dfrtp_1)
                          0.25    0.51   clock uncertainty
                          0.00    0.51   clock reconvergence pessimism
                          0.20    0.71   library removal time
                                  0.71   data required time
-----------------------------------------------------------------------------
                                  0.71   data required time
                                 -2.34   data arrival time
-----------------------------------------------------------------------------
                                  1.63   slack (MET)


Startpoint: BTNC (input port clocked by CLK100MHZ)
Endpoint: _251_ (removal check against rising-edge clock CLK100MHZ)
Path Group: asynchronous
Path Type: min
Corner: Fastest

Fanout     Cap    Slew   Delay    Time   Description
-----------------------------------------------------------------------------
                          0.00    0.00   clock CLK100MHZ (rise edge)
                          0.00    0.00   clock network delay (propagated)
                          2.00    2.00 v input external delay
     2    0.02    0.03    0.02    2.02 v BTNC (in)
                                         BTNC (net)
                  0.03    0.00    2.02 v _214_/A (sky130_fd_sc_hd__buf_4)
    10    0.07    0.06    0.13    2.15 v _214_/X (sky130_fd_sc_hd__buf_4)
                                         _112_ (net)
                  0.06    0.00    2.15 v _215_/A (sky130_fd_sc_hd__buf_4)
    10    0.07    0.07    0.14    2.29 v _215_/X (sky130_fd_sc_hd__buf_4)
                                         _113_ (net)
                  0.07    0.00    2.29 v _221_/A (sky130_fd_sc_hd__inv_2)
     1    0.01    0.04    0.05    2.34 ^ _221_/Y (sky130_fd_sc_hd__inv_2)
                                         _030_ (net)
                  0.04    0.00    2.34 ^ _251_/RESET_B (sky130_fd_sc_hd__dfrtp_2)
                                  2.34   data arrival time

                          0.00    0.00   clock CLK100MHZ (rise edge)
                          0.00    0.00   clock source latency
     1    0.02    0.06    0.05    0.05 ^ CLK100MHZ (in)
                                         CLK100MHZ (net)
                  0.06    0.00    0.05 ^ clkbuf_0_CLK100MHZ/A (sky130_fd_sc_hd__clkbuf_16)
     4    0.04    0.05    0.11    0.16 ^ clkbuf_0_CLK100MHZ/X (sky130_fd_sc_hd__clkbuf_16)
                                         clknet_0_CLK100MHZ (net)
                  0.05    0.00    0.16 ^ clkbuf_2_2__f_CLK100MHZ/A (sky130_fd_sc_hd__clkbuf_16)
     8    0.03    0.04    0.10    0.26 ^ clkbuf_2_2__f_CLK100MHZ/X (sky130_fd_sc_hd__clkbuf_16)
                                         clknet_2_2__leaf_CLK100MHZ (net)
                  0.04    0.00    0.26 ^ _251_/CLK (sky130_fd_sc_hd__dfrtp_2)
                          0.25    0.51   clock uncertainty
                          0.00    0.51   clock reconvergence pessimism
                          0.20    0.71   library removal time
                                  0.71   data required time
-----------------------------------------------------------------------------
                                  0.71   data required time
                                 -2.34   data arrival time
-----------------------------------------------------------------------------
                                  1.63   slack (MET)


Startpoint: BTNC (input port clocked by CLK100MHZ)
Endpoint: _249_ (removal check against rising-edge clock CLK100MHZ)
Path Group: asynchronous
Path Type: min
Corner: Fastest

Fanout     Cap    Slew   Delay    Time   Description
-----------------------------------------------------------------------------
                          0.00    0.00   clock CLK100MHZ (rise edge)
                          0.00    0.00   clock network delay (propagated)
                          2.00    2.00 v input external delay
     2    0.02    0.03    0.02    2.02 v BTNC (in)
                                         BTNC (net)
                  0.03    0.00    2.02 v _214_/A (sky130_fd_sc_hd__buf_4)
    10    0.07    0.06    0.13    2.15 v _214_/X (sky130_fd_sc_hd__buf_4)
                                         _112_ (net)
                  0.06    0.00    2.15 v _215_/A (sky130_fd_sc_hd__buf_4)
    10    0.07    0.07    0.14    2.29 v _215_/X (sky130_fd_sc_hd__buf_4)
                                         _113_ (net)
                  0.07    0.00    2.29 v _219_/A (sky130_fd_sc_hd__inv_2)
     1    0.01    0.04    0.05    2.34 ^ _219_/Y (sky130_fd_sc_hd__inv_2)
                                         _028_ (net)
                  0.04    0.00    2.34 ^ _249_/RESET_B (sky130_fd_sc_hd__dfrtp_4)
                                  2.34   data arrival time

                          0.00    0.00   clock CLK100MHZ (rise edge)
                          0.00    0.00   clock source latency
     1    0.02    0.06    0.05    0.05 ^ CLK100MHZ (in)
                                         CLK100MHZ (net)
                  0.06    0.00    0.05 ^ clkbuf_0_CLK100MHZ/A (sky130_fd_sc_hd__clkbuf_16)
     4    0.04    0.05    0.11    0.16 ^ clkbuf_0_CLK100MHZ/X (sky130_fd_sc_hd__clkbuf_16)
                                         clknet_0_CLK100MHZ (net)
                  0.05    0.00    0.16 ^ clkbuf_2_3__f_CLK100MHZ/A (sky130_fd_sc_hd__clkbuf_16)
     8    0.03    0.04    0.10    0.26 ^ clkbuf_2_3__f_CLK100MHZ/X (sky130_fd_sc_hd__clkbuf_16)
                                         clknet_2_3__leaf_CLK100MHZ (net)
                  0.04    0.00    0.26 ^ _249_/CLK (sky130_fd_sc_hd__dfrtp_4)
                          0.25    0.51   clock uncertainty
                          0.00    0.51   clock reconvergence pessimism
                          0.20    0.71   library removal time
                                  0.71   data required time
-----------------------------------------------------------------------------
                                  0.71   data required time
                                 -2.34   data arrival time
-----------------------------------------------------------------------------
                                  1.63   slack (MET)


Startpoint: BTNC (input port clocked by CLK100MHZ)
Endpoint: _247_ (removal check against rising-edge clock CLK100MHZ)
Path Group: asynchronous
Path Type: min
Corner: Fastest

Fanout     Cap    Slew   Delay    Time   Description
-----------------------------------------------------------------------------
                          0.00    0.00   clock CLK100MHZ (rise edge)
                          0.00    0.00   clock network delay (propagated)
                          2.00    2.00 v input external delay
     2    0.02    0.03    0.02    2.02 v BTNC (in)
                                         BTNC (net)
                  0.03    0.00    2.02 v _214_/A (sky130_fd_sc_hd__buf_4)
    10    0.07    0.06    0.13    2.15 v _214_/X (sky130_fd_sc_hd__buf_4)
                                         _112_ (net)
                  0.06    0.00    2.15 v _215_/A (sky130_fd_sc_hd__buf_4)
    10    0.07    0.07    0.14    2.29 v _215_/X (sky130_fd_sc_hd__buf_4)
                                         _113_ (net)
                  0.07    0.00    2.29 v _217_/A (sky130_fd_sc_hd__inv_2)
     1    0.01    0.04    0.05    2.34 ^ _217_/Y (sky130_fd_sc_hd__inv_2)
                                         _026_ (net)
                  0.04    0.00    2.34 ^ _247_/RESET_B (sky130_fd_sc_hd__dfrtp_4)
                                  2.34   data arrival time

                          0.00    0.00   clock CLK100MHZ (rise edge)
                          0.00    0.00   clock source latency
     1    0.02    0.06    0.05    0.05 ^ CLK100MHZ (in)
                                         CLK100MHZ (net)
                  0.06    0.00    0.05 ^ clkbuf_0_CLK100MHZ/A (sky130_fd_sc_hd__clkbuf_16)
     4    0.04    0.05    0.11    0.16 ^ clkbuf_0_CLK100MHZ/X (sky130_fd_sc_hd__clkbuf_16)
                                         clknet_0_CLK100MHZ (net)
                  0.05    0.00    0.16 ^ clkbuf_2_3__f_CLK100MHZ/A (sky130_fd_sc_hd__clkbuf_16)
     8    0.03    0.04    0.10    0.26 ^ clkbuf_2_3__f_CLK100MHZ/X (sky130_fd_sc_hd__clkbuf_16)
                                         clknet_2_3__leaf_CLK100MHZ (net)
                  0.04    0.00    0.26 ^ _247_/CLK (sky130_fd_sc_hd__dfrtp_4)
                          0.25    0.51   clock uncertainty
                          0.00    0.51   clock reconvergence pessimism
                          0.20    0.71   library removal time
                                  0.71   data required time
-----------------------------------------------------------------------------
                                  0.71   data required time
                                 -2.34   data arrival time
-----------------------------------------------------------------------------
                                  1.63   slack (MET)


Startpoint: BTNC (input port clocked by CLK100MHZ)
Endpoint: _246_ (removal check against rising-edge clock CLK100MHZ)
Path Group: asynchronous
Path Type: min
Corner: Fastest

Fanout     Cap    Slew   Delay    Time   Description
-----------------------------------------------------------------------------
                          0.00    0.00   clock CLK100MHZ (rise edge)
                          0.00    0.00   clock network delay (propagated)
                          2.00    2.00 v input external delay
     2    0.02    0.03    0.02    2.02 v BTNC (in)
                                         BTNC (net)
                  0.03    0.00    2.02 v _214_/A (sky130_fd_sc_hd__buf_4)
    10    0.07    0.06    0.13    2.15 v _214_/X (sky130_fd_sc_hd__buf_4)
                                         _112_ (net)
                  0.06    0.00    2.15 v _215_/A (sky130_fd_sc_hd__buf_4)
    10    0.07    0.07    0.14    2.29 v _215_/X (sky130_fd_sc_hd__buf_4)
                                         _113_ (net)
                  0.07    0.00    2.29 v _216_/A (sky130_fd_sc_hd__inv_2)
     1    0.01    0.03    0.05    2.34 ^ _216_/Y (sky130_fd_sc_hd__inv_2)
                                         _025_ (net)
                  0.03    0.00    2.34 ^ _246_/RESET_B (sky130_fd_sc_hd__dfrtp_4)
                                  2.34   data arrival time

                          0.00    0.00   clock CLK100MHZ (rise edge)
                          0.00    0.00   clock source latency
     1    0.02    0.06    0.05    0.05 ^ CLK100MHZ (in)
                                         CLK100MHZ (net)
                  0.06    0.00    0.05 ^ clkbuf_0_CLK100MHZ/A (sky130_fd_sc_hd__clkbuf_16)
     4    0.04    0.05    0.11    0.16 ^ clkbuf_0_CLK100MHZ/X (sky130_fd_sc_hd__clkbuf_16)
                                         clknet_0_CLK100MHZ (net)
                  0.05    0.00    0.16 ^ clkbuf_2_1__f_CLK100MHZ/A (sky130_fd_sc_hd__clkbuf_16)
     8    0.02    0.03    0.10    0.26 ^ clkbuf_2_1__f_CLK100MHZ/X (sky130_fd_sc_hd__clkbuf_16)
                                         clknet_2_1__leaf_CLK100MHZ (net)
                  0.03    0.00    0.26 ^ _246_/CLK (sky130_fd_sc_hd__dfrtp_4)
                          0.25    0.51   clock uncertainty
                          0.00    0.51   clock reconvergence pessimism
                          0.20    0.70   library removal time
                                  0.70   data required time
-----------------------------------------------------------------------------
                                  0.70   data required time
                                 -2.34   data arrival time
-----------------------------------------------------------------------------
                                  1.63   slack (MET)


Startpoint: BTNC (input port clocked by CLK100MHZ)
Endpoint: _255_ (removal check against rising-edge clock CLK100MHZ)
Path Group: asynchronous
Path Type: min
Corner: Fastest

Fanout     Cap    Slew   Delay    Time   Description
-----------------------------------------------------------------------------
                          0.00    0.00   clock CLK100MHZ (rise edge)
                          0.00    0.00   clock network delay (propagated)
                          2.00    2.00 v input external delay
     2    0.02    0.03    0.02    2.02 v BTNC (in)
                                         BTNC (net)
                  0.03    0.00    2.02 v _214_/A (sky130_fd_sc_hd__buf_4)
    10    0.07    0.06    0.13    2.15 v _214_/X (sky130_fd_sc_hd__buf_4)
                                         _112_ (net)
                  0.06    0.00    2.15 v _215_/A (sky130_fd_sc_hd__buf_4)
    10    0.07    0.07    0.14    2.29 v _215_/X (sky130_fd_sc_hd__buf_4)
                                         _113_ (net)
                  0.07    0.00    2.29 v _225_/A (sky130_fd_sc_hd__inv_2)
     1    0.01    0.05    0.06    2.35 ^ _225_/Y (sky130_fd_sc_hd__inv_2)
                                         _034_ (net)
                  0.05    0.00    2.35 ^ _255_/RESET_B (sky130_fd_sc_hd__dfrtp_2)
                                  2.35   data arrival time

                          0.00    0.00   clock CLK100MHZ (rise edge)
                          0.00    0.00   clock source latency
     1    0.02    0.06    0.05    0.05 ^ CLK100MHZ (in)
                                         CLK100MHZ (net)
                  0.06    0.00    0.05 ^ clkbuf_0_CLK100MHZ/A (sky130_fd_sc_hd__clkbuf_16)
     4    0.04    0.05    0.11    0.16 ^ clkbuf_0_CLK100MHZ/X (sky130_fd_sc_hd__clkbuf_16)
                                         clknet_0_CLK100MHZ (net)
                  0.05    0.00    0.16 ^ clkbuf_2_0__f_CLK100MHZ/A (sky130_fd_sc_hd__clkbuf_16)
     8    0.03    0.04    0.10    0.26 ^ clkbuf_2_0__f_CLK100MHZ/X (sky130_fd_sc_hd__clkbuf_16)
                                         clknet_2_0__leaf_CLK100MHZ (net)
                  0.04    0.00    0.26 ^ _255_/CLK (sky130_fd_sc_hd__dfrtp_2)
                          0.25    0.51   clock uncertainty
                          0.00    0.51   clock reconvergence pessimism
                          0.20    0.71   library removal time
                                  0.71   data required time
-----------------------------------------------------------------------------
                                  0.71   data required time
                                 -2.35   data arrival time
-----------------------------------------------------------------------------
                                  1.64   slack (MET)


Startpoint: BTNC (input port clocked by CLK100MHZ)
Endpoint: _250_ (removal check against rising-edge clock CLK100MHZ)
Path Group: asynchronous
Path Type: min
Corner: Fastest

Fanout     Cap    Slew   Delay    Time   Description
-----------------------------------------------------------------------------
                          0.00    0.00   clock CLK100MHZ (rise edge)
                          0.00    0.00   clock network delay (propagated)
                          2.00    2.00 v input external delay
     2    0.02    0.03    0.02    2.02 v BTNC (in)
                                         BTNC (net)
                  0.03    0.00    2.02 v _214_/A (sky130_fd_sc_hd__buf_4)
    10    0.07    0.06    0.13    2.15 v _214_/X (sky130_fd_sc_hd__buf_4)
                                         _112_ (net)
                  0.06    0.00    2.15 v _215_/A (sky130_fd_sc_hd__buf_4)
    10    0.07    0.07    0.14    2.29 v _215_/X (sky130_fd_sc_hd__buf_4)
                                         _113_ (net)
                  0.07    0.00    2.29 v _220_/A (sky130_fd_sc_hd__inv_2)
     1    0.02    0.06    0.07    2.36 ^ _220_/Y (sky130_fd_sc_hd__inv_2)
                                         _029_ (net)
                  0.06    0.00    2.36 ^ _250_/RESET_B (sky130_fd_sc_hd__dfrtp_2)
                                  2.36   data arrival time

                          0.00    0.00   clock CLK100MHZ (rise edge)
                          0.00    0.00   clock source latency
     1    0.02    0.06    0.05    0.05 ^ CLK100MHZ (in)
                                         CLK100MHZ (net)
                  0.06    0.00    0.05 ^ clkbuf_0_CLK100MHZ/A (sky130_fd_sc_hd__clkbuf_16)
     4    0.04    0.05    0.11    0.16 ^ clkbuf_0_CLK100MHZ/X (sky130_fd_sc_hd__clkbuf_16)
                                         clknet_0_CLK100MHZ (net)
                  0.05    0.00    0.16 ^ clkbuf_2_2__f_CLK100MHZ/A (sky130_fd_sc_hd__clkbuf_16)
     8    0.03    0.04    0.10    0.26 ^ clkbuf_2_2__f_CLK100MHZ/X (sky130_fd_sc_hd__clkbuf_16)
                                         clknet_2_2__leaf_CLK100MHZ (net)
                  0.04    0.00    0.26 ^ _250_/CLK (sky130_fd_sc_hd__dfrtp_2)
                          0.25    0.51   clock uncertainty
                          0.00    0.51   clock reconvergence pessimism
                          0.21    0.72   library removal time
                                  0.72   data required time
-----------------------------------------------------------------------------
                                  0.72   data required time
                                 -2.36   data arrival time
-----------------------------------------------------------------------------
                                  1.65   slack (MET)


Startpoint: BTNC (input port clocked by CLK100MHZ)
Endpoint: _254_ (removal check against rising-edge clock CLK100MHZ)
Path Group: asynchronous
Path Type: min
Corner: Fastest

Fanout     Cap    Slew   Delay    Time   Description
-----------------------------------------------------------------------------
                          0.00    0.00   clock CLK100MHZ (rise edge)
                          0.00    0.00   clock network delay (propagated)
                          2.00    2.00 v input external delay
     2    0.02    0.03    0.02    2.02 v BTNC (in)
                                         BTNC (net)
                  0.03    0.00    2.02 v _214_/A (sky130_fd_sc_hd__buf_4)
    10    0.07    0.06    0.13    2.15 v _214_/X (sky130_fd_sc_hd__buf_4)
                                         _112_ (net)
                  0.06    0.00    2.15 v _215_/A (sky130_fd_sc_hd__buf_4)
    10    0.07    0.07    0.14    2.29 v _215_/X (sky130_fd_sc_hd__buf_4)
                                         _113_ (net)
                  0.07    0.00    2.29 v _224_/A (sky130_fd_sc_hd__inv_2)
     1    0.01    0.05    0.06    2.35 ^ _224_/Y (sky130_fd_sc_hd__inv_2)
                                         _033_ (net)
                  0.05    0.00    2.36 ^ _254_/RESET_B (sky130_fd_sc_hd__dfrtp_2)
                                  2.36   data arrival time

                          0.00    0.00   clock CLK100MHZ (rise edge)
                          0.00    0.00   clock source latency
     1    0.02    0.06    0.05    0.05 ^ CLK100MHZ (in)
                                         CLK100MHZ (net)
                  0.06    0.00    0.05 ^ clkbuf_0_CLK100MHZ/A (sky130_fd_sc_hd__clkbuf_16)
     4    0.04    0.05    0.11    0.16 ^ clkbuf_0_CLK100MHZ/X (sky130_fd_sc_hd__clkbuf_16)
                                         clknet_0_CLK100MHZ (net)
                  0.05    0.00    0.16 ^ clkbuf_2_1__f_CLK100MHZ/A (sky130_fd_sc_hd__clkbuf_16)
     8    0.02    0.03    0.10    0.26 ^ clkbuf_2_1__f_CLK100MHZ/X (sky130_fd_sc_hd__clkbuf_16)
                                         clknet_2_1__leaf_CLK100MHZ (net)
                  0.03    0.00    0.26 ^ _254_/CLK (sky130_fd_sc_hd__dfrtp_2)
                          0.25    0.51   clock uncertainty
                          0.00    0.51   clock reconvergence pessimism
                          0.20    0.71   library removal time
                                  0.71   data required time
-----------------------------------------------------------------------------
                                  0.71   data required time
                                 -2.36   data arrival time
-----------------------------------------------------------------------------
                                  1.65   slack (MET)


Startpoint: BTNC (input port clocked by CLK100MHZ)
Endpoint: _252_ (removal check against rising-edge clock CLK100MHZ)
Path Group: asynchronous
Path Type: min
Corner: Fastest

Fanout     Cap    Slew   Delay    Time   Description
-----------------------------------------------------------------------------
                          0.00    0.00   clock CLK100MHZ (rise edge)
                          0.00    0.00   clock network delay (propagated)
                          2.00    2.00 v input external delay
     2    0.02    0.03    0.02    2.02 v BTNC (in)
                                         BTNC (net)
                  0.03    0.00    2.02 v _214_/A (sky130_fd_sc_hd__buf_4)
    10    0.07    0.06    0.13    2.15 v _214_/X (sky130_fd_sc_hd__buf_4)
                                         _112_ (net)
                  0.06    0.00    2.15 v _215_/A (sky130_fd_sc_hd__buf_4)
    10    0.07    0.07    0.14    2.29 v _215_/X (sky130_fd_sc_hd__buf_4)
                                         _113_ (net)
                  0.07    0.00    2.29 v _222_/A (sky130_fd_sc_hd__inv_2)
     1    0.02    0.06    0.07    2.36 ^ _222_/Y (sky130_fd_sc_hd__inv_2)
                                         _031_ (net)
                  0.06    0.00    2.36 ^ _252_/RESET_B (sky130_fd_sc_hd__dfrtp_2)
                                  2.36   data arrival time

                          0.00    0.00   clock CLK100MHZ (rise edge)
                          0.00    0.00   clock source latency
     1    0.02    0.06    0.05    0.05 ^ CLK100MHZ (in)
                                         CLK100MHZ (net)
                  0.06    0.00    0.05 ^ clkbuf_0_CLK100MHZ/A (sky130_fd_sc_hd__clkbuf_16)
     4    0.04    0.05    0.11    0.16 ^ clkbuf_0_CLK100MHZ/X (sky130_fd_sc_hd__clkbuf_16)
                                         clknet_0_CLK100MHZ (net)
                  0.05    0.00    0.16 ^ clkbuf_2_2__f_CLK100MHZ/A (sky130_fd_sc_hd__clkbuf_16)
     8    0.03    0.04    0.10    0.26 ^ clkbuf_2_2__f_CLK100MHZ/X (sky130_fd_sc_hd__clkbuf_16)
                                         clknet_2_2__leaf_CLK100MHZ (net)
                  0.04    0.00    0.26 ^ _252_/CLK (sky130_fd_sc_hd__dfrtp_2)
                          0.25    0.51   clock uncertainty
                          0.00    0.51   clock reconvergence pessimism
                          0.21    0.72   library removal time
                                  0.72   data required time
-----------------------------------------------------------------------------
                                  0.72   data required time
                                 -2.36   data arrival time
-----------------------------------------------------------------------------
                                  1.65   slack (MET)


Startpoint: BTNC (input port clocked by CLK100MHZ)
Endpoint: _248_ (removal check against rising-edge clock CLK100MHZ)
Path Group: asynchronous
Path Type: min
Corner: Fastest

Fanout     Cap    Slew   Delay    Time   Description
-----------------------------------------------------------------------------
                          0.00    0.00   clock CLK100MHZ (rise edge)
                          0.00    0.00   clock network delay (propagated)
                          2.00    2.00 v input external delay
     2    0.02    0.03    0.02    2.02 v BTNC (in)
                                         BTNC (net)
                  0.03    0.00    2.02 v _214_/A (sky130_fd_sc_hd__buf_4)
    10    0.07    0.06    0.13    2.15 v _214_/X (sky130_fd_sc_hd__buf_4)
                                         _112_ (net)
                  0.06    0.00    2.15 v _215_/A (sky130_fd_sc_hd__buf_4)
    10    0.07    0.07    0.14    2.29 v _215_/X (sky130_fd_sc_hd__buf_4)
                                         _113_ (net)
                  0.07    0.00    2.29 v _218_/A (sky130_fd_sc_hd__inv_2)
     1    0.02    0.06    0.07    2.36 ^ _218_/Y (sky130_fd_sc_hd__inv_2)
                                         _027_ (net)
                  0.06    0.00    2.36 ^ _248_/RESET_B (sky130_fd_sc_hd__dfrtp_4)
                                  2.36   data arrival time

                          0.00    0.00   clock CLK100MHZ (rise edge)
                          0.00    0.00   clock source latency
     1    0.02    0.06    0.05    0.05 ^ CLK100MHZ (in)
                                         CLK100MHZ (net)
                  0.06    0.00    0.05 ^ clkbuf_0_CLK100MHZ/A (sky130_fd_sc_hd__clkbuf_16)
     4    0.04    0.05    0.11    0.16 ^ clkbuf_0_CLK100MHZ/X (sky130_fd_sc_hd__clkbuf_16)
                                         clknet_0_CLK100MHZ (net)
                  0.05    0.00    0.16 ^ clkbuf_2_0__f_CLK100MHZ/A (sky130_fd_sc_hd__clkbuf_16)
     8    0.03    0.04    0.10    0.26 ^ clkbuf_2_0__f_CLK100MHZ/X (sky130_fd_sc_hd__clkbuf_16)
                                         clknet_2_0__leaf_CLK100MHZ (net)
                  0.04    0.00    0.26 ^ _248_/CLK (sky130_fd_sc_hd__dfrtp_4)
                          0.25    0.51   clock uncertainty
                          0.00    0.51   clock reconvergence pessimism
                          0.21    0.72   library removal time
                                  0.72   data required time
-----------------------------------------------------------------------------
                                  0.72   data required time
                                 -2.36   data arrival time
-----------------------------------------------------------------------------
                                  1.65   slack (MET)


Startpoint: _247_ (rising edge-triggered flip-flop clocked by CLK100MHZ)
Endpoint: seg[6] (output port clocked by CLK100MHZ)
Path Group: CLK100MHZ
Path Type: min
Corner: Fastest

Fanout     Cap    Slew   Delay    Time   Description
-----------------------------------------------------------------------------
                          0.00    0.00   clock CLK100MHZ (rise edge)
                          0.00    0.00   clock source latency
     1    0.02    0.06    0.04    0.04 ^ CLK100MHZ (in)
                                         CLK100MHZ (net)
                  0.06    0.00    0.04 ^ clkbuf_0_CLK100MHZ/A (sky130_fd_sc_hd__clkbuf_16)
     4    0.04    0.05    0.10    0.14 ^ clkbuf_0_CLK100MHZ/X (sky130_fd_sc_hd__clkbuf_16)
                                         clknet_0_CLK100MHZ (net)
                  0.05    0.00    0.14 ^ clkbuf_2_3__f_CLK100MHZ/A (sky130_fd_sc_hd__clkbuf_16)
     8    0.03    0.04    0.09    0.23 ^ clkbuf_2_3__f_CLK100MHZ/X (sky130_fd_sc_hd__clkbuf_16)
                                         clknet_2_3__leaf_CLK100MHZ (net)
                  0.04    0.00    0.23 ^ _247_/CLK (sky130_fd_sc_hd__dfrtp_4)
     9    0.05    0.12    0.30    0.54 ^ _247_/Q (sky130_fd_sc_hd__dfrtp_4)
                                         decoder.count[1] (net)
                  0.12    0.00    0.54 ^ _164_/A1 (sky130_fd_sc_hd__a21boi_1)
     1    0.01    0.04    0.07    0.61 v _164_/Y (sky130_fd_sc_hd__a21boi_1)
                                         net7 (net)
                  0.04    0.00    0.61 v output7/A (sky130_fd_sc_hd__buf_1)
     1    0.03    0.14    0.15    0.75 v output7/X (sky130_fd_sc_hd__buf_1)
                                         seg[6] (net)
                  0.14    0.00    0.75 v seg[6] (out)
                                  0.75   data arrival time

                          0.00    0.00   clock CLK100MHZ (rise edge)
                          0.00    0.00   clock network delay (propagated)
                          0.25    0.25   clock uncertainty
                          0.00    0.25   clock reconvergence pessimism
                         -2.00   -1.75   output external delay
                                 -1.75   data required time
-----------------------------------------------------------------------------
                                 -1.75   data required time
                                 -0.75   data arrival time
-----------------------------------------------------------------------------
                                  2.50   slack (MET)


Startpoint: _246_ (rising edge-triggered flip-flop clocked by CLK100MHZ)
Endpoint: seg[4] (output port clocked by CLK100MHZ)
Path Group: CLK100MHZ
Path Type: min
Corner: Fastest

Fanout     Cap    Slew   Delay    Time   Description
-----------------------------------------------------------------------------
                          0.00    0.00   clock CLK100MHZ (rise edge)
                          0.00    0.00   clock source latency
     1    0.02    0.06    0.04    0.04 ^ CLK100MHZ (in)
                                         CLK100MHZ (net)
                  0.06    0.00    0.04 ^ clkbuf_0_CLK100MHZ/A (sky130_fd_sc_hd__clkbuf_16)
     4    0.04    0.05    0.10    0.14 ^ clkbuf_0_CLK100MHZ/X (sky130_fd_sc_hd__clkbuf_16)
                                         clknet_0_CLK100MHZ (net)
                  0.05    0.00    0.14 ^ clkbuf_2_1__f_CLK100MHZ/A (sky130_fd_sc_hd__clkbuf_16)
     8    0.02    0.03    0.09    0.23 ^ clkbuf_2_1__f_CLK100MHZ/X (sky130_fd_sc_hd__clkbuf_16)
                                         clknet_2_1__leaf_CLK100MHZ (net)
                  0.03    0.00    0.23 ^ _246_/CLK (sky130_fd_sc_hd__dfrtp_4)
     6    0.04    0.08    0.32    0.55 v _246_/Q (sky130_fd_sc_hd__dfrtp_4)
                                         decoder.count[0] (net)
                  0.08    0.00    0.55 v _141_/A (sky130_fd_sc_hd__inv_2)
     2    0.01    0.05    0.07    0.62 ^ _141_/Y (sky130_fd_sc_hd__inv_2)
                                         _071_ (net)
                  0.05    0.00    0.62 ^ _161_/A (sky130_fd_sc_hd__nand2_1)
     1    0.01    0.05    0.05    0.67 v _161_/Y (sky130_fd_sc_hd__nand2_1)
                                         net5 (net)
                  0.05    0.00    0.67 v output5/A (sky130_fd_sc_hd__buf_1)
     1    0.03    0.14    0.15    0.82 v output5/X (sky130_fd_sc_hd__buf_1)
                                         seg[4] (net)
                  0.14    0.00    0.82 v seg[4] (out)
                                  0.82   data arrival time

                          0.00    0.00   clock CLK100MHZ (rise edge)
                          0.00    0.00   clock network delay (propagated)
                          0.25    0.25   clock uncertainty
                          0.00    0.25   clock reconvergence pessimism
                         -2.00   -1.75   output external delay
                                 -1.75   data required time
-----------------------------------------------------------------------------
                                 -1.75   data required time
                                 -0.82   data arrival time
-----------------------------------------------------------------------------
                                  2.57   slack (MET)


Startpoint: _249_ (rising edge-triggered flip-flop clocked by CLK100MHZ)
Endpoint: seg[2] (output port clocked by CLK100MHZ)
Path Group: CLK100MHZ
Path Type: min
Corner: Fastest

Fanout     Cap    Slew   Delay    Time   Description
-----------------------------------------------------------------------------
                          0.00    0.00   clock CLK100MHZ (rise edge)
                          0.00    0.00   clock source latency
     1    0.02    0.06    0.04    0.04 ^ CLK100MHZ (in)
                                         CLK100MHZ (net)
                  0.06    0.00    0.04 ^ clkbuf_0_CLK100MHZ/A (sky130_fd_sc_hd__clkbuf_16)
     4    0.04    0.05    0.10    0.14 ^ clkbuf_0_CLK100MHZ/X (sky130_fd_sc_hd__clkbuf_16)
                                         clknet_0_CLK100MHZ (net)
                  0.05    0.00    0.14 ^ clkbuf_2_3__f_CLK100MHZ/A (sky130_fd_sc_hd__clkbuf_16)
     8    0.03    0.04    0.09    0.23 ^ clkbuf_2_3__f_CLK100MHZ/X (sky130_fd_sc_hd__clkbuf_16)
                                         clknet_2_3__leaf_CLK100MHZ (net)
                  0.04    0.00    0.23 ^ _249_/CLK (sky130_fd_sc_hd__dfrtp_4)
     6    0.04    0.08    0.32    0.55 v _249_/Q (sky130_fd_sc_hd__dfrtp_4)
                                         decoder.count[3] (net)
                  0.08    0.00    0.56 v _160_/A1 (sky130_fd_sc_hd__o21a_1)
     1    0.01    0.05    0.16    0.71 v _160_/X (sky130_fd_sc_hd__o21a_1)
                                         net3 (net)
                  0.05    0.00    0.71 v output3/A (sky130_fd_sc_hd__buf_1)
     1    0.03    0.14    0.15    0.86 v output3/X (sky130_fd_sc_hd__buf_1)
                                         seg[2] (net)
                  0.14    0.00    0.86 v seg[2] (out)
                                  0.86   data arrival time

                          0.00    0.00   clock CLK100MHZ (rise edge)
                          0.00    0.00   clock network delay (propagated)
                          0.25    0.25   clock uncertainty
                          0.00    0.25   clock reconvergence pessimism
                         -2.00   -1.75   output external delay
                                 -1.75   data required time
-----------------------------------------------------------------------------
                                 -1.75   data required time
                                 -0.86   data arrival time
-----------------------------------------------------------------------------
                                  2.61   slack (MET)


Startpoint: _249_ (rising edge-triggered flip-flop clocked by CLK100MHZ)
Endpoint: seg[3] (output port clocked by CLK100MHZ)
Path Group: CLK100MHZ
Path Type: min
Corner: Fastest

Fanout     Cap    Slew   Delay    Time   Description
-----------------------------------------------------------------------------
                          0.00    0.00   clock CLK100MHZ (rise edge)
                          0.00    0.00   clock source latency
     1    0.02    0.06    0.04    0.04 ^ CLK100MHZ (in)
                                         CLK100MHZ (net)
                  0.06    0.00    0.04 ^ clkbuf_0_CLK100MHZ/A (sky130_fd_sc_hd__clkbuf_16)
     4    0.04    0.05    0.10    0.14 ^ clkbuf_0_CLK100MHZ/X (sky130_fd_sc_hd__clkbuf_16)
                                         clknet_0_CLK100MHZ (net)
                  0.05    0.00    0.14 ^ clkbuf_2_3__f_CLK100MHZ/A (sky130_fd_sc_hd__clkbuf_16)
     8    0.03    0.04    0.09    0.23 ^ clkbuf_2_3__f_CLK100MHZ/X (sky130_fd_sc_hd__clkbuf_16)
                                         clknet_2_3__leaf_CLK100MHZ (net)
                  0.04    0.00    0.23 ^ _249_/CLK (sky130_fd_sc_hd__dfrtp_4)
     6    0.04    0.10    0.29    0.53 ^ _249_/Q (sky130_fd_sc_hd__dfrtp_4)
                                         decoder.count[3] (net)
                  0.10    0.00    0.53 ^ _158_/D1 (sky130_fd_sc_hd__a2111o_1)
     2    0.02    0.11    0.11    0.64 ^ _158_/X (sky130_fd_sc_hd__a2111o_1)
                                         net4 (net)
                  0.11    0.00    0.64 ^ output4/A (sky130_fd_sc_hd__buf_1)
     1    0.03    0.30    0.23    0.87 ^ output4/X (sky130_fd_sc_hd__buf_1)
                                         seg[3] (net)
                  0.30    0.00    0.87 ^ seg[3] (out)
                                  0.87   data arrival time

                          0.00    0.00   clock CLK100MHZ (rise edge)
                          0.00    0.00   clock network delay (propagated)
                          0.25    0.25   clock uncertainty
                          0.00    0.25   clock reconvergence pessimism
                         -2.00   -1.75   output external delay
                                 -1.75   data required time
-----------------------------------------------------------------------------
                                 -1.75   data required time
                                 -0.87   data arrival time
-----------------------------------------------------------------------------
                                  2.62   slack (MET)


Startpoint: _248_ (rising edge-triggered flip-flop clocked by CLK100MHZ)
Endpoint: seg[1] (output port clocked by CLK100MHZ)
Path Group: CLK100MHZ
Path Type: min
Corner: Fastest

Fanout     Cap    Slew   Delay    Time   Description
-----------------------------------------------------------------------------
                          0.00    0.00   clock CLK100MHZ (rise edge)
                          0.00    0.00   clock source latency
     1    0.02    0.06    0.04    0.04 ^ CLK100MHZ (in)
                                         CLK100MHZ (net)
                  0.06    0.00    0.04 ^ clkbuf_0_CLK100MHZ/A (sky130_fd_sc_hd__clkbuf_16)
     4    0.04    0.05    0.10    0.14 ^ clkbuf_0_CLK100MHZ/X (sky130_fd_sc_hd__clkbuf_16)
                                         clknet_0_CLK100MHZ (net)
                  0.05    0.00    0.14 ^ clkbuf_2_0__f_CLK100MHZ/A (sky130_fd_sc_hd__clkbuf_16)
     8    0.03    0.04    0.09    0.23 ^ clkbuf_2_0__f_CLK100MHZ/X (sky130_fd_sc_hd__clkbuf_16)
                                         clknet_2_0__leaf_CLK100MHZ (net)
                  0.04    0.00    0.23 ^ _248_/CLK (sky130_fd_sc_hd__dfrtp_4)
     6    0.04    0.10    0.29    0.52 ^ _248_/Q (sky130_fd_sc_hd__dfrtp_4)
                                         decoder.count[2] (net)
                  0.10    0.00    0.52 ^ _155_/B (sky130_fd_sc_hd__nor2_2)
     4    0.03    0.06    0.06    0.59 v _155_/Y (sky130_fd_sc_hd__nor2_2)
                                         _079_ (net)
                  0.06    0.00    0.59 v _159_/B (sky130_fd_sc_hd__nor2_1)
     1    0.00    0.08    0.08    0.67 ^ _159_/Y (sky130_fd_sc_hd__nor2_1)
                                         net2 (net)
                  0.08    0.00    0.67 ^ output2/A (sky130_fd_sc_hd__buf_1)
     1    0.03    0.30    0.23    0.90 ^ output2/X (sky130_fd_sc_hd__buf_1)
                                         seg[1] (net)
                  0.30    0.00    0.90 ^ seg[1] (out)
                                  0.90   data arrival time

                          0.00    0.00   clock CLK100MHZ (rise edge)
                          0.00    0.00   clock network delay (propagated)
                          0.25    0.25   clock uncertainty
                          0.00    0.25   clock reconvergence pessimism
                         -2.00   -1.75   output external delay
                                 -1.75   data required time
-----------------------------------------------------------------------------
                                 -1.75   data required time
                                 -0.90   data arrival time
-----------------------------------------------------------------------------
                                  2.65   slack (MET)


Startpoint: _249_ (rising edge-triggered flip-flop clocked by CLK100MHZ)
Endpoint: seg[0] (output port clocked by CLK100MHZ)
Path Group: CLK100MHZ
Path Type: min
Corner: Fastest

Fanout     Cap    Slew   Delay    Time   Description
-----------------------------------------------------------------------------
                          0.00    0.00   clock CLK100MHZ (rise edge)
                          0.00    0.00   clock source latency
     1    0.02    0.06    0.04    0.04 ^ CLK100MHZ (in)
                                         CLK100MHZ (net)
                  0.06    0.00    0.04 ^ clkbuf_0_CLK100MHZ/A (sky130_fd_sc_hd__clkbuf_16)
     4    0.04    0.05    0.10    0.14 ^ clkbuf_0_CLK100MHZ/X (sky130_fd_sc_hd__clkbuf_16)
                                         clknet_0_CLK100MHZ (net)
                  0.05    0.00    0.14 ^ clkbuf_2_3__f_CLK100MHZ/A (sky130_fd_sc_hd__clkbuf_16)
     8    0.03    0.04    0.09    0.23 ^ clkbuf_2_3__f_CLK100MHZ/X (sky130_fd_sc_hd__clkbuf_16)
                                         clknet_2_3__leaf_CLK100MHZ (net)
                  0.04    0.00    0.23 ^ _249_/CLK (sky130_fd_sc_hd__dfrtp_4)
     6    0.04    0.10    0.29    0.53 ^ _249_/Q (sky130_fd_sc_hd__dfrtp_4)
                                         decoder.count[3] (net)
                  0.10    0.00    0.53 ^ _158_/D1 (sky130_fd_sc_hd__a2111o_1)
     2    0.02    0.11    0.11    0.64 ^ _158_/X (sky130_fd_sc_hd__a2111o_1)
                                         net4 (net)
                  0.11    0.00    0.64 ^ _279_/A (sky130_fd_sc_hd__buf_1)
     1    0.01    0.10    0.10    0.74 ^ _279_/X (sky130_fd_sc_hd__buf_1)
                                         net1 (net)
                  0.10    0.00    0.74 ^ output1/A (sky130_fd_sc_hd__buf_1)
     1    0.03    0.30    0.23    0.97 ^ output1/X (sky130_fd_sc_hd__buf_1)
                                         seg[0] (net)
                  0.30    0.00    0.98 ^ seg[0] (out)
                                  0.98   data arrival time

                          0.00    0.00   clock CLK100MHZ (rise edge)
                          0.00    0.00   clock network delay (propagated)
                          0.25    0.25   clock uncertainty
                          0.00    0.25   clock reconvergence pessimism
                         -2.00   -1.75   output external delay
                                 -1.75   data required time
-----------------------------------------------------------------------------
                                 -1.75   data required time
                                 -0.98   data arrival time
-----------------------------------------------------------------------------
                                  2.73   slack (MET)


Startpoint: _249_ (rising edge-triggered flip-flop clocked by CLK100MHZ)
Endpoint: seg[5] (output port clocked by CLK100MHZ)
Path Group: CLK100MHZ
Path Type: min
Corner: Fastest

Fanout     Cap    Slew   Delay    Time   Description
-----------------------------------------------------------------------------
                          0.00    0.00   clock CLK100MHZ (rise edge)
                          0.00    0.00   clock source latency
     1    0.02    0.06    0.04    0.04 ^ CLK100MHZ (in)
                                         CLK100MHZ (net)
                  0.06    0.00    0.04 ^ clkbuf_0_CLK100MHZ/A (sky130_fd_sc_hd__clkbuf_16)
     4    0.04    0.05    0.10    0.14 ^ clkbuf_0_CLK100MHZ/X (sky130_fd_sc_hd__clkbuf_16)
                                         clknet_0_CLK100MHZ (net)
                  0.05    0.00    0.14 ^ clkbuf_2_3__f_CLK100MHZ/A (sky130_fd_sc_hd__clkbuf_16)
     8    0.03    0.04    0.09    0.23 ^ clkbuf_2_3__f_CLK100MHZ/X (sky130_fd_sc_hd__clkbuf_16)
                                         clknet_2_3__leaf_CLK100MHZ (net)
                  0.04    0.00    0.23 ^ _249_/CLK (sky130_fd_sc_hd__dfrtp_4)
     6    0.04    0.10    0.29    0.53 ^ _249_/Q (sky130_fd_sc_hd__dfrtp_4)
                                         decoder.count[3] (net)
                  0.10    0.00    0.53 ^ _162_/A (sky130_fd_sc_hd__or3_1)
     1    0.01    0.07    0.11    0.63 ^ _162_/X (sky130_fd_sc_hd__or3_1)
                                         _082_ (net)
                  0.07    0.00    0.63 ^ _163_/A (sky130_fd_sc_hd__clkbuf_1)
     1    0.01    0.12    0.11    0.75 ^ _163_/X (sky130_fd_sc_hd__clkbuf_1)
                                         net6 (net)
                  0.12    0.00    0.75 ^ output6/A (sky130_fd_sc_hd__buf_1)
     1    0.03    0.30    0.23    0.98 ^ output6/X (sky130_fd_sc_hd__buf_1)
                                         seg[5] (net)
                  0.30    0.00    0.98 ^ seg[5] (out)
                                  0.98   data arrival time

                          0.00    0.00   clock CLK100MHZ (rise edge)
                          0.00    0.00   clock network delay (propagated)
                          0.25    0.25   clock uncertainty
                          0.00    0.25   clock reconvergence pessimism
                         -2.00   -1.75   output external delay
                                 -1.75   data required time
-----------------------------------------------------------------------------
                                 -1.75   data required time
                                 -0.98   data arrival time
-----------------------------------------------------------------------------
                                  2.73   slack (MET)



worst slack corner Fastest: 0.0770
======================= Slowest Corner ===================================

Startpoint: _250_ (rising edge-triggered flip-flop clocked by CLK100MHZ)
Endpoint: _250_ (rising edge-triggered flip-flop clocked by CLK100MHZ)
Path Group: CLK100MHZ
Path Type: min
Corner: Slowest

Fanout     Cap    Slew   Delay    Time   Description
-----------------------------------------------------------------------------
                          0.00    0.00   clock CLK100MHZ (rise edge)
                          0.00    0.00   clock source latency
     1    0.02    0.13    0.09    0.09 ^ CLK100MHZ (in)
                                         CLK100MHZ (net)
                  0.13    0.00    0.09 ^ clkbuf_0_CLK100MHZ/A (sky130_fd_sc_hd__clkbuf_16)
     4    0.04    0.10    0.27    0.35 ^ clkbuf_0_CLK100MHZ/X (sky130_fd_sc_hd__clkbuf_16)
                                         clknet_0_CLK100MHZ (net)
                  0.10    0.00    0.36 ^ clkbuf_2_2__f_CLK100MHZ/A (sky130_fd_sc_hd__clkbuf_16)
     8    0.03    0.08    0.23    0.59 ^ clkbuf_2_2__f_CLK100MHZ/X (sky130_fd_sc_hd__clkbuf_16)
                                         clknet_2_2__leaf_CLK100MHZ (net)
                  0.08    0.00    0.59 ^ _250_/CLK (sky130_fd_sc_hd__dfrtp_2)
     5    0.04    0.30    0.85    1.44 ^ _250_/Q (sky130_fd_sc_hd__dfrtp_2)
                                         decoder.delay[0] (net)
                  0.30    0.00    1.44 ^ _165_/A (sky130_fd_sc_hd__inv_2)
     1    0.00    0.06    0.11    1.55 v _165_/Y (sky130_fd_sc_hd__inv_2)
                                         _000_ (net)
                  0.06    0.00    1.55 v _250_/D (sky130_fd_sc_hd__dfrtp_2)
                                  1.55   data arrival time

                          0.00    0.00   clock CLK100MHZ (rise edge)
                          0.00    0.00   clock source latency
     1    0.02    0.13    0.10    0.10 ^ CLK100MHZ (in)
                                         CLK100MHZ (net)
                  0.13    0.00    0.10 ^ clkbuf_0_CLK100MHZ/A (sky130_fd_sc_hd__clkbuf_16)
     4    0.04    0.10    0.30    0.39 ^ clkbuf_0_CLK100MHZ/X (sky130_fd_sc_hd__clkbuf_16)
                                         clknet_0_CLK100MHZ (net)
                  0.10    0.00    0.39 ^ clkbuf_2_2__f_CLK100MHZ/A (sky130_fd_sc_hd__clkbuf_16)
     8    0.03    0.08    0.26    0.65 ^ clkbuf_2_2__f_CLK100MHZ/X (sky130_fd_sc_hd__clkbuf_16)
                                         clknet_2_2__leaf_CLK100MHZ (net)
                  0.08    0.00    0.65 ^ _250_/CLK (sky130_fd_sc_hd__dfrtp_2)
                          0.25    0.90   clock uncertainty
                         -0.06    0.84   clock reconvergence pessimism
                         -0.08    0.75   library hold time
                                  0.75   data required time
-----------------------------------------------------------------------------
                                  0.75   data required time
                                 -1.55   data arrival time
-----------------------------------------------------------------------------
                                  0.79   slack (MET)


Startpoint: _268_ (rising edge-triggered flip-flop clocked by CLK100MHZ)
Endpoint: _268_ (rising edge-triggered flip-flop clocked by CLK100MHZ)
Path Group: CLK100MHZ
Path Type: min
Corner: Slowest

Fanout     Cap    Slew   Delay    Time   Description
-----------------------------------------------------------------------------
                          0.00    0.00   clock CLK100MHZ (rise edge)
                          0.00    0.00   clock source latency
     1    0.02    0.13    0.09    0.09 ^ CLK100MHZ (in)
                                         CLK100MHZ (net)
                  0.13    0.00    0.09 ^ clkbuf_0_CLK100MHZ/A (sky130_fd_sc_hd__clkbuf_16)
     4    0.04    0.10    0.27    0.35 ^ clkbuf_0_CLK100MHZ/X (sky130_fd_sc_hd__clkbuf_16)
                                         clknet_0_CLK100MHZ (net)
                  0.10    0.00    0.35 ^ clkbuf_2_1__f_CLK100MHZ/A (sky130_fd_sc_hd__clkbuf_16)
     8    0.02    0.07    0.22    0.58 ^ clkbuf_2_1__f_CLK100MHZ/X (sky130_fd_sc_hd__clkbuf_16)
                                         clknet_2_1__leaf_CLK100MHZ (net)
                  0.07    0.00    0.58 ^ _268_/CLK (sky130_fd_sc_hd__dfrtp_2)
     3    0.03    0.22    0.78    1.36 ^ _268_/Q (sky130_fd_sc_hd__dfrtp_2)
                                         decoder.delay[18] (net)
                  0.22    0.00    1.36 ^ _211_/A (sky130_fd_sc_hd__xor2_1)
     1    0.00    0.07    0.18    1.54 v _211_/X (sky130_fd_sc_hd__xor2_1)
                                         _009_ (net)
                  0.07    0.00    1.54 v _268_/D (sky130_fd_sc_hd__dfrtp_2)
                                  1.54   data arrival time

                          0.00    0.00   clock CLK100MHZ (rise edge)
                          0.00    0.00   clock source latency
     1    0.02    0.13    0.10    0.10 ^ CLK100MHZ (in)
                                         CLK100MHZ (net)
                  0.13    0.00    0.10 ^ clkbuf_0_CLK100MHZ/A (sky130_fd_sc_hd__clkbuf_16)
     4    0.04    0.10    0.30    0.39 ^ clkbuf_0_CLK100MHZ/X (sky130_fd_sc_hd__clkbuf_16)
                                         clknet_0_CLK100MHZ (net)
                  0.10    0.00    0.39 ^ clkbuf_2_1__f_CLK100MHZ/A (sky130_fd_sc_hd__clkbuf_16)
     8    0.02    0.07    0.25    0.64 ^ clkbuf_2_1__f_CLK100MHZ/X (sky130_fd_sc_hd__clkbuf_16)
                                         clknet_2_1__leaf_CLK100MHZ (net)
                  0.07    0.00    0.64 ^ _268_/CLK (sky130_fd_sc_hd__dfrtp_2)
                          0.25    0.89   clock uncertainty
                         -0.06    0.83   clock reconvergence pessimism
                         -0.09    0.74   library hold time
                                  0.74   data required time
-----------------------------------------------------------------------------
                                  0.74   data required time
                                 -1.54   data arrival time
-----------------------------------------------------------------------------
                                  0.80   slack (MET)


Startpoint: _266_ (rising edge-triggered flip-flop clocked by CLK100MHZ)
Endpoint: _266_ (rising edge-triggered flip-flop clocked by CLK100MHZ)
Path Group: CLK100MHZ
Path Type: min
Corner: Slowest

Fanout     Cap    Slew   Delay    Time   Description
-----------------------------------------------------------------------------
                          0.00    0.00   clock CLK100MHZ (rise edge)
                          0.00    0.00   clock source latency
     1    0.02    0.13    0.09    0.09 ^ CLK100MHZ (in)
                                         CLK100MHZ (net)
                  0.13    0.00    0.09 ^ clkbuf_0_CLK100MHZ/A (sky130_fd_sc_hd__clkbuf_16)
     4    0.04    0.10    0.27    0.35 ^ clkbuf_0_CLK100MHZ/X (sky130_fd_sc_hd__clkbuf_16)
                                         clknet_0_CLK100MHZ (net)
                  0.10    0.00    0.35 ^ clkbuf_2_0__f_CLK100MHZ/A (sky130_fd_sc_hd__clkbuf_16)
     8    0.03    0.08    0.23    0.59 ^ clkbuf_2_0__f_CLK100MHZ/X (sky130_fd_sc_hd__clkbuf_16)
                                         clknet_2_0__leaf_CLK100MHZ (net)
                  0.08    0.00    0.59 ^ _266_/CLK (sky130_fd_sc_hd__dfrtp_2)
     5    0.03    0.27    0.82    1.41 ^ _266_/Q (sky130_fd_sc_hd__dfrtp_2)
                                         decoder.delay[16] (net)
                  0.27    0.00    1.41 ^ _207_/A (sky130_fd_sc_hd__xor2_1)
     1    0.00    0.08    0.20    1.61 v _207_/X (sky130_fd_sc_hd__xor2_1)
                                         _007_ (net)
                  0.08    0.00    1.61 v _266_/D (sky130_fd_sc_hd__dfrtp_2)
                                  1.61   data arrival time

                          0.00    0.00   clock CLK100MHZ (rise edge)
                          0.00    0.00   clock source latency
     1    0.02    0.13    0.10    0.10 ^ CLK100MHZ (in)
                                         CLK100MHZ (net)
                  0.13    0.00    0.10 ^ clkbuf_0_CLK100MHZ/A (sky130_fd_sc_hd__clkbuf_16)
     4    0.04    0.10    0.30    0.39 ^ clkbuf_0_CLK100MHZ/X (sky130_fd_sc_hd__clkbuf_16)
                                         clknet_0_CLK100MHZ (net)
                  0.10    0.00    0.39 ^ clkbuf_2_0__f_CLK100MHZ/A (sky130_fd_sc_hd__clkbuf_16)
     8    0.03    0.08    0.26    0.65 ^ clkbuf_2_0__f_CLK100MHZ/X (sky130_fd_sc_hd__clkbuf_16)
                                         clknet_2_0__leaf_CLK100MHZ (net)
                  0.08    0.00    0.65 ^ _266_/CLK (sky130_fd_sc_hd__dfrtp_2)
                          0.25    0.90   clock uncertainty
                         -0.06    0.84   clock reconvergence pessimism
                         -0.09    0.75   library hold time
                                  0.75   data required time
-----------------------------------------------------------------------------
                                  0.75   data required time
                                 -1.61   data arrival time
-----------------------------------------------------------------------------
                                  0.86   slack (MET)


Startpoint: _262_ (rising edge-triggered flip-flop clocked by CLK100MHZ)
Endpoint: _262_ (rising edge-triggered flip-flop clocked by CLK100MHZ)
Path Group: CLK100MHZ
Path Type: min
Corner: Slowest

Fanout     Cap    Slew   Delay    Time   Description
-----------------------------------------------------------------------------
                          0.00    0.00   clock CLK100MHZ (rise edge)
                          0.00    0.00   clock source latency
     1    0.02    0.13    0.09    0.09 ^ CLK100MHZ (in)
                                         CLK100MHZ (net)
                  0.13    0.00    0.09 ^ clkbuf_0_CLK100MHZ/A (sky130_fd_sc_hd__clkbuf_16)
     4    0.04    0.10    0.27    0.35 ^ clkbuf_0_CLK100MHZ/X (sky130_fd_sc_hd__clkbuf_16)
                                         clknet_0_CLK100MHZ (net)
                  0.10    0.00    0.36 ^ clkbuf_2_2__f_CLK100MHZ/A (sky130_fd_sc_hd__clkbuf_16)
     8    0.03    0.08    0.23    0.59 ^ clkbuf_2_2__f_CLK100MHZ/X (sky130_fd_sc_hd__clkbuf_16)
                                         clknet_2_2__leaf_CLK100MHZ (net)
                  0.08    0.00    0.59 ^ _262_/CLK (sky130_fd_sc_hd__dfrtp_2)
     5    0.03    0.24    0.80    1.39 ^ _262_/Q (sky130_fd_sc_hd__dfrtp_2)
                                         decoder.delay[12] (net)
                  0.24    0.00    1.39 ^ _199_/A (sky130_fd_sc_hd__xnor2_1)
     1    0.01    0.11    0.22    1.61 v _199_/Y (sky130_fd_sc_hd__xnor2_1)
                                         _003_ (net)
                  0.11    0.00    1.61 v _262_/D (sky130_fd_sc_hd__dfrtp_2)
                                  1.61   data arrival time

                          0.00    0.00   clock CLK100MHZ (rise edge)
                          0.00    0.00   clock source latency
     1    0.02    0.13    0.10    0.10 ^ CLK100MHZ (in)
                                         CLK100MHZ (net)
                  0.13    0.00    0.10 ^ clkbuf_0_CLK100MHZ/A (sky130_fd_sc_hd__clkbuf_16)
     4    0.04    0.10    0.30    0.39 ^ clkbuf_0_CLK100MHZ/X (sky130_fd_sc_hd__clkbuf_16)
                                         clknet_0_CLK100MHZ (net)
                  0.10    0.00    0.39 ^ clkbuf_2_2__f_CLK100MHZ/A (sky130_fd_sc_hd__clkbuf_16)
     8    0.03    0.08    0.26    0.65 ^ clkbuf_2_2__f_CLK100MHZ/X (sky130_fd_sc_hd__clkbuf_16)
                                         clknet_2_2__leaf_CLK100MHZ (net)
                  0.08    0.00    0.65 ^ _262_/CLK (sky130_fd_sc_hd__dfrtp_2)
                          0.25    0.90   clock uncertainty
                         -0.06    0.84   clock reconvergence pessimism
                         -0.10    0.74   library hold time
                                  0.74   data required time
-----------------------------------------------------------------------------
                                  0.74   data required time
                                 -1.61   data arrival time
-----------------------------------------------------------------------------
                                  0.87   slack (MET)


Startpoint: _269_ (rising edge-triggered flip-flop clocked by CLK100MHZ)
Endpoint: _269_ (rising edge-triggered flip-flop clocked by CLK100MHZ)
Path Group: CLK100MHZ
Path Type: min
Corner: Slowest

Fanout     Cap    Slew   Delay    Time   Description
-----------------------------------------------------------------------------
                          0.00    0.00   clock CLK100MHZ (rise edge)
                          0.00    0.00   clock source latency
     1    0.02    0.13    0.09    0.09 ^ CLK100MHZ (in)
                                         CLK100MHZ (net)
                  0.13    0.00    0.09 ^ clkbuf_0_CLK100MHZ/A (sky130_fd_sc_hd__clkbuf_16)
     4    0.04    0.10    0.27    0.35 ^ clkbuf_0_CLK100MHZ/X (sky130_fd_sc_hd__clkbuf_16)
                                         clknet_0_CLK100MHZ (net)
                  0.10    0.00    0.36 ^ clkbuf_2_2__f_CLK100MHZ/A (sky130_fd_sc_hd__clkbuf_16)
     8    0.03    0.08    0.23    0.59 ^ clkbuf_2_2__f_CLK100MHZ/X (sky130_fd_sc_hd__clkbuf_16)
                                         clknet_2_2__leaf_CLK100MHZ (net)
                  0.08    0.00    0.59 ^ _269_/CLK (sky130_fd_sc_hd__dfrtp_1)
     2    0.01    0.20    0.71    1.30 ^ _269_/Q (sky130_fd_sc_hd__dfrtp_1)
                                         decoder.delay[19] (net)
                  0.20    0.00    1.30 ^ _213_/B2 (sky130_fd_sc_hd__o2bb2a_1)
     1    0.01    0.13    0.33    1.63 ^ _213_/X (sky130_fd_sc_hd__o2bb2a_1)
                                         _010_ (net)
                  0.13    0.00    1.63 ^ _269_/D (sky130_fd_sc_hd__dfrtp_1)
                                  1.63   data arrival time

                          0.00    0.00   clock CLK100MHZ (rise edge)
                          0.00    0.00   clock source latency
     1    0.02    0.13    0.10    0.10 ^ CLK100MHZ (in)
                                         CLK100MHZ (net)
                  0.13    0.00    0.10 ^ clkbuf_0_CLK100MHZ/A (sky130_fd_sc_hd__clkbuf_16)
     4    0.04    0.10    0.30    0.39 ^ clkbuf_0_CLK100MHZ/X (sky130_fd_sc_hd__clkbuf_16)
                                         clknet_0_CLK100MHZ (net)
                  0.10    0.00    0.39 ^ clkbuf_2_2__f_CLK100MHZ/A (sky130_fd_sc_hd__clkbuf_16)
     8    0.03    0.08    0.26    0.65 ^ clkbuf_2_2__f_CLK100MHZ/X (sky130_fd_sc_hd__clkbuf_16)
                                         clknet_2_2__leaf_CLK100MHZ (net)
                  0.08    0.00    0.65 ^ _269_/CLK (sky130_fd_sc_hd__dfrtp_1)
                          0.25    0.90   clock uncertainty
                         -0.06    0.84   clock reconvergence pessimism
                         -0.09    0.75   library hold time
                                  0.75   data required time
-----------------------------------------------------------------------------
                                  0.75   data required time
                                 -1.63   data arrival time
-----------------------------------------------------------------------------
                                  0.88   slack (MET)


Startpoint: _274_ (rising edge-triggered flip-flop clocked by CLK100MHZ)
Endpoint: _274_ (rising edge-triggered flip-flop clocked by CLK100MHZ)
Path Group: CLK100MHZ
Path Type: min
Corner: Slowest

Fanout     Cap    Slew   Delay    Time   Description
-----------------------------------------------------------------------------
                          0.00    0.00   clock CLK100MHZ (rise edge)
                          0.00    0.00   clock source latency
     1    0.02    0.13    0.09    0.09 ^ CLK100MHZ (in)
                                         CLK100MHZ (net)
                  0.13    0.00    0.09 ^ clkbuf_0_CLK100MHZ/A (sky130_fd_sc_hd__clkbuf_16)
     4    0.04    0.10    0.27    0.35 ^ clkbuf_0_CLK100MHZ/X (sky130_fd_sc_hd__clkbuf_16)
                                         clknet_0_CLK100MHZ (net)
                  0.10    0.00    0.35 ^ clkbuf_2_3__f_CLK100MHZ/A (sky130_fd_sc_hd__clkbuf_16)
     8    0.03    0.07    0.23    0.58 ^ clkbuf_2_3__f_CLK100MHZ/X (sky130_fd_sc_hd__clkbuf_16)
                                         clknet_2_3__leaf_CLK100MHZ (net)
                  0.07    0.00    0.58 ^ _274_/CLK (sky130_fd_sc_hd__dfrtp_2)
     5    0.03    0.24    0.80    1.39 ^ _274_/Q (sky130_fd_sc_hd__dfrtp_2)
                                         decoder.delay[24] (net)
                  0.24    0.00    1.39 ^ _154_/A (sky130_fd_sc_hd__xnor2_1)
     1    0.01    0.15    0.25    1.64 v _154_/Y (sky130_fd_sc_hd__xnor2_1)
                                         _016_ (net)
                  0.15    0.00    1.64 v _274_/D (sky130_fd_sc_hd__dfrtp_2)
                                  1.64   data arrival time

                          0.00    0.00   clock CLK100MHZ (rise edge)
                          0.00    0.00   clock source latency
     1    0.02    0.13    0.10    0.10 ^ CLK100MHZ (in)
                                         CLK100MHZ (net)
                  0.13    0.00    0.10 ^ clkbuf_0_CLK100MHZ/A (sky130_fd_sc_hd__clkbuf_16)
     4    0.04    0.10    0.30    0.39 ^ clkbuf_0_CLK100MHZ/X (sky130_fd_sc_hd__clkbuf_16)
                                         clknet_0_CLK100MHZ (net)
                  0.10    0.00    0.39 ^ clkbuf_2_3__f_CLK100MHZ/A (sky130_fd_sc_hd__clkbuf_16)
     8    0.03    0.07    0.25    0.65 ^ clkbuf_2_3__f_CLK100MHZ/X (sky130_fd_sc_hd__clkbuf_16)
                                         clknet_2_3__leaf_CLK100MHZ (net)
                  0.07    0.00    0.65 ^ _274_/CLK (sky130_fd_sc_hd__dfrtp_2)
                          0.25    0.90   clock uncertainty
                         -0.06    0.83   clock reconvergence pessimism
                         -0.12    0.72   library hold time
                                  0.72   data required time
-----------------------------------------------------------------------------
                                  0.72   data required time
                                 -1.64   data arrival time
-----------------------------------------------------------------------------
                                  0.92   slack (MET)


Startpoint: _259_ (rising edge-triggered flip-flop clocked by CLK100MHZ)
Endpoint: _259_ (rising edge-triggered flip-flop clocked by CLK100MHZ)
Path Group: CLK100MHZ
Path Type: min
Corner: Slowest

Fanout     Cap    Slew   Delay    Time   Description
-----------------------------------------------------------------------------
                          0.00    0.00   clock CLK100MHZ (rise edge)
                          0.00    0.00   clock source latency
     1    0.02    0.13    0.09    0.09 ^ CLK100MHZ (in)
                                         CLK100MHZ (net)
                  0.13    0.00    0.09 ^ clkbuf_0_CLK100MHZ/A (sky130_fd_sc_hd__clkbuf_16)
     4    0.04    0.10    0.27    0.35 ^ clkbuf_0_CLK100MHZ/X (sky130_fd_sc_hd__clkbuf_16)
                                         clknet_0_CLK100MHZ (net)
                  0.10    0.00    0.35 ^ clkbuf_2_1__f_CLK100MHZ/A (sky130_fd_sc_hd__clkbuf_16)
     8    0.02    0.07    0.22    0.58 ^ clkbuf_2_1__f_CLK100MHZ/X (sky130_fd_sc_hd__clkbuf_16)
                                         clknet_2_1__leaf_CLK100MHZ (net)
                  0.07    0.00    0.58 ^ _259_/CLK (sky130_fd_sc_hd__dfrtp_2)
     4    0.03    0.26    0.82    1.40 ^ _259_/Q (sky130_fd_sc_hd__dfrtp_2)
                                         decoder.delay[9] (net)
                  0.26    0.00    1.40 ^ _191_/A (sky130_fd_sc_hd__xnor2_1)
     1    0.01    0.14    0.25    1.64 v _191_/Y (sky130_fd_sc_hd__xnor2_1)
                                         _024_ (net)
                  0.14    0.00    1.64 v _259_/D (sky130_fd_sc_hd__dfrtp_2)
                                  1.64   data arrival time

                          0.00    0.00   clock CLK100MHZ (rise edge)
                          0.00    0.00   clock source latency
     1    0.02    0.13    0.10    0.10 ^ CLK100MHZ (in)
                                         CLK100MHZ (net)
                  0.13    0.00    0.10 ^ clkbuf_0_CLK100MHZ/A (sky130_fd_sc_hd__clkbuf_16)
     4    0.04    0.10    0.30    0.39 ^ clkbuf_0_CLK100MHZ/X (sky130_fd_sc_hd__clkbuf_16)
                                         clknet_0_CLK100MHZ (net)
                  0.10    0.00    0.39 ^ clkbuf_2_1__f_CLK100MHZ/A (sky130_fd_sc_hd__clkbuf_16)
     8    0.02    0.07    0.25    0.64 ^ clkbuf_2_1__f_CLK100MHZ/X (sky130_fd_sc_hd__clkbuf_16)
                                         clknet_2_1__leaf_CLK100MHZ (net)
                  0.07    0.00    0.64 ^ _259_/CLK (sky130_fd_sc_hd__dfrtp_2)
                          0.25    0.89   clock uncertainty
                         -0.06    0.83   clock reconvergence pessimism
                         -0.11    0.71   library hold time
                                  0.71   data required time
-----------------------------------------------------------------------------
                                  0.71   data required time
                                 -1.64   data arrival time
-----------------------------------------------------------------------------
                                  0.93   slack (MET)


Startpoint: _256_ (rising edge-triggered flip-flop clocked by CLK100MHZ)
Endpoint: _256_ (rising edge-triggered flip-flop clocked by CLK100MHZ)
Path Group: CLK100MHZ
Path Type: min
Corner: Slowest

Fanout     Cap    Slew   Delay    Time   Description
-----------------------------------------------------------------------------
                          0.00    0.00   clock CLK100MHZ (rise edge)
                          0.00    0.00   clock source latency
     1    0.02    0.13    0.09    0.09 ^ CLK100MHZ (in)
                                         CLK100MHZ (net)
                  0.13    0.00    0.09 ^ clkbuf_0_CLK100MHZ/A (sky130_fd_sc_hd__clkbuf_16)
     4    0.04    0.10    0.27    0.35 ^ clkbuf_0_CLK100MHZ/X (sky130_fd_sc_hd__clkbuf_16)
                                         clknet_0_CLK100MHZ (net)
                  0.10    0.00    0.35 ^ clkbuf_2_0__f_CLK100MHZ/A (sky130_fd_sc_hd__clkbuf_16)
     8    0.03    0.08    0.23    0.59 ^ clkbuf_2_0__f_CLK100MHZ/X (sky130_fd_sc_hd__clkbuf_16)
                                         clknet_2_0__leaf_CLK100MHZ (net)
                  0.08    0.00    0.59 ^ _256_/CLK (sky130_fd_sc_hd__dfrtp_4)
     4    0.04    0.22    0.90    1.48 ^ _256_/Q (sky130_fd_sc_hd__dfrtp_4)
                                         decoder.delay[6] (net)
                  0.22    0.00    1.48 ^ _180_/A (sky130_fd_sc_hd__xor2_1)
     1    0.01    0.09    0.21    1.69 v _180_/X (sky130_fd_sc_hd__xor2_1)
                                         _021_ (net)
                  0.09    0.00    1.69 v _256_/D (sky130_fd_sc_hd__dfrtp_4)
                                  1.69   data arrival time

                          0.00    0.00   clock CLK100MHZ (rise edge)
                          0.00    0.00   clock source latency
     1    0.02    0.13    0.10    0.10 ^ CLK100MHZ (in)
                                         CLK100MHZ (net)
                  0.13    0.00    0.10 ^ clkbuf_0_CLK100MHZ/A (sky130_fd_sc_hd__clkbuf_16)
     4    0.04    0.10    0.30    0.39 ^ clkbuf_0_CLK100MHZ/X (sky130_fd_sc_hd__clkbuf_16)
                                         clknet_0_CLK100MHZ (net)
                  0.10    0.00    0.39 ^ clkbuf_2_0__f_CLK100MHZ/A (sky130_fd_sc_hd__clkbuf_16)
     8    0.03    0.08    0.26    0.65 ^ clkbuf_2_0__f_CLK100MHZ/X (sky130_fd_sc_hd__clkbuf_16)
                                         clknet_2_0__leaf_CLK100MHZ (net)
                  0.08    0.00    0.65 ^ _256_/CLK (sky130_fd_sc_hd__dfrtp_4)
                          0.25    0.90   clock uncertainty
                         -0.06    0.84   clock reconvergence pessimism
                         -0.10    0.74   library hold time
                                  0.74   data required time
-----------------------------------------------------------------------------
                                  0.74   data required time
                                 -1.69   data arrival time
-----------------------------------------------------------------------------
                                  0.95   slack (MET)


Startpoint: BTNC (input port clocked by CLK100MHZ)
Endpoint: _267_ (removal check against rising-edge clock CLK100MHZ)
Path Group: asynchronous
Path Type: min
Corner: Slowest

Fanout     Cap    Slew   Delay    Time   Description
-----------------------------------------------------------------------------
                          0.00    0.00   clock CLK100MHZ (rise edge)
                          0.00    0.00   clock network delay (propagated)
                          2.00    2.00 v input external delay
     2    0.02    0.08    0.06    2.06 v BTNC (in)
                                         BTNC (net)
                  0.08    0.00    2.06 v _214_/A (sky130_fd_sc_hd__buf_4)
    10    0.07    0.17    0.35    2.40 v _214_/X (sky130_fd_sc_hd__buf_4)
                                         _112_ (net)
                  0.17    0.00    2.40 v _238_/A (sky130_fd_sc_hd__inv_2)
     1    0.00    0.06    0.10    2.50 ^ _238_/Y (sky130_fd_sc_hd__inv_2)
                                         _046_ (net)
                  0.06    0.00    2.50 ^ _267_/RESET_B (sky130_fd_sc_hd__dfrtp_1)
                                  2.50   data arrival time

                          0.00    0.00   clock CLK100MHZ (rise edge)
                          0.00    0.00   clock source latency
     1    0.02    0.13    0.10    0.10 ^ CLK100MHZ (in)
                                         CLK100MHZ (net)
                  0.13    0.00    0.10 ^ clkbuf_0_CLK100MHZ/A (sky130_fd_sc_hd__clkbuf_16)
     4    0.04    0.10    0.30    0.39 ^ clkbuf_0_CLK100MHZ/X (sky130_fd_sc_hd__clkbuf_16)
                                         clknet_0_CLK100MHZ (net)
                  0.10    0.00    0.39 ^ clkbuf_2_3__f_CLK100MHZ/A (sky130_fd_sc_hd__clkbuf_16)
     8    0.03    0.07    0.25    0.65 ^ clkbuf_2_3__f_CLK100MHZ/X (sky130_fd_sc_hd__clkbuf_16)
                                         clknet_2_3__leaf_CLK100MHZ (net)
                  0.07    0.00    0.65 ^ _267_/CLK (sky130_fd_sc_hd__dfrtp_1)
                          0.25    0.90   clock uncertainty
                          0.00    0.90   clock reconvergence pessimism
                          0.66    1.55   library removal time
                                  1.55   data required time
-----------------------------------------------------------------------------
                                  1.55   data required time
                                 -2.50   data arrival time
-----------------------------------------------------------------------------
                                  0.95   slack (MET)


Startpoint: BTNC (input port clocked by CLK100MHZ)
Endpoint: _272_ (removal check against rising-edge clock CLK100MHZ)
Path Group: asynchronous
Path Type: min
Corner: Slowest

Fanout     Cap    Slew   Delay    Time   Description
-----------------------------------------------------------------------------
                          0.00    0.00   clock CLK100MHZ (rise edge)
                          0.00    0.00   clock network delay (propagated)
                          2.00    2.00 v input external delay
     2    0.02    0.08    0.06    2.06 v BTNC (in)
                                         BTNC (net)
                  0.08    0.00    2.06 v _214_/A (sky130_fd_sc_hd__buf_4)
    10    0.07    0.17    0.35    2.40 v _214_/X (sky130_fd_sc_hd__buf_4)
                                         _112_ (net)
                  0.17    0.00    2.40 v _243_/A (sky130_fd_sc_hd__inv_2)
     1    0.00    0.06    0.10    2.51 ^ _243_/Y (sky130_fd_sc_hd__inv_2)
                                         _051_ (net)
                  0.06    0.00    2.51 ^ _272_/RESET_B (sky130_fd_sc_hd__dfrtp_1)
                                  2.51   data arrival time

                          0.00    0.00   clock CLK100MHZ (rise edge)
                          0.00    0.00   clock source latency
     1    0.02    0.13    0.10    0.10 ^ CLK100MHZ (in)
                                         CLK100MHZ (net)
                  0.13    0.00    0.10 ^ clkbuf_0_CLK100MHZ/A (sky130_fd_sc_hd__clkbuf_16)
     4    0.04    0.10    0.30    0.39 ^ clkbuf_0_CLK100MHZ/X (sky130_fd_sc_hd__clkbuf_16)
                                         clknet_0_CLK100MHZ (net)
                  0.10    0.00    0.39 ^ clkbuf_2_1__f_CLK100MHZ/A (sky130_fd_sc_hd__clkbuf_16)
     8    0.02    0.07    0.25    0.64 ^ clkbuf_2_1__f_CLK100MHZ/X (sky130_fd_sc_hd__clkbuf_16)
                                         clknet_2_1__leaf_CLK100MHZ (net)
                  0.07    0.00    0.64 ^ _272_/CLK (sky130_fd_sc_hd__dfrtp_1)
                          0.25    0.89   clock uncertainty
                          0.00    0.89   clock reconvergence pessimism
                          0.65    1.55   library removal time
                                  1.55   data required time
-----------------------------------------------------------------------------
                                  1.55   data required time
                                 -2.51   data arrival time
-----------------------------------------------------------------------------
                                  0.96   slack (MET)


Startpoint: _264_ (rising edge-triggered flip-flop clocked by CLK100MHZ)
Endpoint: _264_ (rising edge-triggered flip-flop clocked by CLK100MHZ)
Path Group: CLK100MHZ
Path Type: min
Corner: Slowest

Fanout     Cap    Slew   Delay    Time   Description
-----------------------------------------------------------------------------
                          0.00    0.00   clock CLK100MHZ (rise edge)
                          0.00    0.00   clock source latency
     1    0.02    0.13    0.09    0.09 ^ CLK100MHZ (in)
                                         CLK100MHZ (net)
                  0.13    0.00    0.09 ^ clkbuf_0_CLK100MHZ/A (sky130_fd_sc_hd__clkbuf_16)
     4    0.04    0.10    0.27    0.35 ^ clkbuf_0_CLK100MHZ/X (sky130_fd_sc_hd__clkbuf_16)
                                         clknet_0_CLK100MHZ (net)
                  0.10    0.00    0.35 ^ clkbuf_2_0__f_CLK100MHZ/A (sky130_fd_sc_hd__clkbuf_16)
     8    0.03    0.08    0.23    0.59 ^ clkbuf_2_0__f_CLK100MHZ/X (sky130_fd_sc_hd__clkbuf_16)
                                         clknet_2_0__leaf_CLK100MHZ (net)
                  0.08    0.00    0.59 ^ _264_/CLK (sky130_fd_sc_hd__dfrtp_1)
     3    0.02    0.28    0.77    1.36 ^ _264_/Q (sky130_fd_sc_hd__dfrtp_1)
                                         decoder.delay[14] (net)
                  0.28    0.00    1.36 ^ _204_/B2 (sky130_fd_sc_hd__o2bb2a_1)
     1    0.01    0.13    0.35    1.71 ^ _204_/X (sky130_fd_sc_hd__o2bb2a_1)
                                         _005_ (net)
                  0.13    0.00    1.71 ^ _264_/D (sky130_fd_sc_hd__dfrtp_1)
                                  1.71   data arrival time

                          0.00    0.00   clock CLK100MHZ (rise edge)
                          0.00    0.00   clock source latency
     1    0.02    0.13    0.10    0.10 ^ CLK100MHZ (in)
                                         CLK100MHZ (net)
                  0.13    0.00    0.10 ^ clkbuf_0_CLK100MHZ/A (sky130_fd_sc_hd__clkbuf_16)
     4    0.04    0.10    0.30    0.39 ^ clkbuf_0_CLK100MHZ/X (sky130_fd_sc_hd__clkbuf_16)
                                         clknet_0_CLK100MHZ (net)
                  0.10    0.00    0.39 ^ clkbuf_2_0__f_CLK100MHZ/A (sky130_fd_sc_hd__clkbuf_16)
     8    0.03    0.08    0.26    0.65 ^ clkbuf_2_0__f_CLK100MHZ/X (sky130_fd_sc_hd__clkbuf_16)
                                         clknet_2_0__leaf_CLK100MHZ (net)
                  0.08    0.00    0.65 ^ _264_/CLK (sky130_fd_sc_hd__dfrtp_1)
                          0.25    0.90   clock uncertainty
                         -0.06    0.84   clock reconvergence pessimism
                         -0.09    0.75   library hold time
                                  0.75   data required time
-----------------------------------------------------------------------------
                                  0.75   data required time
                                 -1.71   data arrival time
-----------------------------------------------------------------------------
                                  0.96   slack (MET)


Startpoint: BTNC (input port clocked by CLK100MHZ)
Endpoint: _268_ (removal check against rising-edge clock CLK100MHZ)
Path Group: asynchronous
Path Type: min
Corner: Slowest

Fanout     Cap    Slew   Delay    Time   Description
-----------------------------------------------------------------------------
                          0.00    0.00   clock CLK100MHZ (rise edge)
                          0.00    0.00   clock network delay (propagated)
                          2.00    2.00 v input external delay
     2    0.02    0.08    0.06    2.06 v BTNC (in)
                                         BTNC (net)
                  0.08    0.00    2.06 v _214_/A (sky130_fd_sc_hd__buf_4)
    10    0.07    0.17    0.35    2.40 v _214_/X (sky130_fd_sc_hd__buf_4)
                                         _112_ (net)
                  0.17    0.00    2.40 v _239_/A (sky130_fd_sc_hd__inv_2)
     1    0.01    0.07    0.12    2.52 ^ _239_/Y (sky130_fd_sc_hd__inv_2)
                                         _047_ (net)
                  0.07    0.00    2.52 ^ _268_/RESET_B (sky130_fd_sc_hd__dfrtp_2)
                                  2.52   data arrival time

                          0.00    0.00   clock CLK100MHZ (rise edge)
                          0.00    0.00   clock source latency
     1    0.02    0.13    0.10    0.10 ^ CLK100MHZ (in)
                                         CLK100MHZ (net)
                  0.13    0.00    0.10 ^ clkbuf_0_CLK100MHZ/A (sky130_fd_sc_hd__clkbuf_16)
     4    0.04    0.10    0.30    0.39 ^ clkbuf_0_CLK100MHZ/X (sky130_fd_sc_hd__clkbuf_16)
                                         clknet_0_CLK100MHZ (net)
                  0.10    0.00    0.39 ^ clkbuf_2_1__f_CLK100MHZ/A (sky130_fd_sc_hd__clkbuf_16)
     8    0.02    0.07    0.25    0.64 ^ clkbuf_2_1__f_CLK100MHZ/X (sky130_fd_sc_hd__clkbuf_16)
                                         clknet_2_1__leaf_CLK100MHZ (net)
                  0.07    0.00    0.64 ^ _268_/CLK (sky130_fd_sc_hd__dfrtp_2)
                          0.25    0.89   clock uncertainty
                          0.00    0.89   clock reconvergence pessimism
                          0.66    1.55   library removal time
                                  1.55   data required time
-----------------------------------------------------------------------------
                                  1.55   data required time
                                 -2.52   data arrival time
-----------------------------------------------------------------------------
                                  0.97   slack (MET)


Startpoint: BTNC (input port clocked by CLK100MHZ)
Endpoint: _270_ (removal check against rising-edge clock CLK100MHZ)
Path Group: asynchronous
Path Type: min
Corner: Slowest

Fanout     Cap    Slew   Delay    Time   Description
-----------------------------------------------------------------------------
                          0.00    0.00   clock CLK100MHZ (rise edge)
                          0.00    0.00   clock network delay (propagated)
                          2.00    2.00 v input external delay
     2    0.02    0.08    0.06    2.06 v BTNC (in)
                                         BTNC (net)
                  0.08    0.00    2.06 v _214_/A (sky130_fd_sc_hd__buf_4)
    10    0.07    0.17    0.35    2.40 v _214_/X (sky130_fd_sc_hd__buf_4)
                                         _112_ (net)
                  0.17    0.00    2.40 v _241_/A (sky130_fd_sc_hd__inv_2)
     1    0.01    0.09    0.13    2.53 ^ _241_/Y (sky130_fd_sc_hd__inv_2)
                                         _049_ (net)
                  0.09    0.00    2.53 ^ _270_/RESET_B (sky130_fd_sc_hd__dfrtp_1)
                                  2.53   data arrival time

                          0.00    0.00   clock CLK100MHZ (rise edge)
                          0.00    0.00   clock source latency
     1    0.02    0.13    0.10    0.10 ^ CLK100MHZ (in)
                                         CLK100MHZ (net)
                  0.13    0.00    0.10 ^ clkbuf_0_CLK100MHZ/A (sky130_fd_sc_hd__clkbuf_16)
     4    0.04    0.10    0.30    0.39 ^ clkbuf_0_CLK100MHZ/X (sky130_fd_sc_hd__clkbuf_16)
                                         clknet_0_CLK100MHZ (net)
                  0.10    0.00    0.39 ^ clkbuf_2_0__f_CLK100MHZ/A (sky130_fd_sc_hd__clkbuf_16)
     8    0.03    0.08    0.26    0.65 ^ clkbuf_2_0__f_CLK100MHZ/X (sky130_fd_sc_hd__clkbuf_16)
                                         clknet_2_0__leaf_CLK100MHZ (net)
                  0.08    0.00    0.65 ^ _270_/CLK (sky130_fd_sc_hd__dfrtp_1)
                          0.25    0.90   clock uncertainty
                          0.00    0.90   clock reconvergence pessimism
                          0.66    1.56   library removal time
                                  1.56   data required time
-----------------------------------------------------------------------------
                                  1.56   data required time
                                 -2.53   data arrival time
-----------------------------------------------------------------------------
                                  0.97   slack (MET)


Startpoint: BTNC (input port clocked by CLK100MHZ)
Endpoint: _274_ (removal check against rising-edge clock CLK100MHZ)
Path Group: asynchronous
Path Type: min
Corner: Slowest

Fanout     Cap    Slew   Delay    Time   Description
-----------------------------------------------------------------------------
                          0.00    0.00   clock CLK100MHZ (rise edge)
                          0.00    0.00   clock network delay (propagated)
                          2.00    2.00 v input external delay
     2    0.02    0.08    0.06    2.06 v BTNC (in)
                                         BTNC (net)
                  0.08    0.00    2.06 v _214_/A (sky130_fd_sc_hd__buf_4)
    10    0.07    0.17    0.35    2.40 v _214_/X (sky130_fd_sc_hd__buf_4)
                                         _112_ (net)
                  0.17    0.00    2.40 v _245_/A (sky130_fd_sc_hd__inv_2)
     1    0.01    0.09    0.14    2.54 ^ _245_/Y (sky130_fd_sc_hd__inv_2)
                                         _053_ (net)
                  0.09    0.00    2.54 ^ _274_/RESET_B (sky130_fd_sc_hd__dfrtp_2)
                                  2.54   data arrival time

                          0.00    0.00   clock CLK100MHZ (rise edge)
                          0.00    0.00   clock source latency
     1    0.02    0.13    0.10    0.10 ^ CLK100MHZ (in)
                                         CLK100MHZ (net)
                  0.13    0.00    0.10 ^ clkbuf_0_CLK100MHZ/A (sky130_fd_sc_hd__clkbuf_16)
     4    0.04    0.10    0.30    0.39 ^ clkbuf_0_CLK100MHZ/X (sky130_fd_sc_hd__clkbuf_16)
                                         clknet_0_CLK100MHZ (net)
                  0.10    0.00    0.39 ^ clkbuf_2_3__f_CLK100MHZ/A (sky130_fd_sc_hd__clkbuf_16)
     8    0.03    0.07    0.25    0.65 ^ clkbuf_2_3__f_CLK100MHZ/X (sky130_fd_sc_hd__clkbuf_16)
                                         clknet_2_3__leaf_CLK100MHZ (net)
                  0.07    0.00    0.65 ^ _274_/CLK (sky130_fd_sc_hd__dfrtp_2)
                          0.25    0.90   clock uncertainty
                          0.00    0.90   clock reconvergence pessimism
                          0.67    1.56   library removal time
                                  1.56   data required time
-----------------------------------------------------------------------------
                                  1.56   data required time
                                 -2.54   data arrival time
-----------------------------------------------------------------------------
                                  0.98   slack (MET)


Startpoint: _272_ (rising edge-triggered flip-flop clocked by CLK100MHZ)
Endpoint: _272_ (rising edge-triggered flip-flop clocked by CLK100MHZ)
Path Group: CLK100MHZ
Path Type: min
Corner: Slowest

Fanout     Cap    Slew   Delay    Time   Description
-----------------------------------------------------------------------------
                          0.00    0.00   clock CLK100MHZ (rise edge)
                          0.00    0.00   clock source latency
     1    0.02    0.13    0.09    0.09 ^ CLK100MHZ (in)
                                         CLK100MHZ (net)
                  0.13    0.00    0.09 ^ clkbuf_0_CLK100MHZ/A (sky130_fd_sc_hd__clkbuf_16)
     4    0.04    0.10    0.27    0.35 ^ clkbuf_0_CLK100MHZ/X (sky130_fd_sc_hd__clkbuf_16)
                                         clknet_0_CLK100MHZ (net)
                  0.10    0.00    0.35 ^ clkbuf_2_1__f_CLK100MHZ/A (sky130_fd_sc_hd__clkbuf_16)
     8    0.02    0.07    0.22    0.58 ^ clkbuf_2_1__f_CLK100MHZ/X (sky130_fd_sc_hd__clkbuf_16)
                                         clknet_2_1__leaf_CLK100MHZ (net)
                  0.07    0.00    0.58 ^ _272_/CLK (sky130_fd_sc_hd__dfrtp_1)
     3    0.02    0.35    0.81    1.39 ^ _272_/Q (sky130_fd_sc_hd__dfrtp_1)
                                         decoder.delay[22] (net)
                  0.35    0.00    1.39 ^ _149_/B2 (sky130_fd_sc_hd__o2bb2a_1)
     1    0.00    0.09    0.33    1.73 ^ _149_/X (sky130_fd_sc_hd__o2bb2a_1)
                                         _014_ (net)
                  0.09    0.00    1.73 ^ _272_/D (sky130_fd_sc_hd__dfrtp_1)
                                  1.73   data arrival time

                          0.00    0.00   clock CLK100MHZ (rise edge)
                          0.00    0.00   clock source latency
     1    0.02    0.13    0.10    0.10 ^ CLK100MHZ (in)
                                         CLK100MHZ (net)
                  0.13    0.00    0.10 ^ clkbuf_0_CLK100MHZ/A (sky130_fd_sc_hd__clkbuf_16)
     4    0.04    0.10    0.30    0.39 ^ clkbuf_0_CLK100MHZ/X (sky130_fd_sc_hd__clkbuf_16)
                                         clknet_0_CLK100MHZ (net)
                  0.10    0.00    0.39 ^ clkbuf_2_1__f_CLK100MHZ/A (sky130_fd_sc_hd__clkbuf_16)
     8    0.02    0.07    0.25    0.64 ^ clkbuf_2_1__f_CLK100MHZ/X (sky130_fd_sc_hd__clkbuf_16)
                                         clknet_2_1__leaf_CLK100MHZ (net)
                  0.07    0.00    0.64 ^ _272_/CLK (sky130_fd_sc_hd__dfrtp_1)
                          0.25    0.89   clock uncertainty
                         -0.06    0.83   clock reconvergence pessimism
                         -0.08    0.75   library hold time
                                  0.75   data required time
-----------------------------------------------------------------------------
                                  0.75   data required time
                                 -1.73   data arrival time
-----------------------------------------------------------------------------
                                  0.98   slack (MET)


Startpoint: BTNC (input port clocked by CLK100MHZ)
Endpoint: _271_ (removal check against rising-edge clock CLK100MHZ)
Path Group: asynchronous
Path Type: min
Corner: Slowest

Fanout     Cap    Slew   Delay    Time   Description
-----------------------------------------------------------------------------
                          0.00    0.00   clock CLK100MHZ (rise edge)
                          0.00    0.00   clock network delay (propagated)
                          2.00    2.00 v input external delay
     2    0.02    0.08    0.06    2.06 v BTNC (in)
                                         BTNC (net)
                  0.08    0.00    2.06 v _214_/A (sky130_fd_sc_hd__buf_4)
    10    0.07    0.17    0.35    2.40 v _214_/X (sky130_fd_sc_hd__buf_4)
                                         _112_ (net)
                  0.17    0.00    2.40 v _242_/A (sky130_fd_sc_hd__inv_2)
     1    0.01    0.10    0.14    2.55 ^ _242_/Y (sky130_fd_sc_hd__inv_2)
                                         _050_ (net)
                  0.10    0.00    2.55 ^ _271_/RESET_B (sky130_fd_sc_hd__dfrtp_1)
                                  2.55   data arrival time

                          0.00    0.00   clock CLK100MHZ (rise edge)
                          0.00    0.00   clock source latency
     1    0.02    0.13    0.10    0.10 ^ CLK100MHZ (in)
                                         CLK100MHZ (net)
                  0.13    0.00    0.10 ^ clkbuf_0_CLK100MHZ/A (sky130_fd_sc_hd__clkbuf_16)
     4    0.04    0.10    0.30    0.39 ^ clkbuf_0_CLK100MHZ/X (sky130_fd_sc_hd__clkbuf_16)
                                         clknet_0_CLK100MHZ (net)
                  0.10    0.00    0.39 ^ clkbuf_2_0__f_CLK100MHZ/A (sky130_fd_sc_hd__clkbuf_16)
     8    0.03    0.08    0.26    0.65 ^ clkbuf_2_0__f_CLK100MHZ/X (sky130_fd_sc_hd__clkbuf_16)
                                         clknet_2_0__leaf_CLK100MHZ (net)
                  0.08    0.00    0.65 ^ _271_/CLK (sky130_fd_sc_hd__dfrtp_1)
                          0.25    0.90   clock uncertainty
                          0.00    0.90   clock reconvergence pessimism
                          0.67    1.57   library removal time
                                  1.57   data required time
-----------------------------------------------------------------------------
                                  1.57   data required time
                                 -2.55   data arrival time
-----------------------------------------------------------------------------
                                  0.98   slack (MET)


Startpoint: BTNC (input port clocked by CLK100MHZ)
Endpoint: _273_ (removal check against rising-edge clock CLK100MHZ)
Path Group: asynchronous
Path Type: min
Corner: Slowest

Fanout     Cap    Slew   Delay    Time   Description
-----------------------------------------------------------------------------
                          0.00    0.00   clock CLK100MHZ (rise edge)
                          0.00    0.00   clock network delay (propagated)
                          2.00    2.00 v input external delay
     2    0.02    0.08    0.06    2.06 v BTNC (in)
                                         BTNC (net)
                  0.08    0.00    2.06 v _214_/A (sky130_fd_sc_hd__buf_4)
    10    0.07    0.17    0.35    2.40 v _214_/X (sky130_fd_sc_hd__buf_4)
                                         _112_ (net)
                  0.17    0.00    2.40 v _244_/A (sky130_fd_sc_hd__inv_2)
     1    0.01    0.11    0.15    2.55 ^ _244_/Y (sky130_fd_sc_hd__inv_2)
                                         _052_ (net)
                  0.11    0.00    2.55 ^ _273_/RESET_B (sky130_fd_sc_hd__dfrtp_1)
                                  2.55   data arrival time

                          0.00    0.00   clock CLK100MHZ (rise edge)
                          0.00    0.00   clock source latency
     1    0.02    0.13    0.10    0.10 ^ CLK100MHZ (in)
                                         CLK100MHZ (net)
                  0.13    0.00    0.10 ^ clkbuf_0_CLK100MHZ/A (sky130_fd_sc_hd__clkbuf_16)
     4    0.04    0.10    0.30    0.39 ^ clkbuf_0_CLK100MHZ/X (sky130_fd_sc_hd__clkbuf_16)
                                         clknet_0_CLK100MHZ (net)
                  0.10    0.00    0.39 ^ clkbuf_2_3__f_CLK100MHZ/A (sky130_fd_sc_hd__clkbuf_16)
     8    0.03    0.07    0.25    0.65 ^ clkbuf_2_3__f_CLK100MHZ/X (sky130_fd_sc_hd__clkbuf_16)
                                         clknet_2_3__leaf_CLK100MHZ (net)
                  0.07    0.00    0.65 ^ _273_/CLK (sky130_fd_sc_hd__dfrtp_1)
                          0.25    0.90   clock uncertainty
                          0.00    0.90   clock reconvergence pessimism
                          0.67    1.57   library removal time
                                  1.57   data required time
-----------------------------------------------------------------------------
                                  1.57   data required time
                                 -2.55   data arrival time
-----------------------------------------------------------------------------
                                  0.99   slack (MET)


Startpoint: BTNC (input port clocked by CLK100MHZ)
Endpoint: _256_ (removal check against rising-edge clock CLK100MHZ)
Path Group: asynchronous
Path Type: min
Corner: Slowest

Fanout     Cap    Slew   Delay    Time   Description
-----------------------------------------------------------------------------
                          0.00    0.00   clock CLK100MHZ (rise edge)
                          0.00    0.00   clock network delay (propagated)
                          2.00    2.00 v input external delay
     2    0.02    0.08    0.06    2.06 v BTNC (in)
                                         BTNC (net)
                  0.08    0.00    2.06 v _226_/A (sky130_fd_sc_hd__buf_4)
    10    0.08    0.19    0.37    2.42 v _226_/X (sky130_fd_sc_hd__buf_4)
                                         _114_ (net)
                  0.19    0.00    2.42 v _227_/A (sky130_fd_sc_hd__inv_2)
     1    0.01    0.08    0.13    2.55 ^ _227_/Y (sky130_fd_sc_hd__inv_2)
                                         _035_ (net)
                  0.08    0.00    2.55 ^ _256_/RESET_B (sky130_fd_sc_hd__dfrtp_4)
                                  2.55   data arrival time

                          0.00    0.00   clock CLK100MHZ (rise edge)
                          0.00    0.00   clock source latency
     1    0.02    0.13    0.10    0.10 ^ CLK100MHZ (in)
                                         CLK100MHZ (net)
                  0.13    0.00    0.10 ^ clkbuf_0_CLK100MHZ/A (sky130_fd_sc_hd__clkbuf_16)
     4    0.04    0.10    0.30    0.39 ^ clkbuf_0_CLK100MHZ/X (sky130_fd_sc_hd__clkbuf_16)
                                         clknet_0_CLK100MHZ (net)
                  0.10    0.00    0.39 ^ clkbuf_2_0__f_CLK100MHZ/A (sky130_fd_sc_hd__clkbuf_16)
     8    0.03    0.08    0.26    0.65 ^ clkbuf_2_0__f_CLK100MHZ/X (sky130_fd_sc_hd__clkbuf_16)
                                         clknet_2_0__leaf_CLK100MHZ (net)
                  0.08    0.00    0.65 ^ _256_/CLK (sky130_fd_sc_hd__dfrtp_4)
                          0.25    0.90   clock uncertainty
                          0.00    0.90   clock reconvergence pessimism
                          0.66    1.56   library removal time
                                  1.56   data required time
-----------------------------------------------------------------------------
                                  1.56   data required time
                                 -2.55   data arrival time
-----------------------------------------------------------------------------
                                  0.99   slack (MET)


Startpoint: BTNC (input port clocked by CLK100MHZ)
Endpoint: _261_ (removal check against rising-edge clock CLK100MHZ)
Path Group: asynchronous
Path Type: min
Corner: Slowest

Fanout     Cap    Slew   Delay    Time   Description
-----------------------------------------------------------------------------
                          0.00    0.00   clock CLK100MHZ (rise edge)
                          0.00    0.00   clock network delay (propagated)
                          2.00    2.00 v input external delay
     2    0.02    0.08    0.06    2.06 v BTNC (in)
                                         BTNC (net)
                  0.08    0.00    2.06 v _226_/A (sky130_fd_sc_hd__buf_4)
    10    0.08    0.19    0.37    2.42 v _226_/X (sky130_fd_sc_hd__buf_4)
                                         _114_ (net)
                  0.19    0.00    2.42 v _232_/A (sky130_fd_sc_hd__inv_2)
     1    0.01    0.08    0.13    2.55 ^ _232_/Y (sky130_fd_sc_hd__inv_2)
                                         _040_ (net)
                  0.08    0.00    2.55 ^ _261_/RESET_B (sky130_fd_sc_hd__dfrtp_1)
                                  2.55   data arrival time

                          0.00    0.00   clock CLK100MHZ (rise edge)
                          0.00    0.00   clock source latency
     1    0.02    0.13    0.10    0.10 ^ CLK100MHZ (in)
                                         CLK100MHZ (net)
                  0.13    0.00    0.10 ^ clkbuf_0_CLK100MHZ/A (sky130_fd_sc_hd__clkbuf_16)
     4    0.04    0.10    0.30    0.39 ^ clkbuf_0_CLK100MHZ/X (sky130_fd_sc_hd__clkbuf_16)
                                         clknet_0_CLK100MHZ (net)
                  0.10    0.00    0.39 ^ clkbuf_2_3__f_CLK100MHZ/A (sky130_fd_sc_hd__clkbuf_16)
     8    0.03    0.07    0.25    0.65 ^ clkbuf_2_3__f_CLK100MHZ/X (sky130_fd_sc_hd__clkbuf_16)
                                         clknet_2_3__leaf_CLK100MHZ (net)
                  0.07    0.00    0.65 ^ _261_/CLK (sky130_fd_sc_hd__dfrtp_1)
                          0.25    0.90   clock uncertainty
                          0.00    0.90   clock reconvergence pessimism
                          0.66    1.56   library removal time
                                  1.56   data required time
-----------------------------------------------------------------------------
                                  1.56   data required time
                                 -2.55   data arrival time
-----------------------------------------------------------------------------
                                  0.99   slack (MET)


Startpoint: BTNC (input port clocked by CLK100MHZ)
Endpoint: _266_ (removal check against rising-edge clock CLK100MHZ)
Path Group: asynchronous
Path Type: min
Corner: Slowest

Fanout     Cap    Slew   Delay    Time   Description
-----------------------------------------------------------------------------
                          0.00    0.00   clock CLK100MHZ (rise edge)
                          0.00    0.00   clock network delay (propagated)
                          2.00    2.00 v input external delay
     2    0.02    0.08    0.06    2.06 v BTNC (in)
                                         BTNC (net)
                  0.08    0.00    2.06 v _214_/A (sky130_fd_sc_hd__buf_4)
    10    0.07    0.17    0.35    2.40 v _214_/X (sky130_fd_sc_hd__buf_4)
                                         _112_ (net)
                  0.17    0.00    2.40 v _237_/A (sky130_fd_sc_hd__inv_2)
     1    0.02    0.13    0.17    2.57 ^ _237_/Y (sky130_fd_sc_hd__inv_2)
                                         _045_ (net)
                  0.13    0.00    2.57 ^ _266_/RESET_B (sky130_fd_sc_hd__dfrtp_2)
                                  2.57   data arrival time

                          0.00    0.00   clock CLK100MHZ (rise edge)
                          0.00    0.00   clock source latency
     1    0.02    0.13    0.10    0.10 ^ CLK100MHZ (in)
                                         CLK100MHZ (net)
                  0.13    0.00    0.10 ^ clkbuf_0_CLK100MHZ/A (sky130_fd_sc_hd__clkbuf_16)
     4    0.04    0.10    0.30    0.39 ^ clkbuf_0_CLK100MHZ/X (sky130_fd_sc_hd__clkbuf_16)
                                         clknet_0_CLK100MHZ (net)
                  0.10    0.00    0.39 ^ clkbuf_2_0__f_CLK100MHZ/A (sky130_fd_sc_hd__clkbuf_16)
     8    0.03    0.08    0.26    0.65 ^ clkbuf_2_0__f_CLK100MHZ/X (sky130_fd_sc_hd__clkbuf_16)
                                         clknet_2_0__leaf_CLK100MHZ (net)
                  0.08    0.00    0.65 ^ _266_/CLK (sky130_fd_sc_hd__dfrtp_2)
                          0.25    0.90   clock uncertainty
                          0.00    0.90   clock reconvergence pessimism
                          0.68    1.57   library removal time
                                  1.57   data required time
-----------------------------------------------------------------------------
                                  1.57   data required time
                                 -2.57   data arrival time
-----------------------------------------------------------------------------
                                  0.99   slack (MET)


Startpoint: BTNC (input port clocked by CLK100MHZ)
Endpoint: _259_ (removal check against rising-edge clock CLK100MHZ)
Path Group: asynchronous
Path Type: min
Corner: Slowest

Fanout     Cap    Slew   Delay    Time   Description
-----------------------------------------------------------------------------
                          0.00    0.00   clock CLK100MHZ (rise edge)
                          0.00    0.00   clock network delay (propagated)
                          2.00    2.00 v input external delay
     2    0.02    0.08    0.06    2.06 v BTNC (in)
                                         BTNC (net)
                  0.08    0.00    2.06 v _226_/A (sky130_fd_sc_hd__buf_4)
    10    0.08    0.19    0.37    2.42 v _226_/X (sky130_fd_sc_hd__buf_4)
                                         _114_ (net)
                  0.19    0.00    2.42 v _230_/A (sky130_fd_sc_hd__inv_2)
     1    0.01    0.08    0.13    2.55 ^ _230_/Y (sky130_fd_sc_hd__inv_2)
                                         _038_ (net)
                  0.08    0.00    2.55 ^ _259_/RESET_B (sky130_fd_sc_hd__dfrtp_2)
                                  2.55   data arrival time

                          0.00    0.00   clock CLK100MHZ (rise edge)
                          0.00    0.00   clock source latency
     1    0.02    0.13    0.10    0.10 ^ CLK100MHZ (in)
                                         CLK100MHZ (net)
                  0.13    0.00    0.10 ^ clkbuf_0_CLK100MHZ/A (sky130_fd_sc_hd__clkbuf_16)
     4    0.04    0.10    0.30    0.39 ^ clkbuf_0_CLK100MHZ/X (sky130_fd_sc_hd__clkbuf_16)
                                         clknet_0_CLK100MHZ (net)
                  0.10    0.00    0.39 ^ clkbuf_2_1__f_CLK100MHZ/A (sky130_fd_sc_hd__clkbuf_16)
     8    0.02    0.07    0.25    0.64 ^ clkbuf_2_1__f_CLK100MHZ/X (sky130_fd_sc_hd__clkbuf_16)
                                         clknet_2_1__leaf_CLK100MHZ (net)
                  0.07    0.00    0.64 ^ _259_/CLK (sky130_fd_sc_hd__dfrtp_2)
                          0.25    0.89   clock uncertainty
                          0.00    0.89   clock reconvergence pessimism
                          0.66    1.55   library removal time
                                  1.55   data required time
-----------------------------------------------------------------------------
                                  1.55   data required time
                                 -2.55   data arrival time
-----------------------------------------------------------------------------
                                  1.00   slack (MET)


Startpoint: BTNC (input port clocked by CLK100MHZ)
Endpoint: _269_ (removal check against rising-edge clock CLK100MHZ)
Path Group: asynchronous
Path Type: min
Corner: Slowest

Fanout     Cap    Slew   Delay    Time   Description
-----------------------------------------------------------------------------
                          0.00    0.00   clock CLK100MHZ (rise edge)
                          0.00    0.00   clock network delay (propagated)
                          2.00    2.00 v input external delay
     2    0.02    0.08    0.06    2.06 v BTNC (in)
                                         BTNC (net)
                  0.08    0.00    2.06 v _214_/A (sky130_fd_sc_hd__buf_4)
    10    0.07    0.17    0.35    2.40 v _214_/X (sky130_fd_sc_hd__buf_4)
                                         _112_ (net)
                  0.17    0.00    2.40 v _240_/A (sky130_fd_sc_hd__inv_2)
     1    0.02    0.14    0.18    2.58 ^ _240_/Y (sky130_fd_sc_hd__inv_2)
                                         _048_ (net)
                  0.14    0.00    2.58 ^ _269_/RESET_B (sky130_fd_sc_hd__dfrtp_1)
                                  2.58   data arrival time

                          0.00    0.00   clock CLK100MHZ (rise edge)
                          0.00    0.00   clock source latency
     1    0.02    0.13    0.10    0.10 ^ CLK100MHZ (in)
                                         CLK100MHZ (net)
                  0.13    0.00    0.10 ^ clkbuf_0_CLK100MHZ/A (sky130_fd_sc_hd__clkbuf_16)
     4    0.04    0.10    0.30    0.39 ^ clkbuf_0_CLK100MHZ/X (sky130_fd_sc_hd__clkbuf_16)
                                         clknet_0_CLK100MHZ (net)
                  0.10    0.00    0.39 ^ clkbuf_2_2__f_CLK100MHZ/A (sky130_fd_sc_hd__clkbuf_16)
     8    0.03    0.08    0.26    0.65 ^ clkbuf_2_2__f_CLK100MHZ/X (sky130_fd_sc_hd__clkbuf_16)
                                         clknet_2_2__leaf_CLK100MHZ (net)
                  0.08    0.00    0.65 ^ _269_/CLK (sky130_fd_sc_hd__dfrtp_1)
                          0.25    0.90   clock uncertainty
                          0.00    0.90   clock reconvergence pessimism
                          0.68    1.58   library removal time
                                  1.58   data required time
-----------------------------------------------------------------------------
                                  1.58   data required time
                                 -2.58   data arrival time
-----------------------------------------------------------------------------
                                  1.00   slack (MET)


Startpoint: BTNC (input port clocked by CLK100MHZ)
Endpoint: _264_ (removal check against rising-edge clock CLK100MHZ)
Path Group: asynchronous
Path Type: min
Corner: Slowest

Fanout     Cap    Slew   Delay    Time   Description
-----------------------------------------------------------------------------
                          0.00    0.00   clock CLK100MHZ (rise edge)
                          0.00    0.00   clock network delay (propagated)
                          2.00    2.00 v input external delay
     2    0.02    0.08    0.06    2.06 v BTNC (in)
                                         BTNC (net)
                  0.08    0.00    2.06 v _226_/A (sky130_fd_sc_hd__buf_4)
    10    0.08    0.19    0.37    2.42 v _226_/X (sky130_fd_sc_hd__buf_4)
                                         _114_ (net)
                  0.19    0.00    2.42 v _235_/A (sky130_fd_sc_hd__inv_2)
     1    0.01    0.09    0.14    2.56 ^ _235_/Y (sky130_fd_sc_hd__inv_2)
                                         _043_ (net)
                  0.09    0.00    2.57 ^ _264_/RESET_B (sky130_fd_sc_hd__dfrtp_1)
                                  2.57   data arrival time

                          0.00    0.00   clock CLK100MHZ (rise edge)
                          0.00    0.00   clock source latency
     1    0.02    0.13    0.10    0.10 ^ CLK100MHZ (in)
                                         CLK100MHZ (net)
                  0.13    0.00    0.10 ^ clkbuf_0_CLK100MHZ/A (sky130_fd_sc_hd__clkbuf_16)
     4    0.04    0.10    0.30    0.39 ^ clkbuf_0_CLK100MHZ/X (sky130_fd_sc_hd__clkbuf_16)
                                         clknet_0_CLK100MHZ (net)
                  0.10    0.00    0.39 ^ clkbuf_2_0__f_CLK100MHZ/A (sky130_fd_sc_hd__clkbuf_16)
     8    0.03    0.08    0.26    0.65 ^ clkbuf_2_0__f_CLK100MHZ/X (sky130_fd_sc_hd__clkbuf_16)
                                         clknet_2_0__leaf_CLK100MHZ (net)
                  0.08    0.00    0.65 ^ _264_/CLK (sky130_fd_sc_hd__dfrtp_1)
                          0.25    0.90   clock uncertainty
                          0.00    0.90   clock reconvergence pessimism
                          0.67    1.56   library removal time
                                  1.56   data required time
-----------------------------------------------------------------------------
                                  1.56   data required time
                                 -2.57   data arrival time
-----------------------------------------------------------------------------
                                  1.00   slack (MET)


Startpoint: BTNC (input port clocked by CLK100MHZ)
Endpoint: _257_ (removal check against rising-edge clock CLK100MHZ)
Path Group: asynchronous
Path Type: min
Corner: Slowest

Fanout     Cap    Slew   Delay    Time   Description
-----------------------------------------------------------------------------
                          0.00    0.00   clock CLK100MHZ (rise edge)
                          0.00    0.00   clock network delay (propagated)
                          2.00    2.00 v input external delay
     2    0.02    0.08    0.06    2.06 v BTNC (in)
                                         BTNC (net)
                  0.08    0.00    2.06 v _226_/A (sky130_fd_sc_hd__buf_4)
    10    0.08    0.19    0.37    2.42 v _226_/X (sky130_fd_sc_hd__buf_4)
                                         _114_ (net)
                  0.19    0.00    2.42 v _228_/A (sky130_fd_sc_hd__inv_2)
     1    0.01    0.10    0.15    2.57 ^ _228_/Y (sky130_fd_sc_hd__inv_2)
                                         _036_ (net)
                  0.10    0.00    2.57 ^ _257_/RESET_B (sky130_fd_sc_hd__dfrtp_1)
                                  2.57   data arrival time

                          0.00    0.00   clock CLK100MHZ (rise edge)
                          0.00    0.00   clock source latency
     1    0.02    0.13    0.10    0.10 ^ CLK100MHZ (in)
                                         CLK100MHZ (net)
                  0.13    0.00    0.10 ^ clkbuf_0_CLK100MHZ/A (sky130_fd_sc_hd__clkbuf_16)
     4    0.04    0.10    0.30    0.39 ^ clkbuf_0_CLK100MHZ/X (sky130_fd_sc_hd__clkbuf_16)
                                         clknet_0_CLK100MHZ (net)
                  0.10    0.00    0.39 ^ clkbuf_2_3__f_CLK100MHZ/A (sky130_fd_sc_hd__clkbuf_16)
     8    0.03    0.07    0.25    0.65 ^ clkbuf_2_3__f_CLK100MHZ/X (sky130_fd_sc_hd__clkbuf_16)
                                         clknet_2_3__leaf_CLK100MHZ (net)
                  0.07    0.00    0.65 ^ _257_/CLK (sky130_fd_sc_hd__dfrtp_1)
                          0.25    0.90   clock uncertainty
                          0.00    0.90   clock reconvergence pessimism
                          0.67    1.56   library removal time
                                  1.56   data required time
-----------------------------------------------------------------------------
                                  1.56   data required time
                                 -2.57   data arrival time
-----------------------------------------------------------------------------
                                  1.01   slack (MET)


Startpoint: _255_ (rising edge-triggered flip-flop clocked by CLK100MHZ)
Endpoint: _255_ (rising edge-triggered flip-flop clocked by CLK100MHZ)
Path Group: CLK100MHZ
Path Type: min
Corner: Slowest

Fanout     Cap    Slew   Delay    Time   Description
-----------------------------------------------------------------------------
                          0.00    0.00   clock CLK100MHZ (rise edge)
                          0.00    0.00   clock source latency
     1    0.02    0.13    0.09    0.09 ^ CLK100MHZ (in)
                                         CLK100MHZ (net)
                  0.13    0.00    0.09 ^ clkbuf_0_CLK100MHZ/A (sky130_fd_sc_hd__clkbuf_16)
     4    0.04    0.10    0.27    0.35 ^ clkbuf_0_CLK100MHZ/X (sky130_fd_sc_hd__clkbuf_16)
                                         clknet_0_CLK100MHZ (net)
                  0.10    0.00    0.35 ^ clkbuf_2_0__f_CLK100MHZ/A (sky130_fd_sc_hd__clkbuf_16)
     8    0.03    0.08    0.23    0.59 ^ clkbuf_2_0__f_CLK100MHZ/X (sky130_fd_sc_hd__clkbuf_16)
                                         clknet_2_0__leaf_CLK100MHZ (net)
                  0.08    0.00    0.59 ^ _255_/CLK (sky130_fd_sc_hd__dfrtp_2)
     4    0.03    0.24    0.80    1.39 ^ _255_/Q (sky130_fd_sc_hd__dfrtp_2)
                                         decoder.delay[5] (net)
                  0.24    0.00    1.39 ^ _178_/A (sky130_fd_sc_hd__nor2_1)
     1    0.01    0.08    0.17    1.56 v _178_/Y (sky130_fd_sc_hd__nor2_1)
                                         _091_ (net)
                  0.08    0.00    1.56 v _179_/B (sky130_fd_sc_hd__nor2_1)
     1    0.00    0.18    0.18    1.74 ^ _179_/Y (sky130_fd_sc_hd__nor2_1)
                                         _020_ (net)
                  0.18    0.00    1.74 ^ _255_/D (sky130_fd_sc_hd__dfrtp_2)
                                  1.74   data arrival time

                          0.00    0.00   clock CLK100MHZ (rise edge)
                          0.00    0.00   clock source latency
     1    0.02    0.13    0.10    0.10 ^ CLK100MHZ (in)
                                         CLK100MHZ (net)
                  0.13    0.00    0.10 ^ clkbuf_0_CLK100MHZ/A (sky130_fd_sc_hd__clkbuf_16)
     4    0.04    0.10    0.30    0.39 ^ clkbuf_0_CLK100MHZ/X (sky130_fd_sc_hd__clkbuf_16)
                                         clknet_0_CLK100MHZ (net)
                  0.10    0.00    0.39 ^ clkbuf_2_0__f_CLK100MHZ/A (sky130_fd_sc_hd__clkbuf_16)
     8    0.03    0.08    0.26    0.65 ^ clkbuf_2_0__f_CLK100MHZ/X (sky130_fd_sc_hd__clkbuf_16)
                                         clknet_2_0__leaf_CLK100MHZ (net)
                  0.08    0.00    0.65 ^ _255_/CLK (sky130_fd_sc_hd__dfrtp_2)
                          0.25    0.90   clock uncertainty
                         -0.06    0.84   clock reconvergence pessimism
                         -0.10    0.73   library hold time
                                  0.73   data required time
-----------------------------------------------------------------------------
                                  0.73   data required time
                                 -1.74   data arrival time
-----------------------------------------------------------------------------
                                  1.01   slack (MET)


Startpoint: BTNC (input port clocked by CLK100MHZ)
Endpoint: _263_ (removal check against rising-edge clock CLK100MHZ)
Path Group: asynchronous
Path Type: min
Corner: Slowest

Fanout     Cap    Slew   Delay    Time   Description
-----------------------------------------------------------------------------
                          0.00    0.00   clock CLK100MHZ (rise edge)
                          0.00    0.00   clock network delay (propagated)
                          2.00    2.00 v input external delay
     2    0.02    0.08    0.06    2.06 v BTNC (in)
                                         BTNC (net)
                  0.08    0.00    2.06 v _226_/A (sky130_fd_sc_hd__buf_4)
    10    0.08    0.19    0.37    2.42 v _226_/X (sky130_fd_sc_hd__buf_4)
                                         _114_ (net)
                  0.19    0.00    2.42 v _234_/A (sky130_fd_sc_hd__inv_2)
     1    0.01    0.11    0.16    2.58 ^ _234_/Y (sky130_fd_sc_hd__inv_2)
                                         _042_ (net)
                  0.11    0.00    2.58 ^ _263_/RESET_B (sky130_fd_sc_hd__dfrtp_1)
                                  2.58   data arrival time

                          0.00    0.00   clock CLK100MHZ (rise edge)
                          0.00    0.00   clock source latency
     1    0.02    0.13    0.10    0.10 ^ CLK100MHZ (in)
                                         CLK100MHZ (net)
                  0.13    0.00    0.10 ^ clkbuf_0_CLK100MHZ/A (sky130_fd_sc_hd__clkbuf_16)
     4    0.04    0.10    0.30    0.39 ^ clkbuf_0_CLK100MHZ/X (sky130_fd_sc_hd__clkbuf_16)
                                         clknet_0_CLK100MHZ (net)
                  0.10    0.00    0.39 ^ clkbuf_2_2__f_CLK100MHZ/A (sky130_fd_sc_hd__clkbuf_16)
     8    0.03    0.08    0.26    0.65 ^ clkbuf_2_2__f_CLK100MHZ/X (sky130_fd_sc_hd__clkbuf_16)
                                         clknet_2_2__leaf_CLK100MHZ (net)
                  0.08    0.00    0.65 ^ _263_/CLK (sky130_fd_sc_hd__dfrtp_1)
                          0.25    0.90   clock uncertainty
                          0.00    0.90   clock reconvergence pessimism
                          0.67    1.57   library removal time
                                  1.57   data required time
-----------------------------------------------------------------------------
                                  1.57   data required time
                                 -2.58   data arrival time
-----------------------------------------------------------------------------
                                  1.01   slack (MET)


Startpoint: BTNC (input port clocked by CLK100MHZ)
Endpoint: _258_ (removal check against rising-edge clock CLK100MHZ)
Path Group: asynchronous
Path Type: min
Corner: Slowest

Fanout     Cap    Slew   Delay    Time   Description
-----------------------------------------------------------------------------
                          0.00    0.00   clock CLK100MHZ (rise edge)
                          0.00    0.00   clock network delay (propagated)
                          2.00    2.00 v input external delay
     2    0.02    0.08    0.06    2.06 v BTNC (in)
                                         BTNC (net)
                  0.08    0.00    2.06 v _226_/A (sky130_fd_sc_hd__buf_4)
    10    0.08    0.19    0.37    2.42 v _226_/X (sky130_fd_sc_hd__buf_4)
                                         _114_ (net)
                  0.19    0.00    2.42 v _229_/A (sky130_fd_sc_hd__inv_2)
     1    0.01    0.11    0.16    2.58 ^ _229_/Y (sky130_fd_sc_hd__inv_2)
                                         _037_ (net)
                  0.11    0.00    2.58 ^ _258_/RESET_B (sky130_fd_sc_hd__dfrtp_4)
                                  2.58   data arrival time

                          0.00    0.00   clock CLK100MHZ (rise edge)
                          0.00    0.00   clock source latency
     1    0.02    0.13    0.10    0.10 ^ CLK100MHZ (in)
                                         CLK100MHZ (net)
                  0.13    0.00    0.10 ^ clkbuf_0_CLK100MHZ/A (sky130_fd_sc_hd__clkbuf_16)
     4    0.04    0.10    0.30    0.39 ^ clkbuf_0_CLK100MHZ/X (sky130_fd_sc_hd__clkbuf_16)
                                         clknet_0_CLK100MHZ (net)
                  0.10    0.00    0.39 ^ clkbuf_2_3__f_CLK100MHZ/A (sky130_fd_sc_hd__clkbuf_16)
     8    0.03    0.07    0.25    0.65 ^ clkbuf_2_3__f_CLK100MHZ/X (sky130_fd_sc_hd__clkbuf_16)
                                         clknet_2_3__leaf_CLK100MHZ (net)
                  0.07    0.00    0.65 ^ _258_/CLK (sky130_fd_sc_hd__dfrtp_4)
                          0.25    0.90   clock uncertainty
                          0.00    0.90   clock reconvergence pessimism
                          0.67    1.57   library removal time
                                  1.57   data required time
-----------------------------------------------------------------------------
                                  1.57   data required time
                                 -2.58   data arrival time
-----------------------------------------------------------------------------
                                  1.01   slack (MET)


Startpoint: BTNC (input port clocked by CLK100MHZ)
Endpoint: _262_ (removal check against rising-edge clock CLK100MHZ)
Path Group: asynchronous
Path Type: min
Corner: Slowest

Fanout     Cap    Slew   Delay    Time   Description
-----------------------------------------------------------------------------
                          0.00    0.00   clock CLK100MHZ (rise edge)
                          0.00    0.00   clock network delay (propagated)
                          2.00    2.00 v input external delay
     2    0.02    0.08    0.06    2.06 v BTNC (in)
                                         BTNC (net)
                  0.08    0.00    2.06 v _226_/A (sky130_fd_sc_hd__buf_4)
    10    0.08    0.19    0.37    2.42 v _226_/X (sky130_fd_sc_hd__buf_4)
                                         _114_ (net)
                  0.19    0.00    2.42 v _233_/A (sky130_fd_sc_hd__inv_2)
     1    0.01    0.12    0.16    2.59 ^ _233_/Y (sky130_fd_sc_hd__inv_2)
                                         _041_ (net)
                  0.12    0.00    2.59 ^ _262_/RESET_B (sky130_fd_sc_hd__dfrtp_2)
                                  2.59   data arrival time

                          0.00    0.00   clock CLK100MHZ (rise edge)
                          0.00    0.00   clock source latency
     1    0.02    0.13    0.10    0.10 ^ CLK100MHZ (in)
                                         CLK100MHZ (net)
                  0.13    0.00    0.10 ^ clkbuf_0_CLK100MHZ/A (sky130_fd_sc_hd__clkbuf_16)
     4    0.04    0.10    0.30    0.39 ^ clkbuf_0_CLK100MHZ/X (sky130_fd_sc_hd__clkbuf_16)
                                         clknet_0_CLK100MHZ (net)
                  0.10    0.00    0.39 ^ clkbuf_2_2__f_CLK100MHZ/A (sky130_fd_sc_hd__clkbuf_16)
     8    0.03    0.08    0.26    0.65 ^ clkbuf_2_2__f_CLK100MHZ/X (sky130_fd_sc_hd__clkbuf_16)
                                         clknet_2_2__leaf_CLK100MHZ (net)
                  0.08    0.00    0.65 ^ _262_/CLK (sky130_fd_sc_hd__dfrtp_2)
                          0.25    0.90   clock uncertainty
                          0.00    0.90   clock reconvergence pessimism
                          0.67    1.57   library removal time
                                  1.57   data required time
-----------------------------------------------------------------------------
                                  1.57   data required time
                                 -2.59   data arrival time
-----------------------------------------------------------------------------
                                  1.01   slack (MET)


Startpoint: _254_ (rising edge-triggered flip-flop clocked by CLK100MHZ)
Endpoint: _254_ (rising edge-triggered flip-flop clocked by CLK100MHZ)
Path Group: CLK100MHZ
Path Type: min
Corner: Slowest

Fanout     Cap    Slew   Delay    Time   Description
-----------------------------------------------------------------------------
                          0.00    0.00   clock CLK100MHZ (rise edge)
                          0.00    0.00   clock source latency
     1    0.02    0.13    0.09    0.09 ^ CLK100MHZ (in)
                                         CLK100MHZ (net)
                  0.13    0.00    0.09 ^ clkbuf_0_CLK100MHZ/A (sky130_fd_sc_hd__clkbuf_16)
     4    0.04    0.10    0.27    0.35 ^ clkbuf_0_CLK100MHZ/X (sky130_fd_sc_hd__clkbuf_16)
                                         clknet_0_CLK100MHZ (net)
                  0.10    0.00    0.35 ^ clkbuf_2_1__f_CLK100MHZ/A (sky130_fd_sc_hd__clkbuf_16)
     8    0.02    0.07    0.22    0.58 ^ clkbuf_2_1__f_CLK100MHZ/X (sky130_fd_sc_hd__clkbuf_16)
                                         clknet_2_1__leaf_CLK100MHZ (net)
                  0.07    0.00    0.58 ^ _254_/CLK (sky130_fd_sc_hd__dfrtp_2)
     5    0.03    0.27    0.82    1.40 ^ _254_/Q (sky130_fd_sc_hd__dfrtp_2)
                                         decoder.delay[4] (net)
                  0.27    0.00    1.40 ^ _175_/A (sky130_fd_sc_hd__nor2_1)
     1    0.01    0.11    0.19    1.59 v _175_/Y (sky130_fd_sc_hd__nor2_1)
                                         _089_ (net)
                  0.11    0.00    1.59 v _176_/B (sky130_fd_sc_hd__nor2_1)
     1    0.00    0.15    0.17    1.76 ^ _176_/Y (sky130_fd_sc_hd__nor2_1)
                                         _019_ (net)
                  0.15    0.00    1.76 ^ _254_/D (sky130_fd_sc_hd__dfrtp_2)
                                  1.76   data arrival time

                          0.00    0.00   clock CLK100MHZ (rise edge)
                          0.00    0.00   clock source latency
     1    0.02    0.13    0.10    0.10 ^ CLK100MHZ (in)
                                         CLK100MHZ (net)
                  0.13    0.00    0.10 ^ clkbuf_0_CLK100MHZ/A (sky130_fd_sc_hd__clkbuf_16)
     4    0.04    0.10    0.30    0.39 ^ clkbuf_0_CLK100MHZ/X (sky130_fd_sc_hd__clkbuf_16)
                                         clknet_0_CLK100MHZ (net)
                  0.10    0.00    0.39 ^ clkbuf_2_1__f_CLK100MHZ/A (sky130_fd_sc_hd__clkbuf_16)
     8    0.02    0.07    0.25    0.64 ^ clkbuf_2_1__f_CLK100MHZ/X (sky130_fd_sc_hd__clkbuf_16)
                                         clknet_2_1__leaf_CLK100MHZ (net)
                  0.07    0.00    0.64 ^ _254_/CLK (sky130_fd_sc_hd__dfrtp_2)
                          0.25    0.89   clock uncertainty
                         -0.06    0.83   clock reconvergence pessimism
                         -0.10    0.73   library hold time
                                  0.73   data required time
-----------------------------------------------------------------------------
                                  0.73   data required time
                                 -1.76   data arrival time
-----------------------------------------------------------------------------
                                  1.02   slack (MET)


Startpoint: BTNC (input port clocked by CLK100MHZ)
Endpoint: _260_ (removal check against rising-edge clock CLK100MHZ)
Path Group: asynchronous
Path Type: min
Corner: Slowest

Fanout     Cap    Slew   Delay    Time   Description
-----------------------------------------------------------------------------
                          0.00    0.00   clock CLK100MHZ (rise edge)
                          0.00    0.00   clock network delay (propagated)
                          2.00    2.00 v input external delay
     2    0.02    0.08    0.06    2.06 v BTNC (in)
                                         BTNC (net)
                  0.08    0.00    2.06 v _226_/A (sky130_fd_sc_hd__buf_4)
    10    0.08    0.19    0.37    2.42 v _226_/X (sky130_fd_sc_hd__buf_4)
                                         _114_ (net)
                  0.19    0.00    2.42 v _231_/A (sky130_fd_sc_hd__inv_2)
     1    0.01    0.13    0.17    2.60 ^ _231_/Y (sky130_fd_sc_hd__inv_2)
                                         _039_ (net)
                  0.13    0.00    2.60 ^ _260_/RESET_B (sky130_fd_sc_hd__dfrtp_1)
                                  2.60   data arrival time

                          0.00    0.00   clock CLK100MHZ (rise edge)
                          0.00    0.00   clock source latency
     1    0.02    0.13    0.10    0.10 ^ CLK100MHZ (in)
                                         CLK100MHZ (net)
                  0.13    0.00    0.10 ^ clkbuf_0_CLK100MHZ/A (sky130_fd_sc_hd__clkbuf_16)
     4    0.04    0.10    0.30    0.39 ^ clkbuf_0_CLK100MHZ/X (sky130_fd_sc_hd__clkbuf_16)
                                         clknet_0_CLK100MHZ (net)
                  0.10    0.00    0.39 ^ clkbuf_2_1__f_CLK100MHZ/A (sky130_fd_sc_hd__clkbuf_16)
     8    0.02    0.07    0.25    0.64 ^ clkbuf_2_1__f_CLK100MHZ/X (sky130_fd_sc_hd__clkbuf_16)
                                         clknet_2_1__leaf_CLK100MHZ (net)
                  0.07    0.00    0.64 ^ _260_/CLK (sky130_fd_sc_hd__dfrtp_1)
                          0.25    0.89   clock uncertainty
                          0.00    0.89   clock reconvergence pessimism
                          0.67    1.57   library removal time
                                  1.57   data required time
-----------------------------------------------------------------------------
                                  1.57   data required time
                                 -2.60   data arrival time
-----------------------------------------------------------------------------
                                  1.03   slack (MET)


Startpoint: _271_ (rising edge-triggered flip-flop clocked by CLK100MHZ)
Endpoint: _271_ (rising edge-triggered flip-flop clocked by CLK100MHZ)
Path Group: CLK100MHZ
Path Type: min
Corner: Slowest

Fanout     Cap    Slew   Delay    Time   Description
-----------------------------------------------------------------------------
                          0.00    0.00   clock CLK100MHZ (rise edge)
                          0.00    0.00   clock source latency
     1    0.02    0.13    0.09    0.09 ^ CLK100MHZ (in)
                                         CLK100MHZ (net)
                  0.13    0.00    0.09 ^ clkbuf_0_CLK100MHZ/A (sky130_fd_sc_hd__clkbuf_16)
     4    0.04    0.10    0.27    0.35 ^ clkbuf_0_CLK100MHZ/X (sky130_fd_sc_hd__clkbuf_16)
                                         clknet_0_CLK100MHZ (net)
                  0.10    0.00    0.35 ^ clkbuf_2_0__f_CLK100MHZ/A (sky130_fd_sc_hd__clkbuf_16)
     8    0.03    0.08    0.23    0.59 ^ clkbuf_2_0__f_CLK100MHZ/X (sky130_fd_sc_hd__clkbuf_16)
                                         clknet_2_0__leaf_CLK100MHZ (net)
                  0.08    0.00    0.59 ^ _271_/CLK (sky130_fd_sc_hd__dfrtp_1)
     2    0.02    0.23    0.74    1.32 ^ _271_/Q (sky130_fd_sc_hd__dfrtp_1)
                                         decoder.delay[21] (net)
                  0.23    0.00    1.32 ^ _147_/A1 (sky130_fd_sc_hd__o21ba_1)
     1    0.02    0.25    0.43    1.75 ^ _147_/X (sky130_fd_sc_hd__o21ba_1)
                                         _013_ (net)
                  0.25    0.00    1.75 ^ _271_/D (sky130_fd_sc_hd__dfrtp_1)
                                  1.75   data arrival time

                          0.00    0.00   clock CLK100MHZ (rise edge)
                          0.00    0.00   clock source latency
     1    0.02    0.13    0.10    0.10 ^ CLK100MHZ (in)
                                         CLK100MHZ (net)
                  0.13    0.00    0.10 ^ clkbuf_0_CLK100MHZ/A (sky130_fd_sc_hd__clkbuf_16)
     4    0.04    0.10    0.30    0.39 ^ clkbuf_0_CLK100MHZ/X (sky130_fd_sc_hd__clkbuf_16)
                                         clknet_0_CLK100MHZ (net)
                  0.10    0.00    0.39 ^ clkbuf_2_0__f_CLK100MHZ/A (sky130_fd_sc_hd__clkbuf_16)
     8    0.03    0.08    0.26    0.65 ^ clkbuf_2_0__f_CLK100MHZ/X (sky130_fd_sc_hd__clkbuf_16)
                                         clknet_2_0__leaf_CLK100MHZ (net)
                  0.08    0.00    0.65 ^ _271_/CLK (sky130_fd_sc_hd__dfrtp_1)
                          0.25    0.90   clock uncertainty
                         -0.06    0.84   clock reconvergence pessimism
                         -0.12    0.72   library hold time
                                  0.72   data required time
-----------------------------------------------------------------------------
                                  0.72   data required time
                                 -1.75   data arrival time
-----------------------------------------------------------------------------
                                  1.03   slack (MET)


Startpoint: BTNC (input port clocked by CLK100MHZ)
Endpoint: _265_ (removal check against rising-edge clock CLK100MHZ)
Path Group: asynchronous
Path Type: min
Corner: Slowest

Fanout     Cap    Slew   Delay    Time   Description
-----------------------------------------------------------------------------
                          0.00    0.00   clock CLK100MHZ (rise edge)
                          0.00    0.00   clock network delay (propagated)
                          2.00    2.00 v input external delay
     2    0.02    0.08    0.06    2.06 v BTNC (in)
                                         BTNC (net)
                  0.08    0.00    2.06 v _226_/A (sky130_fd_sc_hd__buf_4)
    10    0.08    0.19    0.37    2.42 v _226_/X (sky130_fd_sc_hd__buf_4)
                                         _114_ (net)
                  0.19    0.00    2.42 v _236_/A (sky130_fd_sc_hd__inv_2)
     1    0.02    0.14    0.18    2.61 ^ _236_/Y (sky130_fd_sc_hd__inv_2)
                                         _044_ (net)
                  0.14    0.00    2.61 ^ _265_/RESET_B (sky130_fd_sc_hd__dfrtp_1)
                                  2.61   data arrival time

                          0.00    0.00   clock CLK100MHZ (rise edge)
                          0.00    0.00   clock source latency
     1    0.02    0.13    0.10    0.10 ^ CLK100MHZ (in)
                                         CLK100MHZ (net)
                  0.13    0.00    0.10 ^ clkbuf_0_CLK100MHZ/A (sky130_fd_sc_hd__clkbuf_16)
     4    0.04    0.10    0.30    0.39 ^ clkbuf_0_CLK100MHZ/X (sky130_fd_sc_hd__clkbuf_16)
                                         clknet_0_CLK100MHZ (net)
                  0.10    0.00    0.39 ^ clkbuf_2_1__f_CLK100MHZ/A (sky130_fd_sc_hd__clkbuf_16)
     8    0.02    0.07    0.25    0.64 ^ clkbuf_2_1__f_CLK100MHZ/X (sky130_fd_sc_hd__clkbuf_16)
                                         clknet_2_1__leaf_CLK100MHZ (net)
                  0.07    0.00    0.64 ^ _265_/CLK (sky130_fd_sc_hd__dfrtp_1)
                          0.25    0.89   clock uncertainty
                          0.00    0.89   clock reconvergence pessimism
                          0.68    1.57   library removal time
                                  1.57   data required time
-----------------------------------------------------------------------------
                                  1.57   data required time
                                 -2.61   data arrival time
-----------------------------------------------------------------------------
                                  1.04   slack (MET)


Startpoint: _270_ (rising edge-triggered flip-flop clocked by CLK100MHZ)
Endpoint: _270_ (rising edge-triggered flip-flop clocked by CLK100MHZ)
Path Group: CLK100MHZ
Path Type: min
Corner: Slowest

Fanout     Cap    Slew   Delay    Time   Description
-----------------------------------------------------------------------------
                          0.00    0.00   clock CLK100MHZ (rise edge)
                          0.00    0.00   clock source latency
     1    0.02    0.13    0.09    0.09 ^ CLK100MHZ (in)
                                         CLK100MHZ (net)
                  0.13    0.00    0.09 ^ clkbuf_0_CLK100MHZ/A (sky130_fd_sc_hd__clkbuf_16)
     4    0.04    0.10    0.27    0.35 ^ clkbuf_0_CLK100MHZ/X (sky130_fd_sc_hd__clkbuf_16)
                                         clknet_0_CLK100MHZ (net)
                  0.10    0.00    0.35 ^ clkbuf_2_0__f_CLK100MHZ/A (sky130_fd_sc_hd__clkbuf_16)
     8    0.03    0.08    0.23    0.59 ^ clkbuf_2_0__f_CLK100MHZ/X (sky130_fd_sc_hd__clkbuf_16)
                                         clknet_2_0__leaf_CLK100MHZ (net)
                  0.08    0.00    0.59 ^ _270_/CLK (sky130_fd_sc_hd__dfrtp_1)
     3    0.02    0.23    0.74    1.32 ^ _270_/Q (sky130_fd_sc_hd__dfrtp_1)
                                         decoder.delay[20] (net)
                  0.23    0.00    1.32 ^ _143_/B1 (sky130_fd_sc_hd__a21oi_1)
     1    0.00    0.08    0.14    1.46 v _143_/Y (sky130_fd_sc_hd__a21oi_1)
                                         _072_ (net)
                  0.08    0.00    1.46 v _145_/A (sky130_fd_sc_hd__nor2_1)
     1    0.01    0.29    0.29    1.75 ^ _145_/Y (sky130_fd_sc_hd__nor2_1)
                                         _012_ (net)
                  0.29    0.00    1.75 ^ _270_/D (sky130_fd_sc_hd__dfrtp_1)
                                  1.75   data arrival time

                          0.00    0.00   clock CLK100MHZ (rise edge)
                          0.00    0.00   clock source latency
     1    0.02    0.13    0.10    0.10 ^ CLK100MHZ (in)
                                         CLK100MHZ (net)
                  0.13    0.00    0.10 ^ clkbuf_0_CLK100MHZ/A (sky130_fd_sc_hd__clkbuf_16)
     4    0.04    0.10    0.30    0.39 ^ clkbuf_0_CLK100MHZ/X (sky130_fd_sc_hd__clkbuf_16)
                                         clknet_0_CLK100MHZ (net)
                  0.10    0.00    0.39 ^ clkbuf_2_0__f_CLK100MHZ/A (sky130_fd_sc_hd__clkbuf_16)
     8    0.03    0.08    0.26    0.65 ^ clkbuf_2_0__f_CLK100MHZ/X (sky130_fd_sc_hd__clkbuf_16)
                                         clknet_2_0__leaf_CLK100MHZ (net)
                  0.08    0.00    0.65 ^ _270_/CLK (sky130_fd_sc_hd__dfrtp_1)
                          0.25    0.90   clock uncertainty
                         -0.06    0.84   clock reconvergence pessimism
                         -0.13    0.71   library hold time
                                  0.71   data required time
-----------------------------------------------------------------------------
                                  0.71   data required time
                                 -1.75   data arrival time
-----------------------------------------------------------------------------
                                  1.04   slack (MET)


Startpoint: _247_ (rising edge-triggered flip-flop clocked by CLK100MHZ)
Endpoint: _247_ (rising edge-triggered flip-flop clocked by CLK100MHZ)
Path Group: CLK100MHZ
Path Type: min
Corner: Slowest

Fanout     Cap    Slew   Delay    Time   Description
-----------------------------------------------------------------------------
                          0.00    0.00   clock CLK100MHZ (rise edge)
                          0.00    0.00   clock source latency
     1    0.02    0.13    0.09    0.09 ^ CLK100MHZ (in)
                                         CLK100MHZ (net)
                  0.13    0.00    0.09 ^ clkbuf_0_CLK100MHZ/A (sky130_fd_sc_hd__clkbuf_16)
     4    0.04    0.10    0.27    0.35 ^ clkbuf_0_CLK100MHZ/X (sky130_fd_sc_hd__clkbuf_16)
                                         clknet_0_CLK100MHZ (net)
                  0.10    0.00    0.35 ^ clkbuf_2_3__f_CLK100MHZ/A (sky130_fd_sc_hd__clkbuf_16)
     8    0.03    0.07    0.23    0.58 ^ clkbuf_2_3__f_CLK100MHZ/X (sky130_fd_sc_hd__clkbuf_16)
                                         clknet_2_3__leaf_CLK100MHZ (net)
                  0.07    0.00    0.58 ^ _247_/CLK (sky130_fd_sc_hd__dfrtp_4)
     9    0.05    0.27    0.94    1.52 ^ _247_/Q (sky130_fd_sc_hd__dfrtp_4)
                                         decoder.count[1] (net)
                  0.27    0.00    1.52 ^ _140_/A (sky130_fd_sc_hd__xor2_1)
     1    0.01    0.11    0.25    1.78 v _140_/X (sky130_fd_sc_hd__xor2_1)
                                         _055_ (net)
                  0.11    0.00    1.78 v _247_/D (sky130_fd_sc_hd__dfrtp_4)
                                  1.78   data arrival time

                          0.00    0.00   clock CLK100MHZ (rise edge)
                          0.00    0.00   clock source latency
     1    0.02    0.13    0.10    0.10 ^ CLK100MHZ (in)
                                         CLK100MHZ (net)
                  0.13    0.00    0.10 ^ clkbuf_0_CLK100MHZ/A (sky130_fd_sc_hd__clkbuf_16)
     4    0.04    0.10    0.30    0.39 ^ clkbuf_0_CLK100MHZ/X (sky130_fd_sc_hd__clkbuf_16)
                                         clknet_0_CLK100MHZ (net)
                  0.10    0.00    0.39 ^ clkbuf_2_3__f_CLK100MHZ/A (sky130_fd_sc_hd__clkbuf_16)
     8    0.03    0.07    0.25    0.65 ^ clkbuf_2_3__f_CLK100MHZ/X (sky130_fd_sc_hd__clkbuf_16)
                                         clknet_2_3__leaf_CLK100MHZ (net)
                  0.07    0.00    0.65 ^ _247_/CLK (sky130_fd_sc_hd__dfrtp_4)
                          0.25    0.90   clock uncertainty
                         -0.06    0.83   clock reconvergence pessimism
                         -0.11    0.73   library hold time
                                  0.73   data required time
-----------------------------------------------------------------------------
                                  0.73   data required time
                                 -1.78   data arrival time
-----------------------------------------------------------------------------
                                  1.05   slack (MET)


Startpoint: _249_ (rising edge-triggered flip-flop clocked by CLK100MHZ)
Endpoint: _249_ (rising edge-triggered flip-flop clocked by CLK100MHZ)
Path Group: CLK100MHZ
Path Type: min
Corner: Slowest

Fanout     Cap    Slew   Delay    Time   Description
-----------------------------------------------------------------------------
                          0.00    0.00   clock CLK100MHZ (rise edge)
                          0.00    0.00   clock source latency
     1    0.02    0.13    0.09    0.09 ^ CLK100MHZ (in)
                                         CLK100MHZ (net)
                  0.13    0.00    0.09 ^ clkbuf_0_CLK100MHZ/A (sky130_fd_sc_hd__clkbuf_16)
     4    0.04    0.10    0.27    0.35 ^ clkbuf_0_CLK100MHZ/X (sky130_fd_sc_hd__clkbuf_16)
                                         clknet_0_CLK100MHZ (net)
                  0.10    0.00    0.35 ^ clkbuf_2_3__f_CLK100MHZ/A (sky130_fd_sc_hd__clkbuf_16)
     8    0.03    0.07    0.23    0.58 ^ clkbuf_2_3__f_CLK100MHZ/X (sky130_fd_sc_hd__clkbuf_16)
                                         clknet_2_3__leaf_CLK100MHZ (net)
                  0.07    0.00    0.58 ^ _249_/CLK (sky130_fd_sc_hd__dfrtp_4)
     6    0.04    0.24    0.91    1.49 ^ _249_/Q (sky130_fd_sc_hd__dfrtp_4)
                                         decoder.count[3] (net)
                  0.24    0.00    1.50 ^ _130_/A (sky130_fd_sc_hd__xor2_1)
     1    0.01    0.14    0.29    1.79 v _130_/X (sky130_fd_sc_hd__xor2_1)
                                         _057_ (net)
                  0.14    0.00    1.79 v _249_/D (sky130_fd_sc_hd__dfrtp_4)
                                  1.79   data arrival time

                          0.00    0.00   clock CLK100MHZ (rise edge)
                          0.00    0.00   clock source latency
     1    0.02    0.13    0.10    0.10 ^ CLK100MHZ (in)
                                         CLK100MHZ (net)
                  0.13    0.00    0.10 ^ clkbuf_0_CLK100MHZ/A (sky130_fd_sc_hd__clkbuf_16)
     4    0.04    0.10    0.30    0.39 ^ clkbuf_0_CLK100MHZ/X (sky130_fd_sc_hd__clkbuf_16)
                                         clknet_0_CLK100MHZ (net)
                  0.10    0.00    0.39 ^ clkbuf_2_3__f_CLK100MHZ/A (sky130_fd_sc_hd__clkbuf_16)
     8    0.03    0.07    0.25    0.65 ^ clkbuf_2_3__f_CLK100MHZ/X (sky130_fd_sc_hd__clkbuf_16)
                                         clknet_2_3__leaf_CLK100MHZ (net)
                  0.07    0.00    0.65 ^ _249_/CLK (sky130_fd_sc_hd__dfrtp_4)
                          0.25    0.90   clock uncertainty
                         -0.06    0.83   clock reconvergence pessimism
                         -0.12    0.72   library hold time
                                  0.72   data required time
-----------------------------------------------------------------------------
                                  0.72   data required time
                                 -1.79   data arrival time
-----------------------------------------------------------------------------
                                  1.07   slack (MET)


Startpoint: _267_ (rising edge-triggered flip-flop clocked by CLK100MHZ)
Endpoint: _267_ (rising edge-triggered flip-flop clocked by CLK100MHZ)
Path Group: CLK100MHZ
Path Type: min
Corner: Slowest

Fanout     Cap    Slew   Delay    Time   Description
-----------------------------------------------------------------------------
                          0.00    0.00   clock CLK100MHZ (rise edge)
                          0.00    0.00   clock source latency
     1    0.02    0.13    0.09    0.09 ^ CLK100MHZ (in)
                                         CLK100MHZ (net)
                  0.13    0.00    0.09 ^ clkbuf_0_CLK100MHZ/A (sky130_fd_sc_hd__clkbuf_16)
     4    0.04    0.10    0.27    0.35 ^ clkbuf_0_CLK100MHZ/X (sky130_fd_sc_hd__clkbuf_16)
                                         clknet_0_CLK100MHZ (net)
                  0.10    0.00    0.35 ^ clkbuf_2_3__f_CLK100MHZ/A (sky130_fd_sc_hd__clkbuf_16)
     8    0.03    0.07    0.23    0.58 ^ clkbuf_2_3__f_CLK100MHZ/X (sky130_fd_sc_hd__clkbuf_16)
                                         clknet_2_3__leaf_CLK100MHZ (net)
                  0.07    0.00    0.58 ^ _267_/CLK (sky130_fd_sc_hd__dfrtp_1)
     4    0.02    0.32    0.79    1.38 ^ _267_/Q (sky130_fd_sc_hd__dfrtp_1)
                                         decoder.delay[17] (net)
                  0.32    0.00    1.38 ^ _208_/B1 (sky130_fd_sc_hd__a21oi_1)
     1    0.00    0.10    0.16    1.54 v _208_/Y (sky130_fd_sc_hd__a21oi_1)
                                         _109_ (net)
                  0.10    0.00    1.54 v _210_/A (sky130_fd_sc_hd__nor2_1)
     1    0.01    0.25    0.26    1.80 ^ _210_/Y (sky130_fd_sc_hd__nor2_1)
                                         _008_ (net)
                  0.25    0.00    1.80 ^ _267_/D (sky130_fd_sc_hd__dfrtp_1)
                                  1.80   data arrival time

                          0.00    0.00   clock CLK100MHZ (rise edge)
                          0.00    0.00   clock source latency
     1    0.02    0.13    0.10    0.10 ^ CLK100MHZ (in)
                                         CLK100MHZ (net)
                  0.13    0.00    0.10 ^ clkbuf_0_CLK100MHZ/A (sky130_fd_sc_hd__clkbuf_16)
     4    0.04    0.10    0.30    0.39 ^ clkbuf_0_CLK100MHZ/X (sky130_fd_sc_hd__clkbuf_16)
                                         clknet_0_CLK100MHZ (net)
                  0.10    0.00    0.39 ^ clkbuf_2_3__f_CLK100MHZ/A (sky130_fd_sc_hd__clkbuf_16)
     8    0.03    0.07    0.25    0.65 ^ clkbuf_2_3__f_CLK100MHZ/X (sky130_fd_sc_hd__clkbuf_16)
                                         clknet_2_3__leaf_CLK100MHZ (net)
                  0.07    0.00    0.65 ^ _267_/CLK (sky130_fd_sc_hd__dfrtp_1)
                          0.25    0.90   clock uncertainty
                         -0.06    0.83   clock reconvergence pessimism
                         -0.12    0.72   library hold time
                                  0.72   data required time
-----------------------------------------------------------------------------
                                  0.72   data required time
                                 -1.80   data arrival time
-----------------------------------------------------------------------------
                                  1.09   slack (MET)


Startpoint: _263_ (rising edge-triggered flip-flop clocked by CLK100MHZ)
Endpoint: _263_ (rising edge-triggered flip-flop clocked by CLK100MHZ)
Path Group: CLK100MHZ
Path Type: min
Corner: Slowest

Fanout     Cap    Slew   Delay    Time   Description
-----------------------------------------------------------------------------
                          0.00    0.00   clock CLK100MHZ (rise edge)
                          0.00    0.00   clock source latency
     1    0.02    0.13    0.09    0.09 ^ CLK100MHZ (in)
                                         CLK100MHZ (net)
                  0.13    0.00    0.09 ^ clkbuf_0_CLK100MHZ/A (sky130_fd_sc_hd__clkbuf_16)
     4    0.04    0.10    0.27    0.35 ^ clkbuf_0_CLK100MHZ/X (sky130_fd_sc_hd__clkbuf_16)
                                         clknet_0_CLK100MHZ (net)
                  0.10    0.00    0.36 ^ clkbuf_2_2__f_CLK100MHZ/A (sky130_fd_sc_hd__clkbuf_16)
     8    0.03    0.08    0.23    0.59 ^ clkbuf_2_2__f_CLK100MHZ/X (sky130_fd_sc_hd__clkbuf_16)
                                         clknet_2_2__leaf_CLK100MHZ (net)
                  0.08    0.00    0.59 ^ _263_/CLK (sky130_fd_sc_hd__dfrtp_1)
     4    0.03    0.38    0.84    1.43 ^ _263_/Q (sky130_fd_sc_hd__dfrtp_1)
                                         decoder.delay[13] (net)
                  0.38    0.00    1.43 ^ _202_/A1 (sky130_fd_sc_hd__o21ba_1)
     1    0.01    0.18    0.42    1.85 ^ _202_/X (sky130_fd_sc_hd__o21ba_1)
                                         _004_ (net)
                  0.18    0.00    1.85 ^ _263_/D (sky130_fd_sc_hd__dfrtp_1)
                                  1.85   data arrival time

                          0.00    0.00   clock CLK100MHZ (rise edge)
                          0.00    0.00   clock source latency
     1    0.02    0.13    0.10    0.10 ^ CLK100MHZ (in)
                                         CLK100MHZ (net)
                  0.13    0.00    0.10 ^ clkbuf_0_CLK100MHZ/A (sky130_fd_sc_hd__clkbuf_16)
     4    0.04    0.10    0.30    0.39 ^ clkbuf_0_CLK100MHZ/X (sky130_fd_sc_hd__clkbuf_16)
                                         clknet_0_CLK100MHZ (net)
                  0.10    0.00    0.39 ^ clkbuf_2_2__f_CLK100MHZ/A (sky130_fd_sc_hd__clkbuf_16)
     8    0.03    0.08    0.26    0.65 ^ clkbuf_2_2__f_CLK100MHZ/X (sky130_fd_sc_hd__clkbuf_16)
                                         clknet_2_2__leaf_CLK100MHZ (net)
                  0.08    0.00    0.65 ^ _263_/CLK (sky130_fd_sc_hd__dfrtp_1)
                          0.25    0.90   clock uncertainty
                         -0.06    0.84   clock reconvergence pessimism
                         -0.10    0.74   library hold time
                                  0.74   data required time
-----------------------------------------------------------------------------
                                  0.74   data required time
                                 -1.85   data arrival time
-----------------------------------------------------------------------------
                                  1.12   slack (MET)


Startpoint: _252_ (rising edge-triggered flip-flop clocked by CLK100MHZ)
Endpoint: _252_ (rising edge-triggered flip-flop clocked by CLK100MHZ)
Path Group: CLK100MHZ
Path Type: min
Corner: Slowest

Fanout     Cap    Slew   Delay    Time   Description
-----------------------------------------------------------------------------
                          0.00    0.00   clock CLK100MHZ (rise edge)
                          0.00    0.00   clock source latency
     1    0.02    0.13    0.09    0.09 ^ CLK100MHZ (in)
                                         CLK100MHZ (net)
                  0.13    0.00    0.09 ^ clkbuf_0_CLK100MHZ/A (sky130_fd_sc_hd__clkbuf_16)
     4    0.04    0.10    0.27    0.35 ^ clkbuf_0_CLK100MHZ/X (sky130_fd_sc_hd__clkbuf_16)
                                         clknet_0_CLK100MHZ (net)
                  0.10    0.00    0.36 ^ clkbuf_2_2__f_CLK100MHZ/A (sky130_fd_sc_hd__clkbuf_16)
     8    0.03    0.08    0.23    0.59 ^ clkbuf_2_2__f_CLK100MHZ/X (sky130_fd_sc_hd__clkbuf_16)
                                         clknet_2_2__leaf_CLK100MHZ (net)
                  0.08    0.00    0.59 ^ _252_/CLK (sky130_fd_sc_hd__dfrtp_2)
     3    0.03    0.28    0.83    1.42 ^ _252_/Q (sky130_fd_sc_hd__dfrtp_2)
                                         decoder.delay[2] (net)
                  0.28    0.00    1.42 ^ _170_/A (sky130_fd_sc_hd__xnor2_1)
     1    0.02    0.29    0.41    1.83 ^ _170_/Y (sky130_fd_sc_hd__xnor2_1)
                                         _017_ (net)
                  0.29    0.00    1.83 ^ _252_/D (sky130_fd_sc_hd__dfrtp_2)
                                  1.83   data arrival time

                          0.00    0.00   clock CLK100MHZ (rise edge)
                          0.00    0.00   clock source latency
     1    0.02    0.13    0.10    0.10 ^ CLK100MHZ (in)
                                         CLK100MHZ (net)
                  0.13    0.00    0.10 ^ clkbuf_0_CLK100MHZ/A (sky130_fd_sc_hd__clkbuf_16)
     4    0.04    0.10    0.30    0.39 ^ clkbuf_0_CLK100MHZ/X (sky130_fd_sc_hd__clkbuf_16)
                                         clknet_0_CLK100MHZ (net)
                  0.10    0.00    0.39 ^ clkbuf_2_2__f_CLK100MHZ/A (sky130_fd_sc_hd__clkbuf_16)
     8    0.03    0.08    0.26    0.65 ^ clkbuf_2_2__f_CLK100MHZ/X (sky130_fd_sc_hd__clkbuf_16)
                                         clknet_2_2__leaf_CLK100MHZ (net)
                  0.08    0.00    0.65 ^ _252_/CLK (sky130_fd_sc_hd__dfrtp_2)
                          0.25    0.90   clock uncertainty
                         -0.06    0.84   clock reconvergence pessimism
                         -0.13    0.71   library hold time
                                  0.71   data required time
-----------------------------------------------------------------------------
                                  0.71   data required time
                                 -1.83   data arrival time
-----------------------------------------------------------------------------
                                  1.12   slack (MET)


Startpoint: _265_ (rising edge-triggered flip-flop clocked by CLK100MHZ)
Endpoint: _265_ (rising edge-triggered flip-flop clocked by CLK100MHZ)
Path Group: CLK100MHZ
Path Type: min
Corner: Slowest

Fanout     Cap    Slew   Delay    Time   Description
-----------------------------------------------------------------------------
                          0.00    0.00   clock CLK100MHZ (rise edge)
                          0.00    0.00   clock source latency
     1    0.02    0.13    0.09    0.09 ^ CLK100MHZ (in)
                                         CLK100MHZ (net)
                  0.13    0.00    0.09 ^ clkbuf_0_CLK100MHZ/A (sky130_fd_sc_hd__clkbuf_16)
     4    0.04    0.10    0.27    0.35 ^ clkbuf_0_CLK100MHZ/X (sky130_fd_sc_hd__clkbuf_16)
                                         clknet_0_CLK100MHZ (net)
                  0.10    0.00    0.35 ^ clkbuf_2_1__f_CLK100MHZ/A (sky130_fd_sc_hd__clkbuf_16)
     8    0.02    0.07    0.22    0.58 ^ clkbuf_2_1__f_CLK100MHZ/X (sky130_fd_sc_hd__clkbuf_16)
                                         clknet_2_1__leaf_CLK100MHZ (net)
                  0.07    0.00    0.58 ^ _265_/CLK (sky130_fd_sc_hd__dfrtp_1)
     2    0.02    0.29    0.78    1.35 ^ _265_/Q (sky130_fd_sc_hd__dfrtp_1)
                                         decoder.delay[15] (net)
                  0.29    0.00    1.36 ^ _205_/B1 (sky130_fd_sc_hd__a21oi_1)
     1    0.00    0.10    0.15    1.51 v _205_/Y (sky130_fd_sc_hd__a21oi_1)
                                         _108_ (net)
                  0.10    0.00    1.51 v _206_/B (sky130_fd_sc_hd__nor2_1)
     1    0.01    0.35    0.30    1.81 ^ _206_/Y (sky130_fd_sc_hd__nor2_1)
                                         _006_ (net)
                  0.35    0.00    1.81 ^ _265_/D (sky130_fd_sc_hd__dfrtp_1)
                                  1.81   data arrival time

                          0.00    0.00   clock CLK100MHZ (rise edge)
                          0.00    0.00   clock source latency
     1    0.02    0.13    0.10    0.10 ^ CLK100MHZ (in)
                                         CLK100MHZ (net)
                  0.13    0.00    0.10 ^ clkbuf_0_CLK100MHZ/A (sky130_fd_sc_hd__clkbuf_16)
     4    0.04    0.10    0.30    0.39 ^ clkbuf_0_CLK100MHZ/X (sky130_fd_sc_hd__clkbuf_16)
                                         clknet_0_CLK100MHZ (net)
                  0.10    0.00    0.39 ^ clkbuf_2_1__f_CLK100MHZ/A (sky130_fd_sc_hd__clkbuf_16)
     8    0.02    0.07    0.25    0.64 ^ clkbuf_2_1__f_CLK100MHZ/X (sky130_fd_sc_hd__clkbuf_16)
                                         clknet_2_1__leaf_CLK100MHZ (net)
                  0.07    0.00    0.64 ^ _265_/CLK (sky130_fd_sc_hd__dfrtp_1)
                          0.25    0.89   clock uncertainty
                         -0.06    0.83   clock reconvergence pessimism
                         -0.14    0.69   library hold time
                                  0.69   data required time
-----------------------------------------------------------------------------
                                  0.69   data required time
                                 -1.81   data arrival time
-----------------------------------------------------------------------------
                                  1.12   slack (MET)


Startpoint: _274_ (rising edge-triggered flip-flop clocked by CLK100MHZ)
Endpoint: _248_ (rising edge-triggered flip-flop clocked by CLK100MHZ)
Path Group: CLK100MHZ
Path Type: min
Corner: Slowest

Fanout     Cap    Slew   Delay    Time   Description
-----------------------------------------------------------------------------
                          0.00    0.00   clock CLK100MHZ (rise edge)
                          0.00    0.00   clock source latency
     1    0.02    0.13    0.09    0.09 ^ CLK100MHZ (in)
                                         CLK100MHZ (net)
                  0.13    0.00    0.09 ^ clkbuf_0_CLK100MHZ/A (sky130_fd_sc_hd__clkbuf_16)
     4    0.04    0.10    0.27    0.35 ^ clkbuf_0_CLK100MHZ/X (sky130_fd_sc_hd__clkbuf_16)
                                         clknet_0_CLK100MHZ (net)
                  0.10    0.00    0.35 ^ clkbuf_2_3__f_CLK100MHZ/A (sky130_fd_sc_hd__clkbuf_16)
     8    0.03    0.07    0.23    0.58 ^ clkbuf_2_3__f_CLK100MHZ/X (sky130_fd_sc_hd__clkbuf_16)
                                         clknet_2_3__leaf_CLK100MHZ (net)
                  0.07    0.00    0.58 ^ _274_/CLK (sky130_fd_sc_hd__dfrtp_2)
     5    0.03    0.24    0.80    1.39 ^ _274_/Q (sky130_fd_sc_hd__dfrtp_2)
                                         decoder.delay[24] (net)
                  0.24    0.00    1.39 ^ _137_/A1 (sky130_fd_sc_hd__a31o_1)
     1    0.01    0.16    0.39    1.77 ^ _137_/X (sky130_fd_sc_hd__a31o_1)
                                         _069_ (net)
                  0.16    0.00    1.77 ^ _138_/B1 (sky130_fd_sc_hd__o31ai_1)
     1    0.00    0.08    0.16    1.94 v _138_/Y (sky130_fd_sc_hd__o31ai_1)
                                         _056_ (net)
                  0.08    0.00    1.94 v _248_/D (sky130_fd_sc_hd__dfrtp_4)
                                  1.94   data arrival time

                          0.00    0.00   clock CLK100MHZ (rise edge)
                          0.00    0.00   clock source latency
     1    0.02    0.13    0.10    0.10 ^ CLK100MHZ (in)
                                         CLK100MHZ (net)
                  0.13    0.00    0.10 ^ clkbuf_0_CLK100MHZ/A (sky130_fd_sc_hd__clkbuf_16)
     4    0.04    0.10    0.30    0.39 ^ clkbuf_0_CLK100MHZ/X (sky130_fd_sc_hd__clkbuf_16)
                                         clknet_0_CLK100MHZ (net)
                  0.10    0.00    0.39 ^ clkbuf_2_0__f_CLK100MHZ/A (sky130_fd_sc_hd__clkbuf_16)
     8    0.03    0.08    0.26    0.65 ^ clkbuf_2_0__f_CLK100MHZ/X (sky130_fd_sc_hd__clkbuf_16)
                                         clknet_2_0__leaf_CLK100MHZ (net)
                  0.08    0.00    0.65 ^ _248_/CLK (sky130_fd_sc_hd__dfrtp_4)
                          0.25    0.90   clock uncertainty
                         -0.04    0.86   clock reconvergence pessimism
                         -0.10    0.76   library hold time
                                  0.76   data required time
-----------------------------------------------------------------------------
                                  0.76   data required time
                                 -1.94   data arrival time
-----------------------------------------------------------------------------
                                  1.17   slack (MET)


Startpoint: _260_ (rising edge-triggered flip-flop clocked by CLK100MHZ)
Endpoint: _260_ (rising edge-triggered flip-flop clocked by CLK100MHZ)
Path Group: CLK100MHZ
Path Type: min
Corner: Slowest

Fanout     Cap    Slew   Delay    Time   Description
-----------------------------------------------------------------------------
                          0.00    0.00   clock CLK100MHZ (rise edge)
                          0.00    0.00   clock source latency
     1    0.02    0.13    0.09    0.09 ^ CLK100MHZ (in)
                                         CLK100MHZ (net)
                  0.13    0.00    0.09 ^ clkbuf_0_CLK100MHZ/A (sky130_fd_sc_hd__clkbuf_16)
     4    0.04    0.10    0.27    0.35 ^ clkbuf_0_CLK100MHZ/X (sky130_fd_sc_hd__clkbuf_16)
                                         clknet_0_CLK100MHZ (net)
                  0.10    0.00    0.35 ^ clkbuf_2_1__f_CLK100MHZ/A (sky130_fd_sc_hd__clkbuf_16)
     8    0.02    0.07    0.22    0.58 ^ clkbuf_2_1__f_CLK100MHZ/X (sky130_fd_sc_hd__clkbuf_16)
                                         clknet_2_1__leaf_CLK100MHZ (net)
                  0.07    0.00    0.58 ^ _260_/CLK (sky130_fd_sc_hd__dfrtp_1)
     3    0.03    0.36    0.82    1.40 ^ _260_/Q (sky130_fd_sc_hd__dfrtp_1)
                                         decoder.delay[10] (net)
                  0.36    0.00    1.40 ^ _193_/B1 (sky130_fd_sc_hd__a31o_1)
     1    0.01    0.14    0.31    1.71 ^ _193_/X (sky130_fd_sc_hd__a31o_1)
                                         _101_ (net)
                  0.14    0.00    1.71 ^ _194_/B1_N (sky130_fd_sc_hd__a21boi_1)
     1    0.00    0.15    0.27    1.98 ^ _194_/Y (sky130_fd_sc_hd__a21boi_1)
                                         _001_ (net)
                  0.15    0.00    1.98 ^ _260_/D (sky130_fd_sc_hd__dfrtp_1)
                                  1.98   data arrival time

                          0.00    0.00   clock CLK100MHZ (rise edge)
                          0.00    0.00   clock source latency
     1    0.02    0.13    0.10    0.10 ^ CLK100MHZ (in)
                                         CLK100MHZ (net)
                  0.13    0.00    0.10 ^ clkbuf_0_CLK100MHZ/A (sky130_fd_sc_hd__clkbuf_16)
     4    0.04    0.10    0.30    0.39 ^ clkbuf_0_CLK100MHZ/X (sky130_fd_sc_hd__clkbuf_16)
                                         clknet_0_CLK100MHZ (net)
                  0.10    0.00    0.39 ^ clkbuf_2_1__f_CLK100MHZ/A (sky130_fd_sc_hd__clkbuf_16)
     8    0.02    0.07    0.25    0.64 ^ clkbuf_2_1__f_CLK100MHZ/X (sky130_fd_sc_hd__clkbuf_16)
                                         clknet_2_1__leaf_CLK100MHZ (net)
                  0.07    0.00    0.64 ^ _260_/CLK (sky130_fd_sc_hd__dfrtp_1)
                          0.25    0.89   clock uncertainty
                         -0.06    0.83   clock reconvergence pessimism
                         -0.10    0.73   library hold time
                                  0.73   data required time
-----------------------------------------------------------------------------
                                  0.73   data required time
                                 -1.98   data arrival time
-----------------------------------------------------------------------------
                                  1.25   slack (MET)


Startpoint: _274_ (rising edge-triggered flip-flop clocked by CLK100MHZ)
Endpoint: _246_ (rising edge-triggered flip-flop clocked by CLK100MHZ)
Path Group: CLK100MHZ
Path Type: min
Corner: Slowest

Fanout     Cap    Slew   Delay    Time   Description
-----------------------------------------------------------------------------
                          0.00    0.00   clock CLK100MHZ (rise edge)
                          0.00    0.00   clock source latency
     1    0.02    0.13    0.09    0.09 ^ CLK100MHZ (in)
                                         CLK100MHZ (net)
                  0.13    0.00    0.09 ^ clkbuf_0_CLK100MHZ/A (sky130_fd_sc_hd__clkbuf_16)
     4    0.04    0.10    0.27    0.35 ^ clkbuf_0_CLK100MHZ/X (sky130_fd_sc_hd__clkbuf_16)
                                         clknet_0_CLK100MHZ (net)
                  0.10    0.00    0.35 ^ clkbuf_2_3__f_CLK100MHZ/A (sky130_fd_sc_hd__clkbuf_16)
     8    0.03    0.07    0.23    0.58 ^ clkbuf_2_3__f_CLK100MHZ/X (sky130_fd_sc_hd__clkbuf_16)
                                         clknet_2_3__leaf_CLK100MHZ (net)
                  0.07    0.00    0.58 ^ _274_/CLK (sky130_fd_sc_hd__dfrtp_2)
     5    0.03    0.18    0.89    1.47 v _274_/Q (sky130_fd_sc_hd__dfrtp_2)
                                         decoder.delay[24] (net)
                  0.18    0.00    1.47 v _135_/D (sky130_fd_sc_hd__nand4b_2)
     2    0.02    0.22    0.29    1.76 ^ _135_/Y (sky130_fd_sc_hd__nand4b_2)
                                         _067_ (net)
                  0.22    0.00    1.76 ^ _142_/A2 (sky130_fd_sc_hd__a21oi_1)
     1    0.01    0.12    0.24    2.00 v _142_/Y (sky130_fd_sc_hd__a21oi_1)
                                         _054_ (net)
                  0.12    0.00    2.00 v _246_/D (sky130_fd_sc_hd__dfrtp_4)
                                  2.00   data arrival time

                          0.00    0.00   clock CLK100MHZ (rise edge)
                          0.00    0.00   clock source latency
     1    0.02    0.13    0.10    0.10 ^ CLK100MHZ (in)
                                         CLK100MHZ (net)
                  0.13    0.00    0.10 ^ clkbuf_0_CLK100MHZ/A (sky130_fd_sc_hd__clkbuf_16)
     4    0.04    0.10    0.30    0.39 ^ clkbuf_0_CLK100MHZ/X (sky130_fd_sc_hd__clkbuf_16)
                                         clknet_0_CLK100MHZ (net)
                  0.10    0.00    0.39 ^ clkbuf_2_1__f_CLK100MHZ/A (sky130_fd_sc_hd__clkbuf_16)
     8    0.02    0.07    0.25    0.64 ^ clkbuf_2_1__f_CLK100MHZ/X (sky130_fd_sc_hd__clkbuf_16)
                                         clknet_2_1__leaf_CLK100MHZ (net)
                  0.07    0.00    0.64 ^ _246_/CLK (sky130_fd_sc_hd__dfrtp_4)
                          0.25    0.89   clock uncertainty
                         -0.04    0.85   clock reconvergence pessimism
                         -0.11    0.75   library hold time
                                  0.75   data required time
-----------------------------------------------------------------------------
                                  0.75   data required time
                                 -2.00   data arrival time
-----------------------------------------------------------------------------
                                  1.26   slack (MET)


Startpoint: BTNC (input port clocked by CLK100MHZ)
Endpoint: _253_ (removal check against rising-edge clock CLK100MHZ)
Path Group: asynchronous
Path Type: min
Corner: Slowest

Fanout     Cap    Slew   Delay    Time   Description
-----------------------------------------------------------------------------
                          0.00    0.00   clock CLK100MHZ (rise edge)
                          0.00    0.00   clock network delay (propagated)
                          2.00    2.00 v input external delay
     2    0.02    0.08    0.06    2.06 v BTNC (in)
                                         BTNC (net)
                  0.08    0.00    2.06 v _214_/A (sky130_fd_sc_hd__buf_4)
    10    0.07    0.17    0.35    2.40 v _214_/X (sky130_fd_sc_hd__buf_4)
                                         _112_ (net)
                  0.17    0.00    2.40 v _215_/A (sky130_fd_sc_hd__buf_4)
    10    0.07    0.17    0.39    2.79 v _215_/X (sky130_fd_sc_hd__buf_4)
                                         _113_ (net)
                  0.17    0.00    2.79 v _223_/A (sky130_fd_sc_hd__inv_2)
     1    0.01    0.08    0.13    2.92 ^ _223_/Y (sky130_fd_sc_hd__inv_2)
                                         _032_ (net)
                  0.08    0.00    2.92 ^ _253_/RESET_B (sky130_fd_sc_hd__dfrtp_1)
                                  2.92   data arrival time

                          0.00    0.00   clock CLK100MHZ (rise edge)
                          0.00    0.00   clock source latency
     1    0.02    0.13    0.10    0.10 ^ CLK100MHZ (in)
                                         CLK100MHZ (net)
                  0.13    0.00    0.10 ^ clkbuf_0_CLK100MHZ/A (sky130_fd_sc_hd__clkbuf_16)
     4    0.04    0.10    0.30    0.39 ^ clkbuf_0_CLK100MHZ/X (sky130_fd_sc_hd__clkbuf_16)
                                         clknet_0_CLK100MHZ (net)
                  0.10    0.00    0.39 ^ clkbuf_2_2__f_CLK100MHZ/A (sky130_fd_sc_hd__clkbuf_16)
     8    0.03    0.08    0.26    0.65 ^ clkbuf_2_2__f_CLK100MHZ/X (sky130_fd_sc_hd__clkbuf_16)
                                         clknet_2_2__leaf_CLK100MHZ (net)
                  0.08    0.00    0.65 ^ _253_/CLK (sky130_fd_sc_hd__dfrtp_1)
                          0.25    0.90   clock uncertainty
                          0.00    0.90   clock reconvergence pessimism
                          0.66    1.56   library removal time
                                  1.56   data required time
-----------------------------------------------------------------------------
                                  1.56   data required time
                                 -2.92   data arrival time
-----------------------------------------------------------------------------
                                  1.36   slack (MET)


Startpoint: BTNC (input port clocked by CLK100MHZ)
Endpoint: _251_ (removal check against rising-edge clock CLK100MHZ)
Path Group: asynchronous
Path Type: min
Corner: Slowest

Fanout     Cap    Slew   Delay    Time   Description
-----------------------------------------------------------------------------
                          0.00    0.00   clock CLK100MHZ (rise edge)
                          0.00    0.00   clock network delay (propagated)
                          2.00    2.00 v input external delay
     2    0.02    0.08    0.06    2.06 v BTNC (in)
                                         BTNC (net)
                  0.08    0.00    2.06 v _214_/A (sky130_fd_sc_hd__buf_4)
    10    0.07    0.17    0.35    2.40 v _214_/X (sky130_fd_sc_hd__buf_4)
                                         _112_ (net)
                  0.17    0.00    2.40 v _215_/A (sky130_fd_sc_hd__buf_4)
    10    0.07    0.17    0.39    2.79 v _215_/X (sky130_fd_sc_hd__buf_4)
                                         _113_ (net)
                  0.17    0.00    2.79 v _221_/A (sky130_fd_sc_hd__inv_2)
     1    0.01    0.08    0.13    2.92 ^ _221_/Y (sky130_fd_sc_hd__inv_2)
                                         _030_ (net)
                  0.08    0.00    2.92 ^ _251_/RESET_B (sky130_fd_sc_hd__dfrtp_2)
                                  2.92   data arrival time

                          0.00    0.00   clock CLK100MHZ (rise edge)
                          0.00    0.00   clock source latency
     1    0.02    0.13    0.10    0.10 ^ CLK100MHZ (in)
                                         CLK100MHZ (net)
                  0.13    0.00    0.10 ^ clkbuf_0_CLK100MHZ/A (sky130_fd_sc_hd__clkbuf_16)
     4    0.04    0.10    0.30    0.39 ^ clkbuf_0_CLK100MHZ/X (sky130_fd_sc_hd__clkbuf_16)
                                         clknet_0_CLK100MHZ (net)
                  0.10    0.00    0.39 ^ clkbuf_2_2__f_CLK100MHZ/A (sky130_fd_sc_hd__clkbuf_16)
     8    0.03    0.08    0.26    0.65 ^ clkbuf_2_2__f_CLK100MHZ/X (sky130_fd_sc_hd__clkbuf_16)
                                         clknet_2_2__leaf_CLK100MHZ (net)
                  0.08    0.00    0.65 ^ _251_/CLK (sky130_fd_sc_hd__dfrtp_2)
                          0.25    0.90   clock uncertainty
                          0.00    0.90   clock reconvergence pessimism
                          0.66    1.56   library removal time
                                  1.56   data required time
-----------------------------------------------------------------------------
                                  1.56   data required time
                                 -2.92   data arrival time
-----------------------------------------------------------------------------
                                  1.36   slack (MET)


Startpoint: BTNC (input port clocked by CLK100MHZ)
Endpoint: _249_ (removal check against rising-edge clock CLK100MHZ)
Path Group: asynchronous
Path Type: min
Corner: Slowest

Fanout     Cap    Slew   Delay    Time   Description
-----------------------------------------------------------------------------
                          0.00    0.00   clock CLK100MHZ (rise edge)
                          0.00    0.00   clock network delay (propagated)
                          2.00    2.00 v input external delay
     2    0.02    0.08    0.06    2.06 v BTNC (in)
                                         BTNC (net)
                  0.08    0.00    2.06 v _214_/A (sky130_fd_sc_hd__buf_4)
    10    0.07    0.17    0.35    2.40 v _214_/X (sky130_fd_sc_hd__buf_4)
                                         _112_ (net)
                  0.17    0.00    2.40 v _215_/A (sky130_fd_sc_hd__buf_4)
    10    0.07    0.17    0.39    2.79 v _215_/X (sky130_fd_sc_hd__buf_4)
                                         _113_ (net)
                  0.17    0.00    2.79 v _219_/A (sky130_fd_sc_hd__inv_2)
     1    0.01    0.08    0.12    2.92 ^ _219_/Y (sky130_fd_sc_hd__inv_2)
                                         _028_ (net)
                  0.08    0.00    2.92 ^ _249_/RESET_B (sky130_fd_sc_hd__dfrtp_4)
                                  2.92   data arrival time

                          0.00    0.00   clock CLK100MHZ (rise edge)
                          0.00    0.00   clock source latency
     1    0.02    0.13    0.10    0.10 ^ CLK100MHZ (in)
                                         CLK100MHZ (net)
                  0.13    0.00    0.10 ^ clkbuf_0_CLK100MHZ/A (sky130_fd_sc_hd__clkbuf_16)
     4    0.04    0.10    0.30    0.39 ^ clkbuf_0_CLK100MHZ/X (sky130_fd_sc_hd__clkbuf_16)
                                         clknet_0_CLK100MHZ (net)
                  0.10    0.00    0.39 ^ clkbuf_2_3__f_CLK100MHZ/A (sky130_fd_sc_hd__clkbuf_16)
     8    0.03    0.07    0.25    0.65 ^ clkbuf_2_3__f_CLK100MHZ/X (sky130_fd_sc_hd__clkbuf_16)
                                         clknet_2_3__leaf_CLK100MHZ (net)
                  0.07    0.00    0.65 ^ _249_/CLK (sky130_fd_sc_hd__dfrtp_4)
                          0.25    0.90   clock uncertainty
                          0.00    0.90   clock reconvergence pessimism
                          0.66    1.56   library removal time
                                  1.56   data required time
-----------------------------------------------------------------------------
                                  1.56   data required time
                                 -2.92   data arrival time
-----------------------------------------------------------------------------
                                  1.36   slack (MET)


Startpoint: BTNC (input port clocked by CLK100MHZ)
Endpoint: _247_ (removal check against rising-edge clock CLK100MHZ)
Path Group: asynchronous
Path Type: min
Corner: Slowest

Fanout     Cap    Slew   Delay    Time   Description
-----------------------------------------------------------------------------
                          0.00    0.00   clock CLK100MHZ (rise edge)
                          0.00    0.00   clock network delay (propagated)
                          2.00    2.00 v input external delay
     2    0.02    0.08    0.06    2.06 v BTNC (in)
                                         BTNC (net)
                  0.08    0.00    2.06 v _214_/A (sky130_fd_sc_hd__buf_4)
    10    0.07    0.17    0.35    2.40 v _214_/X (sky130_fd_sc_hd__buf_4)
                                         _112_ (net)
                  0.17    0.00    2.40 v _215_/A (sky130_fd_sc_hd__buf_4)
    10    0.07    0.17    0.39    2.79 v _215_/X (sky130_fd_sc_hd__buf_4)
                                         _113_ (net)
                  0.17    0.00    2.79 v _217_/A (sky130_fd_sc_hd__inv_2)
     1    0.01    0.08    0.13    2.92 ^ _217_/Y (sky130_fd_sc_hd__inv_2)
                                         _026_ (net)
                  0.08    0.00    2.92 ^ _247_/RESET_B (sky130_fd_sc_hd__dfrtp_4)
                                  2.92   data arrival time

                          0.00    0.00   clock CLK100MHZ (rise edge)
                          0.00    0.00   clock source latency
     1    0.02    0.13    0.10    0.10 ^ CLK100MHZ (in)
                                         CLK100MHZ (net)
                  0.13    0.00    0.10 ^ clkbuf_0_CLK100MHZ/A (sky130_fd_sc_hd__clkbuf_16)
     4    0.04    0.10    0.30    0.39 ^ clkbuf_0_CLK100MHZ/X (sky130_fd_sc_hd__clkbuf_16)
                                         clknet_0_CLK100MHZ (net)
                  0.10    0.00    0.39 ^ clkbuf_2_3__f_CLK100MHZ/A (sky130_fd_sc_hd__clkbuf_16)
     8    0.03    0.07    0.25    0.65 ^ clkbuf_2_3__f_CLK100MHZ/X (sky130_fd_sc_hd__clkbuf_16)
                                         clknet_2_3__leaf_CLK100MHZ (net)
                  0.07    0.00    0.65 ^ _247_/CLK (sky130_fd_sc_hd__dfrtp_4)
                          0.25    0.90   clock uncertainty
                          0.00    0.90   clock reconvergence pessimism
                          0.66    1.56   library removal time
                                  1.56   data required time
-----------------------------------------------------------------------------
                                  1.56   data required time
                                 -2.92   data arrival time
-----------------------------------------------------------------------------
                                  1.36   slack (MET)


Startpoint: BTNC (input port clocked by CLK100MHZ)
Endpoint: _246_ (removal check against rising-edge clock CLK100MHZ)
Path Group: asynchronous
Path Type: min
Corner: Slowest

Fanout     Cap    Slew   Delay    Time   Description
-----------------------------------------------------------------------------
                          0.00    0.00   clock CLK100MHZ (rise edge)
                          0.00    0.00   clock network delay (propagated)
                          2.00    2.00 v input external delay
     2    0.02    0.08    0.06    2.06 v BTNC (in)
                                         BTNC (net)
                  0.08    0.00    2.06 v _214_/A (sky130_fd_sc_hd__buf_4)
    10    0.07    0.17    0.35    2.40 v _214_/X (sky130_fd_sc_hd__buf_4)
                                         _112_ (net)
                  0.17    0.00    2.40 v _215_/A (sky130_fd_sc_hd__buf_4)
    10    0.07    0.17    0.39    2.79 v _215_/X (sky130_fd_sc_hd__buf_4)
                                         _113_ (net)
                  0.17    0.00    2.79 v _216_/A (sky130_fd_sc_hd__inv_2)
     1    0.01    0.07    0.12    2.91 ^ _216_/Y (sky130_fd_sc_hd__inv_2)
                                         _025_ (net)
                  0.07    0.00    2.91 ^ _246_/RESET_B (sky130_fd_sc_hd__dfrtp_4)
                                  2.91   data arrival time

                          0.00    0.00   clock CLK100MHZ (rise edge)
                          0.00    0.00   clock source latency
     1    0.02    0.13    0.10    0.10 ^ CLK100MHZ (in)
                                         CLK100MHZ (net)
                  0.13    0.00    0.10 ^ clkbuf_0_CLK100MHZ/A (sky130_fd_sc_hd__clkbuf_16)
     4    0.04    0.10    0.30    0.39 ^ clkbuf_0_CLK100MHZ/X (sky130_fd_sc_hd__clkbuf_16)
                                         clknet_0_CLK100MHZ (net)
                  0.10    0.00    0.39 ^ clkbuf_2_1__f_CLK100MHZ/A (sky130_fd_sc_hd__clkbuf_16)
     8    0.02    0.07    0.25    0.64 ^ clkbuf_2_1__f_CLK100MHZ/X (sky130_fd_sc_hd__clkbuf_16)
                                         clknet_2_1__leaf_CLK100MHZ (net)
                  0.07    0.00    0.64 ^ _246_/CLK (sky130_fd_sc_hd__dfrtp_4)
                          0.25    0.89   clock uncertainty
                          0.00    0.89   clock reconvergence pessimism
                          0.66    1.55   library removal time
                                  1.55   data required time
-----------------------------------------------------------------------------
                                  1.55   data required time
                                 -2.91   data arrival time
-----------------------------------------------------------------------------
                                  1.36   slack (MET)


Startpoint: BTNC (input port clocked by CLK100MHZ)
Endpoint: _255_ (removal check against rising-edge clock CLK100MHZ)
Path Group: asynchronous
Path Type: min
Corner: Slowest

Fanout     Cap    Slew   Delay    Time   Description
-----------------------------------------------------------------------------
                          0.00    0.00   clock CLK100MHZ (rise edge)
                          0.00    0.00   clock network delay (propagated)
                          2.00    2.00 v input external delay
     2    0.02    0.08    0.06    2.06 v BTNC (in)
                                         BTNC (net)
                  0.08    0.00    2.06 v _214_/A (sky130_fd_sc_hd__buf_4)
    10    0.07    0.17    0.35    2.40 v _214_/X (sky130_fd_sc_hd__buf_4)
                                         _112_ (net)
                  0.17    0.00    2.40 v _215_/A (sky130_fd_sc_hd__buf_4)
    10    0.07    0.17    0.39    2.79 v _215_/X (sky130_fd_sc_hd__buf_4)
                                         _113_ (net)
                  0.17    0.00    2.79 v _225_/A (sky130_fd_sc_hd__inv_2)
     1    0.01    0.10    0.15    2.94 ^ _225_/Y (sky130_fd_sc_hd__inv_2)
                                         _034_ (net)
                  0.10    0.00    2.94 ^ _255_/RESET_B (sky130_fd_sc_hd__dfrtp_2)
                                  2.94   data arrival time

                          0.00    0.00   clock CLK100MHZ (rise edge)
                          0.00    0.00   clock source latency
     1    0.02    0.13    0.10    0.10 ^ CLK100MHZ (in)
                                         CLK100MHZ (net)
                  0.13    0.00    0.10 ^ clkbuf_0_CLK100MHZ/A (sky130_fd_sc_hd__clkbuf_16)
     4    0.04    0.10    0.30    0.39 ^ clkbuf_0_CLK100MHZ/X (sky130_fd_sc_hd__clkbuf_16)
                                         clknet_0_CLK100MHZ (net)
                  0.10    0.00    0.39 ^ clkbuf_2_0__f_CLK100MHZ/A (sky130_fd_sc_hd__clkbuf_16)
     8    0.03    0.08    0.26    0.65 ^ clkbuf_2_0__f_CLK100MHZ/X (sky130_fd_sc_hd__clkbuf_16)
                                         clknet_2_0__leaf_CLK100MHZ (net)
                  0.08    0.00    0.65 ^ _255_/CLK (sky130_fd_sc_hd__dfrtp_2)
                          0.25    0.90   clock uncertainty
                          0.00    0.90   clock reconvergence pessimism
                          0.67    1.57   library removal time
                                  1.57   data required time
-----------------------------------------------------------------------------
                                  1.57   data required time
                                 -2.94   data arrival time
-----------------------------------------------------------------------------
                                  1.37   slack (MET)


Startpoint: BTNC (input port clocked by CLK100MHZ)
Endpoint: _250_ (removal check against rising-edge clock CLK100MHZ)
Path Group: asynchronous
Path Type: min
Corner: Slowest

Fanout     Cap    Slew   Delay    Time   Description
-----------------------------------------------------------------------------
                          0.00    0.00   clock CLK100MHZ (rise edge)
                          0.00    0.00   clock network delay (propagated)
                          2.00    2.00 v input external delay
     2    0.02    0.08    0.06    2.06 v BTNC (in)
                                         BTNC (net)
                  0.08    0.00    2.06 v _214_/A (sky130_fd_sc_hd__buf_4)
    10    0.07    0.17    0.35    2.40 v _214_/X (sky130_fd_sc_hd__buf_4)
                                         _112_ (net)
                  0.17    0.00    2.40 v _215_/A (sky130_fd_sc_hd__buf_4)
    10    0.07    0.17    0.39    2.79 v _215_/X (sky130_fd_sc_hd__buf_4)
                                         _113_ (net)
                  0.17    0.00    2.79 v _220_/A (sky130_fd_sc_hd__inv_2)
     1    0.02    0.13    0.17    2.96 ^ _220_/Y (sky130_fd_sc_hd__inv_2)
                                         _029_ (net)
                  0.13    0.00    2.96 ^ _250_/RESET_B (sky130_fd_sc_hd__dfrtp_2)
                                  2.96   data arrival time

                          0.00    0.00   clock CLK100MHZ (rise edge)
                          0.00    0.00   clock source latency
     1    0.02    0.13    0.10    0.10 ^ CLK100MHZ (in)
                                         CLK100MHZ (net)
                  0.13    0.00    0.10 ^ clkbuf_0_CLK100MHZ/A (sky130_fd_sc_hd__clkbuf_16)
     4    0.04    0.10    0.30    0.39 ^ clkbuf_0_CLK100MHZ/X (sky130_fd_sc_hd__clkbuf_16)
                                         clknet_0_CLK100MHZ (net)
                  0.10    0.00    0.39 ^ clkbuf_2_2__f_CLK100MHZ/A (sky130_fd_sc_hd__clkbuf_16)
     8    0.03    0.08    0.26    0.65 ^ clkbuf_2_2__f_CLK100MHZ/X (sky130_fd_sc_hd__clkbuf_16)
                                         clknet_2_2__leaf_CLK100MHZ (net)
                  0.08    0.00    0.65 ^ _250_/CLK (sky130_fd_sc_hd__dfrtp_2)
                          0.25    0.90   clock uncertainty
                          0.00    0.90   clock reconvergence pessimism
                          0.68    1.58   library removal time
                                  1.58   data required time
-----------------------------------------------------------------------------
                                  1.58   data required time
                                 -2.96   data arrival time
-----------------------------------------------------------------------------
                                  1.38   slack (MET)


Startpoint: BTNC (input port clocked by CLK100MHZ)
Endpoint: _248_ (removal check against rising-edge clock CLK100MHZ)
Path Group: asynchronous
Path Type: min
Corner: Slowest

Fanout     Cap    Slew   Delay    Time   Description
-----------------------------------------------------------------------------
                          0.00    0.00   clock CLK100MHZ (rise edge)
                          0.00    0.00   clock network delay (propagated)
                          2.00    2.00 v input external delay
     2    0.02    0.08    0.06    2.06 v BTNC (in)
                                         BTNC (net)
                  0.08    0.00    2.06 v _214_/A (sky130_fd_sc_hd__buf_4)
    10    0.07    0.17    0.35    2.40 v _214_/X (sky130_fd_sc_hd__buf_4)
                                         _112_ (net)
                  0.17    0.00    2.40 v _215_/A (sky130_fd_sc_hd__buf_4)
    10    0.07    0.17    0.39    2.79 v _215_/X (sky130_fd_sc_hd__buf_4)
                                         _113_ (net)
                  0.17    0.00    2.79 v _218_/A (sky130_fd_sc_hd__inv_2)
     1    0.02    0.13    0.17    2.96 ^ _218_/Y (sky130_fd_sc_hd__inv_2)
                                         _027_ (net)
                  0.13    0.00    2.96 ^ _248_/RESET_B (sky130_fd_sc_hd__dfrtp_4)
                                  2.96   data arrival time

                          0.00    0.00   clock CLK100MHZ (rise edge)
                          0.00    0.00   clock source latency
     1    0.02    0.13    0.10    0.10 ^ CLK100MHZ (in)
                                         CLK100MHZ (net)
                  0.13    0.00    0.10 ^ clkbuf_0_CLK100MHZ/A (sky130_fd_sc_hd__clkbuf_16)
     4    0.04    0.10    0.30    0.39 ^ clkbuf_0_CLK100MHZ/X (sky130_fd_sc_hd__clkbuf_16)
                                         clknet_0_CLK100MHZ (net)
                  0.10    0.00    0.39 ^ clkbuf_2_0__f_CLK100MHZ/A (sky130_fd_sc_hd__clkbuf_16)
     8    0.03    0.08    0.26    0.65 ^ clkbuf_2_0__f_CLK100MHZ/X (sky130_fd_sc_hd__clkbuf_16)
                                         clknet_2_0__leaf_CLK100MHZ (net)
                  0.08    0.00    0.65 ^ _248_/CLK (sky130_fd_sc_hd__dfrtp_4)
                          0.25    0.90   clock uncertainty
                          0.00    0.90   clock reconvergence pessimism
                          0.68    1.58   library removal time
                                  1.58   data required time
-----------------------------------------------------------------------------
                                  1.58   data required time
                                 -2.96   data arrival time
-----------------------------------------------------------------------------
                                  1.39   slack (MET)


Startpoint: BTNC (input port clocked by CLK100MHZ)
Endpoint: _254_ (removal check against rising-edge clock CLK100MHZ)
Path Group: asynchronous
Path Type: min
Corner: Slowest

Fanout     Cap    Slew   Delay    Time   Description
-----------------------------------------------------------------------------
                          0.00    0.00   clock CLK100MHZ (rise edge)
                          0.00    0.00   clock network delay (propagated)
                          2.00    2.00 v input external delay
     2    0.02    0.08    0.06    2.06 v BTNC (in)
                                         BTNC (net)
                  0.08    0.00    2.06 v _214_/A (sky130_fd_sc_hd__buf_4)
    10    0.07    0.17    0.35    2.40 v _214_/X (sky130_fd_sc_hd__buf_4)
                                         _112_ (net)
                  0.17    0.00    2.40 v _215_/A (sky130_fd_sc_hd__buf_4)
    10    0.07    0.17    0.39    2.79 v _215_/X (sky130_fd_sc_hd__buf_4)
                                         _113_ (net)
                  0.17    0.00    2.79 v _224_/A (sky130_fd_sc_hd__inv_2)
     1    0.01    0.11    0.15    2.95 ^ _224_/Y (sky130_fd_sc_hd__inv_2)
                                         _033_ (net)
                  0.11    0.00    2.95 ^ _254_/RESET_B (sky130_fd_sc_hd__dfrtp_2)
                                  2.95   data arrival time

                          0.00    0.00   clock CLK100MHZ (rise edge)
                          0.00    0.00   clock source latency
     1    0.02    0.13    0.10    0.10 ^ CLK100MHZ (in)
                                         CLK100MHZ (net)
                  0.13    0.00    0.10 ^ clkbuf_0_CLK100MHZ/A (sky130_fd_sc_hd__clkbuf_16)
     4    0.04    0.10    0.30    0.39 ^ clkbuf_0_CLK100MHZ/X (sky130_fd_sc_hd__clkbuf_16)
                                         clknet_0_CLK100MHZ (net)
                  0.10    0.00    0.39 ^ clkbuf_2_1__f_CLK100MHZ/A (sky130_fd_sc_hd__clkbuf_16)
     8    0.02    0.07    0.25    0.64 ^ clkbuf_2_1__f_CLK100MHZ/X (sky130_fd_sc_hd__clkbuf_16)
                                         clknet_2_1__leaf_CLK100MHZ (net)
                  0.07    0.00    0.64 ^ _254_/CLK (sky130_fd_sc_hd__dfrtp_2)
                          0.25    0.89   clock uncertainty
                          0.00    0.89   clock reconvergence pessimism
                          0.67    1.56   library removal time
                                  1.56   data required time
-----------------------------------------------------------------------------
                                  1.56   data required time
                                 -2.95   data arrival time
-----------------------------------------------------------------------------
                                  1.39   slack (MET)


Startpoint: BTNC (input port clocked by CLK100MHZ)
Endpoint: _252_ (removal check against rising-edge clock CLK100MHZ)
Path Group: asynchronous
Path Type: min
Corner: Slowest

Fanout     Cap    Slew   Delay    Time   Description
-----------------------------------------------------------------------------
                          0.00    0.00   clock CLK100MHZ (rise edge)
                          0.00    0.00   clock network delay (propagated)
                          2.00    2.00 v input external delay
     2    0.02    0.08    0.06    2.06 v BTNC (in)
                                         BTNC (net)
                  0.08    0.00    2.06 v _214_/A (sky130_fd_sc_hd__buf_4)
    10    0.07    0.17    0.35    2.40 v _214_/X (sky130_fd_sc_hd__buf_4)
                                         _112_ (net)
                  0.17    0.00    2.40 v _215_/A (sky130_fd_sc_hd__buf_4)
    10    0.07    0.17    0.39    2.79 v _215_/X (sky130_fd_sc_hd__buf_4)
                                         _113_ (net)
                  0.17    0.00    2.79 v _222_/A (sky130_fd_sc_hd__inv_2)
     1    0.02    0.13    0.17    2.97 ^ _222_/Y (sky130_fd_sc_hd__inv_2)
                                         _031_ (net)
                  0.13    0.00    2.97 ^ _252_/RESET_B (sky130_fd_sc_hd__dfrtp_2)
                                  2.97   data arrival time

                          0.00    0.00   clock CLK100MHZ (rise edge)
                          0.00    0.00   clock source latency
     1    0.02    0.13    0.10    0.10 ^ CLK100MHZ (in)
                                         CLK100MHZ (net)
                  0.13    0.00    0.10 ^ clkbuf_0_CLK100MHZ/A (sky130_fd_sc_hd__clkbuf_16)
     4    0.04    0.10    0.30    0.39 ^ clkbuf_0_CLK100MHZ/X (sky130_fd_sc_hd__clkbuf_16)
                                         clknet_0_CLK100MHZ (net)
                  0.10    0.00    0.39 ^ clkbuf_2_2__f_CLK100MHZ/A (sky130_fd_sc_hd__clkbuf_16)
     8    0.03    0.08    0.26    0.65 ^ clkbuf_2_2__f_CLK100MHZ/X (sky130_fd_sc_hd__clkbuf_16)
                                         clknet_2_2__leaf_CLK100MHZ (net)
                  0.08    0.00    0.65 ^ _252_/CLK (sky130_fd_sc_hd__dfrtp_2)
                          0.25    0.90   clock uncertainty
                          0.00    0.90   clock reconvergence pessimism
                          0.68    1.58   library removal time
                                  1.58   data required time
-----------------------------------------------------------------------------
                                  1.58   data required time
                                 -2.97   data arrival time
-----------------------------------------------------------------------------
                                  1.39   slack (MET)


Startpoint: _251_ (rising edge-triggered flip-flop clocked by CLK100MHZ)
Endpoint: _251_ (rising edge-triggered flip-flop clocked by CLK100MHZ)
Path Group: CLK100MHZ
Path Type: min
Corner: Slowest

Fanout     Cap    Slew   Delay    Time   Description
-----------------------------------------------------------------------------
                          0.00    0.00   clock CLK100MHZ (rise edge)
                          0.00    0.00   clock source latency
     1    0.02    0.13    0.09    0.09 ^ CLK100MHZ (in)
                                         CLK100MHZ (net)
                  0.13    0.00    0.09 ^ clkbuf_0_CLK100MHZ/A (sky130_fd_sc_hd__clkbuf_16)
     4    0.04    0.10    0.27    0.35 ^ clkbuf_0_CLK100MHZ/X (sky130_fd_sc_hd__clkbuf_16)
                                         clknet_0_CLK100MHZ (net)
                  0.10    0.00    0.36 ^ clkbuf_2_2__f_CLK100MHZ/A (sky130_fd_sc_hd__clkbuf_16)
     8    0.03    0.08    0.23    0.59 ^ clkbuf_2_2__f_CLK100MHZ/X (sky130_fd_sc_hd__clkbuf_16)
                                         clknet_2_2__leaf_CLK100MHZ (net)
                  0.08    0.00    0.59 ^ _251_/CLK (sky130_fd_sc_hd__dfrtp_2)
     4    0.03    0.23    0.80    1.38 ^ _251_/Q (sky130_fd_sc_hd__dfrtp_2)
                                         decoder.delay[1] (net)
                  0.23    0.00    1.38 ^ _167_/A (sky130_fd_sc_hd__or2_1)
     1    0.01    0.10    0.25    1.63 ^ _167_/X (sky130_fd_sc_hd__or2_1)
                                         _084_ (net)
                  0.10    0.00    1.63 ^ _168_/B (sky130_fd_sc_hd__and2_1)
     1    0.01    0.15    0.28    1.91 ^ _168_/X (sky130_fd_sc_hd__and2_1)
                                         _085_ (net)
                  0.15    0.00    1.91 ^ _169_/A (sky130_fd_sc_hd__clkbuf_1)
     1    0.01    0.16    0.24    2.15 ^ _169_/X (sky130_fd_sc_hd__clkbuf_1)
                                         _011_ (net)
                  0.16    0.00    2.15 ^ _251_/D (sky130_fd_sc_hd__dfrtp_2)
                                  2.15   data arrival time

                          0.00    0.00   clock CLK100MHZ (rise edge)
                          0.00    0.00   clock source latency
     1    0.02    0.13    0.10    0.10 ^ CLK100MHZ (in)
                                         CLK100MHZ (net)
                  0.13    0.00    0.10 ^ clkbuf_0_CLK100MHZ/A (sky130_fd_sc_hd__clkbuf_16)
     4    0.04    0.10    0.30    0.39 ^ clkbuf_0_CLK100MHZ/X (sky130_fd_sc_hd__clkbuf_16)
                                         clknet_0_CLK100MHZ (net)
                  0.10    0.00    0.39 ^ clkbuf_2_2__f_CLK100MHZ/A (sky130_fd_sc_hd__clkbuf_16)
     8    0.03    0.08    0.26    0.65 ^ clkbuf_2_2__f_CLK100MHZ/X (sky130_fd_sc_hd__clkbuf_16)
                                         clknet_2_2__leaf_CLK100MHZ (net)
                  0.08    0.00    0.65 ^ _251_/CLK (sky130_fd_sc_hd__dfrtp_2)
                          0.25    0.90   clock uncertainty
                         -0.06    0.84   clock reconvergence pessimism
                         -0.10    0.74   library hold time
                                  0.74   data required time
-----------------------------------------------------------------------------
                                  0.74   data required time
                                 -2.15   data arrival time
-----------------------------------------------------------------------------
                                  1.41   slack (MET)


Startpoint: _273_ (rising edge-triggered flip-flop clocked by CLK100MHZ)
Endpoint: _273_ (rising edge-triggered flip-flop clocked by CLK100MHZ)
Path Group: CLK100MHZ
Path Type: min
Corner: Slowest

Fanout     Cap    Slew   Delay    Time   Description
-----------------------------------------------------------------------------
                          0.00    0.00   clock CLK100MHZ (rise edge)
                          0.00    0.00   clock source latency
     1    0.02    0.13    0.09    0.09 ^ CLK100MHZ (in)
                                         CLK100MHZ (net)
                  0.13    0.00    0.09 ^ clkbuf_0_CLK100MHZ/A (sky130_fd_sc_hd__clkbuf_16)
     4    0.04    0.10    0.27    0.35 ^ clkbuf_0_CLK100MHZ/X (sky130_fd_sc_hd__clkbuf_16)
                                         clknet_0_CLK100MHZ (net)
                  0.10    0.00    0.35 ^ clkbuf_2_3__f_CLK100MHZ/A (sky130_fd_sc_hd__clkbuf_16)
     8    0.03    0.07    0.23    0.58 ^ clkbuf_2_3__f_CLK100MHZ/X (sky130_fd_sc_hd__clkbuf_16)
                                         clknet_2_3__leaf_CLK100MHZ (net)
                  0.07    0.00    0.58 ^ _273_/CLK (sky130_fd_sc_hd__dfrtp_1)
     2    0.01    0.14    0.66    1.25 ^ _273_/Q (sky130_fd_sc_hd__dfrtp_1)
                                         decoder.delay[23] (net)
                  0.14    0.00    1.25 ^ _151_/B1 (sky130_fd_sc_hd__a21o_1)
     1    0.01    0.20    0.26    1.51 ^ _151_/X (sky130_fd_sc_hd__a21o_1)
                                         _077_ (net)
                  0.20    0.00    1.51 ^ _152_/B (sky130_fd_sc_hd__and2_1)
     1    0.01    0.16    0.33    1.84 ^ _152_/X (sky130_fd_sc_hd__and2_1)
                                         _078_ (net)
                  0.16    0.00    1.84 ^ _153_/A (sky130_fd_sc_hd__buf_1)
     1    0.01    0.24    0.30    2.14 ^ _153_/X (sky130_fd_sc_hd__buf_1)
                                         _015_ (net)
                  0.24    0.00    2.14 ^ _273_/D (sky130_fd_sc_hd__dfrtp_1)
                                  2.14   data arrival time

                          0.00    0.00   clock CLK100MHZ (rise edge)
                          0.00    0.00   clock source latency
     1    0.02    0.13    0.10    0.10 ^ CLK100MHZ (in)
                                         CLK100MHZ (net)
                  0.13    0.00    0.10 ^ clkbuf_0_CLK100MHZ/A (sky130_fd_sc_hd__clkbuf_16)
     4    0.04    0.10    0.30    0.39 ^ clkbuf_0_CLK100MHZ/X (sky130_fd_sc_hd__clkbuf_16)
                                         clknet_0_CLK100MHZ (net)
                  0.10    0.00    0.39 ^ clkbuf_2_3__f_CLK100MHZ/A (sky130_fd_sc_hd__clkbuf_16)
     8    0.03    0.07    0.25    0.65 ^ clkbuf_2_3__f_CLK100MHZ/X (sky130_fd_sc_hd__clkbuf_16)
                                         clknet_2_3__leaf_CLK100MHZ (net)
                  0.07    0.00    0.65 ^ _273_/CLK (sky130_fd_sc_hd__dfrtp_1)
                          0.25    0.90   clock uncertainty
                         -0.06    0.83   clock reconvergence pessimism
                         -0.12    0.72   library hold time
                                  0.72   data required time
-----------------------------------------------------------------------------
                                  0.72   data required time
                                 -2.14   data arrival time
-----------------------------------------------------------------------------
                                  1.42   slack (MET)


Startpoint: _253_ (rising edge-triggered flip-flop clocked by CLK100MHZ)
Endpoint: _253_ (rising edge-triggered flip-flop clocked by CLK100MHZ)
Path Group: CLK100MHZ
Path Type: min
Corner: Slowest

Fanout     Cap    Slew   Delay    Time   Description
-----------------------------------------------------------------------------
                          0.00    0.00   clock CLK100MHZ (rise edge)
                          0.00    0.00   clock source latency
     1    0.02    0.13    0.09    0.09 ^ CLK100MHZ (in)
                                         CLK100MHZ (net)
                  0.13    0.00    0.09 ^ clkbuf_0_CLK100MHZ/A (sky130_fd_sc_hd__clkbuf_16)
     4    0.04    0.10    0.27    0.35 ^ clkbuf_0_CLK100MHZ/X (sky130_fd_sc_hd__clkbuf_16)
                                         clknet_0_CLK100MHZ (net)
                  0.10    0.00    0.36 ^ clkbuf_2_2__f_CLK100MHZ/A (sky130_fd_sc_hd__clkbuf_16)
     8    0.03    0.08    0.23    0.59 ^ clkbuf_2_2__f_CLK100MHZ/X (sky130_fd_sc_hd__clkbuf_16)
                                         clknet_2_2__leaf_CLK100MHZ (net)
                  0.08    0.00    0.59 ^ _253_/CLK (sky130_fd_sc_hd__dfrtp_1)
     2    0.02    0.24    0.74    1.33 ^ _253_/Q (sky130_fd_sc_hd__dfrtp_1)
                                         decoder.delay[3] (net)
                  0.24    0.00    1.33 ^ _171_/B1 (sky130_fd_sc_hd__a31o_1)
     1    0.01    0.12    0.26    1.59 ^ _171_/X (sky130_fd_sc_hd__a31o_1)
                                         _086_ (net)
                  0.12    0.00    1.59 ^ _172_/B (sky130_fd_sc_hd__and2b_1)
     1    0.02    0.25    0.37    1.95 ^ _172_/X (sky130_fd_sc_hd__and2b_1)
                                         _087_ (net)
                  0.25    0.00    1.95 ^ _173_/A (sky130_fd_sc_hd__clkbuf_1)
     1    0.01    0.15    0.26    2.22 ^ _173_/X (sky130_fd_sc_hd__clkbuf_1)
                                         _018_ (net)
                  0.15    0.00    2.22 ^ _253_/D (sky130_fd_sc_hd__dfrtp_1)
                                  2.22   data arrival time

                          0.00    0.00   clock CLK100MHZ (rise edge)
                          0.00    0.00   clock source latency
     1    0.02    0.13    0.10    0.10 ^ CLK100MHZ (in)
                                         CLK100MHZ (net)
                  0.13    0.00    0.10 ^ clkbuf_0_CLK100MHZ/A (sky130_fd_sc_hd__clkbuf_16)
     4    0.04    0.10    0.30    0.39 ^ clkbuf_0_CLK100MHZ/X (sky130_fd_sc_hd__clkbuf_16)
                                         clknet_0_CLK100MHZ (net)
                  0.10    0.00    0.39 ^ clkbuf_2_2__f_CLK100MHZ/A (sky130_fd_sc_hd__clkbuf_16)
     8    0.03    0.08    0.26    0.65 ^ clkbuf_2_2__f_CLK100MHZ/X (sky130_fd_sc_hd__clkbuf_16)
                                         clknet_2_2__leaf_CLK100MHZ (net)
                  0.08    0.00    0.65 ^ _253_/CLK (sky130_fd_sc_hd__dfrtp_1)
                          0.25    0.90   clock uncertainty
                         -0.06    0.84   clock reconvergence pessimism
                         -0.09    0.74   library hold time
                                  0.74   data required time
-----------------------------------------------------------------------------
                                  0.74   data required time
                                 -2.22   data arrival time
-----------------------------------------------------------------------------
                                  1.47   slack (MET)


Startpoint: _258_ (rising edge-triggered flip-flop clocked by CLK100MHZ)
Endpoint: _258_ (rising edge-triggered flip-flop clocked by CLK100MHZ)
Path Group: CLK100MHZ
Path Type: min
Corner: Slowest

Fanout     Cap    Slew   Delay    Time   Description
-----------------------------------------------------------------------------
                          0.00    0.00   clock CLK100MHZ (rise edge)
                          0.00    0.00   clock source latency
     1    0.02    0.13    0.09    0.09 ^ CLK100MHZ (in)
                                         CLK100MHZ (net)
                  0.13    0.00    0.09 ^ clkbuf_0_CLK100MHZ/A (sky130_fd_sc_hd__clkbuf_16)
     4    0.04    0.10    0.27    0.35 ^ clkbuf_0_CLK100MHZ/X (sky130_fd_sc_hd__clkbuf_16)
                                         clknet_0_CLK100MHZ (net)
                  0.10    0.00    0.35 ^ clkbuf_2_3__f_CLK100MHZ/A (sky130_fd_sc_hd__clkbuf_16)
     8    0.03    0.07    0.23    0.58 ^ clkbuf_2_3__f_CLK100MHZ/X (sky130_fd_sc_hd__clkbuf_16)
                                         clknet_2_3__leaf_CLK100MHZ (net)
                  0.07    0.00    0.58 ^ _258_/CLK (sky130_fd_sc_hd__dfrtp_4)
     5    0.04    0.22    0.89    1.48 ^ _258_/Q (sky130_fd_sc_hd__dfrtp_4)
                                         decoder.delay[8] (net)
                  0.22    0.00    1.48 ^ _187_/A (sky130_fd_sc_hd__nor2_1)
     1    0.01    0.12    0.19    1.67 v _187_/Y (sky130_fd_sc_hd__nor2_1)
                                         _097_ (net)
                  0.12    0.00    1.67 v _189_/A_N (sky130_fd_sc_hd__and2b_1)
     1    0.01    0.10    0.40    2.07 ^ _189_/X (sky130_fd_sc_hd__and2b_1)
                                         _099_ (net)
                  0.10    0.00    2.07 ^ _190_/A (sky130_fd_sc_hd__buf_1)
     1    0.01    0.28    0.30    2.37 ^ _190_/X (sky130_fd_sc_hd__buf_1)
                                         _023_ (net)
                  0.28    0.00    2.37 ^ _258_/D (sky130_fd_sc_hd__dfrtp_4)
                                  2.37   data arrival time

                          0.00    0.00   clock CLK100MHZ (rise edge)
                          0.00    0.00   clock source latency
     1    0.02    0.13    0.10    0.10 ^ CLK100MHZ (in)
                                         CLK100MHZ (net)
                  0.13    0.00    0.10 ^ clkbuf_0_CLK100MHZ/A (sky130_fd_sc_hd__clkbuf_16)
     4    0.04    0.10    0.30    0.39 ^ clkbuf_0_CLK100MHZ/X (sky130_fd_sc_hd__clkbuf_16)
                                         clknet_0_CLK100MHZ (net)
                  0.10    0.00    0.39 ^ clkbuf_2_3__f_CLK100MHZ/A (sky130_fd_sc_hd__clkbuf_16)
     8    0.03    0.07    0.25    0.65 ^ clkbuf_2_3__f_CLK100MHZ/X (sky130_fd_sc_hd__clkbuf_16)
                                         clknet_2_3__leaf_CLK100MHZ (net)
                  0.07    0.00    0.65 ^ _258_/CLK (sky130_fd_sc_hd__dfrtp_4)
                          0.25    0.90   clock uncertainty
                         -0.06    0.83   clock reconvergence pessimism
                         -0.13    0.71   library hold time
                                  0.71   data required time
-----------------------------------------------------------------------------
                                  0.71   data required time
                                 -2.37   data arrival time
-----------------------------------------------------------------------------
                                  1.66   slack (MET)


Startpoint: _261_ (rising edge-triggered flip-flop clocked by CLK100MHZ)
Endpoint: _261_ (rising edge-triggered flip-flop clocked by CLK100MHZ)
Path Group: CLK100MHZ
Path Type: min
Corner: Slowest

Fanout     Cap    Slew   Delay    Time   Description
-----------------------------------------------------------------------------
                          0.00    0.00   clock CLK100MHZ (rise edge)
                          0.00    0.00   clock source latency
     1    0.02    0.13    0.09    0.09 ^ CLK100MHZ (in)
                                         CLK100MHZ (net)
                  0.13    0.00    0.09 ^ clkbuf_0_CLK100MHZ/A (sky130_fd_sc_hd__clkbuf_16)
     4    0.04    0.10    0.27    0.35 ^ clkbuf_0_CLK100MHZ/X (sky130_fd_sc_hd__clkbuf_16)
                                         clknet_0_CLK100MHZ (net)
                  0.10    0.00    0.35 ^ clkbuf_2_3__f_CLK100MHZ/A (sky130_fd_sc_hd__clkbuf_16)
     8    0.03    0.07    0.23    0.58 ^ clkbuf_2_3__f_CLK100MHZ/X (sky130_fd_sc_hd__clkbuf_16)
                                         clknet_2_3__leaf_CLK100MHZ (net)
                  0.07    0.00    0.58 ^ _261_/CLK (sky130_fd_sc_hd__dfrtp_1)
     3    0.02    0.27    0.76    1.35 ^ _261_/Q (sky130_fd_sc_hd__dfrtp_1)
                                         decoder.delay[11] (net)
                  0.27    0.00    1.35 ^ _195_/B1 (sky130_fd_sc_hd__a21oi_1)
     1    0.02    0.16    0.23    1.58 v _195_/Y (sky130_fd_sc_hd__a21oi_1)
                                         _102_ (net)
                  0.16    0.00    1.58 v _197_/A_N (sky130_fd_sc_hd__and2b_1)
     1    0.01    0.16    0.46    2.04 ^ _197_/X (sky130_fd_sc_hd__and2b_1)
                                         _104_ (net)
                  0.16    0.00    2.04 ^ _198_/A (sky130_fd_sc_hd__buf_1)
     2    0.02    0.30    0.34    2.38 ^ _198_/X (sky130_fd_sc_hd__buf_1)
                                         _002_ (net)
                  0.30    0.00    2.38 ^ _261_/D (sky130_fd_sc_hd__dfrtp_1)
                                  2.38   data arrival time

                          0.00    0.00   clock CLK100MHZ (rise edge)
                          0.00    0.00   clock source latency
     1    0.02    0.13    0.10    0.10 ^ CLK100MHZ (in)
                                         CLK100MHZ (net)
                  0.13    0.00    0.10 ^ clkbuf_0_CLK100MHZ/A (sky130_fd_sc_hd__clkbuf_16)
     4    0.04    0.10    0.30    0.39 ^ clkbuf_0_CLK100MHZ/X (sky130_fd_sc_hd__clkbuf_16)
                                         clknet_0_CLK100MHZ (net)
                  0.10    0.00    0.39 ^ clkbuf_2_3__f_CLK100MHZ/A (sky130_fd_sc_hd__clkbuf_16)
     8    0.03    0.07    0.25    0.65 ^ clkbuf_2_3__f_CLK100MHZ/X (sky130_fd_sc_hd__clkbuf_16)
                                         clknet_2_3__leaf_CLK100MHZ (net)
                  0.07    0.00    0.65 ^ _261_/CLK (sky130_fd_sc_hd__dfrtp_1)
                          0.25    0.90   clock uncertainty
                         -0.06    0.83   clock reconvergence pessimism
                         -0.13    0.71   library hold time
                                  0.71   data required time
-----------------------------------------------------------------------------
                                  0.71   data required time
                                 -2.38   data arrival time
-----------------------------------------------------------------------------
                                  1.67   slack (MET)


Startpoint: _257_ (rising edge-triggered flip-flop clocked by CLK100MHZ)
Endpoint: _257_ (rising edge-triggered flip-flop clocked by CLK100MHZ)
Path Group: CLK100MHZ
Path Type: min
Corner: Slowest

Fanout     Cap    Slew   Delay    Time   Description
-----------------------------------------------------------------------------
                          0.00    0.00   clock CLK100MHZ (rise edge)
                          0.00    0.00   clock source latency
     1    0.02    0.13    0.09    0.09 ^ CLK100MHZ (in)
                                         CLK100MHZ (net)
                  0.13    0.00    0.09 ^ clkbuf_0_CLK100MHZ/A (sky130_fd_sc_hd__clkbuf_16)
     4    0.04    0.10    0.27    0.35 ^ clkbuf_0_CLK100MHZ/X (sky130_fd_sc_hd__clkbuf_16)
                                         clknet_0_CLK100MHZ (net)
                  0.10    0.00    0.35 ^ clkbuf_2_3__f_CLK100MHZ/A (sky130_fd_sc_hd__clkbuf_16)
     8    0.03    0.07    0.23    0.58 ^ clkbuf_2_3__f_CLK100MHZ/X (sky130_fd_sc_hd__clkbuf_16)
                                         clknet_2_3__leaf_CLK100MHZ (net)
                  0.07    0.00    0.58 ^ _257_/CLK (sky130_fd_sc_hd__dfrtp_1)
     3    0.02    0.34    0.81    1.40 ^ _257_/Q (sky130_fd_sc_hd__dfrtp_1)
                                         decoder.delay[7] (net)
                  0.34    0.00    1.40 ^ _184_/B1 (sky130_fd_sc_hd__a21o_1)
     1    0.01    0.14    0.28    1.68 ^ _184_/X (sky130_fd_sc_hd__a21o_1)
                                         _095_ (net)
                  0.14    0.00    1.68 ^ _185_/B (sky130_fd_sc_hd__and2b_1)
     1    0.02    0.32    0.42    2.10 ^ _185_/X (sky130_fd_sc_hd__and2b_1)
                                         _096_ (net)
                  0.32    0.00    2.10 ^ _186_/A (sky130_fd_sc_hd__buf_1)
     1    0.01    0.26    0.36    2.46 ^ _186_/X (sky130_fd_sc_hd__buf_1)
                                         _022_ (net)
                  0.26    0.00    2.46 ^ _257_/D (sky130_fd_sc_hd__dfrtp_1)
                                  2.46   data arrival time

                          0.00    0.00   clock CLK100MHZ (rise edge)
                          0.00    0.00   clock source latency
     1    0.02    0.13    0.10    0.10 ^ CLK100MHZ (in)
                                         CLK100MHZ (net)
                  0.13    0.00    0.10 ^ clkbuf_0_CLK100MHZ/A (sky130_fd_sc_hd__clkbuf_16)
     4    0.04    0.10    0.30    0.39 ^ clkbuf_0_CLK100MHZ/X (sky130_fd_sc_hd__clkbuf_16)
                                         clknet_0_CLK100MHZ (net)
                  0.10    0.00    0.39 ^ clkbuf_2_3__f_CLK100MHZ/A (sky130_fd_sc_hd__clkbuf_16)
     8    0.03    0.07    0.25    0.65 ^ clkbuf_2_3__f_CLK100MHZ/X (sky130_fd_sc_hd__clkbuf_16)
                                         clknet_2_3__leaf_CLK100MHZ (net)
                  0.07    0.00    0.65 ^ _257_/CLK (sky130_fd_sc_hd__dfrtp_1)
                          0.25    0.90   clock uncertainty
                         -0.06    0.83   clock reconvergence pessimism
                         -0.12    0.72   library hold time
                                  0.72   data required time
-----------------------------------------------------------------------------
                                  0.72   data required time
                                 -2.46   data arrival time
-----------------------------------------------------------------------------
                                  1.75   slack (MET)


Startpoint: _247_ (rising edge-triggered flip-flop clocked by CLK100MHZ)
Endpoint: seg[6] (output port clocked by CLK100MHZ)
Path Group: CLK100MHZ
Path Type: min
Corner: Slowest

Fanout     Cap    Slew   Delay    Time   Description
-----------------------------------------------------------------------------
                          0.00    0.00   clock CLK100MHZ (rise edge)
                          0.00    0.00   clock source latency
     1    0.02    0.13    0.09    0.09 ^ CLK100MHZ (in)
                                         CLK100MHZ (net)
                  0.13    0.00    0.09 ^ clkbuf_0_CLK100MHZ/A (sky130_fd_sc_hd__clkbuf_16)
     4    0.04    0.10    0.27    0.35 ^ clkbuf_0_CLK100MHZ/X (sky130_fd_sc_hd__clkbuf_16)
                                         clknet_0_CLK100MHZ (net)
                  0.10    0.00    0.35 ^ clkbuf_2_3__f_CLK100MHZ/A (sky130_fd_sc_hd__clkbuf_16)
     8    0.03    0.07    0.23    0.58 ^ clkbuf_2_3__f_CLK100MHZ/X (sky130_fd_sc_hd__clkbuf_16)
                                         clknet_2_3__leaf_CLK100MHZ (net)
                  0.07    0.00    0.58 ^ _247_/CLK (sky130_fd_sc_hd__dfrtp_4)
     9    0.05    0.27    0.94    1.52 ^ _247_/Q (sky130_fd_sc_hd__dfrtp_4)
                                         decoder.count[1] (net)
                  0.27    0.00    1.52 ^ _164_/A1 (sky130_fd_sc_hd__a21boi_1)
     1    0.01    0.12    0.27    1.79 v _164_/Y (sky130_fd_sc_hd__a21boi_1)
                                         net7 (net)
                  0.12    0.00    1.79 v output7/A (sky130_fd_sc_hd__buf_1)
     1    0.03    0.39    0.42    2.21 v output7/X (sky130_fd_sc_hd__buf_1)
                                         seg[6] (net)
                  0.39    0.00    2.21 v seg[6] (out)
                                  2.21   data arrival time

                          0.00    0.00   clock CLK100MHZ (rise edge)
                          0.00    0.00   clock network delay (propagated)
                          0.25    0.25   clock uncertainty
                          0.00    0.25   clock reconvergence pessimism
                         -2.00   -1.75   output external delay
                                 -1.75   data required time
-----------------------------------------------------------------------------
                                 -1.75   data required time
                                 -2.21   data arrival time
-----------------------------------------------------------------------------
                                  3.96   slack (MET)


Startpoint: _246_ (rising edge-triggered flip-flop clocked by CLK100MHZ)
Endpoint: seg[4] (output port clocked by CLK100MHZ)
Path Group: CLK100MHZ
Path Type: min
Corner: Slowest

Fanout     Cap    Slew   Delay    Time   Description
-----------------------------------------------------------------------------
                          0.00    0.00   clock CLK100MHZ (rise edge)
                          0.00    0.00   clock source latency
     1    0.02    0.13    0.09    0.09 ^ CLK100MHZ (in)
                                         CLK100MHZ (net)
                  0.13    0.00    0.09 ^ clkbuf_0_CLK100MHZ/A (sky130_fd_sc_hd__clkbuf_16)
     4    0.04    0.10    0.27    0.35 ^ clkbuf_0_CLK100MHZ/X (sky130_fd_sc_hd__clkbuf_16)
                                         clknet_0_CLK100MHZ (net)
                  0.10    0.00    0.35 ^ clkbuf_2_1__f_CLK100MHZ/A (sky130_fd_sc_hd__clkbuf_16)
     8    0.02    0.07    0.22    0.58 ^ clkbuf_2_1__f_CLK100MHZ/X (sky130_fd_sc_hd__clkbuf_16)
                                         clknet_2_1__leaf_CLK100MHZ (net)
                  0.07    0.00    0.58 ^ _246_/CLK (sky130_fd_sc_hd__dfrtp_4)
     6    0.04    0.25    0.92    1.50 ^ _246_/Q (sky130_fd_sc_hd__dfrtp_4)
                                         decoder.count[0] (net)
                  0.25    0.00    1.50 ^ _141_/A (sky130_fd_sc_hd__inv_2)
     2    0.01    0.08    0.15    1.65 v _141_/Y (sky130_fd_sc_hd__inv_2)
                                         _071_ (net)
                  0.08    0.00    1.65 v _161_/A (sky130_fd_sc_hd__nand2_1)
     1    0.01    0.15    0.16    1.80 ^ _161_/Y (sky130_fd_sc_hd__nand2_1)
                                         net5 (net)
                  0.15    0.00    1.80 ^ output5/A (sky130_fd_sc_hd__buf_1)
     1    0.03    0.65    0.57    2.37 ^ output5/X (sky130_fd_sc_hd__buf_1)
                                         seg[4] (net)
                  0.65    0.00    2.37 ^ seg[4] (out)
                                  2.37   data arrival time

                          0.00    0.00   clock CLK100MHZ (rise edge)
                          0.00    0.00   clock network delay (propagated)
                          0.25    0.25   clock uncertainty
                          0.00    0.25   clock reconvergence pessimism
                         -2.00   -1.75   output external delay
                                 -1.75   data required time
-----------------------------------------------------------------------------
                                 -1.75   data required time
                                 -2.37   data arrival time
-----------------------------------------------------------------------------
                                  4.12   slack (MET)


Startpoint: _249_ (rising edge-triggered flip-flop clocked by CLK100MHZ)
Endpoint: seg[3] (output port clocked by CLK100MHZ)
Path Group: CLK100MHZ
Path Type: min
Corner: Slowest

Fanout     Cap    Slew   Delay    Time   Description
-----------------------------------------------------------------------------
                          0.00    0.00   clock CLK100MHZ (rise edge)
                          0.00    0.00   clock source latency
     1    0.02    0.13    0.09    0.09 ^ CLK100MHZ (in)
                                         CLK100MHZ (net)
                  0.13    0.00    0.09 ^ clkbuf_0_CLK100MHZ/A (sky130_fd_sc_hd__clkbuf_16)
     4    0.04    0.10    0.27    0.35 ^ clkbuf_0_CLK100MHZ/X (sky130_fd_sc_hd__clkbuf_16)
                                         clknet_0_CLK100MHZ (net)
                  0.10    0.00    0.35 ^ clkbuf_2_3__f_CLK100MHZ/A (sky130_fd_sc_hd__clkbuf_16)
     8    0.03    0.07    0.23    0.58 ^ clkbuf_2_3__f_CLK100MHZ/X (sky130_fd_sc_hd__clkbuf_16)
                                         clknet_2_3__leaf_CLK100MHZ (net)
                  0.07    0.00    0.58 ^ _249_/CLK (sky130_fd_sc_hd__dfrtp_4)
     6    0.04    0.24    0.91    1.49 ^ _249_/Q (sky130_fd_sc_hd__dfrtp_4)
                                         decoder.count[3] (net)
                  0.24    0.00    1.50 ^ _158_/D1 (sky130_fd_sc_hd__a2111o_1)
     2    0.02    0.23    0.33    1.83 ^ _158_/X (sky130_fd_sc_hd__a2111o_1)
                                         net4 (net)
                  0.23    0.00    1.83 ^ output4/A (sky130_fd_sc_hd__buf_1)
     1    0.03    0.64    0.59    2.42 ^ output4/X (sky130_fd_sc_hd__buf_1)
                                         seg[3] (net)
                  0.64    0.00    2.42 ^ seg[3] (out)
                                  2.42   data arrival time

                          0.00    0.00   clock CLK100MHZ (rise edge)
                          0.00    0.00   clock network delay (propagated)
                          0.25    0.25   clock uncertainty
                          0.00    0.25   clock reconvergence pessimism
                         -2.00   -1.75   output external delay
                                 -1.75   data required time
-----------------------------------------------------------------------------
                                 -1.75   data required time
                                 -2.42   data arrival time
-----------------------------------------------------------------------------
                                  4.17   slack (MET)


Startpoint: _248_ (rising edge-triggered flip-flop clocked by CLK100MHZ)
Endpoint: seg[1] (output port clocked by CLK100MHZ)
Path Group: CLK100MHZ
Path Type: min
Corner: Slowest

Fanout     Cap    Slew   Delay    Time   Description
-----------------------------------------------------------------------------
                          0.00    0.00   clock CLK100MHZ (rise edge)
                          0.00    0.00   clock source latency
     1    0.02    0.13    0.09    0.09 ^ CLK100MHZ (in)
                                         CLK100MHZ (net)
                  0.13    0.00    0.09 ^ clkbuf_0_CLK100MHZ/A (sky130_fd_sc_hd__clkbuf_16)
     4    0.04    0.10    0.27    0.35 ^ clkbuf_0_CLK100MHZ/X (sky130_fd_sc_hd__clkbuf_16)
                                         clknet_0_CLK100MHZ (net)
                  0.10    0.00    0.35 ^ clkbuf_2_0__f_CLK100MHZ/A (sky130_fd_sc_hd__clkbuf_16)
     8    0.03    0.08    0.23    0.59 ^ clkbuf_2_0__f_CLK100MHZ/X (sky130_fd_sc_hd__clkbuf_16)
                                         clknet_2_0__leaf_CLK100MHZ (net)
                  0.08    0.00    0.59 ^ _248_/CLK (sky130_fd_sc_hd__dfrtp_4)
     6    0.04    0.22    0.90    1.48 ^ _248_/Q (sky130_fd_sc_hd__dfrtp_4)
                                         decoder.count[2] (net)
                  0.22    0.00    1.48 ^ _155_/B (sky130_fd_sc_hd__nor2_2)
     4    0.03    0.15    0.21    1.69 v _155_/Y (sky130_fd_sc_hd__nor2_2)
                                         _079_ (net)
                  0.15    0.00    1.69 v _159_/B (sky130_fd_sc_hd__nor2_1)
     1    0.00    0.18    0.20    1.89 ^ _159_/Y (sky130_fd_sc_hd__nor2_1)
                                         net2 (net)
                  0.18    0.00    1.89 ^ output2/A (sky130_fd_sc_hd__buf_1)
     1    0.03    0.64    0.57    2.46 ^ output2/X (sky130_fd_sc_hd__buf_1)
                                         seg[1] (net)
                  0.64    0.00    2.46 ^ seg[1] (out)
                                  2.46   data arrival time

                          0.00    0.00   clock CLK100MHZ (rise edge)
                          0.00    0.00   clock network delay (propagated)
                          0.25    0.25   clock uncertainty
                          0.00    0.25   clock reconvergence pessimism
                         -2.00   -1.75   output external delay
                                 -1.75   data required time
-----------------------------------------------------------------------------
                                 -1.75   data required time
                                 -2.46   data arrival time
-----------------------------------------------------------------------------
                                  4.21   slack (MET)


Startpoint: _249_ (rising edge-triggered flip-flop clocked by CLK100MHZ)
Endpoint: seg[2] (output port clocked by CLK100MHZ)
Path Group: CLK100MHZ
Path Type: min
Corner: Slowest

Fanout     Cap    Slew   Delay    Time   Description
-----------------------------------------------------------------------------
                          0.00    0.00   clock CLK100MHZ (rise edge)
                          0.00    0.00   clock source latency
     1    0.02    0.13    0.09    0.09 ^ CLK100MHZ (in)
                                         CLK100MHZ (net)
                  0.13    0.00    0.09 ^ clkbuf_0_CLK100MHZ/A (sky130_fd_sc_hd__clkbuf_16)
     4    0.04    0.10    0.27    0.35 ^ clkbuf_0_CLK100MHZ/X (sky130_fd_sc_hd__clkbuf_16)
                                         clknet_0_CLK100MHZ (net)
                  0.10    0.00    0.35 ^ clkbuf_2_3__f_CLK100MHZ/A (sky130_fd_sc_hd__clkbuf_16)
     8    0.03    0.07    0.23    0.58 ^ clkbuf_2_3__f_CLK100MHZ/X (sky130_fd_sc_hd__clkbuf_16)
                                         clknet_2_3__leaf_CLK100MHZ (net)
                  0.07    0.00    0.58 ^ _249_/CLK (sky130_fd_sc_hd__dfrtp_4)
     6    0.04    0.24    0.91    1.49 ^ _249_/Q (sky130_fd_sc_hd__dfrtp_4)
                                         decoder.count[3] (net)
                  0.24    0.00    1.50 ^ _160_/A1 (sky130_fd_sc_hd__o21a_1)
     1    0.01    0.22    0.40    1.89 ^ _160_/X (sky130_fd_sc_hd__o21a_1)
                                         net3 (net)
                  0.22    0.00    1.89 ^ output3/A (sky130_fd_sc_hd__buf_1)
     1    0.03    0.65    0.59    2.49 ^ output3/X (sky130_fd_sc_hd__buf_1)
                                         seg[2] (net)
                  0.65    0.00    2.49 ^ seg[2] (out)
                                  2.49   data arrival time

                          0.00    0.00   clock CLK100MHZ (rise edge)
                          0.00    0.00   clock network delay (propagated)
                          0.25    0.25   clock uncertainty
                          0.00    0.25   clock reconvergence pessimism
                         -2.00   -1.75   output external delay
                                 -1.75   data required time
-----------------------------------------------------------------------------
                                 -1.75   data required time
                                 -2.49   data arrival time
-----------------------------------------------------------------------------
                                  4.24   slack (MET)


Startpoint: _249_ (rising edge-triggered flip-flop clocked by CLK100MHZ)
Endpoint: seg[5] (output port clocked by CLK100MHZ)
Path Group: CLK100MHZ
Path Type: min
Corner: Slowest

Fanout     Cap    Slew   Delay    Time   Description
-----------------------------------------------------------------------------
                          0.00    0.00   clock CLK100MHZ (rise edge)
                          0.00    0.00   clock source latency
     1    0.02    0.13    0.09    0.09 ^ CLK100MHZ (in)
                                         CLK100MHZ (net)
                  0.13    0.00    0.09 ^ clkbuf_0_CLK100MHZ/A (sky130_fd_sc_hd__clkbuf_16)
     4    0.04    0.10    0.27    0.35 ^ clkbuf_0_CLK100MHZ/X (sky130_fd_sc_hd__clkbuf_16)
                                         clknet_0_CLK100MHZ (net)
                  0.10    0.00    0.35 ^ clkbuf_2_3__f_CLK100MHZ/A (sky130_fd_sc_hd__clkbuf_16)
     8    0.03    0.07    0.23    0.58 ^ clkbuf_2_3__f_CLK100MHZ/X (sky130_fd_sc_hd__clkbuf_16)
                                         clknet_2_3__leaf_CLK100MHZ (net)
                  0.07    0.00    0.58 ^ _249_/CLK (sky130_fd_sc_hd__dfrtp_4)
     6    0.04    0.24    0.91    1.49 ^ _249_/Q (sky130_fd_sc_hd__dfrtp_4)
                                         decoder.count[3] (net)
                  0.24    0.00    1.50 ^ _162_/A (sky130_fd_sc_hd__or3_1)
     1    0.01    0.15    0.30    1.80 ^ _162_/X (sky130_fd_sc_hd__or3_1)
                                         _082_ (net)
                  0.15    0.00    1.80 ^ _163_/A (sky130_fd_sc_hd__clkbuf_1)
     1    0.01    0.26    0.30    2.10 ^ _163_/X (sky130_fd_sc_hd__clkbuf_1)
                                         net6 (net)
                  0.26    0.00    2.10 ^ output6/A (sky130_fd_sc_hd__buf_1)
     1    0.03    0.64    0.60    2.70 ^ output6/X (sky130_fd_sc_hd__buf_1)
                                         seg[5] (net)
                  0.64    0.00    2.70 ^ seg[5] (out)
                                  2.70   data arrival time

                          0.00    0.00   clock CLK100MHZ (rise edge)
                          0.00    0.00   clock network delay (propagated)
                          0.25    0.25   clock uncertainty
                          0.00    0.25   clock reconvergence pessimism
                         -2.00   -1.75   output external delay
                                 -1.75   data required time
-----------------------------------------------------------------------------
                                 -1.75   data required time
                                 -2.70   data arrival time
-----------------------------------------------------------------------------
                                  4.45   slack (MET)


Startpoint: _249_ (rising edge-triggered flip-flop clocked by CLK100MHZ)
Endpoint: seg[0] (output port clocked by CLK100MHZ)
Path Group: CLK100MHZ
Path Type: min
Corner: Slowest

Fanout     Cap    Slew   Delay    Time   Description
-----------------------------------------------------------------------------
                          0.00    0.00   clock CLK100MHZ (rise edge)
                          0.00    0.00   clock source latency
     1    0.02    0.13    0.09    0.09 ^ CLK100MHZ (in)
                                         CLK100MHZ (net)
                  0.13    0.00    0.09 ^ clkbuf_0_CLK100MHZ/A (sky130_fd_sc_hd__clkbuf_16)
     4    0.04    0.10    0.27    0.35 ^ clkbuf_0_CLK100MHZ/X (sky130_fd_sc_hd__clkbuf_16)
                                         clknet_0_CLK100MHZ (net)
                  0.10    0.00    0.35 ^ clkbuf_2_3__f_CLK100MHZ/A (sky130_fd_sc_hd__clkbuf_16)
     8    0.03    0.07    0.23    0.58 ^ clkbuf_2_3__f_CLK100MHZ/X (sky130_fd_sc_hd__clkbuf_16)
                                         clknet_2_3__leaf_CLK100MHZ (net)
                  0.07    0.00    0.58 ^ _249_/CLK (sky130_fd_sc_hd__dfrtp_4)
     6    0.04    0.24    0.91    1.49 ^ _249_/Q (sky130_fd_sc_hd__dfrtp_4)
                                         decoder.count[3] (net)
                  0.24    0.00    1.50 ^ _158_/D1 (sky130_fd_sc_hd__a2111o_1)
     2    0.02    0.23    0.33    1.83 ^ _158_/X (sky130_fd_sc_hd__a2111o_1)
                                         net4 (net)
                  0.23    0.00    1.83 ^ _279_/A (sky130_fd_sc_hd__buf_1)
     1    0.01    0.21    0.30    2.13 ^ _279_/X (sky130_fd_sc_hd__buf_1)
                                         net1 (net)
                  0.21    0.00    2.13 ^ output1/A (sky130_fd_sc_hd__buf_1)
     1    0.03    0.64    0.59    2.71 ^ output1/X (sky130_fd_sc_hd__buf_1)
                                         seg[0] (net)
                  0.64    0.00    2.71 ^ seg[0] (out)
                                  2.71   data arrival time

                          0.00    0.00   clock CLK100MHZ (rise edge)
                          0.00    0.00   clock network delay (propagated)
                          0.25    0.25   clock uncertainty
                          0.00    0.25   clock reconvergence pessimism
                         -2.00   -1.75   output external delay
                                 -1.75   data required time
-----------------------------------------------------------------------------
                                 -1.75   data required time
                                 -2.71   data arrival time
-----------------------------------------------------------------------------
                                  4.46   slack (MET)



worst slack corner Slowest: 0.7937
======================= Typical Corner ===================================

Startpoint: _268_ (rising edge-triggered flip-flop clocked by CLK100MHZ)
Endpoint: _268_ (rising edge-triggered flip-flop clocked by CLK100MHZ)
Path Group: CLK100MHZ
Path Type: min
Corner: Typical

Fanout     Cap    Slew   Delay    Time   Description
-----------------------------------------------------------------------------
                          0.00    0.00   clock CLK100MHZ (rise edge)
                          0.00    0.00   clock source latency
     1    0.02    0.09    0.06    0.06 ^ CLK100MHZ (in)
                                         CLK100MHZ (net)
                  0.09    0.00    0.06 ^ clkbuf_0_CLK100MHZ/A (sky130_fd_sc_hd__clkbuf_16)
     4    0.04    0.06    0.15    0.21 ^ clkbuf_0_CLK100MHZ/X (sky130_fd_sc_hd__clkbuf_16)
                                         clknet_0_CLK100MHZ (net)
                  0.06    0.00    0.21 ^ clkbuf_2_1__f_CLK100MHZ/A (sky130_fd_sc_hd__clkbuf_16)
     8    0.02    0.04    0.13    0.33 ^ clkbuf_2_1__f_CLK100MHZ/X (sky130_fd_sc_hd__clkbuf_16)
                                         clknet_2_1__leaf_CLK100MHZ (net)
                  0.04    0.00    0.33 ^ _268_/CLK (sky130_fd_sc_hd__dfrtp_2)
     3    0.03    0.13    0.40    0.73 ^ _268_/Q (sky130_fd_sc_hd__dfrtp_2)
                                         decoder.delay[18] (net)
                  0.13    0.00    0.73 ^ _211_/A (sky130_fd_sc_hd__xor2_1)
     1    0.00    0.04    0.08    0.81 v _211_/X (sky130_fd_sc_hd__xor2_1)
                                         _009_ (net)
                  0.04    0.00    0.81 v _268_/D (sky130_fd_sc_hd__dfrtp_2)
                                  0.81   data arrival time

                          0.00    0.00   clock CLK100MHZ (rise edge)
                          0.00    0.00   clock source latency
     1    0.02    0.09    0.06    0.06 ^ CLK100MHZ (in)
                                         CLK100MHZ (net)
                  0.09    0.00    0.06 ^ clkbuf_0_CLK100MHZ/A (sky130_fd_sc_hd__clkbuf_16)
     4    0.04    0.06    0.17    0.23 ^ clkbuf_0_CLK100MHZ/X (sky130_fd_sc_hd__clkbuf_16)
                                         clknet_0_CLK100MHZ (net)
                  0.06    0.00    0.23 ^ clkbuf_2_1__f_CLK100MHZ/A (sky130_fd_sc_hd__clkbuf_16)
     8    0.02    0.04    0.14    0.37 ^ clkbuf_2_1__f_CLK100MHZ/X (sky130_fd_sc_hd__clkbuf_16)
                                         clknet_2_1__leaf_CLK100MHZ (net)
                  0.04    0.00    0.37 ^ _268_/CLK (sky130_fd_sc_hd__dfrtp_2)
                          0.25    0.62   clock uncertainty
                         -0.04    0.58   clock reconvergence pessimism
                         -0.04    0.54   library hold time
                                  0.54   data required time
-----------------------------------------------------------------------------
                                  0.54   data required time
                                 -0.81   data arrival time
-----------------------------------------------------------------------------
                                  0.27   slack (MET)


Startpoint: _250_ (rising edge-triggered flip-flop clocked by CLK100MHZ)
Endpoint: _250_ (rising edge-triggered flip-flop clocked by CLK100MHZ)
Path Group: CLK100MHZ
Path Type: min
Corner: Typical

Fanout     Cap    Slew   Delay    Time   Description
-----------------------------------------------------------------------------
                          0.00    0.00   clock CLK100MHZ (rise edge)
                          0.00    0.00   clock source latency
     1    0.02    0.09    0.06    0.06 ^ CLK100MHZ (in)
                                         CLK100MHZ (net)
                  0.09    0.00    0.06 ^ clkbuf_0_CLK100MHZ/A (sky130_fd_sc_hd__clkbuf_16)
     4    0.04    0.06    0.15    0.21 ^ clkbuf_0_CLK100MHZ/X (sky130_fd_sc_hd__clkbuf_16)
                                         clknet_0_CLK100MHZ (net)
                  0.06    0.00    0.21 ^ clkbuf_2_2__f_CLK100MHZ/A (sky130_fd_sc_hd__clkbuf_16)
     8    0.03    0.05    0.13    0.34 ^ clkbuf_2_2__f_CLK100MHZ/X (sky130_fd_sc_hd__clkbuf_16)
                                         clknet_2_2__leaf_CLK100MHZ (net)
                  0.05    0.00    0.34 ^ _250_/CLK (sky130_fd_sc_hd__dfrtp_2)
     5    0.04    0.19    0.44    0.78 ^ _250_/Q (sky130_fd_sc_hd__dfrtp_2)
                                         decoder.delay[0] (net)
                  0.19    0.00    0.78 ^ _165_/A (sky130_fd_sc_hd__inv_2)
     1    0.00    0.04    0.04    0.82 v _165_/Y (sky130_fd_sc_hd__inv_2)
                                         _000_ (net)
                  0.04    0.00    0.82 v _250_/D (sky130_fd_sc_hd__dfrtp_2)
                                  0.82   data arrival time

                          0.00    0.00   clock CLK100MHZ (rise edge)
                          0.00    0.00   clock source latency
     1    0.02    0.09    0.06    0.06 ^ CLK100MHZ (in)
                                         CLK100MHZ (net)
                  0.09    0.00    0.06 ^ clkbuf_0_CLK100MHZ/A (sky130_fd_sc_hd__clkbuf_16)
     4    0.04    0.06    0.17    0.23 ^ clkbuf_0_CLK100MHZ/X (sky130_fd_sc_hd__clkbuf_16)
                                         clknet_0_CLK100MHZ (net)
                  0.06    0.00    0.23 ^ clkbuf_2_2__f_CLK100MHZ/A (sky130_fd_sc_hd__clkbuf_16)
     8    0.03    0.05    0.15    0.37 ^ clkbuf_2_2__f_CLK100MHZ/X (sky130_fd_sc_hd__clkbuf_16)
                                         clknet_2_2__leaf_CLK100MHZ (net)
                  0.05    0.00    0.38 ^ _250_/CLK (sky130_fd_sc_hd__dfrtp_2)
                          0.25    0.63   clock uncertainty
                         -0.04    0.59   clock reconvergence pessimism
                         -0.04    0.55   library hold time
                                  0.55   data required time
-----------------------------------------------------------------------------
                                  0.55   data required time
                                 -0.82   data arrival time
-----------------------------------------------------------------------------
                                  0.27   slack (MET)


Startpoint: _266_ (rising edge-triggered flip-flop clocked by CLK100MHZ)
Endpoint: _266_ (rising edge-triggered flip-flop clocked by CLK100MHZ)
Path Group: CLK100MHZ
Path Type: min
Corner: Typical

Fanout     Cap    Slew   Delay    Time   Description
-----------------------------------------------------------------------------
                          0.00    0.00   clock CLK100MHZ (rise edge)
                          0.00    0.00   clock source latency
     1    0.02    0.09    0.06    0.06 ^ CLK100MHZ (in)
                                         CLK100MHZ (net)
                  0.09    0.00    0.06 ^ clkbuf_0_CLK100MHZ/A (sky130_fd_sc_hd__clkbuf_16)
     4    0.04    0.06    0.15    0.21 ^ clkbuf_0_CLK100MHZ/X (sky130_fd_sc_hd__clkbuf_16)
                                         clknet_0_CLK100MHZ (net)
                  0.06    0.00    0.21 ^ clkbuf_2_0__f_CLK100MHZ/A (sky130_fd_sc_hd__clkbuf_16)
     8    0.03    0.05    0.13    0.34 ^ clkbuf_2_0__f_CLK100MHZ/X (sky130_fd_sc_hd__clkbuf_16)
                                         clknet_2_0__leaf_CLK100MHZ (net)
                  0.05    0.00    0.34 ^ _266_/CLK (sky130_fd_sc_hd__dfrtp_2)
     5    0.03    0.17    0.42    0.76 ^ _266_/Q (sky130_fd_sc_hd__dfrtp_2)
                                         decoder.delay[16] (net)
                  0.17    0.00    0.76 ^ _207_/A (sky130_fd_sc_hd__xor2_1)
     1    0.00    0.04    0.09    0.85 v _207_/X (sky130_fd_sc_hd__xor2_1)
                                         _007_ (net)
                  0.04    0.00    0.85 v _266_/D (sky130_fd_sc_hd__dfrtp_2)
                                  0.85   data arrival time

                          0.00    0.00   clock CLK100MHZ (rise edge)
                          0.00    0.00   clock source latency
     1    0.02    0.09    0.06    0.06 ^ CLK100MHZ (in)
                                         CLK100MHZ (net)
                  0.09    0.00    0.06 ^ clkbuf_0_CLK100MHZ/A (sky130_fd_sc_hd__clkbuf_16)
     4    0.04    0.06    0.17    0.23 ^ clkbuf_0_CLK100MHZ/X (sky130_fd_sc_hd__clkbuf_16)
                                         clknet_0_CLK100MHZ (net)
                  0.06    0.00    0.23 ^ clkbuf_2_0__f_CLK100MHZ/A (sky130_fd_sc_hd__clkbuf_16)
     8    0.03    0.05    0.15    0.37 ^ clkbuf_2_0__f_CLK100MHZ/X (sky130_fd_sc_hd__clkbuf_16)
                                         clknet_2_0__leaf_CLK100MHZ (net)
                  0.05    0.00    0.37 ^ _266_/CLK (sky130_fd_sc_hd__dfrtp_2)
                          0.25    0.62   clock uncertainty
                         -0.04    0.59   clock reconvergence pessimism
                         -0.04    0.55   library hold time
                                  0.55   data required time
-----------------------------------------------------------------------------
                                  0.55   data required time
                                 -0.85   data arrival time
-----------------------------------------------------------------------------
                                  0.30   slack (MET)


Startpoint: _262_ (rising edge-triggered flip-flop clocked by CLK100MHZ)
Endpoint: _262_ (rising edge-triggered flip-flop clocked by CLK100MHZ)
Path Group: CLK100MHZ
Path Type: min
Corner: Typical

Fanout     Cap    Slew   Delay    Time   Description
-----------------------------------------------------------------------------
                          0.00    0.00   clock CLK100MHZ (rise edge)
                          0.00    0.00   clock source latency
     1    0.02    0.09    0.06    0.06 ^ CLK100MHZ (in)
                                         CLK100MHZ (net)
                  0.09    0.00    0.06 ^ clkbuf_0_CLK100MHZ/A (sky130_fd_sc_hd__clkbuf_16)
     4    0.04    0.06    0.15    0.21 ^ clkbuf_0_CLK100MHZ/X (sky130_fd_sc_hd__clkbuf_16)
                                         clknet_0_CLK100MHZ (net)
                  0.06    0.00    0.21 ^ clkbuf_2_2__f_CLK100MHZ/A (sky130_fd_sc_hd__clkbuf_16)
     8    0.03    0.05    0.13    0.34 ^ clkbuf_2_2__f_CLK100MHZ/X (sky130_fd_sc_hd__clkbuf_16)
                                         clknet_2_2__leaf_CLK100MHZ (net)
                  0.05    0.00    0.34 ^ _262_/CLK (sky130_fd_sc_hd__dfrtp_2)
     5    0.03    0.15    0.41    0.75 ^ _262_/Q (sky130_fd_sc_hd__dfrtp_2)
                                         decoder.delay[12] (net)
                  0.15    0.00    0.75 ^ _199_/A (sky130_fd_sc_hd__xnor2_1)
     1    0.01    0.05    0.10    0.85 v _199_/Y (sky130_fd_sc_hd__xnor2_1)
                                         _003_ (net)
                  0.05    0.00    0.85 v _262_/D (sky130_fd_sc_hd__dfrtp_2)
                                  0.85   data arrival time

                          0.00    0.00   clock CLK100MHZ (rise edge)
                          0.00    0.00   clock source latency
     1    0.02    0.09    0.06    0.06 ^ CLK100MHZ (in)
                                         CLK100MHZ (net)
                  0.09    0.00    0.06 ^ clkbuf_0_CLK100MHZ/A (sky130_fd_sc_hd__clkbuf_16)
     4    0.04    0.06    0.17    0.23 ^ clkbuf_0_CLK100MHZ/X (sky130_fd_sc_hd__clkbuf_16)
                                         clknet_0_CLK100MHZ (net)
                  0.06    0.00    0.23 ^ clkbuf_2_2__f_CLK100MHZ/A (sky130_fd_sc_hd__clkbuf_16)
     8    0.03    0.05    0.15    0.37 ^ clkbuf_2_2__f_CLK100MHZ/X (sky130_fd_sc_hd__clkbuf_16)
                                         clknet_2_2__leaf_CLK100MHZ (net)
                  0.05    0.00    0.38 ^ _262_/CLK (sky130_fd_sc_hd__dfrtp_2)
                          0.25    0.63   clock uncertainty
                         -0.04    0.59   clock reconvergence pessimism
                         -0.04    0.54   library hold time
                                  0.54   data required time
-----------------------------------------------------------------------------
                                  0.54   data required time
                                 -0.85   data arrival time
-----------------------------------------------------------------------------
                                  0.31   slack (MET)


Startpoint: _269_ (rising edge-triggered flip-flop clocked by CLK100MHZ)
Endpoint: _269_ (rising edge-triggered flip-flop clocked by CLK100MHZ)
Path Group: CLK100MHZ
Path Type: min
Corner: Typical

Fanout     Cap    Slew   Delay    Time   Description
-----------------------------------------------------------------------------
                          0.00    0.00   clock CLK100MHZ (rise edge)
                          0.00    0.00   clock source latency
     1    0.02    0.09    0.06    0.06 ^ CLK100MHZ (in)
                                         CLK100MHZ (net)
                  0.09    0.00    0.06 ^ clkbuf_0_CLK100MHZ/A (sky130_fd_sc_hd__clkbuf_16)
     4    0.04    0.06    0.15    0.21 ^ clkbuf_0_CLK100MHZ/X (sky130_fd_sc_hd__clkbuf_16)
                                         clknet_0_CLK100MHZ (net)
                  0.06    0.00    0.21 ^ clkbuf_2_2__f_CLK100MHZ/A (sky130_fd_sc_hd__clkbuf_16)
     8    0.03    0.05    0.13    0.34 ^ clkbuf_2_2__f_CLK100MHZ/X (sky130_fd_sc_hd__clkbuf_16)
                                         clknet_2_2__leaf_CLK100MHZ (net)
                  0.05    0.00    0.34 ^ _269_/CLK (sky130_fd_sc_hd__dfrtp_1)
     2    0.01    0.12    0.36    0.70 ^ _269_/Q (sky130_fd_sc_hd__dfrtp_1)
                                         decoder.delay[19] (net)
                  0.12    0.00    0.70 ^ _213_/B2 (sky130_fd_sc_hd__o2bb2a_1)
     1    0.01    0.08    0.17    0.87 ^ _213_/X (sky130_fd_sc_hd__o2bb2a_1)
                                         _010_ (net)
                  0.08    0.00    0.87 ^ _269_/D (sky130_fd_sc_hd__dfrtp_1)
                                  0.87   data arrival time

                          0.00    0.00   clock CLK100MHZ (rise edge)
                          0.00    0.00   clock source latency
     1    0.02    0.09    0.06    0.06 ^ CLK100MHZ (in)
                                         CLK100MHZ (net)
                  0.09    0.00    0.06 ^ clkbuf_0_CLK100MHZ/A (sky130_fd_sc_hd__clkbuf_16)
     4    0.04    0.06    0.17    0.23 ^ clkbuf_0_CLK100MHZ/X (sky130_fd_sc_hd__clkbuf_16)
                                         clknet_0_CLK100MHZ (net)
                  0.06    0.00    0.23 ^ clkbuf_2_2__f_CLK100MHZ/A (sky130_fd_sc_hd__clkbuf_16)
     8    0.03    0.05    0.15    0.37 ^ clkbuf_2_2__f_CLK100MHZ/X (sky130_fd_sc_hd__clkbuf_16)
                                         clknet_2_2__leaf_CLK100MHZ (net)
                  0.05    0.00    0.38 ^ _269_/CLK (sky130_fd_sc_hd__dfrtp_1)
                          0.25    0.63   clock uncertainty
                         -0.04    0.59   clock reconvergence pessimism
                         -0.04    0.55   library hold time
                                  0.55   data required time
-----------------------------------------------------------------------------
                                  0.55   data required time
                                 -0.87   data arrival time
-----------------------------------------------------------------------------
                                  0.32   slack (MET)


Startpoint: _274_ (rising edge-triggered flip-flop clocked by CLK100MHZ)
Endpoint: _274_ (rising edge-triggered flip-flop clocked by CLK100MHZ)
Path Group: CLK100MHZ
Path Type: min
Corner: Typical

Fanout     Cap    Slew   Delay    Time   Description
-----------------------------------------------------------------------------
                          0.00    0.00   clock CLK100MHZ (rise edge)
                          0.00    0.00   clock source latency
     1    0.02    0.09    0.06    0.06 ^ CLK100MHZ (in)
                                         CLK100MHZ (net)
                  0.09    0.00    0.06 ^ clkbuf_0_CLK100MHZ/A (sky130_fd_sc_hd__clkbuf_16)
     4    0.04    0.06    0.15    0.21 ^ clkbuf_0_CLK100MHZ/X (sky130_fd_sc_hd__clkbuf_16)
                                         clknet_0_CLK100MHZ (net)
                  0.06    0.00    0.21 ^ clkbuf_2_3__f_CLK100MHZ/A (sky130_fd_sc_hd__clkbuf_16)
     8    0.03    0.05    0.13    0.34 ^ clkbuf_2_3__f_CLK100MHZ/X (sky130_fd_sc_hd__clkbuf_16)
                                         clknet_2_3__leaf_CLK100MHZ (net)
                  0.05    0.00    0.34 ^ _274_/CLK (sky130_fd_sc_hd__dfrtp_2)
     5    0.03    0.15    0.41    0.75 ^ _274_/Q (sky130_fd_sc_hd__dfrtp_2)
                                         decoder.delay[24] (net)
                  0.15    0.00    0.75 ^ _154_/A (sky130_fd_sc_hd__xnor2_1)
     1    0.01    0.07    0.12    0.87 v _154_/Y (sky130_fd_sc_hd__xnor2_1)
                                         _016_ (net)
                  0.07    0.00    0.87 v _274_/D (sky130_fd_sc_hd__dfrtp_2)
                                  0.87   data arrival time

                          0.00    0.00   clock CLK100MHZ (rise edge)
                          0.00    0.00   clock source latency
     1    0.02    0.09    0.06    0.06 ^ CLK100MHZ (in)
                                         CLK100MHZ (net)
                  0.09    0.00    0.06 ^ clkbuf_0_CLK100MHZ/A (sky130_fd_sc_hd__clkbuf_16)
     4    0.04    0.06    0.17    0.23 ^ clkbuf_0_CLK100MHZ/X (sky130_fd_sc_hd__clkbuf_16)
                                         clknet_0_CLK100MHZ (net)
                  0.06    0.00    0.23 ^ clkbuf_2_3__f_CLK100MHZ/A (sky130_fd_sc_hd__clkbuf_16)
     8    0.03    0.05    0.14    0.37 ^ clkbuf_2_3__f_CLK100MHZ/X (sky130_fd_sc_hd__clkbuf_16)
                                         clknet_2_3__leaf_CLK100MHZ (net)
                  0.05    0.00    0.37 ^ _274_/CLK (sky130_fd_sc_hd__dfrtp_2)
                          0.25    0.62   clock uncertainty
                         -0.04    0.59   clock reconvergence pessimism
                         -0.05    0.53   library hold time
                                  0.53   data required time
-----------------------------------------------------------------------------
                                  0.53   data required time
                                 -0.87   data arrival time
-----------------------------------------------------------------------------
                                  0.33   slack (MET)


Startpoint: _259_ (rising edge-triggered flip-flop clocked by CLK100MHZ)
Endpoint: _259_ (rising edge-triggered flip-flop clocked by CLK100MHZ)
Path Group: CLK100MHZ
Path Type: min
Corner: Typical

Fanout     Cap    Slew   Delay    Time   Description
-----------------------------------------------------------------------------
                          0.00    0.00   clock CLK100MHZ (rise edge)
                          0.00    0.00   clock source latency
     1    0.02    0.09    0.06    0.06 ^ CLK100MHZ (in)
                                         CLK100MHZ (net)
                  0.09    0.00    0.06 ^ clkbuf_0_CLK100MHZ/A (sky130_fd_sc_hd__clkbuf_16)
     4    0.04    0.06    0.15    0.21 ^ clkbuf_0_CLK100MHZ/X (sky130_fd_sc_hd__clkbuf_16)
                                         clknet_0_CLK100MHZ (net)
                  0.06    0.00    0.21 ^ clkbuf_2_1__f_CLK100MHZ/A (sky130_fd_sc_hd__clkbuf_16)
     8    0.02    0.04    0.13    0.33 ^ clkbuf_2_1__f_CLK100MHZ/X (sky130_fd_sc_hd__clkbuf_16)
                                         clknet_2_1__leaf_CLK100MHZ (net)
                  0.04    0.00    0.33 ^ _259_/CLK (sky130_fd_sc_hd__dfrtp_2)
     4    0.03    0.16    0.42    0.75 ^ _259_/Q (sky130_fd_sc_hd__dfrtp_2)
                                         decoder.delay[9] (net)
                  0.16    0.00    0.75 ^ _191_/A (sky130_fd_sc_hd__xnor2_1)
     1    0.01    0.07    0.12    0.87 v _191_/Y (sky130_fd_sc_hd__xnor2_1)
                                         _024_ (net)
                  0.07    0.00    0.87 v _259_/D (sky130_fd_sc_hd__dfrtp_2)
                                  0.87   data arrival time

                          0.00    0.00   clock CLK100MHZ (rise edge)
                          0.00    0.00   clock source latency
     1    0.02    0.09    0.06    0.06 ^ CLK100MHZ (in)
                                         CLK100MHZ (net)
                  0.09    0.00    0.06 ^ clkbuf_0_CLK100MHZ/A (sky130_fd_sc_hd__clkbuf_16)
     4    0.04    0.06    0.17    0.23 ^ clkbuf_0_CLK100MHZ/X (sky130_fd_sc_hd__clkbuf_16)
                                         clknet_0_CLK100MHZ (net)
                  0.06    0.00    0.23 ^ clkbuf_2_1__f_CLK100MHZ/A (sky130_fd_sc_hd__clkbuf_16)
     8    0.02    0.04    0.14    0.37 ^ clkbuf_2_1__f_CLK100MHZ/X (sky130_fd_sc_hd__clkbuf_16)
                                         clknet_2_1__leaf_CLK100MHZ (net)
                  0.04    0.00    0.37 ^ _259_/CLK (sky130_fd_sc_hd__dfrtp_2)
                          0.25    0.62   clock uncertainty
                         -0.04    0.58   clock reconvergence pessimism
                         -0.05    0.53   library hold time
                                  0.53   data required time
-----------------------------------------------------------------------------
                                  0.53   data required time
                                 -0.87   data arrival time
-----------------------------------------------------------------------------
                                  0.34   slack (MET)


Startpoint: _256_ (rising edge-triggered flip-flop clocked by CLK100MHZ)
Endpoint: _256_ (rising edge-triggered flip-flop clocked by CLK100MHZ)
Path Group: CLK100MHZ
Path Type: min
Corner: Typical

Fanout     Cap    Slew   Delay    Time   Description
-----------------------------------------------------------------------------
                          0.00    0.00   clock CLK100MHZ (rise edge)
                          0.00    0.00   clock source latency
     1    0.02    0.09    0.06    0.06 ^ CLK100MHZ (in)
                                         CLK100MHZ (net)
                  0.09    0.00    0.06 ^ clkbuf_0_CLK100MHZ/A (sky130_fd_sc_hd__clkbuf_16)
     4    0.04    0.06    0.15    0.21 ^ clkbuf_0_CLK100MHZ/X (sky130_fd_sc_hd__clkbuf_16)
                                         clknet_0_CLK100MHZ (net)
                  0.06    0.00    0.21 ^ clkbuf_2_0__f_CLK100MHZ/A (sky130_fd_sc_hd__clkbuf_16)
     8    0.03    0.05    0.13    0.34 ^ clkbuf_2_0__f_CLK100MHZ/X (sky130_fd_sc_hd__clkbuf_16)
                                         clknet_2_0__leaf_CLK100MHZ (net)
                  0.05    0.00    0.34 ^ _256_/CLK (sky130_fd_sc_hd__dfrtp_4)
     4    0.04    0.13    0.45    0.79 ^ _256_/Q (sky130_fd_sc_hd__dfrtp_4)
                                         decoder.delay[6] (net)
                  0.13    0.00    0.79 ^ _180_/A (sky130_fd_sc_hd__xor2_1)
     1    0.01    0.05    0.09    0.88 v _180_/X (sky130_fd_sc_hd__xor2_1)
                                         _021_ (net)
                  0.05    0.00    0.88 v _256_/D (sky130_fd_sc_hd__dfrtp_4)
                                  0.88   data arrival time

                          0.00    0.00   clock CLK100MHZ (rise edge)
                          0.00    0.00   clock source latency
     1    0.02    0.09    0.06    0.06 ^ CLK100MHZ (in)
                                         CLK100MHZ (net)
                  0.09    0.00    0.06 ^ clkbuf_0_CLK100MHZ/A (sky130_fd_sc_hd__clkbuf_16)
     4    0.04    0.06    0.17    0.23 ^ clkbuf_0_CLK100MHZ/X (sky130_fd_sc_hd__clkbuf_16)
                                         clknet_0_CLK100MHZ (net)
                  0.06    0.00    0.23 ^ clkbuf_2_0__f_CLK100MHZ/A (sky130_fd_sc_hd__clkbuf_16)
     8    0.03    0.05    0.15    0.37 ^ clkbuf_2_0__f_CLK100MHZ/X (sky130_fd_sc_hd__clkbuf_16)
                                         clknet_2_0__leaf_CLK100MHZ (net)
                  0.05    0.00    0.37 ^ _256_/CLK (sky130_fd_sc_hd__dfrtp_4)
                          0.25    0.62   clock uncertainty
                         -0.04    0.59   clock reconvergence pessimism
                         -0.04    0.55   library hold time
                                  0.55   data required time
-----------------------------------------------------------------------------
                                  0.55   data required time
                                 -0.88   data arrival time
-----------------------------------------------------------------------------
                                  0.34   slack (MET)


Startpoint: _264_ (rising edge-triggered flip-flop clocked by CLK100MHZ)
Endpoint: _264_ (rising edge-triggered flip-flop clocked by CLK100MHZ)
Path Group: CLK100MHZ
Path Type: min
Corner: Typical

Fanout     Cap    Slew   Delay    Time   Description
-----------------------------------------------------------------------------
                          0.00    0.00   clock CLK100MHZ (rise edge)
                          0.00    0.00   clock source latency
     1    0.02    0.09    0.06    0.06 ^ CLK100MHZ (in)
                                         CLK100MHZ (net)
                  0.09    0.00    0.06 ^ clkbuf_0_CLK100MHZ/A (sky130_fd_sc_hd__clkbuf_16)
     4    0.04    0.06    0.15    0.21 ^ clkbuf_0_CLK100MHZ/X (sky130_fd_sc_hd__clkbuf_16)
                                         clknet_0_CLK100MHZ (net)
                  0.06    0.00    0.21 ^ clkbuf_2_0__f_CLK100MHZ/A (sky130_fd_sc_hd__clkbuf_16)
     8    0.03    0.05    0.13    0.34 ^ clkbuf_2_0__f_CLK100MHZ/X (sky130_fd_sc_hd__clkbuf_16)
                                         clknet_2_0__leaf_CLK100MHZ (net)
                  0.05    0.00    0.34 ^ _264_/CLK (sky130_fd_sc_hd__dfrtp_1)
     3    0.02    0.18    0.40    0.74 ^ _264_/Q (sky130_fd_sc_hd__dfrtp_1)
                                         decoder.delay[14] (net)
                  0.18    0.00    0.74 ^ _204_/B2 (sky130_fd_sc_hd__o2bb2a_1)
     1    0.01    0.08    0.18    0.92 ^ _204_/X (sky130_fd_sc_hd__o2bb2a_1)
                                         _005_ (net)
                  0.08    0.00    0.92 ^ _264_/D (sky130_fd_sc_hd__dfrtp_1)
                                  0.92   data arrival time

                          0.00    0.00   clock CLK100MHZ (rise edge)
                          0.00    0.00   clock source latency
     1    0.02    0.09    0.06    0.06 ^ CLK100MHZ (in)
                                         CLK100MHZ (net)
                  0.09    0.00    0.06 ^ clkbuf_0_CLK100MHZ/A (sky130_fd_sc_hd__clkbuf_16)
     4    0.04    0.06    0.17    0.23 ^ clkbuf_0_CLK100MHZ/X (sky130_fd_sc_hd__clkbuf_16)
                                         clknet_0_CLK100MHZ (net)
                  0.06    0.00    0.23 ^ clkbuf_2_0__f_CLK100MHZ/A (sky130_fd_sc_hd__clkbuf_16)
     8    0.03    0.05    0.15    0.37 ^ clkbuf_2_0__f_CLK100MHZ/X (sky130_fd_sc_hd__clkbuf_16)
                                         clknet_2_0__leaf_CLK100MHZ (net)
                  0.05    0.00    0.37 ^ _264_/CLK (sky130_fd_sc_hd__dfrtp_1)
                          0.25    0.62   clock uncertainty
                         -0.04    0.59   clock reconvergence pessimism
                         -0.04    0.55   library hold time
                                  0.55   data required time
-----------------------------------------------------------------------------
                                  0.55   data required time
                                 -0.92   data arrival time
-----------------------------------------------------------------------------
                                  0.37   slack (MET)


Startpoint: _272_ (rising edge-triggered flip-flop clocked by CLK100MHZ)
Endpoint: _272_ (rising edge-triggered flip-flop clocked by CLK100MHZ)
Path Group: CLK100MHZ
Path Type: min
Corner: Typical

Fanout     Cap    Slew   Delay    Time   Description
-----------------------------------------------------------------------------
                          0.00    0.00   clock CLK100MHZ (rise edge)
                          0.00    0.00   clock source latency
     1    0.02    0.09    0.06    0.06 ^ CLK100MHZ (in)
                                         CLK100MHZ (net)
                  0.09    0.00    0.06 ^ clkbuf_0_CLK100MHZ/A (sky130_fd_sc_hd__clkbuf_16)
     4    0.04    0.06    0.15    0.21 ^ clkbuf_0_CLK100MHZ/X (sky130_fd_sc_hd__clkbuf_16)
                                         clknet_0_CLK100MHZ (net)
                  0.06    0.00    0.21 ^ clkbuf_2_1__f_CLK100MHZ/A (sky130_fd_sc_hd__clkbuf_16)
     8    0.02    0.04    0.13    0.33 ^ clkbuf_2_1__f_CLK100MHZ/X (sky130_fd_sc_hd__clkbuf_16)
                                         clknet_2_1__leaf_CLK100MHZ (net)
                  0.04    0.00    0.33 ^ _272_/CLK (sky130_fd_sc_hd__dfrtp_1)
     3    0.02    0.22    0.43    0.76 ^ _272_/Q (sky130_fd_sc_hd__dfrtp_1)
                                         decoder.delay[22] (net)
                  0.22    0.00    0.76 ^ _149_/B2 (sky130_fd_sc_hd__o2bb2a_1)
     1    0.00    0.05    0.16    0.93 ^ _149_/X (sky130_fd_sc_hd__o2bb2a_1)
                                         _014_ (net)
                  0.05    0.00    0.93 ^ _272_/D (sky130_fd_sc_hd__dfrtp_1)
                                  0.93   data arrival time

                          0.00    0.00   clock CLK100MHZ (rise edge)
                          0.00    0.00   clock source latency
     1    0.02    0.09    0.06    0.06 ^ CLK100MHZ (in)
                                         CLK100MHZ (net)
                  0.09    0.00    0.06 ^ clkbuf_0_CLK100MHZ/A (sky130_fd_sc_hd__clkbuf_16)
     4    0.04    0.06    0.17    0.23 ^ clkbuf_0_CLK100MHZ/X (sky130_fd_sc_hd__clkbuf_16)
                                         clknet_0_CLK100MHZ (net)
                  0.06    0.00    0.23 ^ clkbuf_2_1__f_CLK100MHZ/A (sky130_fd_sc_hd__clkbuf_16)
     8    0.02    0.04    0.14    0.37 ^ clkbuf_2_1__f_CLK100MHZ/X (sky130_fd_sc_hd__clkbuf_16)
                                         clknet_2_1__leaf_CLK100MHZ (net)
                  0.04    0.00    0.37 ^ _272_/CLK (sky130_fd_sc_hd__dfrtp_1)
                          0.25    0.62   clock uncertainty
                         -0.04    0.58   clock reconvergence pessimism
                         -0.04    0.55   library hold time
                                  0.55   data required time
-----------------------------------------------------------------------------
                                  0.55   data required time
                                 -0.93   data arrival time
-----------------------------------------------------------------------------
                                  0.38   slack (MET)


Startpoint: _247_ (rising edge-triggered flip-flop clocked by CLK100MHZ)
Endpoint: _247_ (rising edge-triggered flip-flop clocked by CLK100MHZ)
Path Group: CLK100MHZ
Path Type: min
Corner: Typical

Fanout     Cap    Slew   Delay    Time   Description
-----------------------------------------------------------------------------
                          0.00    0.00   clock CLK100MHZ (rise edge)
                          0.00    0.00   clock source latency
     1    0.02    0.09    0.06    0.06 ^ CLK100MHZ (in)
                                         CLK100MHZ (net)
                  0.09    0.00    0.06 ^ clkbuf_0_CLK100MHZ/A (sky130_fd_sc_hd__clkbuf_16)
     4    0.04    0.06    0.15    0.21 ^ clkbuf_0_CLK100MHZ/X (sky130_fd_sc_hd__clkbuf_16)
                                         clknet_0_CLK100MHZ (net)
                  0.06    0.00    0.21 ^ clkbuf_2_3__f_CLK100MHZ/A (sky130_fd_sc_hd__clkbuf_16)
     8    0.03    0.05    0.13    0.34 ^ clkbuf_2_3__f_CLK100MHZ/X (sky130_fd_sc_hd__clkbuf_16)
                                         clknet_2_3__leaf_CLK100MHZ (net)
                  0.05    0.00    0.34 ^ _247_/CLK (sky130_fd_sc_hd__dfrtp_4)
     9    0.05    0.17    0.48    0.81 ^ _247_/Q (sky130_fd_sc_hd__dfrtp_4)
                                         decoder.count[1] (net)
                  0.17    0.00    0.82 ^ _140_/A (sky130_fd_sc_hd__xor2_1)
     1    0.01    0.06    0.12    0.93 v _140_/X (sky130_fd_sc_hd__xor2_1)
                                         _055_ (net)
                  0.06    0.00    0.93 v _247_/D (sky130_fd_sc_hd__dfrtp_4)
                                  0.93   data arrival time

                          0.00    0.00   clock CLK100MHZ (rise edge)
                          0.00    0.00   clock source latency
     1    0.02    0.09    0.06    0.06 ^ CLK100MHZ (in)
                                         CLK100MHZ (net)
                  0.09    0.00    0.06 ^ clkbuf_0_CLK100MHZ/A (sky130_fd_sc_hd__clkbuf_16)
     4    0.04    0.06    0.17    0.23 ^ clkbuf_0_CLK100MHZ/X (sky130_fd_sc_hd__clkbuf_16)
                                         clknet_0_CLK100MHZ (net)
                  0.06    0.00    0.23 ^ clkbuf_2_3__f_CLK100MHZ/A (sky130_fd_sc_hd__clkbuf_16)
     8    0.03    0.05    0.14    0.37 ^ clkbuf_2_3__f_CLK100MHZ/X (sky130_fd_sc_hd__clkbuf_16)
                                         clknet_2_3__leaf_CLK100MHZ (net)
                  0.05    0.00    0.37 ^ _247_/CLK (sky130_fd_sc_hd__dfrtp_4)
                          0.25    0.62   clock uncertainty
                         -0.04    0.59   clock reconvergence pessimism
                         -0.05    0.54   library hold time
                                  0.54   data required time
-----------------------------------------------------------------------------
                                  0.54   data required time
                                 -0.93   data arrival time
-----------------------------------------------------------------------------
                                  0.39   slack (MET)


Startpoint: _255_ (rising edge-triggered flip-flop clocked by CLK100MHZ)
Endpoint: _255_ (rising edge-triggered flip-flop clocked by CLK100MHZ)
Path Group: CLK100MHZ
Path Type: min
Corner: Typical

Fanout     Cap    Slew   Delay    Time   Description
-----------------------------------------------------------------------------
                          0.00    0.00   clock CLK100MHZ (rise edge)
                          0.00    0.00   clock source latency
     1    0.02    0.09    0.06    0.06 ^ CLK100MHZ (in)
                                         CLK100MHZ (net)
                  0.09    0.00    0.06 ^ clkbuf_0_CLK100MHZ/A (sky130_fd_sc_hd__clkbuf_16)
     4    0.04    0.06    0.15    0.21 ^ clkbuf_0_CLK100MHZ/X (sky130_fd_sc_hd__clkbuf_16)
                                         clknet_0_CLK100MHZ (net)
                  0.06    0.00    0.21 ^ clkbuf_2_0__f_CLK100MHZ/A (sky130_fd_sc_hd__clkbuf_16)
     8    0.03    0.05    0.13    0.34 ^ clkbuf_2_0__f_CLK100MHZ/X (sky130_fd_sc_hd__clkbuf_16)
                                         clknet_2_0__leaf_CLK100MHZ (net)
                  0.05    0.00    0.34 ^ _255_/CLK (sky130_fd_sc_hd__dfrtp_2)
     4    0.03    0.15    0.41    0.75 ^ _255_/Q (sky130_fd_sc_hd__dfrtp_2)
                                         decoder.delay[5] (net)
                  0.15    0.00    0.75 ^ _178_/A (sky130_fd_sc_hd__nor2_1)
     1    0.01    0.05    0.08    0.83 v _178_/Y (sky130_fd_sc_hd__nor2_1)
                                         _091_ (net)
                  0.05    0.00    0.83 v _179_/B (sky130_fd_sc_hd__nor2_1)
     1    0.00    0.11    0.10    0.94 ^ _179_/Y (sky130_fd_sc_hd__nor2_1)
                                         _020_ (net)
                  0.11    0.00    0.94 ^ _255_/D (sky130_fd_sc_hd__dfrtp_2)
                                  0.94   data arrival time

                          0.00    0.00   clock CLK100MHZ (rise edge)
                          0.00    0.00   clock source latency
     1    0.02    0.09    0.06    0.06 ^ CLK100MHZ (in)
                                         CLK100MHZ (net)
                  0.09    0.00    0.06 ^ clkbuf_0_CLK100MHZ/A (sky130_fd_sc_hd__clkbuf_16)
     4    0.04    0.06    0.17    0.23 ^ clkbuf_0_CLK100MHZ/X (sky130_fd_sc_hd__clkbuf_16)
                                         clknet_0_CLK100MHZ (net)
                  0.06    0.00    0.23 ^ clkbuf_2_0__f_CLK100MHZ/A (sky130_fd_sc_hd__clkbuf_16)
     8    0.03    0.05    0.15    0.37 ^ clkbuf_2_0__f_CLK100MHZ/X (sky130_fd_sc_hd__clkbuf_16)
                                         clknet_2_0__leaf_CLK100MHZ (net)
                  0.05    0.00    0.37 ^ _255_/CLK (sky130_fd_sc_hd__dfrtp_2)
                          0.25    0.62   clock uncertainty
                         -0.04    0.59   clock reconvergence pessimism
                         -0.05    0.54   library hold time
                                  0.54   data required time
-----------------------------------------------------------------------------
                                  0.54   data required time
                                 -0.94   data arrival time
-----------------------------------------------------------------------------
                                  0.40   slack (MET)


Startpoint: _249_ (rising edge-triggered flip-flop clocked by CLK100MHZ)
Endpoint: _249_ (rising edge-triggered flip-flop clocked by CLK100MHZ)
Path Group: CLK100MHZ
Path Type: min
Corner: Typical

Fanout     Cap    Slew   Delay    Time   Description
-----------------------------------------------------------------------------
                          0.00    0.00   clock CLK100MHZ (rise edge)
                          0.00    0.00   clock source latency
     1    0.02    0.09    0.06    0.06 ^ CLK100MHZ (in)
                                         CLK100MHZ (net)
                  0.09    0.00    0.06 ^ clkbuf_0_CLK100MHZ/A (sky130_fd_sc_hd__clkbuf_16)
     4    0.04    0.06    0.15    0.21 ^ clkbuf_0_CLK100MHZ/X (sky130_fd_sc_hd__clkbuf_16)
                                         clknet_0_CLK100MHZ (net)
                  0.06    0.00    0.21 ^ clkbuf_2_3__f_CLK100MHZ/A (sky130_fd_sc_hd__clkbuf_16)
     8    0.03    0.05    0.13    0.34 ^ clkbuf_2_3__f_CLK100MHZ/X (sky130_fd_sc_hd__clkbuf_16)
                                         clknet_2_3__leaf_CLK100MHZ (net)
                  0.05    0.00    0.34 ^ _249_/CLK (sky130_fd_sc_hd__dfrtp_4)
     6    0.04    0.14    0.46    0.80 ^ _249_/Q (sky130_fd_sc_hd__dfrtp_4)
                                         decoder.count[3] (net)
                  0.14    0.00    0.80 ^ _130_/A (sky130_fd_sc_hd__xor2_1)
     1    0.01    0.08    0.13    0.93 v _130_/X (sky130_fd_sc_hd__xor2_1)
                                         _057_ (net)
                  0.08    0.00    0.93 v _249_/D (sky130_fd_sc_hd__dfrtp_4)
                                  0.93   data arrival time

                          0.00    0.00   clock CLK100MHZ (rise edge)
                          0.00    0.00   clock source latency
     1    0.02    0.09    0.06    0.06 ^ CLK100MHZ (in)
                                         CLK100MHZ (net)
                  0.09    0.00    0.06 ^ clkbuf_0_CLK100MHZ/A (sky130_fd_sc_hd__clkbuf_16)
     4    0.04    0.06    0.17    0.23 ^ clkbuf_0_CLK100MHZ/X (sky130_fd_sc_hd__clkbuf_16)
                                         clknet_0_CLK100MHZ (net)
                  0.06    0.00    0.23 ^ clkbuf_2_3__f_CLK100MHZ/A (sky130_fd_sc_hd__clkbuf_16)
     8    0.03    0.05    0.14    0.37 ^ clkbuf_2_3__f_CLK100MHZ/X (sky130_fd_sc_hd__clkbuf_16)
                                         clknet_2_3__leaf_CLK100MHZ (net)
                  0.05    0.00    0.37 ^ _249_/CLK (sky130_fd_sc_hd__dfrtp_4)
                          0.25    0.62   clock uncertainty
                         -0.04    0.59   clock reconvergence pessimism
                         -0.05    0.53   library hold time
                                  0.53   data required time
-----------------------------------------------------------------------------
                                  0.53   data required time
                                 -0.93   data arrival time
-----------------------------------------------------------------------------
                                  0.40   slack (MET)


Startpoint: _254_ (rising edge-triggered flip-flop clocked by CLK100MHZ)
Endpoint: _254_ (rising edge-triggered flip-flop clocked by CLK100MHZ)
Path Group: CLK100MHZ
Path Type: min
Corner: Typical

Fanout     Cap    Slew   Delay    Time   Description
-----------------------------------------------------------------------------
                          0.00    0.00   clock CLK100MHZ (rise edge)
                          0.00    0.00   clock source latency
     1    0.02    0.09    0.06    0.06 ^ CLK100MHZ (in)
                                         CLK100MHZ (net)
                  0.09    0.00    0.06 ^ clkbuf_0_CLK100MHZ/A (sky130_fd_sc_hd__clkbuf_16)
     4    0.04    0.06    0.15    0.21 ^ clkbuf_0_CLK100MHZ/X (sky130_fd_sc_hd__clkbuf_16)
                                         clknet_0_CLK100MHZ (net)
                  0.06    0.00    0.21 ^ clkbuf_2_1__f_CLK100MHZ/A (sky130_fd_sc_hd__clkbuf_16)
     8    0.02    0.04    0.13    0.33 ^ clkbuf_2_1__f_CLK100MHZ/X (sky130_fd_sc_hd__clkbuf_16)
                                         clknet_2_1__leaf_CLK100MHZ (net)
                  0.04    0.00    0.33 ^ _254_/CLK (sky130_fd_sc_hd__dfrtp_2)
     5    0.03    0.17    0.42    0.75 ^ _254_/Q (sky130_fd_sc_hd__dfrtp_2)
                                         decoder.delay[4] (net)
                  0.17    0.00    0.76 ^ _175_/A (sky130_fd_sc_hd__nor2_1)
     1    0.01    0.06    0.09    0.85 v _175_/Y (sky130_fd_sc_hd__nor2_1)
                                         _089_ (net)
                  0.06    0.00    0.85 v _176_/B (sky130_fd_sc_hd__nor2_1)
     1    0.00    0.09    0.10    0.94 ^ _176_/Y (sky130_fd_sc_hd__nor2_1)
                                         _019_ (net)
                  0.09    0.00    0.94 ^ _254_/D (sky130_fd_sc_hd__dfrtp_2)
                                  0.94   data arrival time

                          0.00    0.00   clock CLK100MHZ (rise edge)
                          0.00    0.00   clock source latency
     1    0.02    0.09    0.06    0.06 ^ CLK100MHZ (in)
                                         CLK100MHZ (net)
                  0.09    0.00    0.06 ^ clkbuf_0_CLK100MHZ/A (sky130_fd_sc_hd__clkbuf_16)
     4    0.04    0.06    0.17    0.23 ^ clkbuf_0_CLK100MHZ/X (sky130_fd_sc_hd__clkbuf_16)
                                         clknet_0_CLK100MHZ (net)
                  0.06    0.00    0.23 ^ clkbuf_2_1__f_CLK100MHZ/A (sky130_fd_sc_hd__clkbuf_16)
     8    0.02    0.04    0.14    0.37 ^ clkbuf_2_1__f_CLK100MHZ/X (sky130_fd_sc_hd__clkbuf_16)
                                         clknet_2_1__leaf_CLK100MHZ (net)
                  0.04    0.00    0.37 ^ _254_/CLK (sky130_fd_sc_hd__dfrtp_2)
                          0.25    0.62   clock uncertainty
                         -0.04    0.58   clock reconvergence pessimism
                         -0.04    0.54   library hold time
                                  0.54   data required time
-----------------------------------------------------------------------------
                                  0.54   data required time
                                 -0.94   data arrival time
-----------------------------------------------------------------------------
                                  0.40   slack (MET)


Startpoint: _271_ (rising edge-triggered flip-flop clocked by CLK100MHZ)
Endpoint: _271_ (rising edge-triggered flip-flop clocked by CLK100MHZ)
Path Group: CLK100MHZ
Path Type: min
Corner: Typical

Fanout     Cap    Slew   Delay    Time   Description
-----------------------------------------------------------------------------
                          0.00    0.00   clock CLK100MHZ (rise edge)
                          0.00    0.00   clock source latency
     1    0.02    0.09    0.06    0.06 ^ CLK100MHZ (in)
                                         CLK100MHZ (net)
                  0.09    0.00    0.06 ^ clkbuf_0_CLK100MHZ/A (sky130_fd_sc_hd__clkbuf_16)
     4    0.04    0.06    0.15    0.21 ^ clkbuf_0_CLK100MHZ/X (sky130_fd_sc_hd__clkbuf_16)
                                         clknet_0_CLK100MHZ (net)
                  0.06    0.00    0.21 ^ clkbuf_2_0__f_CLK100MHZ/A (sky130_fd_sc_hd__clkbuf_16)
     8    0.03    0.05    0.13    0.34 ^ clkbuf_2_0__f_CLK100MHZ/X (sky130_fd_sc_hd__clkbuf_16)
                                         clknet_2_0__leaf_CLK100MHZ (net)
                  0.05    0.00    0.34 ^ _271_/CLK (sky130_fd_sc_hd__dfrtp_1)
     2    0.02    0.15    0.38    0.72 ^ _271_/Q (sky130_fd_sc_hd__dfrtp_1)
                                         decoder.delay[21] (net)
                  0.15    0.00    0.72 ^ _147_/A1 (sky130_fd_sc_hd__o21ba_1)
     1    0.02    0.16    0.23    0.94 ^ _147_/X (sky130_fd_sc_hd__o21ba_1)
                                         _013_ (net)
                  0.16    0.00    0.94 ^ _271_/D (sky130_fd_sc_hd__dfrtp_1)
                                  0.94   data arrival time

                          0.00    0.00   clock CLK100MHZ (rise edge)
                          0.00    0.00   clock source latency
     1    0.02    0.09    0.06    0.06 ^ CLK100MHZ (in)
                                         CLK100MHZ (net)
                  0.09    0.00    0.06 ^ clkbuf_0_CLK100MHZ/A (sky130_fd_sc_hd__clkbuf_16)
     4    0.04    0.06    0.17    0.23 ^ clkbuf_0_CLK100MHZ/X (sky130_fd_sc_hd__clkbuf_16)
                                         clknet_0_CLK100MHZ (net)
                  0.06    0.00    0.23 ^ clkbuf_2_0__f_CLK100MHZ/A (sky130_fd_sc_hd__clkbuf_16)
     8    0.03    0.05    0.15    0.37 ^ clkbuf_2_0__f_CLK100MHZ/X (sky130_fd_sc_hd__clkbuf_16)
                                         clknet_2_0__leaf_CLK100MHZ (net)
                  0.05    0.00    0.37 ^ _271_/CLK (sky130_fd_sc_hd__dfrtp_1)
                          0.25    0.62   clock uncertainty
                         -0.04    0.59   clock reconvergence pessimism
                         -0.06    0.53   library hold time
                                  0.53   data required time
-----------------------------------------------------------------------------
                                  0.53   data required time
                                 -0.94   data arrival time
-----------------------------------------------------------------------------
                                  0.41   slack (MET)


Startpoint: _270_ (rising edge-triggered flip-flop clocked by CLK100MHZ)
Endpoint: _270_ (rising edge-triggered flip-flop clocked by CLK100MHZ)
Path Group: CLK100MHZ
Path Type: min
Corner: Typical

Fanout     Cap    Slew   Delay    Time   Description
-----------------------------------------------------------------------------
                          0.00    0.00   clock CLK100MHZ (rise edge)
                          0.00    0.00   clock source latency
     1    0.02    0.09    0.06    0.06 ^ CLK100MHZ (in)
                                         CLK100MHZ (net)
                  0.09    0.00    0.06 ^ clkbuf_0_CLK100MHZ/A (sky130_fd_sc_hd__clkbuf_16)
     4    0.04    0.06    0.15    0.21 ^ clkbuf_0_CLK100MHZ/X (sky130_fd_sc_hd__clkbuf_16)
                                         clknet_0_CLK100MHZ (net)
                  0.06    0.00    0.21 ^ clkbuf_2_0__f_CLK100MHZ/A (sky130_fd_sc_hd__clkbuf_16)
     8    0.03    0.05    0.13    0.34 ^ clkbuf_2_0__f_CLK100MHZ/X (sky130_fd_sc_hd__clkbuf_16)
                                         clknet_2_0__leaf_CLK100MHZ (net)
                  0.05    0.00    0.34 ^ _270_/CLK (sky130_fd_sc_hd__dfrtp_1)
     3    0.02    0.15    0.38    0.72 ^ _270_/Q (sky130_fd_sc_hd__dfrtp_1)
                                         decoder.delay[20] (net)
                  0.15    0.00    0.72 ^ _143_/B1 (sky130_fd_sc_hd__a21oi_1)
     1    0.00    0.05    0.06    0.78 v _143_/Y (sky130_fd_sc_hd__a21oi_1)
                                         _072_ (net)
                  0.05    0.00    0.78 v _145_/A (sky130_fd_sc_hd__nor2_1)
     1    0.01    0.18    0.17    0.95 ^ _145_/Y (sky130_fd_sc_hd__nor2_1)
                                         _012_ (net)
                  0.18    0.00    0.95 ^ _270_/D (sky130_fd_sc_hd__dfrtp_1)
                                  0.95   data arrival time

                          0.00    0.00   clock CLK100MHZ (rise edge)
                          0.00    0.00   clock source latency
     1    0.02    0.09    0.06    0.06 ^ CLK100MHZ (in)
                                         CLK100MHZ (net)
                  0.09    0.00    0.06 ^ clkbuf_0_CLK100MHZ/A (sky130_fd_sc_hd__clkbuf_16)
     4    0.04    0.06    0.17    0.23 ^ clkbuf_0_CLK100MHZ/X (sky130_fd_sc_hd__clkbuf_16)
                                         clknet_0_CLK100MHZ (net)
                  0.06    0.00    0.23 ^ clkbuf_2_0__f_CLK100MHZ/A (sky130_fd_sc_hd__clkbuf_16)
     8    0.03    0.05    0.15    0.37 ^ clkbuf_2_0__f_CLK100MHZ/X (sky130_fd_sc_hd__clkbuf_16)
                                         clknet_2_0__leaf_CLK100MHZ (net)
                  0.05    0.00    0.37 ^ _270_/CLK (sky130_fd_sc_hd__dfrtp_1)
                          0.25    0.62   clock uncertainty
                         -0.04    0.59   clock reconvergence pessimism
                         -0.06    0.53   library hold time
                                  0.53   data required time
-----------------------------------------------------------------------------
                                  0.53   data required time
                                 -0.95   data arrival time
-----------------------------------------------------------------------------
                                  0.42   slack (MET)


Startpoint: _252_ (rising edge-triggered flip-flop clocked by CLK100MHZ)
Endpoint: _252_ (rising edge-triggered flip-flop clocked by CLK100MHZ)
Path Group: CLK100MHZ
Path Type: min
Corner: Typical

Fanout     Cap    Slew   Delay    Time   Description
-----------------------------------------------------------------------------
                          0.00    0.00   clock CLK100MHZ (rise edge)
                          0.00    0.00   clock source latency
     1    0.02    0.09    0.06    0.06 ^ CLK100MHZ (in)
                                         CLK100MHZ (net)
                  0.09    0.00    0.06 ^ clkbuf_0_CLK100MHZ/A (sky130_fd_sc_hd__clkbuf_16)
     4    0.04    0.06    0.15    0.21 ^ clkbuf_0_CLK100MHZ/X (sky130_fd_sc_hd__clkbuf_16)
                                         clknet_0_CLK100MHZ (net)
                  0.06    0.00    0.21 ^ clkbuf_2_2__f_CLK100MHZ/A (sky130_fd_sc_hd__clkbuf_16)
     8    0.03    0.05    0.13    0.34 ^ clkbuf_2_2__f_CLK100MHZ/X (sky130_fd_sc_hd__clkbuf_16)
                                         clknet_2_2__leaf_CLK100MHZ (net)
                  0.05    0.00    0.34 ^ _252_/CLK (sky130_fd_sc_hd__dfrtp_2)
     3    0.03    0.17    0.43    0.77 ^ _252_/Q (sky130_fd_sc_hd__dfrtp_2)
                                         decoder.delay[2] (net)
                  0.17    0.00    0.77 ^ _170_/A (sky130_fd_sc_hd__xnor2_1)
     1    0.02    0.14    0.17    0.94 v _170_/Y (sky130_fd_sc_hd__xnor2_1)
                                         _017_ (net)
                  0.14    0.00    0.94 v _252_/D (sky130_fd_sc_hd__dfrtp_2)
                                  0.94   data arrival time

                          0.00    0.00   clock CLK100MHZ (rise edge)
                          0.00    0.00   clock source latency
     1    0.02    0.09    0.06    0.06 ^ CLK100MHZ (in)
                                         CLK100MHZ (net)
                  0.09    0.00    0.06 ^ clkbuf_0_CLK100MHZ/A (sky130_fd_sc_hd__clkbuf_16)
     4    0.04    0.06    0.17    0.23 ^ clkbuf_0_CLK100MHZ/X (sky130_fd_sc_hd__clkbuf_16)
                                         clknet_0_CLK100MHZ (net)
                  0.06    0.00    0.23 ^ clkbuf_2_2__f_CLK100MHZ/A (sky130_fd_sc_hd__clkbuf_16)
     8    0.03    0.05    0.15    0.37 ^ clkbuf_2_2__f_CLK100MHZ/X (sky130_fd_sc_hd__clkbuf_16)
                                         clknet_2_2__leaf_CLK100MHZ (net)
                  0.05    0.00    0.38 ^ _252_/CLK (sky130_fd_sc_hd__dfrtp_2)
                          0.25    0.63   clock uncertainty
                         -0.04    0.59   clock reconvergence pessimism
                         -0.08    0.51   library hold time
                                  0.51   data required time
-----------------------------------------------------------------------------
                                  0.51   data required time
                                 -0.94   data arrival time
-----------------------------------------------------------------------------
                                  0.43   slack (MET)


Startpoint: _267_ (rising edge-triggered flip-flop clocked by CLK100MHZ)
Endpoint: _267_ (rising edge-triggered flip-flop clocked by CLK100MHZ)
Path Group: CLK100MHZ
Path Type: min
Corner: Typical

Fanout     Cap    Slew   Delay    Time   Description
-----------------------------------------------------------------------------
                          0.00    0.00   clock CLK100MHZ (rise edge)
                          0.00    0.00   clock source latency
     1    0.02    0.09    0.06    0.06 ^ CLK100MHZ (in)
                                         CLK100MHZ (net)
                  0.09    0.00    0.06 ^ clkbuf_0_CLK100MHZ/A (sky130_fd_sc_hd__clkbuf_16)
     4    0.04    0.06    0.15    0.21 ^ clkbuf_0_CLK100MHZ/X (sky130_fd_sc_hd__clkbuf_16)
                                         clknet_0_CLK100MHZ (net)
                  0.06    0.00    0.21 ^ clkbuf_2_3__f_CLK100MHZ/A (sky130_fd_sc_hd__clkbuf_16)
     8    0.03    0.05    0.13    0.34 ^ clkbuf_2_3__f_CLK100MHZ/X (sky130_fd_sc_hd__clkbuf_16)
                                         clknet_2_3__leaf_CLK100MHZ (net)
                  0.05    0.00    0.34 ^ _267_/CLK (sky130_fd_sc_hd__dfrtp_1)
     4    0.02    0.20    0.42    0.75 ^ _267_/Q (sky130_fd_sc_hd__dfrtp_1)
                                         decoder.delay[17] (net)
                  0.20    0.00    0.75 ^ _208_/B1 (sky130_fd_sc_hd__a21oi_1)
     1    0.00    0.06    0.07    0.83 v _208_/Y (sky130_fd_sc_hd__a21oi_1)
                                         _109_ (net)
                  0.06    0.00    0.83 v _210_/A (sky130_fd_sc_hd__nor2_1)
     1    0.01    0.15    0.15    0.98 ^ _210_/Y (sky130_fd_sc_hd__nor2_1)
                                         _008_ (net)
                  0.15    0.00    0.98 ^ _267_/D (sky130_fd_sc_hd__dfrtp_1)
                                  0.98   data arrival time

                          0.00    0.00   clock CLK100MHZ (rise edge)
                          0.00    0.00   clock source latency
     1    0.02    0.09    0.06    0.06 ^ CLK100MHZ (in)
                                         CLK100MHZ (net)
                  0.09    0.00    0.06 ^ clkbuf_0_CLK100MHZ/A (sky130_fd_sc_hd__clkbuf_16)
     4    0.04    0.06    0.17    0.23 ^ clkbuf_0_CLK100MHZ/X (sky130_fd_sc_hd__clkbuf_16)
                                         clknet_0_CLK100MHZ (net)
                  0.06    0.00    0.23 ^ clkbuf_2_3__f_CLK100MHZ/A (sky130_fd_sc_hd__clkbuf_16)
     8    0.03    0.05    0.14    0.37 ^ clkbuf_2_3__f_CLK100MHZ/X (sky130_fd_sc_hd__clkbuf_16)
                                         clknet_2_3__leaf_CLK100MHZ (net)
                  0.05    0.00    0.37 ^ _267_/CLK (sky130_fd_sc_hd__dfrtp_1)
                          0.25    0.62   clock uncertainty
                         -0.04    0.59   clock reconvergence pessimism
                         -0.06    0.53   library hold time
                                  0.53   data required time
-----------------------------------------------------------------------------
                                  0.53   data required time
                                 -0.98   data arrival time
-----------------------------------------------------------------------------
                                  0.45   slack (MET)


Startpoint: _274_ (rising edge-triggered flip-flop clocked by CLK100MHZ)
Endpoint: _248_ (rising edge-triggered flip-flop clocked by CLK100MHZ)
Path Group: CLK100MHZ
Path Type: min
Corner: Typical

Fanout     Cap    Slew   Delay    Time   Description
-----------------------------------------------------------------------------
                          0.00    0.00   clock CLK100MHZ (rise edge)
                          0.00    0.00   clock source latency
     1    0.02    0.09    0.06    0.06 ^ CLK100MHZ (in)
                                         CLK100MHZ (net)
                  0.09    0.00    0.06 ^ clkbuf_0_CLK100MHZ/A (sky130_fd_sc_hd__clkbuf_16)
     4    0.04    0.06    0.15    0.21 ^ clkbuf_0_CLK100MHZ/X (sky130_fd_sc_hd__clkbuf_16)
                                         clknet_0_CLK100MHZ (net)
                  0.06    0.00    0.21 ^ clkbuf_2_3__f_CLK100MHZ/A (sky130_fd_sc_hd__clkbuf_16)
     8    0.03    0.05    0.13    0.34 ^ clkbuf_2_3__f_CLK100MHZ/X (sky130_fd_sc_hd__clkbuf_16)
                                         clknet_2_3__leaf_CLK100MHZ (net)
                  0.05    0.00    0.34 ^ _274_/CLK (sky130_fd_sc_hd__dfrtp_2)
     5    0.03    0.15    0.41    0.75 ^ _274_/Q (sky130_fd_sc_hd__dfrtp_2)
                                         decoder.delay[24] (net)
                  0.15    0.00    0.75 ^ _137_/A1 (sky130_fd_sc_hd__a31o_1)
     1    0.01    0.10    0.19    0.94 ^ _137_/X (sky130_fd_sc_hd__a31o_1)
                                         _069_ (net)
                  0.10    0.00    0.94 ^ _138_/B1 (sky130_fd_sc_hd__o31ai_1)
     1    0.00    0.04    0.08    1.01 v _138_/Y (sky130_fd_sc_hd__o31ai_1)
                                         _056_ (net)
                  0.04    0.00    1.01 v _248_/D (sky130_fd_sc_hd__dfrtp_4)
                                  1.01   data arrival time

                          0.00    0.00   clock CLK100MHZ (rise edge)
                          0.00    0.00   clock source latency
     1    0.02    0.09    0.06    0.06 ^ CLK100MHZ (in)
                                         CLK100MHZ (net)
                  0.09    0.00    0.06 ^ clkbuf_0_CLK100MHZ/A (sky130_fd_sc_hd__clkbuf_16)
     4    0.04    0.06    0.17    0.23 ^ clkbuf_0_CLK100MHZ/X (sky130_fd_sc_hd__clkbuf_16)
                                         clknet_0_CLK100MHZ (net)
                  0.06    0.00    0.23 ^ clkbuf_2_0__f_CLK100MHZ/A (sky130_fd_sc_hd__clkbuf_16)
     8    0.03    0.05    0.15    0.37 ^ clkbuf_2_0__f_CLK100MHZ/X (sky130_fd_sc_hd__clkbuf_16)
                                         clknet_2_0__leaf_CLK100MHZ (net)
                  0.05    0.00    0.37 ^ _248_/CLK (sky130_fd_sc_hd__dfrtp_4)
                          0.25    0.62   clock uncertainty
                         -0.02    0.60   clock reconvergence pessimism
                         -0.04    0.56   library hold time
                                  0.56   data required time
-----------------------------------------------------------------------------
                                  0.56   data required time
                                 -1.01   data arrival time
-----------------------------------------------------------------------------
                                  0.45   slack (MET)


Startpoint: _265_ (rising edge-triggered flip-flop clocked by CLK100MHZ)
Endpoint: _265_ (rising edge-triggered flip-flop clocked by CLK100MHZ)
Path Group: CLK100MHZ
Path Type: min
Corner: Typical

Fanout     Cap    Slew   Delay    Time   Description
-----------------------------------------------------------------------------
                          0.00    0.00   clock CLK100MHZ (rise edge)
                          0.00    0.00   clock source latency
     1    0.02    0.09    0.06    0.06 ^ CLK100MHZ (in)
                                         CLK100MHZ (net)
                  0.09    0.00    0.06 ^ clkbuf_0_CLK100MHZ/A (sky130_fd_sc_hd__clkbuf_16)
     4    0.04    0.06    0.15    0.21 ^ clkbuf_0_CLK100MHZ/X (sky130_fd_sc_hd__clkbuf_16)
                                         clknet_0_CLK100MHZ (net)
                  0.06    0.00    0.21 ^ clkbuf_2_1__f_CLK100MHZ/A (sky130_fd_sc_hd__clkbuf_16)
     8    0.02    0.04    0.13    0.33 ^ clkbuf_2_1__f_CLK100MHZ/X (sky130_fd_sc_hd__clkbuf_16)
                                         clknet_2_1__leaf_CLK100MHZ (net)
                  0.04    0.00    0.33 ^ _265_/CLK (sky130_fd_sc_hd__dfrtp_1)
     2    0.02    0.11    0.41    0.74 v _265_/Q (sky130_fd_sc_hd__dfrtp_1)
                                         decoder.delay[15] (net)
                  0.11    0.00    0.74 v _205_/B1 (sky130_fd_sc_hd__a21oi_1)
     1    0.00    0.12    0.15    0.90 ^ _205_/Y (sky130_fd_sc_hd__a21oi_1)
                                         _108_ (net)
                  0.12    0.00    0.90 ^ _206_/B (sky130_fd_sc_hd__nor2_1)
     1    0.01    0.06    0.08    0.98 v _206_/Y (sky130_fd_sc_hd__nor2_1)
                                         _006_ (net)
                  0.06    0.00    0.98 v _265_/D (sky130_fd_sc_hd__dfrtp_1)
                                  0.98   data arrival time

                          0.00    0.00   clock CLK100MHZ (rise edge)
                          0.00    0.00   clock source latency
     1    0.02    0.09    0.06    0.06 ^ CLK100MHZ (in)
                                         CLK100MHZ (net)
                  0.09    0.00    0.06 ^ clkbuf_0_CLK100MHZ/A (sky130_fd_sc_hd__clkbuf_16)
     4    0.04    0.06    0.17    0.23 ^ clkbuf_0_CLK100MHZ/X (sky130_fd_sc_hd__clkbuf_16)
                                         clknet_0_CLK100MHZ (net)
                  0.06    0.00    0.23 ^ clkbuf_2_1__f_CLK100MHZ/A (sky130_fd_sc_hd__clkbuf_16)
     8    0.02    0.04    0.14    0.37 ^ clkbuf_2_1__f_CLK100MHZ/X (sky130_fd_sc_hd__clkbuf_16)
                                         clknet_2_1__leaf_CLK100MHZ (net)
                  0.04    0.00    0.37 ^ _265_/CLK (sky130_fd_sc_hd__dfrtp_1)
                          0.25    0.62   clock uncertainty
                         -0.04    0.58   clock reconvergence pessimism
                         -0.05    0.53   library hold time
                                  0.53   data required time
-----------------------------------------------------------------------------
                                  0.53   data required time
                                 -0.98   data arrival time
-----------------------------------------------------------------------------
                                  0.45   slack (MET)


Startpoint: _263_ (rising edge-triggered flip-flop clocked by CLK100MHZ)
Endpoint: _263_ (rising edge-triggered flip-flop clocked by CLK100MHZ)
Path Group: CLK100MHZ
Path Type: min
Corner: Typical

Fanout     Cap    Slew   Delay    Time   Description
-----------------------------------------------------------------------------
                          0.00    0.00   clock CLK100MHZ (rise edge)
                          0.00    0.00   clock source latency
     1    0.02    0.09    0.06    0.06 ^ CLK100MHZ (in)
                                         CLK100MHZ (net)
                  0.09    0.00    0.06 ^ clkbuf_0_CLK100MHZ/A (sky130_fd_sc_hd__clkbuf_16)
     4    0.04    0.06    0.15    0.21 ^ clkbuf_0_CLK100MHZ/X (sky130_fd_sc_hd__clkbuf_16)
                                         clknet_0_CLK100MHZ (net)
                  0.06    0.00    0.21 ^ clkbuf_2_2__f_CLK100MHZ/A (sky130_fd_sc_hd__clkbuf_16)
     8    0.03    0.05    0.13    0.34 ^ clkbuf_2_2__f_CLK100MHZ/X (sky130_fd_sc_hd__clkbuf_16)
                                         clknet_2_2__leaf_CLK100MHZ (net)
                  0.05    0.00    0.34 ^ _263_/CLK (sky130_fd_sc_hd__dfrtp_1)
     4    0.03    0.24    0.45    0.78 ^ _263_/Q (sky130_fd_sc_hd__dfrtp_1)
                                         decoder.delay[13] (net)
                  0.24    0.00    0.79 ^ _202_/A1 (sky130_fd_sc_hd__o21ba_1)
     1    0.01    0.11    0.21    1.00 ^ _202_/X (sky130_fd_sc_hd__o21ba_1)
                                         _004_ (net)
                  0.11    0.00    1.00 ^ _263_/D (sky130_fd_sc_hd__dfrtp_1)
                                  1.00   data arrival time

                          0.00    0.00   clock CLK100MHZ (rise edge)
                          0.00    0.00   clock source latency
     1    0.02    0.09    0.06    0.06 ^ CLK100MHZ (in)
                                         CLK100MHZ (net)
                  0.09    0.00    0.06 ^ clkbuf_0_CLK100MHZ/A (sky130_fd_sc_hd__clkbuf_16)
     4    0.04    0.06    0.17    0.23 ^ clkbuf_0_CLK100MHZ/X (sky130_fd_sc_hd__clkbuf_16)
                                         clknet_0_CLK100MHZ (net)
                  0.06    0.00    0.23 ^ clkbuf_2_2__f_CLK100MHZ/A (sky130_fd_sc_hd__clkbuf_16)
     8    0.03    0.05    0.15    0.37 ^ clkbuf_2_2__f_CLK100MHZ/X (sky130_fd_sc_hd__clkbuf_16)
                                         clknet_2_2__leaf_CLK100MHZ (net)
                  0.05    0.00    0.38 ^ _263_/CLK (sky130_fd_sc_hd__dfrtp_1)
                          0.25    0.63   clock uncertainty
                         -0.04    0.59   clock reconvergence pessimism
                         -0.05    0.54   library hold time
                                  0.54   data required time
-----------------------------------------------------------------------------
                                  0.54   data required time
                                 -1.00   data arrival time
-----------------------------------------------------------------------------
                                  0.46   slack (MET)


Startpoint: _246_ (rising edge-triggered flip-flop clocked by CLK100MHZ)
Endpoint: _246_ (rising edge-triggered flip-flop clocked by CLK100MHZ)
Path Group: CLK100MHZ
Path Type: min
Corner: Typical

Fanout     Cap    Slew   Delay    Time   Description
-----------------------------------------------------------------------------
                          0.00    0.00   clock CLK100MHZ (rise edge)
                          0.00    0.00   clock source latency
     1    0.02    0.09    0.06    0.06 ^ CLK100MHZ (in)
                                         CLK100MHZ (net)
                  0.09    0.00    0.06 ^ clkbuf_0_CLK100MHZ/A (sky130_fd_sc_hd__clkbuf_16)
     4    0.04    0.06    0.15    0.21 ^ clkbuf_0_CLK100MHZ/X (sky130_fd_sc_hd__clkbuf_16)
                                         clknet_0_CLK100MHZ (net)
                  0.06    0.00    0.21 ^ clkbuf_2_1__f_CLK100MHZ/A (sky130_fd_sc_hd__clkbuf_16)
     8    0.02    0.04    0.13    0.33 ^ clkbuf_2_1__f_CLK100MHZ/X (sky130_fd_sc_hd__clkbuf_16)
                                         clknet_2_1__leaf_CLK100MHZ (net)
                  0.04    0.00    0.33 ^ _246_/CLK (sky130_fd_sc_hd__dfrtp_4)
     6    0.04    0.11    0.51    0.85 v _246_/Q (sky130_fd_sc_hd__dfrtp_4)
                                         decoder.count[0] (net)
                  0.11    0.00    0.85 v _141_/A (sky130_fd_sc_hd__inv_2)
     2    0.01    0.07    0.10    0.94 ^ _141_/Y (sky130_fd_sc_hd__inv_2)
                                         _071_ (net)
                  0.07    0.00    0.94 ^ _142_/A1 (sky130_fd_sc_hd__a21oi_1)
     1    0.01    0.07    0.09    1.03 v _142_/Y (sky130_fd_sc_hd__a21oi_1)
                                         _054_ (net)
                  0.07    0.00    1.03 v _246_/D (sky130_fd_sc_hd__dfrtp_4)
                                  1.03   data arrival time

                          0.00    0.00   clock CLK100MHZ (rise edge)
                          0.00    0.00   clock source latency
     1    0.02    0.09    0.06    0.06 ^ CLK100MHZ (in)
                                         CLK100MHZ (net)
                  0.09    0.00    0.06 ^ clkbuf_0_CLK100MHZ/A (sky130_fd_sc_hd__clkbuf_16)
     4    0.04    0.06    0.17    0.23 ^ clkbuf_0_CLK100MHZ/X (sky130_fd_sc_hd__clkbuf_16)
                                         clknet_0_CLK100MHZ (net)
                  0.06    0.00    0.23 ^ clkbuf_2_1__f_CLK100MHZ/A (sky130_fd_sc_hd__clkbuf_16)
     8    0.02    0.04    0.14    0.37 ^ clkbuf_2_1__f_CLK100MHZ/X (sky130_fd_sc_hd__clkbuf_16)
                                         clknet_2_1__leaf_CLK100MHZ (net)
                  0.04    0.00    0.37 ^ _246_/CLK (sky130_fd_sc_hd__dfrtp_4)
                          0.25    0.62   clock uncertainty
                         -0.04    0.58   clock reconvergence pessimism
                         -0.05    0.53   library hold time
                                  0.53   data required time
-----------------------------------------------------------------------------
                                  0.53   data required time
                                 -1.03   data arrival time
-----------------------------------------------------------------------------
                                  0.50   slack (MET)


Startpoint: _260_ (rising edge-triggered flip-flop clocked by CLK100MHZ)
Endpoint: _260_ (rising edge-triggered flip-flop clocked by CLK100MHZ)
Path Group: CLK100MHZ
Path Type: min
Corner: Typical

Fanout     Cap    Slew   Delay    Time   Description
-----------------------------------------------------------------------------
                          0.00    0.00   clock CLK100MHZ (rise edge)
                          0.00    0.00   clock source latency
     1    0.02    0.09    0.06    0.06 ^ CLK100MHZ (in)
                                         CLK100MHZ (net)
                  0.09    0.00    0.06 ^ clkbuf_0_CLK100MHZ/A (sky130_fd_sc_hd__clkbuf_16)
     4    0.04    0.06    0.15    0.21 ^ clkbuf_0_CLK100MHZ/X (sky130_fd_sc_hd__clkbuf_16)
                                         clknet_0_CLK100MHZ (net)
                  0.06    0.00    0.21 ^ clkbuf_2_1__f_CLK100MHZ/A (sky130_fd_sc_hd__clkbuf_16)
     8    0.02    0.04    0.13    0.33 ^ clkbuf_2_1__f_CLK100MHZ/X (sky130_fd_sc_hd__clkbuf_16)
                                         clknet_2_1__leaf_CLK100MHZ (net)
                  0.04    0.00    0.33 ^ _260_/CLK (sky130_fd_sc_hd__dfrtp_1)
     3    0.03    0.23    0.44    0.77 ^ _260_/Q (sky130_fd_sc_hd__dfrtp_1)
                                         decoder.delay[10] (net)
                  0.23    0.00    0.77 ^ _193_/B1 (sky130_fd_sc_hd__a31o_1)
     1    0.01    0.08    0.16    0.93 ^ _193_/X (sky130_fd_sc_hd__a31o_1)
                                         _101_ (net)
                  0.08    0.00    0.93 ^ _194_/B1_N (sky130_fd_sc_hd__a21boi_1)
     1    0.00    0.09    0.15    1.08 ^ _194_/Y (sky130_fd_sc_hd__a21boi_1)
                                         _001_ (net)
                  0.09    0.00    1.08 ^ _260_/D (sky130_fd_sc_hd__dfrtp_1)
                                  1.08   data arrival time

                          0.00    0.00   clock CLK100MHZ (rise edge)
                          0.00    0.00   clock source latency
     1    0.02    0.09    0.06    0.06 ^ CLK100MHZ (in)
                                         CLK100MHZ (net)
                  0.09    0.00    0.06 ^ clkbuf_0_CLK100MHZ/A (sky130_fd_sc_hd__clkbuf_16)
     4    0.04    0.06    0.17    0.23 ^ clkbuf_0_CLK100MHZ/X (sky130_fd_sc_hd__clkbuf_16)
                                         clknet_0_CLK100MHZ (net)
                  0.06    0.00    0.23 ^ clkbuf_2_1__f_CLK100MHZ/A (sky130_fd_sc_hd__clkbuf_16)
     8    0.02    0.04    0.14    0.37 ^ clkbuf_2_1__f_CLK100MHZ/X (sky130_fd_sc_hd__clkbuf_16)
                                         clknet_2_1__leaf_CLK100MHZ (net)
                  0.04    0.00    0.37 ^ _260_/CLK (sky130_fd_sc_hd__dfrtp_1)
                          0.25    0.62   clock uncertainty
                         -0.04    0.58   clock reconvergence pessimism
                         -0.04    0.54   library hold time
                                  0.54   data required time
-----------------------------------------------------------------------------
                                  0.54   data required time
                                 -1.08   data arrival time
-----------------------------------------------------------------------------
                                  0.54   slack (MET)


Startpoint: _251_ (rising edge-triggered flip-flop clocked by CLK100MHZ)
Endpoint: _251_ (rising edge-triggered flip-flop clocked by CLK100MHZ)
Path Group: CLK100MHZ
Path Type: min
Corner: Typical

Fanout     Cap    Slew   Delay    Time   Description
-----------------------------------------------------------------------------
                          0.00    0.00   clock CLK100MHZ (rise edge)
                          0.00    0.00   clock source latency
     1    0.02    0.09    0.06    0.06 ^ CLK100MHZ (in)
                                         CLK100MHZ (net)
                  0.09    0.00    0.06 ^ clkbuf_0_CLK100MHZ/A (sky130_fd_sc_hd__clkbuf_16)
     4    0.04    0.06    0.15    0.21 ^ clkbuf_0_CLK100MHZ/X (sky130_fd_sc_hd__clkbuf_16)
                                         clknet_0_CLK100MHZ (net)
                  0.06    0.00    0.21 ^ clkbuf_2_2__f_CLK100MHZ/A (sky130_fd_sc_hd__clkbuf_16)
     8    0.03    0.05    0.13    0.34 ^ clkbuf_2_2__f_CLK100MHZ/X (sky130_fd_sc_hd__clkbuf_16)
                                         clknet_2_2__leaf_CLK100MHZ (net)
                  0.05    0.00    0.34 ^ _251_/CLK (sky130_fd_sc_hd__dfrtp_2)
     4    0.03    0.14    0.41    0.75 ^ _251_/Q (sky130_fd_sc_hd__dfrtp_2)
                                         decoder.delay[1] (net)
                  0.14    0.00    0.75 ^ _167_/A (sky130_fd_sc_hd__or2_1)
     1    0.01    0.06    0.13    0.87 ^ _167_/X (sky130_fd_sc_hd__or2_1)
                                         _084_ (net)
                  0.06    0.00    0.87 ^ _168_/B (sky130_fd_sc_hd__and2_1)
     1    0.01    0.09    0.15    1.02 ^ _168_/X (sky130_fd_sc_hd__and2_1)
                                         _085_ (net)
                  0.09    0.00    1.02 ^ _169_/A (sky130_fd_sc_hd__clkbuf_1)
     1    0.01    0.10    0.13    1.15 ^ _169_/X (sky130_fd_sc_hd__clkbuf_1)
                                         _011_ (net)
                  0.10    0.00    1.15 ^ _251_/D (sky130_fd_sc_hd__dfrtp_2)
                                  1.15   data arrival time

                          0.00    0.00   clock CLK100MHZ (rise edge)
                          0.00    0.00   clock source latency
     1    0.02    0.09    0.06    0.06 ^ CLK100MHZ (in)
                                         CLK100MHZ (net)
                  0.09    0.00    0.06 ^ clkbuf_0_CLK100MHZ/A (sky130_fd_sc_hd__clkbuf_16)
     4    0.04    0.06    0.17    0.23 ^ clkbuf_0_CLK100MHZ/X (sky130_fd_sc_hd__clkbuf_16)
                                         clknet_0_CLK100MHZ (net)
                  0.06    0.00    0.23 ^ clkbuf_2_2__f_CLK100MHZ/A (sky130_fd_sc_hd__clkbuf_16)
     8    0.03    0.05    0.15    0.37 ^ clkbuf_2_2__f_CLK100MHZ/X (sky130_fd_sc_hd__clkbuf_16)
                                         clknet_2_2__leaf_CLK100MHZ (net)
                  0.05    0.00    0.38 ^ _251_/CLK (sky130_fd_sc_hd__dfrtp_2)
                          0.25    0.63   clock uncertainty
                         -0.04    0.59   clock reconvergence pessimism
                         -0.05    0.54   library hold time
                                  0.54   data required time
-----------------------------------------------------------------------------
                                  0.54   data required time
                                 -1.15   data arrival time
-----------------------------------------------------------------------------
                                  0.61   slack (MET)


Startpoint: _273_ (rising edge-triggered flip-flop clocked by CLK100MHZ)
Endpoint: _273_ (rising edge-triggered flip-flop clocked by CLK100MHZ)
Path Group: CLK100MHZ
Path Type: min
Corner: Typical

Fanout     Cap    Slew   Delay    Time   Description
-----------------------------------------------------------------------------
                          0.00    0.00   clock CLK100MHZ (rise edge)
                          0.00    0.00   clock source latency
     1    0.02    0.09    0.06    0.06 ^ CLK100MHZ (in)
                                         CLK100MHZ (net)
                  0.09    0.00    0.06 ^ clkbuf_0_CLK100MHZ/A (sky130_fd_sc_hd__clkbuf_16)
     4    0.04    0.06    0.15    0.21 ^ clkbuf_0_CLK100MHZ/X (sky130_fd_sc_hd__clkbuf_16)
                                         clknet_0_CLK100MHZ (net)
                  0.06    0.00    0.21 ^ clkbuf_2_3__f_CLK100MHZ/A (sky130_fd_sc_hd__clkbuf_16)
     8    0.03    0.05    0.13    0.34 ^ clkbuf_2_3__f_CLK100MHZ/X (sky130_fd_sc_hd__clkbuf_16)
                                         clknet_2_3__leaf_CLK100MHZ (net)
                  0.05    0.00    0.34 ^ _273_/CLK (sky130_fd_sc_hd__dfrtp_1)
     2    0.01    0.09    0.33    0.67 ^ _273_/Q (sky130_fd_sc_hd__dfrtp_1)
                                         decoder.delay[23] (net)
                  0.09    0.00    0.67 ^ _151_/B1 (sky130_fd_sc_hd__a21o_1)
     1    0.01    0.13    0.15    0.82 ^ _151_/X (sky130_fd_sc_hd__a21o_1)
                                         _077_ (net)
                  0.13    0.00    0.82 ^ _152_/B (sky130_fd_sc_hd__and2_1)
     1    0.01    0.10    0.17    0.99 ^ _152_/X (sky130_fd_sc_hd__and2_1)
                                         _078_ (net)
                  0.10    0.00    0.99 ^ _153_/A (sky130_fd_sc_hd__buf_1)
     1    0.01    0.15    0.16    1.16 ^ _153_/X (sky130_fd_sc_hd__buf_1)
                                         _015_ (net)
                  0.15    0.00    1.16 ^ _273_/D (sky130_fd_sc_hd__dfrtp_1)
                                  1.16   data arrival time

                          0.00    0.00   clock CLK100MHZ (rise edge)
                          0.00    0.00   clock source latency
     1    0.02    0.09    0.06    0.06 ^ CLK100MHZ (in)
                                         CLK100MHZ (net)
                  0.09    0.00    0.06 ^ clkbuf_0_CLK100MHZ/A (sky130_fd_sc_hd__clkbuf_16)
     4    0.04    0.06    0.17    0.23 ^ clkbuf_0_CLK100MHZ/X (sky130_fd_sc_hd__clkbuf_16)
                                         clknet_0_CLK100MHZ (net)
                  0.06    0.00    0.23 ^ clkbuf_2_3__f_CLK100MHZ/A (sky130_fd_sc_hd__clkbuf_16)
     8    0.03    0.05    0.14    0.37 ^ clkbuf_2_3__f_CLK100MHZ/X (sky130_fd_sc_hd__clkbuf_16)
                                         clknet_2_3__leaf_CLK100MHZ (net)
                  0.05    0.00    0.37 ^ _273_/CLK (sky130_fd_sc_hd__dfrtp_1)
                          0.25    0.62   clock uncertainty
                         -0.04    0.59   clock reconvergence pessimism
                         -0.06    0.53   library hold time
                                  0.53   data required time
-----------------------------------------------------------------------------
                                  0.53   data required time
                                 -1.16   data arrival time
-----------------------------------------------------------------------------
                                  0.63   slack (MET)


Startpoint: _253_ (rising edge-triggered flip-flop clocked by CLK100MHZ)
Endpoint: _253_ (rising edge-triggered flip-flop clocked by CLK100MHZ)
Path Group: CLK100MHZ
Path Type: min
Corner: Typical

Fanout     Cap    Slew   Delay    Time   Description
-----------------------------------------------------------------------------
                          0.00    0.00   clock CLK100MHZ (rise edge)
                          0.00    0.00   clock source latency
     1    0.02    0.09    0.06    0.06 ^ CLK100MHZ (in)
                                         CLK100MHZ (net)
                  0.09    0.00    0.06 ^ clkbuf_0_CLK100MHZ/A (sky130_fd_sc_hd__clkbuf_16)
     4    0.04    0.06    0.15    0.21 ^ clkbuf_0_CLK100MHZ/X (sky130_fd_sc_hd__clkbuf_16)
                                         clknet_0_CLK100MHZ (net)
                  0.06    0.00    0.21 ^ clkbuf_2_2__f_CLK100MHZ/A (sky130_fd_sc_hd__clkbuf_16)
     8    0.03    0.05    0.13    0.34 ^ clkbuf_2_2__f_CLK100MHZ/X (sky130_fd_sc_hd__clkbuf_16)
                                         clknet_2_2__leaf_CLK100MHZ (net)
                  0.05    0.00    0.34 ^ _253_/CLK (sky130_fd_sc_hd__dfrtp_1)
     2    0.02    0.15    0.38    0.72 ^ _253_/Q (sky130_fd_sc_hd__dfrtp_1)
                                         decoder.delay[3] (net)
                  0.15    0.00    0.72 ^ _171_/B1 (sky130_fd_sc_hd__a31o_1)
     1    0.01    0.07    0.13    0.86 ^ _171_/X (sky130_fd_sc_hd__a31o_1)
                                         _086_ (net)
                  0.07    0.00    0.86 ^ _172_/B (sky130_fd_sc_hd__and2b_1)
     1    0.02    0.16    0.20    1.05 ^ _172_/X (sky130_fd_sc_hd__and2b_1)
                                         _087_ (net)
                  0.16    0.00    1.05 ^ _173_/A (sky130_fd_sc_hd__clkbuf_1)
     1    0.01    0.09    0.13    1.19 ^ _173_/X (sky130_fd_sc_hd__clkbuf_1)
                                         _018_ (net)
                  0.09    0.00    1.19 ^ _253_/D (sky130_fd_sc_hd__dfrtp_1)
                                  1.19   data arrival time

                          0.00    0.00   clock CLK100MHZ (rise edge)
                          0.00    0.00   clock source latency
     1    0.02    0.09    0.06    0.06 ^ CLK100MHZ (in)
                                         CLK100MHZ (net)
                  0.09    0.00    0.06 ^ clkbuf_0_CLK100MHZ/A (sky130_fd_sc_hd__clkbuf_16)
     4    0.04    0.06    0.17    0.23 ^ clkbuf_0_CLK100MHZ/X (sky130_fd_sc_hd__clkbuf_16)
                                         clknet_0_CLK100MHZ (net)
                  0.06    0.00    0.23 ^ clkbuf_2_2__f_CLK100MHZ/A (sky130_fd_sc_hd__clkbuf_16)
     8    0.03    0.05    0.15    0.37 ^ clkbuf_2_2__f_CLK100MHZ/X (sky130_fd_sc_hd__clkbuf_16)
                                         clknet_2_2__leaf_CLK100MHZ (net)
                  0.05    0.00    0.38 ^ _253_/CLK (sky130_fd_sc_hd__dfrtp_1)
                          0.25    0.63   clock uncertainty
                         -0.04    0.59   clock reconvergence pessimism
                         -0.04    0.55   library hold time
                                  0.55   data required time
-----------------------------------------------------------------------------
                                  0.55   data required time
                                 -1.19   data arrival time
-----------------------------------------------------------------------------
                                  0.64   slack (MET)


Startpoint: _258_ (rising edge-triggered flip-flop clocked by CLK100MHZ)
Endpoint: _258_ (rising edge-triggered flip-flop clocked by CLK100MHZ)
Path Group: CLK100MHZ
Path Type: min
Corner: Typical

Fanout     Cap    Slew   Delay    Time   Description
-----------------------------------------------------------------------------
                          0.00    0.00   clock CLK100MHZ (rise edge)
                          0.00    0.00   clock source latency
     1    0.02    0.09    0.06    0.06 ^ CLK100MHZ (in)
                                         CLK100MHZ (net)
                  0.09    0.00    0.06 ^ clkbuf_0_CLK100MHZ/A (sky130_fd_sc_hd__clkbuf_16)
     4    0.04    0.06    0.15    0.21 ^ clkbuf_0_CLK100MHZ/X (sky130_fd_sc_hd__clkbuf_16)
                                         clknet_0_CLK100MHZ (net)
                  0.06    0.00    0.21 ^ clkbuf_2_3__f_CLK100MHZ/A (sky130_fd_sc_hd__clkbuf_16)
     8    0.03    0.05    0.13    0.34 ^ clkbuf_2_3__f_CLK100MHZ/X (sky130_fd_sc_hd__clkbuf_16)
                                         clknet_2_3__leaf_CLK100MHZ (net)
                  0.05    0.00    0.34 ^ _258_/CLK (sky130_fd_sc_hd__dfrtp_4)
     5    0.04    0.13    0.45    0.79 ^ _258_/Q (sky130_fd_sc_hd__dfrtp_4)
                                         decoder.delay[8] (net)
                  0.13    0.00    0.79 ^ _187_/A (sky130_fd_sc_hd__nor2_1)
     1    0.01    0.07    0.09    0.88 v _187_/Y (sky130_fd_sc_hd__nor2_1)
                                         _097_ (net)
                  0.07    0.00    0.88 v _189_/A_N (sky130_fd_sc_hd__and2b_1)
     1    0.01    0.06    0.20    1.08 ^ _189_/X (sky130_fd_sc_hd__and2b_1)
                                         _099_ (net)
                  0.06    0.00    1.08 ^ _190_/A (sky130_fd_sc_hd__buf_1)
     1    0.01    0.18    0.17    1.25 ^ _190_/X (sky130_fd_sc_hd__buf_1)
                                         _023_ (net)
                  0.18    0.00    1.25 ^ _258_/D (sky130_fd_sc_hd__dfrtp_4)
                                  1.25   data arrival time

                          0.00    0.00   clock CLK100MHZ (rise edge)
                          0.00    0.00   clock source latency
     1    0.02    0.09    0.06    0.06 ^ CLK100MHZ (in)
                                         CLK100MHZ (net)
                  0.09    0.00    0.06 ^ clkbuf_0_CLK100MHZ/A (sky130_fd_sc_hd__clkbuf_16)
     4    0.04    0.06    0.17    0.23 ^ clkbuf_0_CLK100MHZ/X (sky130_fd_sc_hd__clkbuf_16)
                                         clknet_0_CLK100MHZ (net)
                  0.06    0.00    0.23 ^ clkbuf_2_3__f_CLK100MHZ/A (sky130_fd_sc_hd__clkbuf_16)
     8    0.03    0.05    0.14    0.37 ^ clkbuf_2_3__f_CLK100MHZ/X (sky130_fd_sc_hd__clkbuf_16)
                                         clknet_2_3__leaf_CLK100MHZ (net)
                  0.05    0.00    0.37 ^ _258_/CLK (sky130_fd_sc_hd__dfrtp_4)
                          0.25    0.62   clock uncertainty
                         -0.04    0.59   clock reconvergence pessimism
                         -0.06    0.53   library hold time
                                  0.53   data required time
-----------------------------------------------------------------------------
                                  0.53   data required time
                                 -1.25   data arrival time
-----------------------------------------------------------------------------
                                  0.73   slack (MET)


Startpoint: _261_ (rising edge-triggered flip-flop clocked by CLK100MHZ)
Endpoint: _261_ (rising edge-triggered flip-flop clocked by CLK100MHZ)
Path Group: CLK100MHZ
Path Type: min
Corner: Typical

Fanout     Cap    Slew   Delay    Time   Description
-----------------------------------------------------------------------------
                          0.00    0.00   clock CLK100MHZ (rise edge)
                          0.00    0.00   clock source latency
     1    0.02    0.09    0.06    0.06 ^ CLK100MHZ (in)
                                         CLK100MHZ (net)
                  0.09    0.00    0.06 ^ clkbuf_0_CLK100MHZ/A (sky130_fd_sc_hd__clkbuf_16)
     4    0.04    0.06    0.15    0.21 ^ clkbuf_0_CLK100MHZ/X (sky130_fd_sc_hd__clkbuf_16)
                                         clknet_0_CLK100MHZ (net)
                  0.06    0.00    0.21 ^ clkbuf_2_3__f_CLK100MHZ/A (sky130_fd_sc_hd__clkbuf_16)
     8    0.03    0.05    0.13    0.34 ^ clkbuf_2_3__f_CLK100MHZ/X (sky130_fd_sc_hd__clkbuf_16)
                                         clknet_2_3__leaf_CLK100MHZ (net)
                  0.05    0.00    0.34 ^ _261_/CLK (sky130_fd_sc_hd__dfrtp_1)
     3    0.02    0.17    0.40    0.73 ^ _261_/Q (sky130_fd_sc_hd__dfrtp_1)
                                         decoder.delay[11] (net)
                  0.17    0.00    0.73 ^ _195_/B1 (sky130_fd_sc_hd__a21oi_1)
     1    0.02    0.09    0.12    0.85 v _195_/Y (sky130_fd_sc_hd__a21oi_1)
                                         _102_ (net)
                  0.09    0.00    0.85 v _197_/A_N (sky130_fd_sc_hd__and2b_1)
     1    0.01    0.10    0.24    1.09 ^ _197_/X (sky130_fd_sc_hd__and2b_1)
                                         _104_ (net)
                  0.10    0.00    1.09 ^ _198_/A (sky130_fd_sc_hd__buf_1)
     2    0.02    0.19    0.19    1.28 ^ _198_/X (sky130_fd_sc_hd__buf_1)
                                         _002_ (net)
                  0.19    0.00    1.28 ^ _261_/D (sky130_fd_sc_hd__dfrtp_1)
                                  1.28   data arrival time

                          0.00    0.00   clock CLK100MHZ (rise edge)
                          0.00    0.00   clock source latency
     1    0.02    0.09    0.06    0.06 ^ CLK100MHZ (in)
                                         CLK100MHZ (net)
                  0.09    0.00    0.06 ^ clkbuf_0_CLK100MHZ/A (sky130_fd_sc_hd__clkbuf_16)
     4    0.04    0.06    0.17    0.23 ^ clkbuf_0_CLK100MHZ/X (sky130_fd_sc_hd__clkbuf_16)
                                         clknet_0_CLK100MHZ (net)
                  0.06    0.00    0.23 ^ clkbuf_2_3__f_CLK100MHZ/A (sky130_fd_sc_hd__clkbuf_16)
     8    0.03    0.05    0.14    0.37 ^ clkbuf_2_3__f_CLK100MHZ/X (sky130_fd_sc_hd__clkbuf_16)
                                         clknet_2_3__leaf_CLK100MHZ (net)
                  0.05    0.00    0.37 ^ _261_/CLK (sky130_fd_sc_hd__dfrtp_1)
                          0.25    0.62   clock uncertainty
                         -0.04    0.59   clock reconvergence pessimism
                         -0.06    0.52   library hold time
                                  0.52   data required time
-----------------------------------------------------------------------------
                                  0.52   data required time
                                 -1.28   data arrival time
-----------------------------------------------------------------------------
                                  0.76   slack (MET)


Startpoint: _257_ (rising edge-triggered flip-flop clocked by CLK100MHZ)
Endpoint: _257_ (rising edge-triggered flip-flop clocked by CLK100MHZ)
Path Group: CLK100MHZ
Path Type: min
Corner: Typical

Fanout     Cap    Slew   Delay    Time   Description
-----------------------------------------------------------------------------
                          0.00    0.00   clock CLK100MHZ (rise edge)
                          0.00    0.00   clock source latency
     1    0.02    0.09    0.06    0.06 ^ CLK100MHZ (in)
                                         CLK100MHZ (net)
                  0.09    0.00    0.06 ^ clkbuf_0_CLK100MHZ/A (sky130_fd_sc_hd__clkbuf_16)
     4    0.04    0.06    0.15    0.21 ^ clkbuf_0_CLK100MHZ/X (sky130_fd_sc_hd__clkbuf_16)
                                         clknet_0_CLK100MHZ (net)
                  0.06    0.00    0.21 ^ clkbuf_2_3__f_CLK100MHZ/A (sky130_fd_sc_hd__clkbuf_16)
     8    0.03    0.05    0.13    0.34 ^ clkbuf_2_3__f_CLK100MHZ/X (sky130_fd_sc_hd__clkbuf_16)
                                         clknet_2_3__leaf_CLK100MHZ (net)
                  0.05    0.00    0.34 ^ _257_/CLK (sky130_fd_sc_hd__dfrtp_1)
     3    0.02    0.22    0.43    0.77 ^ _257_/Q (sky130_fd_sc_hd__dfrtp_1)
                                         decoder.delay[7] (net)
                  0.22    0.00    0.77 ^ _184_/B1 (sky130_fd_sc_hd__a21o_1)
     1    0.01    0.09    0.14    0.91 ^ _184_/X (sky130_fd_sc_hd__a21o_1)
                                         _095_ (net)
                  0.09    0.00    0.91 ^ _185_/B (sky130_fd_sc_hd__and2b_1)
     1    0.02    0.20    0.23    1.14 ^ _185_/X (sky130_fd_sc_hd__and2b_1)
                                         _096_ (net)
                  0.20    0.00    1.14 ^ _186_/A (sky130_fd_sc_hd__buf_1)
     1    0.01    0.16    0.19    1.33 ^ _186_/X (sky130_fd_sc_hd__buf_1)
                                         _022_ (net)
                  0.16    0.00    1.33 ^ _257_/D (sky130_fd_sc_hd__dfrtp_1)
                                  1.33   data arrival time

                          0.00    0.00   clock CLK100MHZ (rise edge)
                          0.00    0.00   clock source latency
     1    0.02    0.09    0.06    0.06 ^ CLK100MHZ (in)
                                         CLK100MHZ (net)
                  0.09    0.00    0.06 ^ clkbuf_0_CLK100MHZ/A (sky130_fd_sc_hd__clkbuf_16)
     4    0.04    0.06    0.17    0.23 ^ clkbuf_0_CLK100MHZ/X (sky130_fd_sc_hd__clkbuf_16)
                                         clknet_0_CLK100MHZ (net)
                  0.06    0.00    0.23 ^ clkbuf_2_3__f_CLK100MHZ/A (sky130_fd_sc_hd__clkbuf_16)
     8    0.03    0.05    0.14    0.37 ^ clkbuf_2_3__f_CLK100MHZ/X (sky130_fd_sc_hd__clkbuf_16)
                                         clknet_2_3__leaf_CLK100MHZ (net)
                  0.05    0.00    0.37 ^ _257_/CLK (sky130_fd_sc_hd__dfrtp_1)
                          0.25    0.62   clock uncertainty
                         -0.04    0.59   clock reconvergence pessimism
                         -0.06    0.53   library hold time
                                  0.53   data required time
-----------------------------------------------------------------------------
                                  0.53   data required time
                                 -1.33   data arrival time
-----------------------------------------------------------------------------
                                  0.80   slack (MET)


Startpoint: BTNC (input port clocked by CLK100MHZ)
Endpoint: _267_ (removal check against rising-edge clock CLK100MHZ)
Path Group: asynchronous
Path Type: min
Corner: Typical

Fanout     Cap    Slew   Delay    Time   Description
-----------------------------------------------------------------------------
                          0.00    0.00   clock CLK100MHZ (rise edge)
                          0.00    0.00   clock network delay (propagated)
                          2.00    2.00 v input external delay
     2    0.02    0.04    0.03    2.03 v BTNC (in)
                                         BTNC (net)
                  0.04    0.00    2.03 v _214_/A (sky130_fd_sc_hd__buf_4)
    10    0.07    0.09    0.19    2.22 v _214_/X (sky130_fd_sc_hd__buf_4)
                                         _112_ (net)
                  0.09    0.00    2.22 v _238_/A (sky130_fd_sc_hd__inv_2)
     1    0.00    0.04    0.06    2.28 ^ _238_/Y (sky130_fd_sc_hd__inv_2)
                                         _046_ (net)
                  0.04    0.00    2.28 ^ _267_/RESET_B (sky130_fd_sc_hd__dfrtp_1)
                                  2.28   data arrival time

                          0.00    0.00   clock CLK100MHZ (rise edge)
                          0.00    0.00   clock source latency
     1    0.02    0.09    0.06    0.06 ^ CLK100MHZ (in)
                                         CLK100MHZ (net)
                  0.09    0.00    0.06 ^ clkbuf_0_CLK100MHZ/A (sky130_fd_sc_hd__clkbuf_16)
     4    0.04    0.06    0.17    0.23 ^ clkbuf_0_CLK100MHZ/X (sky130_fd_sc_hd__clkbuf_16)
                                         clknet_0_CLK100MHZ (net)
                  0.06    0.00    0.23 ^ clkbuf_2_3__f_CLK100MHZ/A (sky130_fd_sc_hd__clkbuf_16)
     8    0.03    0.05    0.14    0.37 ^ clkbuf_2_3__f_CLK100MHZ/X (sky130_fd_sc_hd__clkbuf_16)
                                         clknet_2_3__leaf_CLK100MHZ (net)
                  0.05    0.00    0.37 ^ _267_/CLK (sky130_fd_sc_hd__dfrtp_1)
                          0.25    0.62   clock uncertainty
                          0.00    0.62   clock reconvergence pessimism
                          0.32    0.94   library removal time
                                  0.94   data required time
-----------------------------------------------------------------------------
                                  0.94   data required time
                                 -2.28   data arrival time
-----------------------------------------------------------------------------
                                  1.34   slack (MET)


Startpoint: BTNC (input port clocked by CLK100MHZ)
Endpoint: _272_ (removal check against rising-edge clock CLK100MHZ)
Path Group: asynchronous
Path Type: min
Corner: Typical

Fanout     Cap    Slew   Delay    Time   Description
-----------------------------------------------------------------------------
                          0.00    0.00   clock CLK100MHZ (rise edge)
                          0.00    0.00   clock network delay (propagated)
                          2.00    2.00 v input external delay
     2    0.02    0.04    0.03    2.03 v BTNC (in)
                                         BTNC (net)
                  0.04    0.00    2.03 v _214_/A (sky130_fd_sc_hd__buf_4)
    10    0.07    0.09    0.19    2.22 v _214_/X (sky130_fd_sc_hd__buf_4)
                                         _112_ (net)
                  0.09    0.00    2.22 v _243_/A (sky130_fd_sc_hd__inv_2)
     1    0.00    0.04    0.06    2.28 ^ _243_/Y (sky130_fd_sc_hd__inv_2)
                                         _051_ (net)
                  0.04    0.00    2.28 ^ _272_/RESET_B (sky130_fd_sc_hd__dfrtp_1)
                                  2.28   data arrival time

                          0.00    0.00   clock CLK100MHZ (rise edge)
                          0.00    0.00   clock source latency
     1    0.02    0.09    0.06    0.06 ^ CLK100MHZ (in)
                                         CLK100MHZ (net)
                  0.09    0.00    0.06 ^ clkbuf_0_CLK100MHZ/A (sky130_fd_sc_hd__clkbuf_16)
     4    0.04    0.06    0.17    0.23 ^ clkbuf_0_CLK100MHZ/X (sky130_fd_sc_hd__clkbuf_16)
                                         clknet_0_CLK100MHZ (net)
                  0.06    0.00    0.23 ^ clkbuf_2_1__f_CLK100MHZ/A (sky130_fd_sc_hd__clkbuf_16)
     8    0.02    0.04    0.14    0.37 ^ clkbuf_2_1__f_CLK100MHZ/X (sky130_fd_sc_hd__clkbuf_16)
                                         clknet_2_1__leaf_CLK100MHZ (net)
                  0.04    0.00    0.37 ^ _272_/CLK (sky130_fd_sc_hd__dfrtp_1)
                          0.25    0.62   clock uncertainty
                          0.00    0.62   clock reconvergence pessimism
                          0.32    0.94   library removal time
                                  0.94   data required time
-----------------------------------------------------------------------------
                                  0.94   data required time
                                 -2.28   data arrival time
-----------------------------------------------------------------------------
                                  1.34   slack (MET)


Startpoint: BTNC (input port clocked by CLK100MHZ)
Endpoint: _268_ (removal check against rising-edge clock CLK100MHZ)
Path Group: asynchronous
Path Type: min
Corner: Typical

Fanout     Cap    Slew   Delay    Time   Description
-----------------------------------------------------------------------------
                          0.00    0.00   clock CLK100MHZ (rise edge)
                          0.00    0.00   clock network delay (propagated)
                          2.00    2.00 v input external delay
     2    0.02    0.04    0.03    2.03 v BTNC (in)
                                         BTNC (net)
                  0.04    0.00    2.03 v _214_/A (sky130_fd_sc_hd__buf_4)
    10    0.07    0.09    0.19    2.22 v _214_/X (sky130_fd_sc_hd__buf_4)
                                         _112_ (net)
                  0.09    0.00    2.22 v _239_/A (sky130_fd_sc_hd__inv_2)
     1    0.01    0.04    0.07    2.28 ^ _239_/Y (sky130_fd_sc_hd__inv_2)
                                         _047_ (net)
                  0.04    0.00    2.28 ^ _268_/RESET_B (sky130_fd_sc_hd__dfrtp_2)
                                  2.28   data arrival time

                          0.00    0.00   clock CLK100MHZ (rise edge)
                          0.00    0.00   clock source latency
     1    0.02    0.09    0.06    0.06 ^ CLK100MHZ (in)
                                         CLK100MHZ (net)
                  0.09    0.00    0.06 ^ clkbuf_0_CLK100MHZ/A (sky130_fd_sc_hd__clkbuf_16)
     4    0.04    0.06    0.17    0.23 ^ clkbuf_0_CLK100MHZ/X (sky130_fd_sc_hd__clkbuf_16)
                                         clknet_0_CLK100MHZ (net)
                  0.06    0.00    0.23 ^ clkbuf_2_1__f_CLK100MHZ/A (sky130_fd_sc_hd__clkbuf_16)
     8    0.02    0.04    0.14    0.37 ^ clkbuf_2_1__f_CLK100MHZ/X (sky130_fd_sc_hd__clkbuf_16)
                                         clknet_2_1__leaf_CLK100MHZ (net)
                  0.04    0.00    0.37 ^ _268_/CLK (sky130_fd_sc_hd__dfrtp_2)
                          0.25    0.62   clock uncertainty
                          0.00    0.62   clock reconvergence pessimism
                          0.32    0.94   library removal time
                                  0.94   data required time
-----------------------------------------------------------------------------
                                  0.94   data required time
                                 -2.28   data arrival time
-----------------------------------------------------------------------------
                                  1.35   slack (MET)


Startpoint: BTNC (input port clocked by CLK100MHZ)
Endpoint: _270_ (removal check against rising-edge clock CLK100MHZ)
Path Group: asynchronous
Path Type: min
Corner: Typical

Fanout     Cap    Slew   Delay    Time   Description
-----------------------------------------------------------------------------
                          0.00    0.00   clock CLK100MHZ (rise edge)
                          0.00    0.00   clock network delay (propagated)
                          2.00    2.00 v input external delay
     2    0.02    0.04    0.03    2.03 v BTNC (in)
                                         BTNC (net)
                  0.04    0.00    2.03 v _214_/A (sky130_fd_sc_hd__buf_4)
    10    0.07    0.09    0.19    2.22 v _214_/X (sky130_fd_sc_hd__buf_4)
                                         _112_ (net)
                  0.09    0.00    2.22 v _241_/A (sky130_fd_sc_hd__inv_2)
     1    0.01    0.05    0.08    2.29 ^ _241_/Y (sky130_fd_sc_hd__inv_2)
                                         _049_ (net)
                  0.05    0.00    2.29 ^ _270_/RESET_B (sky130_fd_sc_hd__dfrtp_1)
                                  2.29   data arrival time

                          0.00    0.00   clock CLK100MHZ (rise edge)
                          0.00    0.00   clock source latency
     1    0.02    0.09    0.06    0.06 ^ CLK100MHZ (in)
                                         CLK100MHZ (net)
                  0.09    0.00    0.06 ^ clkbuf_0_CLK100MHZ/A (sky130_fd_sc_hd__clkbuf_16)
     4    0.04    0.06    0.17    0.23 ^ clkbuf_0_CLK100MHZ/X (sky130_fd_sc_hd__clkbuf_16)
                                         clknet_0_CLK100MHZ (net)
                  0.06    0.00    0.23 ^ clkbuf_2_0__f_CLK100MHZ/A (sky130_fd_sc_hd__clkbuf_16)
     8    0.03    0.05    0.15    0.37 ^ clkbuf_2_0__f_CLK100MHZ/X (sky130_fd_sc_hd__clkbuf_16)
                                         clknet_2_0__leaf_CLK100MHZ (net)
                  0.05    0.00    0.37 ^ _270_/CLK (sky130_fd_sc_hd__dfrtp_1)
                          0.25    0.62   clock uncertainty
                          0.00    0.62   clock reconvergence pessimism
                          0.32    0.95   library removal time
                                  0.95   data required time
-----------------------------------------------------------------------------
                                  0.95   data required time
                                 -2.29   data arrival time
-----------------------------------------------------------------------------
                                  1.35   slack (MET)


Startpoint: BTNC (input port clocked by CLK100MHZ)
Endpoint: _274_ (removal check against rising-edge clock CLK100MHZ)
Path Group: asynchronous
Path Type: min
Corner: Typical

Fanout     Cap    Slew   Delay    Time   Description
-----------------------------------------------------------------------------
                          0.00    0.00   clock CLK100MHZ (rise edge)
                          0.00    0.00   clock network delay (propagated)
                          2.00    2.00 v input external delay
     2    0.02    0.04    0.03    2.03 v BTNC (in)
                                         BTNC (net)
                  0.04    0.00    2.03 v _214_/A (sky130_fd_sc_hd__buf_4)
    10    0.07    0.09    0.19    2.22 v _214_/X (sky130_fd_sc_hd__buf_4)
                                         _112_ (net)
                  0.09    0.00    2.22 v _245_/A (sky130_fd_sc_hd__inv_2)
     1    0.01    0.06    0.08    2.30 ^ _245_/Y (sky130_fd_sc_hd__inv_2)
                                         _053_ (net)
                  0.06    0.00    2.30 ^ _274_/RESET_B (sky130_fd_sc_hd__dfrtp_2)
                                  2.30   data arrival time

                          0.00    0.00   clock CLK100MHZ (rise edge)
                          0.00    0.00   clock source latency
     1    0.02    0.09    0.06    0.06 ^ CLK100MHZ (in)
                                         CLK100MHZ (net)
                  0.09    0.00    0.06 ^ clkbuf_0_CLK100MHZ/A (sky130_fd_sc_hd__clkbuf_16)
     4    0.04    0.06    0.17    0.23 ^ clkbuf_0_CLK100MHZ/X (sky130_fd_sc_hd__clkbuf_16)
                                         clknet_0_CLK100MHZ (net)
                  0.06    0.00    0.23 ^ clkbuf_2_3__f_CLK100MHZ/A (sky130_fd_sc_hd__clkbuf_16)
     8    0.03    0.05    0.14    0.37 ^ clkbuf_2_3__f_CLK100MHZ/X (sky130_fd_sc_hd__clkbuf_16)
                                         clknet_2_3__leaf_CLK100MHZ (net)
                  0.05    0.00    0.37 ^ _274_/CLK (sky130_fd_sc_hd__dfrtp_2)
                          0.25    0.62   clock uncertainty
                          0.00    0.62   clock reconvergence pessimism
                          0.32    0.95   library removal time
                                  0.95   data required time
-----------------------------------------------------------------------------
                                  0.95   data required time
                                 -2.30   data arrival time
-----------------------------------------------------------------------------
                                  1.35   slack (MET)


Startpoint: BTNC (input port clocked by CLK100MHZ)
Endpoint: _271_ (removal check against rising-edge clock CLK100MHZ)
Path Group: asynchronous
Path Type: min
Corner: Typical

Fanout     Cap    Slew   Delay    Time   Description
-----------------------------------------------------------------------------
                          0.00    0.00   clock CLK100MHZ (rise edge)
                          0.00    0.00   clock network delay (propagated)
                          2.00    2.00 v input external delay
     2    0.02    0.04    0.03    2.03 v BTNC (in)
                                         BTNC (net)
                  0.04    0.00    2.03 v _214_/A (sky130_fd_sc_hd__buf_4)
    10    0.07    0.09    0.19    2.22 v _214_/X (sky130_fd_sc_hd__buf_4)
                                         _112_ (net)
                  0.09    0.00    2.22 v _242_/A (sky130_fd_sc_hd__inv_2)
     1    0.01    0.06    0.08    2.30 ^ _242_/Y (sky130_fd_sc_hd__inv_2)
                                         _050_ (net)
                  0.06    0.00    2.30 ^ _271_/RESET_B (sky130_fd_sc_hd__dfrtp_1)
                                  2.30   data arrival time

                          0.00    0.00   clock CLK100MHZ (rise edge)
                          0.00    0.00   clock source latency
     1    0.02    0.09    0.06    0.06 ^ CLK100MHZ (in)
                                         CLK100MHZ (net)
                  0.09    0.00    0.06 ^ clkbuf_0_CLK100MHZ/A (sky130_fd_sc_hd__clkbuf_16)
     4    0.04    0.06    0.17    0.23 ^ clkbuf_0_CLK100MHZ/X (sky130_fd_sc_hd__clkbuf_16)
                                         clknet_0_CLK100MHZ (net)
                  0.06    0.00    0.23 ^ clkbuf_2_0__f_CLK100MHZ/A (sky130_fd_sc_hd__clkbuf_16)
     8    0.03    0.05    0.15    0.37 ^ clkbuf_2_0__f_CLK100MHZ/X (sky130_fd_sc_hd__clkbuf_16)
                                         clknet_2_0__leaf_CLK100MHZ (net)
                  0.05    0.00    0.37 ^ _271_/CLK (sky130_fd_sc_hd__dfrtp_1)
                          0.25    0.62   clock uncertainty
                          0.00    0.62   clock reconvergence pessimism
                          0.33    0.95   library removal time
                                  0.95   data required time
-----------------------------------------------------------------------------
                                  0.95   data required time
                                 -2.30   data arrival time
-----------------------------------------------------------------------------
                                  1.35   slack (MET)


Startpoint: BTNC (input port clocked by CLK100MHZ)
Endpoint: _256_ (removal check against rising-edge clock CLK100MHZ)
Path Group: asynchronous
Path Type: min
Corner: Typical

Fanout     Cap    Slew   Delay    Time   Description
-----------------------------------------------------------------------------
                          0.00    0.00   clock CLK100MHZ (rise edge)
                          0.00    0.00   clock network delay (propagated)
                          2.00    2.00 v input external delay
     2    0.02    0.04    0.03    2.03 v BTNC (in)
                                         BTNC (net)
                  0.04    0.00    2.03 v _226_/A (sky130_fd_sc_hd__buf_4)
    10    0.08    0.10    0.20    2.23 v _226_/X (sky130_fd_sc_hd__buf_4)
                                         _114_ (net)
                  0.10    0.00    2.23 v _227_/A (sky130_fd_sc_hd__inv_2)
     1    0.01    0.05    0.07    2.30 ^ _227_/Y (sky130_fd_sc_hd__inv_2)
                                         _035_ (net)
                  0.05    0.00    2.30 ^ _256_/RESET_B (sky130_fd_sc_hd__dfrtp_4)
                                  2.30   data arrival time

                          0.00    0.00   clock CLK100MHZ (rise edge)
                          0.00    0.00   clock source latency
     1    0.02    0.09    0.06    0.06 ^ CLK100MHZ (in)
                                         CLK100MHZ (net)
                  0.09    0.00    0.06 ^ clkbuf_0_CLK100MHZ/A (sky130_fd_sc_hd__clkbuf_16)
     4    0.04    0.06    0.17    0.23 ^ clkbuf_0_CLK100MHZ/X (sky130_fd_sc_hd__clkbuf_16)
                                         clknet_0_CLK100MHZ (net)
                  0.06    0.00    0.23 ^ clkbuf_2_0__f_CLK100MHZ/A (sky130_fd_sc_hd__clkbuf_16)
     8    0.03    0.05    0.15    0.37 ^ clkbuf_2_0__f_CLK100MHZ/X (sky130_fd_sc_hd__clkbuf_16)
                                         clknet_2_0__leaf_CLK100MHZ (net)
                  0.05    0.00    0.37 ^ _256_/CLK (sky130_fd_sc_hd__dfrtp_4)
                          0.25    0.62   clock uncertainty
                          0.00    0.62   clock reconvergence pessimism
                          0.32    0.95   library removal time
                                  0.95   data required time
-----------------------------------------------------------------------------
                                  0.95   data required time
                                 -2.30   data arrival time
-----------------------------------------------------------------------------
                                  1.36   slack (MET)


Startpoint: BTNC (input port clocked by CLK100MHZ)
Endpoint: _273_ (removal check against rising-edge clock CLK100MHZ)
Path Group: asynchronous
Path Type: min
Corner: Typical

Fanout     Cap    Slew   Delay    Time   Description
-----------------------------------------------------------------------------
                          0.00    0.00   clock CLK100MHZ (rise edge)
                          0.00    0.00   clock network delay (propagated)
                          2.00    2.00 v input external delay
     2    0.02    0.04    0.03    2.03 v BTNC (in)
                                         BTNC (net)
                  0.04    0.00    2.03 v _214_/A (sky130_fd_sc_hd__buf_4)
    10    0.07    0.09    0.19    2.22 v _214_/X (sky130_fd_sc_hd__buf_4)
                                         _112_ (net)
                  0.09    0.00    2.22 v _244_/A (sky130_fd_sc_hd__inv_2)
     1    0.01    0.07    0.09    2.30 ^ _244_/Y (sky130_fd_sc_hd__inv_2)
                                         _052_ (net)
                  0.07    0.00    2.31 ^ _273_/RESET_B (sky130_fd_sc_hd__dfrtp_1)
                                  2.31   data arrival time

                          0.00    0.00   clock CLK100MHZ (rise edge)
                          0.00    0.00   clock source latency
     1    0.02    0.09    0.06    0.06 ^ CLK100MHZ (in)
                                         CLK100MHZ (net)
                  0.09    0.00    0.06 ^ clkbuf_0_CLK100MHZ/A (sky130_fd_sc_hd__clkbuf_16)
     4    0.04    0.06    0.17    0.23 ^ clkbuf_0_CLK100MHZ/X (sky130_fd_sc_hd__clkbuf_16)
                                         clknet_0_CLK100MHZ (net)
                  0.06    0.00    0.23 ^ clkbuf_2_3__f_CLK100MHZ/A (sky130_fd_sc_hd__clkbuf_16)
     8    0.03    0.05    0.14    0.37 ^ clkbuf_2_3__f_CLK100MHZ/X (sky130_fd_sc_hd__clkbuf_16)
                                         clknet_2_3__leaf_CLK100MHZ (net)
                  0.05    0.00    0.37 ^ _273_/CLK (sky130_fd_sc_hd__dfrtp_1)
                          0.25    0.62   clock uncertainty
                          0.00    0.62   clock reconvergence pessimism
                          0.33    0.95   library removal time
                                  0.95   data required time
-----------------------------------------------------------------------------
                                  0.95   data required time
                                 -2.31   data arrival time
-----------------------------------------------------------------------------
                                  1.36   slack (MET)


Startpoint: BTNC (input port clocked by CLK100MHZ)
Endpoint: _261_ (removal check against rising-edge clock CLK100MHZ)
Path Group: asynchronous
Path Type: min
Corner: Typical

Fanout     Cap    Slew   Delay    Time   Description
-----------------------------------------------------------------------------
                          0.00    0.00   clock CLK100MHZ (rise edge)
                          0.00    0.00   clock network delay (propagated)
                          2.00    2.00 v input external delay
     2    0.02    0.04    0.03    2.03 v BTNC (in)
                                         BTNC (net)
                  0.04    0.00    2.03 v _226_/A (sky130_fd_sc_hd__buf_4)
    10    0.08    0.10    0.20    2.23 v _226_/X (sky130_fd_sc_hd__buf_4)
                                         _114_ (net)
                  0.10    0.00    2.23 v _232_/A (sky130_fd_sc_hd__inv_2)
     1    0.01    0.05    0.07    2.30 ^ _232_/Y (sky130_fd_sc_hd__inv_2)
                                         _040_ (net)
                  0.05    0.00    2.30 ^ _261_/RESET_B (sky130_fd_sc_hd__dfrtp_1)
                                  2.30   data arrival time

                          0.00    0.00   clock CLK100MHZ (rise edge)
                          0.00    0.00   clock source latency
     1    0.02    0.09    0.06    0.06 ^ CLK100MHZ (in)
                                         CLK100MHZ (net)
                  0.09    0.00    0.06 ^ clkbuf_0_CLK100MHZ/A (sky130_fd_sc_hd__clkbuf_16)
     4    0.04    0.06    0.17    0.23 ^ clkbuf_0_CLK100MHZ/X (sky130_fd_sc_hd__clkbuf_16)
                                         clknet_0_CLK100MHZ (net)
                  0.06    0.00    0.23 ^ clkbuf_2_3__f_CLK100MHZ/A (sky130_fd_sc_hd__clkbuf_16)
     8    0.03    0.05    0.14    0.37 ^ clkbuf_2_3__f_CLK100MHZ/X (sky130_fd_sc_hd__clkbuf_16)
                                         clknet_2_3__leaf_CLK100MHZ (net)
                  0.05    0.00    0.37 ^ _261_/CLK (sky130_fd_sc_hd__dfrtp_1)
                          0.25    0.62   clock uncertainty
                          0.00    0.62   clock reconvergence pessimism
                          0.32    0.94   library removal time
                                  0.94   data required time
-----------------------------------------------------------------------------
                                  0.94   data required time
                                 -2.30   data arrival time
-----------------------------------------------------------------------------
                                  1.36   slack (MET)


Startpoint: BTNC (input port clocked by CLK100MHZ)
Endpoint: _259_ (removal check against rising-edge clock CLK100MHZ)
Path Group: asynchronous
Path Type: min
Corner: Typical

Fanout     Cap    Slew   Delay    Time   Description
-----------------------------------------------------------------------------
                          0.00    0.00   clock CLK100MHZ (rise edge)
                          0.00    0.00   clock network delay (propagated)
                          2.00    2.00 v input external delay
     2    0.02    0.04    0.03    2.03 v BTNC (in)
                                         BTNC (net)
                  0.04    0.00    2.03 v _226_/A (sky130_fd_sc_hd__buf_4)
    10    0.08    0.10    0.20    2.23 v _226_/X (sky130_fd_sc_hd__buf_4)
                                         _114_ (net)
                  0.10    0.00    2.23 v _230_/A (sky130_fd_sc_hd__inv_2)
     1    0.01    0.05    0.07    2.30 ^ _230_/Y (sky130_fd_sc_hd__inv_2)
                                         _038_ (net)
                  0.05    0.00    2.30 ^ _259_/RESET_B (sky130_fd_sc_hd__dfrtp_2)
                                  2.30   data arrival time

                          0.00    0.00   clock CLK100MHZ (rise edge)
                          0.00    0.00   clock source latency
     1    0.02    0.09    0.06    0.06 ^ CLK100MHZ (in)
                                         CLK100MHZ (net)
                  0.09    0.00    0.06 ^ clkbuf_0_CLK100MHZ/A (sky130_fd_sc_hd__clkbuf_16)
     4    0.04    0.06    0.17    0.23 ^ clkbuf_0_CLK100MHZ/X (sky130_fd_sc_hd__clkbuf_16)
                                         clknet_0_CLK100MHZ (net)
                  0.06    0.00    0.23 ^ clkbuf_2_1__f_CLK100MHZ/A (sky130_fd_sc_hd__clkbuf_16)
     8    0.02    0.04    0.14    0.37 ^ clkbuf_2_1__f_CLK100MHZ/X (sky130_fd_sc_hd__clkbuf_16)
                                         clknet_2_1__leaf_CLK100MHZ (net)
                  0.04    0.00    0.37 ^ _259_/CLK (sky130_fd_sc_hd__dfrtp_2)
                          0.25    0.62   clock uncertainty
                          0.00    0.62   clock reconvergence pessimism
                          0.32    0.94   library removal time
                                  0.94   data required time
-----------------------------------------------------------------------------
                                  0.94   data required time
                                 -2.30   data arrival time
-----------------------------------------------------------------------------
                                  1.36   slack (MET)


Startpoint: BTNC (input port clocked by CLK100MHZ)
Endpoint: _266_ (removal check against rising-edge clock CLK100MHZ)
Path Group: asynchronous
Path Type: min
Corner: Typical

Fanout     Cap    Slew   Delay    Time   Description
-----------------------------------------------------------------------------
                          0.00    0.00   clock CLK100MHZ (rise edge)
                          0.00    0.00   clock network delay (propagated)
                          2.00    2.00 v input external delay
     2    0.02    0.04    0.03    2.03 v BTNC (in)
                                         BTNC (net)
                  0.04    0.00    2.03 v _214_/A (sky130_fd_sc_hd__buf_4)
    10    0.07    0.09    0.19    2.22 v _214_/X (sky130_fd_sc_hd__buf_4)
                                         _112_ (net)
                  0.09    0.00    2.22 v _237_/A (sky130_fd_sc_hd__inv_2)
     1    0.02    0.08    0.10    2.31 ^ _237_/Y (sky130_fd_sc_hd__inv_2)
                                         _045_ (net)
                  0.08    0.00    2.32 ^ _266_/RESET_B (sky130_fd_sc_hd__dfrtp_2)
                                  2.32   data arrival time

                          0.00    0.00   clock CLK100MHZ (rise edge)
                          0.00    0.00   clock source latency
     1    0.02    0.09    0.06    0.06 ^ CLK100MHZ (in)
                                         CLK100MHZ (net)
                  0.09    0.00    0.06 ^ clkbuf_0_CLK100MHZ/A (sky130_fd_sc_hd__clkbuf_16)
     4    0.04    0.06    0.17    0.23 ^ clkbuf_0_CLK100MHZ/X (sky130_fd_sc_hd__clkbuf_16)
                                         clknet_0_CLK100MHZ (net)
                  0.06    0.00    0.23 ^ clkbuf_2_0__f_CLK100MHZ/A (sky130_fd_sc_hd__clkbuf_16)
     8    0.03    0.05    0.15    0.37 ^ clkbuf_2_0__f_CLK100MHZ/X (sky130_fd_sc_hd__clkbuf_16)
                                         clknet_2_0__leaf_CLK100MHZ (net)
                  0.05    0.00    0.37 ^ _266_/CLK (sky130_fd_sc_hd__dfrtp_2)
                          0.25    0.62   clock uncertainty
                          0.00    0.62   clock reconvergence pessimism
                          0.33    0.95   library removal time
                                  0.95   data required time
-----------------------------------------------------------------------------
                                  0.95   data required time
                                 -2.32   data arrival time
-----------------------------------------------------------------------------
                                  1.36   slack (MET)


Startpoint: BTNC (input port clocked by CLK100MHZ)
Endpoint: _264_ (removal check against rising-edge clock CLK100MHZ)
Path Group: asynchronous
Path Type: min
Corner: Typical

Fanout     Cap    Slew   Delay    Time   Description
-----------------------------------------------------------------------------
                          0.00    0.00   clock CLK100MHZ (rise edge)
                          0.00    0.00   clock network delay (propagated)
                          2.00    2.00 v input external delay
     2    0.02    0.04    0.03    2.03 v BTNC (in)
                                         BTNC (net)
                  0.04    0.00    2.03 v _226_/A (sky130_fd_sc_hd__buf_4)
    10    0.08    0.10    0.20    2.23 v _226_/X (sky130_fd_sc_hd__buf_4)
                                         _114_ (net)
                  0.10    0.00    2.23 v _235_/A (sky130_fd_sc_hd__inv_2)
     1    0.01    0.06    0.08    2.31 ^ _235_/Y (sky130_fd_sc_hd__inv_2)
                                         _043_ (net)
                  0.06    0.00    2.31 ^ _264_/RESET_B (sky130_fd_sc_hd__dfrtp_1)
                                  2.31   data arrival time

                          0.00    0.00   clock CLK100MHZ (rise edge)
                          0.00    0.00   clock source latency
     1    0.02    0.09    0.06    0.06 ^ CLK100MHZ (in)
                                         CLK100MHZ (net)
                  0.09    0.00    0.06 ^ clkbuf_0_CLK100MHZ/A (sky130_fd_sc_hd__clkbuf_16)
     4    0.04    0.06    0.17    0.23 ^ clkbuf_0_CLK100MHZ/X (sky130_fd_sc_hd__clkbuf_16)
                                         clknet_0_CLK100MHZ (net)
                  0.06    0.00    0.23 ^ clkbuf_2_0__f_CLK100MHZ/A (sky130_fd_sc_hd__clkbuf_16)
     8    0.03    0.05    0.15    0.37 ^ clkbuf_2_0__f_CLK100MHZ/X (sky130_fd_sc_hd__clkbuf_16)
                                         clknet_2_0__leaf_CLK100MHZ (net)
                  0.05    0.00    0.37 ^ _264_/CLK (sky130_fd_sc_hd__dfrtp_1)
                          0.25    0.62   clock uncertainty
                          0.00    0.62   clock reconvergence pessimism
                          0.32    0.95   library removal time
                                  0.95   data required time
-----------------------------------------------------------------------------
                                  0.95   data required time
                                 -2.31   data arrival time
-----------------------------------------------------------------------------
                                  1.36   slack (MET)


Startpoint: BTNC (input port clocked by CLK100MHZ)
Endpoint: _269_ (removal check against rising-edge clock CLK100MHZ)
Path Group: asynchronous
Path Type: min
Corner: Typical

Fanout     Cap    Slew   Delay    Time   Description
-----------------------------------------------------------------------------
                          0.00    0.00   clock CLK100MHZ (rise edge)
                          0.00    0.00   clock network delay (propagated)
                          2.00    2.00 v input external delay
     2    0.02    0.04    0.03    2.03 v BTNC (in)
                                         BTNC (net)
                  0.04    0.00    2.03 v _214_/A (sky130_fd_sc_hd__buf_4)
    10    0.07    0.09    0.19    2.22 v _214_/X (sky130_fd_sc_hd__buf_4)
                                         _112_ (net)
                  0.09    0.00    2.22 v _240_/A (sky130_fd_sc_hd__inv_2)
     1    0.02    0.09    0.10    2.32 ^ _240_/Y (sky130_fd_sc_hd__inv_2)
                                         _048_ (net)
                  0.09    0.00    2.32 ^ _269_/RESET_B (sky130_fd_sc_hd__dfrtp_1)
                                  2.32   data arrival time

                          0.00    0.00   clock CLK100MHZ (rise edge)
                          0.00    0.00   clock source latency
     1    0.02    0.09    0.06    0.06 ^ CLK100MHZ (in)
                                         CLK100MHZ (net)
                  0.09    0.00    0.06 ^ clkbuf_0_CLK100MHZ/A (sky130_fd_sc_hd__clkbuf_16)
     4    0.04    0.06    0.17    0.23 ^ clkbuf_0_CLK100MHZ/X (sky130_fd_sc_hd__clkbuf_16)
                                         clknet_0_CLK100MHZ (net)
                  0.06    0.00    0.23 ^ clkbuf_2_2__f_CLK100MHZ/A (sky130_fd_sc_hd__clkbuf_16)
     8    0.03    0.05    0.15    0.37 ^ clkbuf_2_2__f_CLK100MHZ/X (sky130_fd_sc_hd__clkbuf_16)
                                         clknet_2_2__leaf_CLK100MHZ (net)
                  0.05    0.00    0.38 ^ _269_/CLK (sky130_fd_sc_hd__dfrtp_1)
                          0.25    0.63   clock uncertainty
                          0.00    0.63   clock reconvergence pessimism
                          0.33    0.96   library removal time
                                  0.96   data required time
-----------------------------------------------------------------------------
                                  0.96   data required time
                                 -2.32   data arrival time
-----------------------------------------------------------------------------
                                  1.36   slack (MET)


Startpoint: BTNC (input port clocked by CLK100MHZ)
Endpoint: _257_ (removal check against rising-edge clock CLK100MHZ)
Path Group: asynchronous
Path Type: min
Corner: Typical

Fanout     Cap    Slew   Delay    Time   Description
-----------------------------------------------------------------------------
                          0.00    0.00   clock CLK100MHZ (rise edge)
                          0.00    0.00   clock network delay (propagated)
                          2.00    2.00 v input external delay
     2    0.02    0.04    0.03    2.03 v BTNC (in)
                                         BTNC (net)
                  0.04    0.00    2.03 v _226_/A (sky130_fd_sc_hd__buf_4)
    10    0.08    0.10    0.20    2.23 v _226_/X (sky130_fd_sc_hd__buf_4)
                                         _114_ (net)
                  0.10    0.00    2.23 v _228_/A (sky130_fd_sc_hd__inv_2)
     1    0.01    0.06    0.08    2.31 ^ _228_/Y (sky130_fd_sc_hd__inv_2)
                                         _036_ (net)
                  0.06    0.00    2.31 ^ _257_/RESET_B (sky130_fd_sc_hd__dfrtp_1)
                                  2.31   data arrival time

                          0.00    0.00   clock CLK100MHZ (rise edge)
                          0.00    0.00   clock source latency
     1    0.02    0.09    0.06    0.06 ^ CLK100MHZ (in)
                                         CLK100MHZ (net)
                  0.09    0.00    0.06 ^ clkbuf_0_CLK100MHZ/A (sky130_fd_sc_hd__clkbuf_16)
     4    0.04    0.06    0.17    0.23 ^ clkbuf_0_CLK100MHZ/X (sky130_fd_sc_hd__clkbuf_16)
                                         clknet_0_CLK100MHZ (net)
                  0.06    0.00    0.23 ^ clkbuf_2_3__f_CLK100MHZ/A (sky130_fd_sc_hd__clkbuf_16)
     8    0.03    0.05    0.14    0.37 ^ clkbuf_2_3__f_CLK100MHZ/X (sky130_fd_sc_hd__clkbuf_16)
                                         clknet_2_3__leaf_CLK100MHZ (net)
                  0.05    0.00    0.37 ^ _257_/CLK (sky130_fd_sc_hd__dfrtp_1)
                          0.25    0.62   clock uncertainty
                          0.00    0.62   clock reconvergence pessimism
                          0.33    0.95   library removal time
                                  0.95   data required time
-----------------------------------------------------------------------------
                                  0.95   data required time
                                 -2.31   data arrival time
-----------------------------------------------------------------------------
                                  1.36   slack (MET)


Startpoint: BTNC (input port clocked by CLK100MHZ)
Endpoint: _263_ (removal check against rising-edge clock CLK100MHZ)
Path Group: asynchronous
Path Type: min
Corner: Typical

Fanout     Cap    Slew   Delay    Time   Description
-----------------------------------------------------------------------------
                          0.00    0.00   clock CLK100MHZ (rise edge)
                          0.00    0.00   clock network delay (propagated)
                          2.00    2.00 v input external delay
     2    0.02    0.04    0.03    2.03 v BTNC (in)
                                         BTNC (net)
                  0.04    0.00    2.03 v _226_/A (sky130_fd_sc_hd__buf_4)
    10    0.08    0.10    0.20    2.23 v _226_/X (sky130_fd_sc_hd__buf_4)
                                         _114_ (net)
                  0.10    0.00    2.23 v _234_/A (sky130_fd_sc_hd__inv_2)
     1    0.01    0.07    0.09    2.32 ^ _234_/Y (sky130_fd_sc_hd__inv_2)
                                         _042_ (net)
                  0.07    0.00    2.32 ^ _263_/RESET_B (sky130_fd_sc_hd__dfrtp_1)
                                  2.32   data arrival time

                          0.00    0.00   clock CLK100MHZ (rise edge)
                          0.00    0.00   clock source latency
     1    0.02    0.09    0.06    0.06 ^ CLK100MHZ (in)
                                         CLK100MHZ (net)
                  0.09    0.00    0.06 ^ clkbuf_0_CLK100MHZ/A (sky130_fd_sc_hd__clkbuf_16)
     4    0.04    0.06    0.17    0.23 ^ clkbuf_0_CLK100MHZ/X (sky130_fd_sc_hd__clkbuf_16)
                                         clknet_0_CLK100MHZ (net)
                  0.06    0.00    0.23 ^ clkbuf_2_2__f_CLK100MHZ/A (sky130_fd_sc_hd__clkbuf_16)
     8    0.03    0.05    0.15    0.37 ^ clkbuf_2_2__f_CLK100MHZ/X (sky130_fd_sc_hd__clkbuf_16)
                                         clknet_2_2__leaf_CLK100MHZ (net)
                  0.05    0.00    0.38 ^ _263_/CLK (sky130_fd_sc_hd__dfrtp_1)
                          0.25    0.63   clock uncertainty
                          0.00    0.63   clock reconvergence pessimism
                          0.33    0.95   library removal time
                                  0.95   data required time
-----------------------------------------------------------------------------
                                  0.95   data required time
                                 -2.32   data arrival time
-----------------------------------------------------------------------------
                                  1.37   slack (MET)


Startpoint: BTNC (input port clocked by CLK100MHZ)
Endpoint: _262_ (removal check against rising-edge clock CLK100MHZ)
Path Group: asynchronous
Path Type: min
Corner: Typical

Fanout     Cap    Slew   Delay    Time   Description
-----------------------------------------------------------------------------
                          0.00    0.00   clock CLK100MHZ (rise edge)
                          0.00    0.00   clock network delay (propagated)
                          2.00    2.00 v input external delay
     2    0.02    0.04    0.03    2.03 v BTNC (in)
                                         BTNC (net)
                  0.04    0.00    2.03 v _226_/A (sky130_fd_sc_hd__buf_4)
    10    0.08    0.10    0.20    2.23 v _226_/X (sky130_fd_sc_hd__buf_4)
                                         _114_ (net)
                  0.10    0.00    2.23 v _233_/A (sky130_fd_sc_hd__inv_2)
     1    0.01    0.07    0.10    2.32 ^ _233_/Y (sky130_fd_sc_hd__inv_2)
                                         _041_ (net)
                  0.07    0.00    2.32 ^ _262_/RESET_B (sky130_fd_sc_hd__dfrtp_2)
                                  2.32   data arrival time

                          0.00    0.00   clock CLK100MHZ (rise edge)
                          0.00    0.00   clock source latency
     1    0.02    0.09    0.06    0.06 ^ CLK100MHZ (in)
                                         CLK100MHZ (net)
                  0.09    0.00    0.06 ^ clkbuf_0_CLK100MHZ/A (sky130_fd_sc_hd__clkbuf_16)
     4    0.04    0.06    0.17    0.23 ^ clkbuf_0_CLK100MHZ/X (sky130_fd_sc_hd__clkbuf_16)
                                         clknet_0_CLK100MHZ (net)
                  0.06    0.00    0.23 ^ clkbuf_2_2__f_CLK100MHZ/A (sky130_fd_sc_hd__clkbuf_16)
     8    0.03    0.05    0.15    0.37 ^ clkbuf_2_2__f_CLK100MHZ/X (sky130_fd_sc_hd__clkbuf_16)
                                         clknet_2_2__leaf_CLK100MHZ (net)
                  0.05    0.00    0.38 ^ _262_/CLK (sky130_fd_sc_hd__dfrtp_2)
                          0.25    0.63   clock uncertainty
                          0.00    0.63   clock reconvergence pessimism
                          0.33    0.95   library removal time
                                  0.95   data required time
-----------------------------------------------------------------------------
                                  0.95   data required time
                                 -2.32   data arrival time
-----------------------------------------------------------------------------
                                  1.37   slack (MET)


Startpoint: BTNC (input port clocked by CLK100MHZ)
Endpoint: _258_ (removal check against rising-edge clock CLK100MHZ)
Path Group: asynchronous
Path Type: min
Corner: Typical

Fanout     Cap    Slew   Delay    Time   Description
-----------------------------------------------------------------------------
                          0.00    0.00   clock CLK100MHZ (rise edge)
                          0.00    0.00   clock network delay (propagated)
                          2.00    2.00 v input external delay
     2    0.02    0.04    0.03    2.03 v BTNC (in)
                                         BTNC (net)
                  0.04    0.00    2.03 v _226_/A (sky130_fd_sc_hd__buf_4)
    10    0.08    0.10    0.20    2.23 v _226_/X (sky130_fd_sc_hd__buf_4)
                                         _114_ (net)
                  0.10    0.00    2.23 v _229_/A (sky130_fd_sc_hd__inv_2)
     1    0.01    0.07    0.09    2.32 ^ _229_/Y (sky130_fd_sc_hd__inv_2)
                                         _037_ (net)
                  0.07    0.00    2.32 ^ _258_/RESET_B (sky130_fd_sc_hd__dfrtp_4)
                                  2.32   data arrival time

                          0.00    0.00   clock CLK100MHZ (rise edge)
                          0.00    0.00   clock source latency
     1    0.02    0.09    0.06    0.06 ^ CLK100MHZ (in)
                                         CLK100MHZ (net)
                  0.09    0.00    0.06 ^ clkbuf_0_CLK100MHZ/A (sky130_fd_sc_hd__clkbuf_16)
     4    0.04    0.06    0.17    0.23 ^ clkbuf_0_CLK100MHZ/X (sky130_fd_sc_hd__clkbuf_16)
                                         clknet_0_CLK100MHZ (net)
                  0.06    0.00    0.23 ^ clkbuf_2_3__f_CLK100MHZ/A (sky130_fd_sc_hd__clkbuf_16)
     8    0.03    0.05    0.14    0.37 ^ clkbuf_2_3__f_CLK100MHZ/X (sky130_fd_sc_hd__clkbuf_16)
                                         clknet_2_3__leaf_CLK100MHZ (net)
                  0.05    0.00    0.37 ^ _258_/CLK (sky130_fd_sc_hd__dfrtp_4)
                          0.25    0.62   clock uncertainty
                          0.00    0.62   clock reconvergence pessimism
                          0.33    0.95   library removal time
                                  0.95   data required time
-----------------------------------------------------------------------------
                                  0.95   data required time
                                 -2.32   data arrival time
-----------------------------------------------------------------------------
                                  1.37   slack (MET)


Startpoint: BTNC (input port clocked by CLK100MHZ)
Endpoint: _260_ (removal check against rising-edge clock CLK100MHZ)
Path Group: asynchronous
Path Type: min
Corner: Typical

Fanout     Cap    Slew   Delay    Time   Description
-----------------------------------------------------------------------------
                          0.00    0.00   clock CLK100MHZ (rise edge)
                          0.00    0.00   clock network delay (propagated)
                          2.00    2.00 v input external delay
     2    0.02    0.04    0.03    2.03 v BTNC (in)
                                         BTNC (net)
                  0.04    0.00    2.03 v _226_/A (sky130_fd_sc_hd__buf_4)
    10    0.08    0.10    0.20    2.23 v _226_/X (sky130_fd_sc_hd__buf_4)
                                         _114_ (net)
                  0.10    0.00    2.23 v _231_/A (sky130_fd_sc_hd__inv_2)
     1    0.02    0.08    0.10    2.33 ^ _231_/Y (sky130_fd_sc_hd__inv_2)
                                         _039_ (net)
                  0.08    0.00    2.33 ^ _260_/RESET_B (sky130_fd_sc_hd__dfrtp_1)
                                  2.33   data arrival time

                          0.00    0.00   clock CLK100MHZ (rise edge)
                          0.00    0.00   clock source latency
     1    0.02    0.09    0.06    0.06 ^ CLK100MHZ (in)
                                         CLK100MHZ (net)
                  0.09    0.00    0.06 ^ clkbuf_0_CLK100MHZ/A (sky130_fd_sc_hd__clkbuf_16)
     4    0.04    0.06    0.17    0.23 ^ clkbuf_0_CLK100MHZ/X (sky130_fd_sc_hd__clkbuf_16)
                                         clknet_0_CLK100MHZ (net)
                  0.06    0.00    0.23 ^ clkbuf_2_1__f_CLK100MHZ/A (sky130_fd_sc_hd__clkbuf_16)
     8    0.02    0.04    0.14    0.37 ^ clkbuf_2_1__f_CLK100MHZ/X (sky130_fd_sc_hd__clkbuf_16)
                                         clknet_2_1__leaf_CLK100MHZ (net)
                  0.04    0.00    0.37 ^ _260_/CLK (sky130_fd_sc_hd__dfrtp_1)
                          0.25    0.62   clock uncertainty
                          0.00    0.62   clock reconvergence pessimism
                          0.33    0.95   library removal time
                                  0.95   data required time
-----------------------------------------------------------------------------
                                  0.95   data required time
                                 -2.33   data arrival time
-----------------------------------------------------------------------------
                                  1.38   slack (MET)


Startpoint: BTNC (input port clocked by CLK100MHZ)
Endpoint: _265_ (removal check against rising-edge clock CLK100MHZ)
Path Group: asynchronous
Path Type: min
Corner: Typical

Fanout     Cap    Slew   Delay    Time   Description
-----------------------------------------------------------------------------
                          0.00    0.00   clock CLK100MHZ (rise edge)
                          0.00    0.00   clock network delay (propagated)
                          2.00    2.00 v input external delay
     2    0.02    0.04    0.03    2.03 v BTNC (in)
                                         BTNC (net)
                  0.04    0.00    2.03 v _226_/A (sky130_fd_sc_hd__buf_4)
    10    0.08    0.10    0.20    2.23 v _226_/X (sky130_fd_sc_hd__buf_4)
                                         _114_ (net)
                  0.10    0.00    2.23 v _236_/A (sky130_fd_sc_hd__inv_2)
     1    0.02    0.09    0.11    2.34 ^ _236_/Y (sky130_fd_sc_hd__inv_2)
                                         _044_ (net)
                  0.09    0.00    2.34 ^ _265_/RESET_B (sky130_fd_sc_hd__dfrtp_1)
                                  2.34   data arrival time

                          0.00    0.00   clock CLK100MHZ (rise edge)
                          0.00    0.00   clock source latency
     1    0.02    0.09    0.06    0.06 ^ CLK100MHZ (in)
                                         CLK100MHZ (net)
                  0.09    0.00    0.06 ^ clkbuf_0_CLK100MHZ/A (sky130_fd_sc_hd__clkbuf_16)
     4    0.04    0.06    0.17    0.23 ^ clkbuf_0_CLK100MHZ/X (sky130_fd_sc_hd__clkbuf_16)
                                         clknet_0_CLK100MHZ (net)
                  0.06    0.00    0.23 ^ clkbuf_2_1__f_CLK100MHZ/A (sky130_fd_sc_hd__clkbuf_16)
     8    0.02    0.04    0.14    0.37 ^ clkbuf_2_1__f_CLK100MHZ/X (sky130_fd_sc_hd__clkbuf_16)
                                         clknet_2_1__leaf_CLK100MHZ (net)
                  0.04    0.00    0.37 ^ _265_/CLK (sky130_fd_sc_hd__dfrtp_1)
                          0.25    0.62   clock uncertainty
                          0.00    0.62   clock reconvergence pessimism
                          0.33    0.95   library removal time
                                  0.95   data required time
-----------------------------------------------------------------------------
                                  0.95   data required time
                                 -2.34   data arrival time
-----------------------------------------------------------------------------
                                  1.39   slack (MET)


Startpoint: BTNC (input port clocked by CLK100MHZ)
Endpoint: _253_ (removal check against rising-edge clock CLK100MHZ)
Path Group: asynchronous
Path Type: min
Corner: Typical

Fanout     Cap    Slew   Delay    Time   Description
-----------------------------------------------------------------------------
                          0.00    0.00   clock CLK100MHZ (rise edge)
                          0.00    0.00   clock network delay (propagated)
                          2.00    2.00 v input external delay
     2    0.02    0.04    0.03    2.03 v BTNC (in)
                                         BTNC (net)
                  0.04    0.00    2.03 v _214_/A (sky130_fd_sc_hd__buf_4)
    10    0.07    0.09    0.19    2.22 v _214_/X (sky130_fd_sc_hd__buf_4)
                                         _112_ (net)
                  0.09    0.00    2.22 v _215_/A (sky130_fd_sc_hd__buf_4)
    10    0.07    0.09    0.21    2.43 v _215_/X (sky130_fd_sc_hd__buf_4)
                                         _113_ (net)
                  0.09    0.00    2.43 v _223_/A (sky130_fd_sc_hd__inv_2)
     1    0.01    0.05    0.07    2.50 ^ _223_/Y (sky130_fd_sc_hd__inv_2)
                                         _032_ (net)
                  0.05    0.00    2.50 ^ _253_/RESET_B (sky130_fd_sc_hd__dfrtp_1)
                                  2.50   data arrival time

                          0.00    0.00   clock CLK100MHZ (rise edge)
                          0.00    0.00   clock source latency
     1    0.02    0.09    0.06    0.06 ^ CLK100MHZ (in)
                                         CLK100MHZ (net)
                  0.09    0.00    0.06 ^ clkbuf_0_CLK100MHZ/A (sky130_fd_sc_hd__clkbuf_16)
     4    0.04    0.06    0.17    0.23 ^ clkbuf_0_CLK100MHZ/X (sky130_fd_sc_hd__clkbuf_16)
                                         clknet_0_CLK100MHZ (net)
                  0.06    0.00    0.23 ^ clkbuf_2_2__f_CLK100MHZ/A (sky130_fd_sc_hd__clkbuf_16)
     8    0.03    0.05    0.15    0.37 ^ clkbuf_2_2__f_CLK100MHZ/X (sky130_fd_sc_hd__clkbuf_16)
                                         clknet_2_2__leaf_CLK100MHZ (net)
                  0.05    0.00    0.38 ^ _253_/CLK (sky130_fd_sc_hd__dfrtp_1)
                          0.25    0.63   clock uncertainty
                          0.00    0.63   clock reconvergence pessimism
                          0.32    0.95   library removal time
                                  0.95   data required time
-----------------------------------------------------------------------------
                                  0.95   data required time
                                 -2.50   data arrival time
-----------------------------------------------------------------------------
                                  1.56   slack (MET)


Startpoint: BTNC (input port clocked by CLK100MHZ)
Endpoint: _251_ (removal check against rising-edge clock CLK100MHZ)
Path Group: asynchronous
Path Type: min
Corner: Typical

Fanout     Cap    Slew   Delay    Time   Description
-----------------------------------------------------------------------------
                          0.00    0.00   clock CLK100MHZ (rise edge)
                          0.00    0.00   clock network delay (propagated)
                          2.00    2.00 v input external delay
     2    0.02    0.04    0.03    2.03 v BTNC (in)
                                         BTNC (net)
                  0.04    0.00    2.03 v _214_/A (sky130_fd_sc_hd__buf_4)
    10    0.07    0.09    0.19    2.22 v _214_/X (sky130_fd_sc_hd__buf_4)
                                         _112_ (net)
                  0.09    0.00    2.22 v _215_/A (sky130_fd_sc_hd__buf_4)
    10    0.07    0.09    0.21    2.43 v _215_/X (sky130_fd_sc_hd__buf_4)
                                         _113_ (net)
                  0.09    0.00    2.43 v _221_/A (sky130_fd_sc_hd__inv_2)
     1    0.01    0.05    0.07    2.50 ^ _221_/Y (sky130_fd_sc_hd__inv_2)
                                         _030_ (net)
                  0.05    0.00    2.50 ^ _251_/RESET_B (sky130_fd_sc_hd__dfrtp_2)
                                  2.50   data arrival time

                          0.00    0.00   clock CLK100MHZ (rise edge)
                          0.00    0.00   clock source latency
     1    0.02    0.09    0.06    0.06 ^ CLK100MHZ (in)
                                         CLK100MHZ (net)
                  0.09    0.00    0.06 ^ clkbuf_0_CLK100MHZ/A (sky130_fd_sc_hd__clkbuf_16)
     4    0.04    0.06    0.17    0.23 ^ clkbuf_0_CLK100MHZ/X (sky130_fd_sc_hd__clkbuf_16)
                                         clknet_0_CLK100MHZ (net)
                  0.06    0.00    0.23 ^ clkbuf_2_2__f_CLK100MHZ/A (sky130_fd_sc_hd__clkbuf_16)
     8    0.03    0.05    0.15    0.37 ^ clkbuf_2_2__f_CLK100MHZ/X (sky130_fd_sc_hd__clkbuf_16)
                                         clknet_2_2__leaf_CLK100MHZ (net)
                  0.05    0.00    0.38 ^ _251_/CLK (sky130_fd_sc_hd__dfrtp_2)
                          0.25    0.63   clock uncertainty
                          0.00    0.63   clock reconvergence pessimism
                          0.32    0.95   library removal time
                                  0.95   data required time
-----------------------------------------------------------------------------
                                  0.95   data required time
                                 -2.50   data arrival time
-----------------------------------------------------------------------------
                                  1.56   slack (MET)


Startpoint: BTNC (input port clocked by CLK100MHZ)
Endpoint: _249_ (removal check against rising-edge clock CLK100MHZ)
Path Group: asynchronous
Path Type: min
Corner: Typical

Fanout     Cap    Slew   Delay    Time   Description
-----------------------------------------------------------------------------
                          0.00    0.00   clock CLK100MHZ (rise edge)
                          0.00    0.00   clock network delay (propagated)
                          2.00    2.00 v input external delay
     2    0.02    0.04    0.03    2.03 v BTNC (in)
                                         BTNC (net)
                  0.04    0.00    2.03 v _214_/A (sky130_fd_sc_hd__buf_4)
    10    0.07    0.09    0.19    2.22 v _214_/X (sky130_fd_sc_hd__buf_4)
                                         _112_ (net)
                  0.09    0.00    2.22 v _215_/A (sky130_fd_sc_hd__buf_4)
    10    0.07    0.09    0.21    2.43 v _215_/X (sky130_fd_sc_hd__buf_4)
                                         _113_ (net)
                  0.09    0.00    2.43 v _219_/A (sky130_fd_sc_hd__inv_2)
     1    0.01    0.05    0.07    2.50 ^ _219_/Y (sky130_fd_sc_hd__inv_2)
                                         _028_ (net)
                  0.05    0.00    2.50 ^ _249_/RESET_B (sky130_fd_sc_hd__dfrtp_4)
                                  2.50   data arrival time

                          0.00    0.00   clock CLK100MHZ (rise edge)
                          0.00    0.00   clock source latency
     1    0.02    0.09    0.06    0.06 ^ CLK100MHZ (in)
                                         CLK100MHZ (net)
                  0.09    0.00    0.06 ^ clkbuf_0_CLK100MHZ/A (sky130_fd_sc_hd__clkbuf_16)
     4    0.04    0.06    0.17    0.23 ^ clkbuf_0_CLK100MHZ/X (sky130_fd_sc_hd__clkbuf_16)
                                         clknet_0_CLK100MHZ (net)
                  0.06    0.00    0.23 ^ clkbuf_2_3__f_CLK100MHZ/A (sky130_fd_sc_hd__clkbuf_16)
     8    0.03    0.05    0.14    0.37 ^ clkbuf_2_3__f_CLK100MHZ/X (sky130_fd_sc_hd__clkbuf_16)
                                         clknet_2_3__leaf_CLK100MHZ (net)
                  0.05    0.00    0.37 ^ _249_/CLK (sky130_fd_sc_hd__dfrtp_4)
                          0.25    0.62   clock uncertainty
                          0.00    0.62   clock reconvergence pessimism
                          0.32    0.94   library removal time
                                  0.94   data required time
-----------------------------------------------------------------------------
                                  0.94   data required time
                                 -2.50   data arrival time
-----------------------------------------------------------------------------
                                  1.56   slack (MET)


Startpoint: BTNC (input port clocked by CLK100MHZ)
Endpoint: _247_ (removal check against rising-edge clock CLK100MHZ)
Path Group: asynchronous
Path Type: min
Corner: Typical

Fanout     Cap    Slew   Delay    Time   Description
-----------------------------------------------------------------------------
                          0.00    0.00   clock CLK100MHZ (rise edge)
                          0.00    0.00   clock network delay (propagated)
                          2.00    2.00 v input external delay
     2    0.02    0.04    0.03    2.03 v BTNC (in)
                                         BTNC (net)
                  0.04    0.00    2.03 v _214_/A (sky130_fd_sc_hd__buf_4)
    10    0.07    0.09    0.19    2.22 v _214_/X (sky130_fd_sc_hd__buf_4)
                                         _112_ (net)
                  0.09    0.00    2.22 v _215_/A (sky130_fd_sc_hd__buf_4)
    10    0.07    0.09    0.21    2.43 v _215_/X (sky130_fd_sc_hd__buf_4)
                                         _113_ (net)
                  0.09    0.00    2.43 v _217_/A (sky130_fd_sc_hd__inv_2)
     1    0.01    0.05    0.07    2.50 ^ _217_/Y (sky130_fd_sc_hd__inv_2)
                                         _026_ (net)
                  0.05    0.00    2.51 ^ _247_/RESET_B (sky130_fd_sc_hd__dfrtp_4)
                                  2.51   data arrival time

                          0.00    0.00   clock CLK100MHZ (rise edge)
                          0.00    0.00   clock source latency
     1    0.02    0.09    0.06    0.06 ^ CLK100MHZ (in)
                                         CLK100MHZ (net)
                  0.09    0.00    0.06 ^ clkbuf_0_CLK100MHZ/A (sky130_fd_sc_hd__clkbuf_16)
     4    0.04    0.06    0.17    0.23 ^ clkbuf_0_CLK100MHZ/X (sky130_fd_sc_hd__clkbuf_16)
                                         clknet_0_CLK100MHZ (net)
                  0.06    0.00    0.23 ^ clkbuf_2_3__f_CLK100MHZ/A (sky130_fd_sc_hd__clkbuf_16)
     8    0.03    0.05    0.14    0.37 ^ clkbuf_2_3__f_CLK100MHZ/X (sky130_fd_sc_hd__clkbuf_16)
                                         clknet_2_3__leaf_CLK100MHZ (net)
                  0.05    0.00    0.37 ^ _247_/CLK (sky130_fd_sc_hd__dfrtp_4)
                          0.25    0.62   clock uncertainty
                          0.00    0.62   clock reconvergence pessimism
                          0.32    0.95   library removal time
                                  0.95   data required time
-----------------------------------------------------------------------------
                                  0.95   data required time
                                 -2.51   data arrival time
-----------------------------------------------------------------------------
                                  1.56   slack (MET)


Startpoint: BTNC (input port clocked by CLK100MHZ)
Endpoint: _246_ (removal check against rising-edge clock CLK100MHZ)
Path Group: asynchronous
Path Type: min
Corner: Typical

Fanout     Cap    Slew   Delay    Time   Description
-----------------------------------------------------------------------------
                          0.00    0.00   clock CLK100MHZ (rise edge)
                          0.00    0.00   clock network delay (propagated)
                          2.00    2.00 v input external delay
     2    0.02    0.04    0.03    2.03 v BTNC (in)
                                         BTNC (net)
                  0.04    0.00    2.03 v _214_/A (sky130_fd_sc_hd__buf_4)
    10    0.07    0.09    0.19    2.22 v _214_/X (sky130_fd_sc_hd__buf_4)
                                         _112_ (net)
                  0.09    0.00    2.22 v _215_/A (sky130_fd_sc_hd__buf_4)
    10    0.07    0.09    0.21    2.43 v _215_/X (sky130_fd_sc_hd__buf_4)
                                         _113_ (net)
                  0.09    0.00    2.43 v _216_/A (sky130_fd_sc_hd__inv_2)
     1    0.01    0.04    0.07    2.50 ^ _216_/Y (sky130_fd_sc_hd__inv_2)
                                         _025_ (net)
                  0.04    0.00    2.50 ^ _246_/RESET_B (sky130_fd_sc_hd__dfrtp_4)
                                  2.50   data arrival time

                          0.00    0.00   clock CLK100MHZ (rise edge)
                          0.00    0.00   clock source latency
     1    0.02    0.09    0.06    0.06 ^ CLK100MHZ (in)
                                         CLK100MHZ (net)
                  0.09    0.00    0.06 ^ clkbuf_0_CLK100MHZ/A (sky130_fd_sc_hd__clkbuf_16)
     4    0.04    0.06    0.17    0.23 ^ clkbuf_0_CLK100MHZ/X (sky130_fd_sc_hd__clkbuf_16)
                                         clknet_0_CLK100MHZ (net)
                  0.06    0.00    0.23 ^ clkbuf_2_1__f_CLK100MHZ/A (sky130_fd_sc_hd__clkbuf_16)
     8    0.02    0.04    0.14    0.37 ^ clkbuf_2_1__f_CLK100MHZ/X (sky130_fd_sc_hd__clkbuf_16)
                                         clknet_2_1__leaf_CLK100MHZ (net)
                  0.04    0.00    0.37 ^ _246_/CLK (sky130_fd_sc_hd__dfrtp_4)
                          0.25    0.62   clock uncertainty
                          0.00    0.62   clock reconvergence pessimism
                          0.32    0.94   library removal time
                                  0.94   data required time
-----------------------------------------------------------------------------
                                  0.94   data required time
                                 -2.50   data arrival time
-----------------------------------------------------------------------------
                                  1.56   slack (MET)


Startpoint: BTNC (input port clocked by CLK100MHZ)
Endpoint: _255_ (removal check against rising-edge clock CLK100MHZ)
Path Group: asynchronous
Path Type: min
Corner: Typical

Fanout     Cap    Slew   Delay    Time   Description
-----------------------------------------------------------------------------
                          0.00    0.00   clock CLK100MHZ (rise edge)
                          0.00    0.00   clock network delay (propagated)
                          2.00    2.00 v input external delay
     2    0.02    0.04    0.03    2.03 v BTNC (in)
                                         BTNC (net)
                  0.04    0.00    2.03 v _214_/A (sky130_fd_sc_hd__buf_4)
    10    0.07    0.09    0.19    2.22 v _214_/X (sky130_fd_sc_hd__buf_4)
                                         _112_ (net)
                  0.09    0.00    2.22 v _215_/A (sky130_fd_sc_hd__buf_4)
    10    0.07    0.09    0.21    2.43 v _215_/X (sky130_fd_sc_hd__buf_4)
                                         _113_ (net)
                  0.09    0.00    2.43 v _225_/A (sky130_fd_sc_hd__inv_2)
     1    0.01    0.06    0.09    2.52 ^ _225_/Y (sky130_fd_sc_hd__inv_2)
                                         _034_ (net)
                  0.06    0.00    2.52 ^ _255_/RESET_B (sky130_fd_sc_hd__dfrtp_2)
                                  2.52   data arrival time

                          0.00    0.00   clock CLK100MHZ (rise edge)
                          0.00    0.00   clock source latency
     1    0.02    0.09    0.06    0.06 ^ CLK100MHZ (in)
                                         CLK100MHZ (net)
                  0.09    0.00    0.06 ^ clkbuf_0_CLK100MHZ/A (sky130_fd_sc_hd__clkbuf_16)
     4    0.04    0.06    0.17    0.23 ^ clkbuf_0_CLK100MHZ/X (sky130_fd_sc_hd__clkbuf_16)
                                         clknet_0_CLK100MHZ (net)
                  0.06    0.00    0.23 ^ clkbuf_2_0__f_CLK100MHZ/A (sky130_fd_sc_hd__clkbuf_16)
     8    0.03    0.05    0.15    0.37 ^ clkbuf_2_0__f_CLK100MHZ/X (sky130_fd_sc_hd__clkbuf_16)
                                         clknet_2_0__leaf_CLK100MHZ (net)
                  0.05    0.00    0.37 ^ _255_/CLK (sky130_fd_sc_hd__dfrtp_2)
                          0.25    0.62   clock uncertainty
                          0.00    0.62   clock reconvergence pessimism
                          0.33    0.95   library removal time
                                  0.95   data required time
-----------------------------------------------------------------------------
                                  0.95   data required time
                                 -2.52   data arrival time
-----------------------------------------------------------------------------
                                  1.57   slack (MET)


Startpoint: BTNC (input port clocked by CLK100MHZ)
Endpoint: _250_ (removal check against rising-edge clock CLK100MHZ)
Path Group: asynchronous
Path Type: min
Corner: Typical

Fanout     Cap    Slew   Delay    Time   Description
-----------------------------------------------------------------------------
                          0.00    0.00   clock CLK100MHZ (rise edge)
                          0.00    0.00   clock network delay (propagated)
                          2.00    2.00 v input external delay
     2    0.02    0.04    0.03    2.03 v BTNC (in)
                                         BTNC (net)
                  0.04    0.00    2.03 v _214_/A (sky130_fd_sc_hd__buf_4)
    10    0.07    0.09    0.19    2.22 v _214_/X (sky130_fd_sc_hd__buf_4)
                                         _112_ (net)
                  0.09    0.00    2.22 v _215_/A (sky130_fd_sc_hd__buf_4)
    10    0.07    0.09    0.21    2.43 v _215_/X (sky130_fd_sc_hd__buf_4)
                                         _113_ (net)
                  0.09    0.00    2.43 v _220_/A (sky130_fd_sc_hd__inv_2)
     1    0.02    0.08    0.10    2.53 ^ _220_/Y (sky130_fd_sc_hd__inv_2)
                                         _029_ (net)
                  0.08    0.00    2.53 ^ _250_/RESET_B (sky130_fd_sc_hd__dfrtp_2)
                                  2.53   data arrival time

                          0.00    0.00   clock CLK100MHZ (rise edge)
                          0.00    0.00   clock source latency
     1    0.02    0.09    0.06    0.06 ^ CLK100MHZ (in)
                                         CLK100MHZ (net)
                  0.09    0.00    0.06 ^ clkbuf_0_CLK100MHZ/A (sky130_fd_sc_hd__clkbuf_16)
     4    0.04    0.06    0.17    0.23 ^ clkbuf_0_CLK100MHZ/X (sky130_fd_sc_hd__clkbuf_16)
                                         clknet_0_CLK100MHZ (net)
                  0.06    0.00    0.23 ^ clkbuf_2_2__f_CLK100MHZ/A (sky130_fd_sc_hd__clkbuf_16)
     8    0.03    0.05    0.15    0.37 ^ clkbuf_2_2__f_CLK100MHZ/X (sky130_fd_sc_hd__clkbuf_16)
                                         clknet_2_2__leaf_CLK100MHZ (net)
                  0.05    0.00    0.38 ^ _250_/CLK (sky130_fd_sc_hd__dfrtp_2)
                          0.25    0.63   clock uncertainty
                          0.00    0.63   clock reconvergence pessimism
                          0.33    0.96   library removal time
                                  0.96   data required time
-----------------------------------------------------------------------------
                                  0.96   data required time
                                 -2.53   data arrival time
-----------------------------------------------------------------------------
                                  1.57   slack (MET)


Startpoint: BTNC (input port clocked by CLK100MHZ)
Endpoint: _252_ (removal check against rising-edge clock CLK100MHZ)
Path Group: asynchronous
Path Type: min
Corner: Typical

Fanout     Cap    Slew   Delay    Time   Description
-----------------------------------------------------------------------------
                          0.00    0.00   clock CLK100MHZ (rise edge)
                          0.00    0.00   clock network delay (propagated)
                          2.00    2.00 v input external delay
     2    0.02    0.04    0.03    2.03 v BTNC (in)
                                         BTNC (net)
                  0.04    0.00    2.03 v _214_/A (sky130_fd_sc_hd__buf_4)
    10    0.07    0.09    0.19    2.22 v _214_/X (sky130_fd_sc_hd__buf_4)
                                         _112_ (net)
                  0.09    0.00    2.22 v _215_/A (sky130_fd_sc_hd__buf_4)
    10    0.07    0.09    0.21    2.43 v _215_/X (sky130_fd_sc_hd__buf_4)
                                         _113_ (net)
                  0.09    0.00    2.43 v _222_/A (sky130_fd_sc_hd__inv_2)
     1    0.02    0.08    0.10    2.53 ^ _222_/Y (sky130_fd_sc_hd__inv_2)
                                         _031_ (net)
                  0.08    0.00    2.53 ^ _252_/RESET_B (sky130_fd_sc_hd__dfrtp_2)
                                  2.53   data arrival time

                          0.00    0.00   clock CLK100MHZ (rise edge)
                          0.00    0.00   clock source latency
     1    0.02    0.09    0.06    0.06 ^ CLK100MHZ (in)
                                         CLK100MHZ (net)
                  0.09    0.00    0.06 ^ clkbuf_0_CLK100MHZ/A (sky130_fd_sc_hd__clkbuf_16)
     4    0.04    0.06    0.17    0.23 ^ clkbuf_0_CLK100MHZ/X (sky130_fd_sc_hd__clkbuf_16)
                                         clknet_0_CLK100MHZ (net)
                  0.06    0.00    0.23 ^ clkbuf_2_2__f_CLK100MHZ/A (sky130_fd_sc_hd__clkbuf_16)
     8    0.03    0.05    0.15    0.37 ^ clkbuf_2_2__f_CLK100MHZ/X (sky130_fd_sc_hd__clkbuf_16)
                                         clknet_2_2__leaf_CLK100MHZ (net)
                  0.05    0.00    0.38 ^ _252_/CLK (sky130_fd_sc_hd__dfrtp_2)
                          0.25    0.63   clock uncertainty
                          0.00    0.63   clock reconvergence pessimism
                          0.33    0.96   library removal time
                                  0.96   data required time
-----------------------------------------------------------------------------
                                  0.96   data required time
                                 -2.53   data arrival time
-----------------------------------------------------------------------------
                                  1.58   slack (MET)


Startpoint: BTNC (input port clocked by CLK100MHZ)
Endpoint: _248_ (removal check against rising-edge clock CLK100MHZ)
Path Group: asynchronous
Path Type: min
Corner: Typical

Fanout     Cap    Slew   Delay    Time   Description
-----------------------------------------------------------------------------
                          0.00    0.00   clock CLK100MHZ (rise edge)
                          0.00    0.00   clock network delay (propagated)
                          2.00    2.00 v input external delay
     2    0.02    0.04    0.03    2.03 v BTNC (in)
                                         BTNC (net)
                  0.04    0.00    2.03 v _214_/A (sky130_fd_sc_hd__buf_4)
    10    0.07    0.09    0.19    2.22 v _214_/X (sky130_fd_sc_hd__buf_4)
                                         _112_ (net)
                  0.09    0.00    2.22 v _215_/A (sky130_fd_sc_hd__buf_4)
    10    0.07    0.09    0.21    2.43 v _215_/X (sky130_fd_sc_hd__buf_4)
                                         _113_ (net)
                  0.09    0.00    2.43 v _218_/A (sky130_fd_sc_hd__inv_2)
     1    0.02    0.08    0.10    2.53 ^ _218_/Y (sky130_fd_sc_hd__inv_2)
                                         _027_ (net)
                  0.08    0.00    2.53 ^ _248_/RESET_B (sky130_fd_sc_hd__dfrtp_4)
                                  2.53   data arrival time

                          0.00    0.00   clock CLK100MHZ (rise edge)
                          0.00    0.00   clock source latency
     1    0.02    0.09    0.06    0.06 ^ CLK100MHZ (in)
                                         CLK100MHZ (net)
                  0.09    0.00    0.06 ^ clkbuf_0_CLK100MHZ/A (sky130_fd_sc_hd__clkbuf_16)
     4    0.04    0.06    0.17    0.23 ^ clkbuf_0_CLK100MHZ/X (sky130_fd_sc_hd__clkbuf_16)
                                         clknet_0_CLK100MHZ (net)
                  0.06    0.00    0.23 ^ clkbuf_2_0__f_CLK100MHZ/A (sky130_fd_sc_hd__clkbuf_16)
     8    0.03    0.05    0.15    0.37 ^ clkbuf_2_0__f_CLK100MHZ/X (sky130_fd_sc_hd__clkbuf_16)
                                         clknet_2_0__leaf_CLK100MHZ (net)
                  0.05    0.00    0.37 ^ _248_/CLK (sky130_fd_sc_hd__dfrtp_4)
                          0.25    0.62   clock uncertainty
                          0.00    0.62   clock reconvergence pessimism
                          0.33    0.95   library removal time
                                  0.95   data required time
-----------------------------------------------------------------------------
                                  0.95   data required time
                                 -2.53   data arrival time
-----------------------------------------------------------------------------
                                  1.58   slack (MET)


Startpoint: BTNC (input port clocked by CLK100MHZ)
Endpoint: _254_ (removal check against rising-edge clock CLK100MHZ)
Path Group: asynchronous
Path Type: min
Corner: Typical

Fanout     Cap    Slew   Delay    Time   Description
-----------------------------------------------------------------------------
                          0.00    0.00   clock CLK100MHZ (rise edge)
                          0.00    0.00   clock network delay (propagated)
                          2.00    2.00 v input external delay
     2    0.02    0.04    0.03    2.03 v BTNC (in)
                                         BTNC (net)
                  0.04    0.00    2.03 v _214_/A (sky130_fd_sc_hd__buf_4)
    10    0.07    0.09    0.19    2.22 v _214_/X (sky130_fd_sc_hd__buf_4)
                                         _112_ (net)
                  0.09    0.00    2.22 v _215_/A (sky130_fd_sc_hd__buf_4)
    10    0.07    0.09    0.21    2.43 v _215_/X (sky130_fd_sc_hd__buf_4)
                                         _113_ (net)
                  0.09    0.00    2.43 v _224_/A (sky130_fd_sc_hd__inv_2)
     1    0.01    0.07    0.09    2.52 ^ _224_/Y (sky130_fd_sc_hd__inv_2)
                                         _033_ (net)
                  0.07    0.00    2.52 ^ _254_/RESET_B (sky130_fd_sc_hd__dfrtp_2)
                                  2.52   data arrival time

                          0.00    0.00   clock CLK100MHZ (rise edge)
                          0.00    0.00   clock source latency
     1    0.02    0.09    0.06    0.06 ^ CLK100MHZ (in)
                                         CLK100MHZ (net)
                  0.09    0.00    0.06 ^ clkbuf_0_CLK100MHZ/A (sky130_fd_sc_hd__clkbuf_16)
     4    0.04    0.06    0.17    0.23 ^ clkbuf_0_CLK100MHZ/X (sky130_fd_sc_hd__clkbuf_16)
                                         clknet_0_CLK100MHZ (net)
                  0.06    0.00    0.23 ^ clkbuf_2_1__f_CLK100MHZ/A (sky130_fd_sc_hd__clkbuf_16)
     8    0.02    0.04    0.14    0.37 ^ clkbuf_2_1__f_CLK100MHZ/X (sky130_fd_sc_hd__clkbuf_16)
                                         clknet_2_1__leaf_CLK100MHZ (net)
                  0.04    0.00    0.37 ^ _254_/CLK (sky130_fd_sc_hd__dfrtp_2)
                          0.25    0.62   clock uncertainty
                          0.00    0.62   clock reconvergence pessimism
                          0.33    0.94   library removal time
                                  0.94   data required time
-----------------------------------------------------------------------------
                                  0.94   data required time
                                 -2.52   data arrival time
-----------------------------------------------------------------------------
                                  1.58   slack (MET)


Startpoint: _247_ (rising edge-triggered flip-flop clocked by CLK100MHZ)
Endpoint: seg[6] (output port clocked by CLK100MHZ)
Path Group: CLK100MHZ
Path Type: min
Corner: Typical

Fanout     Cap    Slew   Delay    Time   Description
-----------------------------------------------------------------------------
                          0.00    0.00   clock CLK100MHZ (rise edge)
                          0.00    0.00   clock source latency
     1    0.02    0.09    0.06    0.06 ^ CLK100MHZ (in)
                                         CLK100MHZ (net)
                  0.09    0.00    0.06 ^ clkbuf_0_CLK100MHZ/A (sky130_fd_sc_hd__clkbuf_16)
     4    0.04    0.06    0.15    0.21 ^ clkbuf_0_CLK100MHZ/X (sky130_fd_sc_hd__clkbuf_16)
                                         clknet_0_CLK100MHZ (net)
                  0.06    0.00    0.21 ^ clkbuf_2_3__f_CLK100MHZ/A (sky130_fd_sc_hd__clkbuf_16)
     8    0.03    0.05    0.13    0.34 ^ clkbuf_2_3__f_CLK100MHZ/X (sky130_fd_sc_hd__clkbuf_16)
                                         clknet_2_3__leaf_CLK100MHZ (net)
                  0.05    0.00    0.34 ^ _247_/CLK (sky130_fd_sc_hd__dfrtp_4)
     9    0.05    0.17    0.48    0.81 ^ _247_/Q (sky130_fd_sc_hd__dfrtp_4)
                                         decoder.count[1] (net)
                  0.17    0.00    0.82 ^ _164_/A1 (sky130_fd_sc_hd__a21boi_1)
     1    0.01    0.06    0.12    0.94 v _164_/Y (sky130_fd_sc_hd__a21boi_1)
                                         net7 (net)
                  0.06    0.00    0.94 v output7/A (sky130_fd_sc_hd__buf_1)
     1    0.03    0.20    0.22    1.16 v output7/X (sky130_fd_sc_hd__buf_1)
                                         seg[6] (net)
                  0.20    0.00    1.16 v seg[6] (out)
                                  1.16   data arrival time

                          0.00    0.00   clock CLK100MHZ (rise edge)
                          0.00    0.00   clock network delay (propagated)
                          0.25    0.25   clock uncertainty
                          0.00    0.25   clock reconvergence pessimism
                         -2.00   -1.75   output external delay
                                 -1.75   data required time
-----------------------------------------------------------------------------
                                 -1.75   data required time
                                 -1.16   data arrival time
-----------------------------------------------------------------------------
                                  2.91   slack (MET)


Startpoint: _246_ (rising edge-triggered flip-flop clocked by CLK100MHZ)
Endpoint: seg[4] (output port clocked by CLK100MHZ)
Path Group: CLK100MHZ
Path Type: min
Corner: Typical

Fanout     Cap    Slew   Delay    Time   Description
-----------------------------------------------------------------------------
                          0.00    0.00   clock CLK100MHZ (rise edge)
                          0.00    0.00   clock source latency
     1    0.02    0.09    0.06    0.06 ^ CLK100MHZ (in)
                                         CLK100MHZ (net)
                  0.09    0.00    0.06 ^ clkbuf_0_CLK100MHZ/A (sky130_fd_sc_hd__clkbuf_16)
     4    0.04    0.06    0.15    0.21 ^ clkbuf_0_CLK100MHZ/X (sky130_fd_sc_hd__clkbuf_16)
                                         clknet_0_CLK100MHZ (net)
                  0.06    0.00    0.21 ^ clkbuf_2_1__f_CLK100MHZ/A (sky130_fd_sc_hd__clkbuf_16)
     8    0.02    0.04    0.13    0.33 ^ clkbuf_2_1__f_CLK100MHZ/X (sky130_fd_sc_hd__clkbuf_16)
                                         clknet_2_1__leaf_CLK100MHZ (net)
                  0.04    0.00    0.33 ^ _246_/CLK (sky130_fd_sc_hd__dfrtp_4)
     6    0.04    0.11    0.51    0.85 v _246_/Q (sky130_fd_sc_hd__dfrtp_4)
                                         decoder.count[0] (net)
                  0.11    0.00    0.85 v _141_/A (sky130_fd_sc_hd__inv_2)
     2    0.01    0.07    0.10    0.94 ^ _141_/Y (sky130_fd_sc_hd__inv_2)
                                         _071_ (net)
                  0.07    0.00    0.94 ^ _161_/A (sky130_fd_sc_hd__nand2_1)
     1    0.01    0.07    0.08    1.02 v _161_/Y (sky130_fd_sc_hd__nand2_1)
                                         net5 (net)
                  0.07    0.00    1.02 v output5/A (sky130_fd_sc_hd__buf_1)
     1    0.03    0.20    0.22    1.25 v output5/X (sky130_fd_sc_hd__buf_1)
                                         seg[4] (net)
                  0.20    0.00    1.25 v seg[4] (out)
                                  1.25   data arrival time

                          0.00    0.00   clock CLK100MHZ (rise edge)
                          0.00    0.00   clock network delay (propagated)
                          0.25    0.25   clock uncertainty
                          0.00    0.25   clock reconvergence pessimism
                         -2.00   -1.75   output external delay
                                 -1.75   data required time
-----------------------------------------------------------------------------
                                 -1.75   data required time
                                 -1.25   data arrival time
-----------------------------------------------------------------------------
                                  3.00   slack (MET)


Startpoint: _249_ (rising edge-triggered flip-flop clocked by CLK100MHZ)
Endpoint: seg[2] (output port clocked by CLK100MHZ)
Path Group: CLK100MHZ
Path Type: min
Corner: Typical

Fanout     Cap    Slew   Delay    Time   Description
-----------------------------------------------------------------------------
                          0.00    0.00   clock CLK100MHZ (rise edge)
                          0.00    0.00   clock source latency
     1    0.02    0.09    0.06    0.06 ^ CLK100MHZ (in)
                                         CLK100MHZ (net)
                  0.09    0.00    0.06 ^ clkbuf_0_CLK100MHZ/A (sky130_fd_sc_hd__clkbuf_16)
     4    0.04    0.06    0.15    0.21 ^ clkbuf_0_CLK100MHZ/X (sky130_fd_sc_hd__clkbuf_16)
                                         clknet_0_CLK100MHZ (net)
                  0.06    0.00    0.21 ^ clkbuf_2_3__f_CLK100MHZ/A (sky130_fd_sc_hd__clkbuf_16)
     8    0.03    0.05    0.13    0.34 ^ clkbuf_2_3__f_CLK100MHZ/X (sky130_fd_sc_hd__clkbuf_16)
                                         clknet_2_3__leaf_CLK100MHZ (net)
                  0.05    0.00    0.34 ^ _249_/CLK (sky130_fd_sc_hd__dfrtp_4)
     6    0.04    0.11    0.51    0.84 v _249_/Q (sky130_fd_sc_hd__dfrtp_4)
                                         decoder.count[3] (net)
                  0.11    0.00    0.85 v _160_/A1 (sky130_fd_sc_hd__o21a_1)
     1    0.01    0.08    0.24    1.09 v _160_/X (sky130_fd_sc_hd__o21a_1)
                                         net3 (net)
                  0.08    0.00    1.09 v output3/A (sky130_fd_sc_hd__buf_1)
     1    0.03    0.20    0.22    1.31 v output3/X (sky130_fd_sc_hd__buf_1)
                                         seg[2] (net)
                  0.20    0.00    1.31 v seg[2] (out)
                                  1.31   data arrival time

                          0.00    0.00   clock CLK100MHZ (rise edge)
                          0.00    0.00   clock network delay (propagated)
                          0.25    0.25   clock uncertainty
                          0.00    0.25   clock reconvergence pessimism
                         -2.00   -1.75   output external delay
                                 -1.75   data required time
-----------------------------------------------------------------------------
                                 -1.75   data required time
                                 -1.31   data arrival time
-----------------------------------------------------------------------------
                                  3.06   slack (MET)


Startpoint: _249_ (rising edge-triggered flip-flop clocked by CLK100MHZ)
Endpoint: seg[3] (output port clocked by CLK100MHZ)
Path Group: CLK100MHZ
Path Type: min
Corner: Typical

Fanout     Cap    Slew   Delay    Time   Description
-----------------------------------------------------------------------------
                          0.00    0.00   clock CLK100MHZ (rise edge)
                          0.00    0.00   clock source latency
     1    0.02    0.09    0.06    0.06 ^ CLK100MHZ (in)
                                         CLK100MHZ (net)
                  0.09    0.00    0.06 ^ clkbuf_0_CLK100MHZ/A (sky130_fd_sc_hd__clkbuf_16)
     4    0.04    0.06    0.15    0.21 ^ clkbuf_0_CLK100MHZ/X (sky130_fd_sc_hd__clkbuf_16)
                                         clknet_0_CLK100MHZ (net)
                  0.06    0.00    0.21 ^ clkbuf_2_3__f_CLK100MHZ/A (sky130_fd_sc_hd__clkbuf_16)
     8    0.03    0.05    0.13    0.34 ^ clkbuf_2_3__f_CLK100MHZ/X (sky130_fd_sc_hd__clkbuf_16)
                                         clknet_2_3__leaf_CLK100MHZ (net)
                  0.05    0.00    0.34 ^ _249_/CLK (sky130_fd_sc_hd__dfrtp_4)
     6    0.04    0.14    0.46    0.80 ^ _249_/Q (sky130_fd_sc_hd__dfrtp_4)
                                         decoder.count[3] (net)
                  0.14    0.00    0.80 ^ _158_/D1 (sky130_fd_sc_hd__a2111o_1)
     2    0.02    0.14    0.18    0.98 ^ _158_/X (sky130_fd_sc_hd__a2111o_1)
                                         net4 (net)
                  0.14    0.00    0.98 ^ output4/A (sky130_fd_sc_hd__buf_1)
     1    0.03    0.40    0.34    1.31 ^ output4/X (sky130_fd_sc_hd__buf_1)
                                         seg[3] (net)
                  0.40    0.00    1.31 ^ seg[3] (out)
                                  1.31   data arrival time

                          0.00    0.00   clock CLK100MHZ (rise edge)
                          0.00    0.00   clock network delay (propagated)
                          0.25    0.25   clock uncertainty
                          0.00    0.25   clock reconvergence pessimism
                         -2.00   -1.75   output external delay
                                 -1.75   data required time
-----------------------------------------------------------------------------
                                 -1.75   data required time
                                 -1.31   data arrival time
-----------------------------------------------------------------------------
                                  3.06   slack (MET)


Startpoint: _248_ (rising edge-triggered flip-flop clocked by CLK100MHZ)
Endpoint: seg[1] (output port clocked by CLK100MHZ)
Path Group: CLK100MHZ
Path Type: min
Corner: Typical

Fanout     Cap    Slew   Delay    Time   Description
-----------------------------------------------------------------------------
                          0.00    0.00   clock CLK100MHZ (rise edge)
                          0.00    0.00   clock source latency
     1    0.02    0.09    0.06    0.06 ^ CLK100MHZ (in)
                                         CLK100MHZ (net)
                  0.09    0.00    0.06 ^ clkbuf_0_CLK100MHZ/A (sky130_fd_sc_hd__clkbuf_16)
     4    0.04    0.06    0.15    0.21 ^ clkbuf_0_CLK100MHZ/X (sky130_fd_sc_hd__clkbuf_16)
                                         clknet_0_CLK100MHZ (net)
                  0.06    0.00    0.21 ^ clkbuf_2_0__f_CLK100MHZ/A (sky130_fd_sc_hd__clkbuf_16)
     8    0.03    0.05    0.13    0.34 ^ clkbuf_2_0__f_CLK100MHZ/X (sky130_fd_sc_hd__clkbuf_16)
                                         clknet_2_0__leaf_CLK100MHZ (net)
                  0.05    0.00    0.34 ^ _248_/CLK (sky130_fd_sc_hd__dfrtp_4)
     6    0.04    0.13    0.45    0.79 ^ _248_/Q (sky130_fd_sc_hd__dfrtp_4)
                                         decoder.count[2] (net)
                  0.13    0.00    0.79 ^ _155_/B (sky130_fd_sc_hd__nor2_2)
     4    0.03    0.08    0.10    0.89 v _155_/Y (sky130_fd_sc_hd__nor2_2)
                                         _079_ (net)
                  0.08    0.00    0.89 v _159_/B (sky130_fd_sc_hd__nor2_1)
     1    0.00    0.11    0.11    1.01 ^ _159_/Y (sky130_fd_sc_hd__nor2_1)
                                         net2 (net)
                  0.11    0.00    1.01 ^ output2/A (sky130_fd_sc_hd__buf_1)
     1    0.03    0.40    0.33    1.34 ^ output2/X (sky130_fd_sc_hd__buf_1)
                                         seg[1] (net)
                  0.40    0.00    1.34 ^ seg[1] (out)
                                  1.34   data arrival time

                          0.00    0.00   clock CLK100MHZ (rise edge)
                          0.00    0.00   clock network delay (propagated)
                          0.25    0.25   clock uncertainty
                          0.00    0.25   clock reconvergence pessimism
                         -2.00   -1.75   output external delay
                                 -1.75   data required time
-----------------------------------------------------------------------------
                                 -1.75   data required time
                                 -1.34   data arrival time
-----------------------------------------------------------------------------
                                  3.09   slack (MET)


Startpoint: _249_ (rising edge-triggered flip-flop clocked by CLK100MHZ)
Endpoint: seg[5] (output port clocked by CLK100MHZ)
Path Group: CLK100MHZ
Path Type: min
Corner: Typical

Fanout     Cap    Slew   Delay    Time   Description
-----------------------------------------------------------------------------
                          0.00    0.00   clock CLK100MHZ (rise edge)
                          0.00    0.00   clock source latency
     1    0.02    0.09    0.06    0.06 ^ CLK100MHZ (in)
                                         CLK100MHZ (net)
                  0.09    0.00    0.06 ^ clkbuf_0_CLK100MHZ/A (sky130_fd_sc_hd__clkbuf_16)
     4    0.04    0.06    0.15    0.21 ^ clkbuf_0_CLK100MHZ/X (sky130_fd_sc_hd__clkbuf_16)
                                         clknet_0_CLK100MHZ (net)
                  0.06    0.00    0.21 ^ clkbuf_2_3__f_CLK100MHZ/A (sky130_fd_sc_hd__clkbuf_16)
     8    0.03    0.05    0.13    0.34 ^ clkbuf_2_3__f_CLK100MHZ/X (sky130_fd_sc_hd__clkbuf_16)
                                         clknet_2_3__leaf_CLK100MHZ (net)
                  0.05    0.00    0.34 ^ _249_/CLK (sky130_fd_sc_hd__dfrtp_4)
     6    0.04    0.14    0.46    0.80 ^ _249_/Q (sky130_fd_sc_hd__dfrtp_4)
                                         decoder.count[3] (net)
                  0.14    0.00    0.80 ^ _162_/A (sky130_fd_sc_hd__or3_1)
     1    0.01    0.10    0.16    0.96 ^ _162_/X (sky130_fd_sc_hd__or3_1)
                                         _082_ (net)
                  0.10    0.00    0.96 ^ _163_/A (sky130_fd_sc_hd__clkbuf_1)
     1    0.01    0.16    0.17    1.13 ^ _163_/X (sky130_fd_sc_hd__clkbuf_1)
                                         net6 (net)
                  0.16    0.00    1.13 ^ output6/A (sky130_fd_sc_hd__buf_1)
     1    0.03    0.40    0.34    1.47 ^ output6/X (sky130_fd_sc_hd__buf_1)
                                         seg[5] (net)
                  0.40    0.00    1.47 ^ seg[5] (out)
                                  1.47   data arrival time

                          0.00    0.00   clock CLK100MHZ (rise edge)
                          0.00    0.00   clock network delay (propagated)
                          0.25    0.25   clock uncertainty
                          0.00    0.25   clock reconvergence pessimism
                         -2.00   -1.75   output external delay
                                 -1.75   data required time
-----------------------------------------------------------------------------
                                 -1.75   data required time
                                 -1.47   data arrival time
-----------------------------------------------------------------------------
                                  3.22   slack (MET)


Startpoint: _249_ (rising edge-triggered flip-flop clocked by CLK100MHZ)
Endpoint: seg[0] (output port clocked by CLK100MHZ)
Path Group: CLK100MHZ
Path Type: min
Corner: Typical

Fanout     Cap    Slew   Delay    Time   Description
-----------------------------------------------------------------------------
                          0.00    0.00   clock CLK100MHZ (rise edge)
                          0.00    0.00   clock source latency
     1    0.02    0.09    0.06    0.06 ^ CLK100MHZ (in)
                                         CLK100MHZ (net)
                  0.09    0.00    0.06 ^ clkbuf_0_CLK100MHZ/A (sky130_fd_sc_hd__clkbuf_16)
     4    0.04    0.06    0.15    0.21 ^ clkbuf_0_CLK100MHZ/X (sky130_fd_sc_hd__clkbuf_16)
                                         clknet_0_CLK100MHZ (net)
                  0.06    0.00    0.21 ^ clkbuf_2_3__f_CLK100MHZ/A (sky130_fd_sc_hd__clkbuf_16)
     8    0.03    0.05    0.13    0.34 ^ clkbuf_2_3__f_CLK100MHZ/X (sky130_fd_sc_hd__clkbuf_16)
                                         clknet_2_3__leaf_CLK100MHZ (net)
                  0.05    0.00    0.34 ^ _249_/CLK (sky130_fd_sc_hd__dfrtp_4)
     6    0.04    0.14    0.46    0.80 ^ _249_/Q (sky130_fd_sc_hd__dfrtp_4)
                                         decoder.count[3] (net)
                  0.14    0.00    0.80 ^ _158_/D1 (sky130_fd_sc_hd__a2111o_1)
     2    0.02    0.14    0.18    0.98 ^ _158_/X (sky130_fd_sc_hd__a2111o_1)
                                         net4 (net)
                  0.14    0.00    0.98 ^ _279_/A (sky130_fd_sc_hd__buf_1)
     1    0.01    0.13    0.16    1.14 ^ _279_/X (sky130_fd_sc_hd__buf_1)
                                         net1 (net)
                  0.13    0.00    1.14 ^ output1/A (sky130_fd_sc_hd__buf_1)
     1    0.03    0.40    0.33    1.47 ^ output1/X (sky130_fd_sc_hd__buf_1)
                                         seg[0] (net)
                  0.40    0.00    1.47 ^ seg[0] (out)
                                  1.47   data arrival time

                          0.00    0.00   clock CLK100MHZ (rise edge)
                          0.00    0.00   clock network delay (propagated)
                          0.25    0.25   clock uncertainty
                          0.00    0.25   clock reconvergence pessimism
                         -2.00   -1.75   output external delay
                                 -1.75   data required time
-----------------------------------------------------------------------------
                                 -1.75   data required time
                                 -1.47   data arrival time
-----------------------------------------------------------------------------
                                  3.22   slack (MET)



worst slack corner Typical: 0.2670
