OpenROAD b16bda7e82721d10566ff7e2b68f1ff0be9f9e38 
Features included (+) or not (-): +Charts +GPU +GUI +Python
This program is licensed under the BSD-3 license. See the LICENSE file for details.
Components of this program may be licensed under more restrictive licenses which must be honored.
define_corners Typical
read_liberty -corner Typical /home/merteray/.volare/sky130A/libs.ref/sky130_fd_sc_hd/lib/sky130_fd_sc_hd__tt_025C_1v80.lib
Using 1e-12 for capacitance...
Using 1e+03 for resistance...
Using 1e-09 for time...
Using 1e+00 for voltage...
Using 1e-03 for current...
Using 1e-09 for power...
Using 1e-06 for distance...
[INFO]: Reading ODB at '/openlane/designs/ZeroToFiveCounter/runs/RUN_2025.05.24_22.10.23/results/placement/ZeroToFiveCounter.odb'…
Reading design constraints file at '/openlane/designs/ZeroToFiveCounter/src/ZeroToFiveCounter.sdc'…
[INFO]: Setting RC values...
min_report

===========================================================================
report_checks -path_delay min (Hold)
============================================================================
======================= Typical Corner ===================================

Startpoint: _250_ (rising edge-triggered flip-flop clocked by CLK100MHZ)
Endpoint: _250_ (rising edge-triggered flip-flop clocked by CLK100MHZ)
Path Group: CLK100MHZ
Path Type: min

Fanout     Cap    Slew   Delay    Time   Description
-----------------------------------------------------------------------------
                  0.00    0.00    0.00   clock CLK100MHZ (rise edge)
                          0.00    0.00   clock network delay (ideal)
                  0.00    0.00    0.00 ^ _250_/CLK (sky130_fd_sc_hd__dfrtp_2)
     5    0.02    0.12    0.39    0.39 ^ _250_/Q (sky130_fd_sc_hd__dfrtp_2)
                                         decoder.delay[0] (net)
                  0.12    0.00    0.39 ^ _165_/A (sky130_fd_sc_hd__inv_2)
     1    0.00    0.03    0.04    0.43 v _165_/Y (sky130_fd_sc_hd__inv_2)
                                         _000_ (net)
                  0.03    0.00    0.43 v _250_/D (sky130_fd_sc_hd__dfrtp_2)
                                  0.43   data arrival time

                  0.00    0.00    0.00   clock CLK100MHZ (rise edge)
                          0.00    0.00   clock network delay (ideal)
                          0.00    0.00   clock reconvergence pessimism
                                  0.00 ^ _250_/CLK (sky130_fd_sc_hd__dfrtp_2)
                         -0.05   -0.05   library hold time
                                 -0.05   data required time
-----------------------------------------------------------------------------
                                 -0.05   data required time
                                 -0.43   data arrival time
-----------------------------------------------------------------------------
                                  0.47   slack (MET)


Startpoint: _268_ (rising edge-triggered flip-flop clocked by CLK100MHZ)
Endpoint: _268_ (rising edge-triggered flip-flop clocked by CLK100MHZ)
Path Group: CLK100MHZ
Path Type: min

Fanout     Cap    Slew   Delay    Time   Description
-----------------------------------------------------------------------------
                  0.00    0.00    0.00   clock CLK100MHZ (rise edge)
                          0.00    0.00   clock network delay (ideal)
                  0.00    0.00    0.00 ^ _268_/CLK (sky130_fd_sc_hd__dfrtp_2)
     3    0.02    0.09    0.37    0.37 ^ _268_/Q (sky130_fd_sc_hd__dfrtp_2)
                                         decoder.delay[18] (net)
                  0.09    0.00    0.37 ^ _211_/A (sky130_fd_sc_hd__xor2_1)
     1    0.00    0.04    0.07    0.44 v _211_/X (sky130_fd_sc_hd__xor2_1)
                                         _009_ (net)
                  0.04    0.00    0.44 v _268_/D (sky130_fd_sc_hd__dfrtp_2)
                                  0.44   data arrival time

                  0.00    0.00    0.00   clock CLK100MHZ (rise edge)
                          0.00    0.00   clock network delay (ideal)
                          0.00    0.00   clock reconvergence pessimism
                                  0.00 ^ _268_/CLK (sky130_fd_sc_hd__dfrtp_2)
                         -0.05   -0.05   library hold time
                                 -0.05   data required time
-----------------------------------------------------------------------------
                                 -0.05   data required time
                                 -0.44   data arrival time
-----------------------------------------------------------------------------
                                  0.49   slack (MET)


Startpoint: _266_ (rising edge-triggered flip-flop clocked by CLK100MHZ)
Endpoint: _266_ (rising edge-triggered flip-flop clocked by CLK100MHZ)
Path Group: CLK100MHZ
Path Type: min

Fanout     Cap    Slew   Delay    Time   Description
-----------------------------------------------------------------------------
                  0.00    0.00    0.00   clock CLK100MHZ (rise edge)
                          0.00    0.00   clock network delay (ideal)
                  0.00    0.00    0.00 ^ _266_/CLK (sky130_fd_sc_hd__dfrtp_2)
     5    0.02    0.12    0.39    0.39 ^ _266_/Q (sky130_fd_sc_hd__dfrtp_2)
                                         decoder.delay[16] (net)
                  0.12    0.00    0.39 ^ _207_/A (sky130_fd_sc_hd__xor2_1)
     1    0.00    0.04    0.08    0.47 v _207_/X (sky130_fd_sc_hd__xor2_1)
                                         _007_ (net)
                  0.04    0.00    0.47 v _266_/D (sky130_fd_sc_hd__dfrtp_2)
                                  0.47   data arrival time

                  0.00    0.00    0.00   clock CLK100MHZ (rise edge)
                          0.00    0.00   clock network delay (ideal)
                          0.00    0.00   clock reconvergence pessimism
                                  0.00 ^ _266_/CLK (sky130_fd_sc_hd__dfrtp_2)
                         -0.05   -0.05   library hold time
                                 -0.05   data required time
-----------------------------------------------------------------------------
                                 -0.05   data required time
                                 -0.47   data arrival time
-----------------------------------------------------------------------------
                                  0.52   slack (MET)


Startpoint: _262_ (rising edge-triggered flip-flop clocked by CLK100MHZ)
Endpoint: _262_ (rising edge-triggered flip-flop clocked by CLK100MHZ)
Path Group: CLK100MHZ
Path Type: min

Fanout     Cap    Slew   Delay    Time   Description
-----------------------------------------------------------------------------
                  0.00    0.00    0.00   clock CLK100MHZ (rise edge)
                          0.00    0.00   clock network delay (ideal)
                  0.00    0.00    0.00 ^ _262_/CLK (sky130_fd_sc_hd__dfrtp_2)
     5    0.02    0.11    0.38    0.38 ^ _262_/Q (sky130_fd_sc_hd__dfrtp_2)
                                         decoder.delay[12] (net)
                  0.11    0.00    0.38 ^ _199_/A (sky130_fd_sc_hd__xnor2_1)
     1    0.00    0.05    0.09    0.47 v _199_/Y (sky130_fd_sc_hd__xnor2_1)
                                         _003_ (net)
                  0.05    0.00    0.47 v _262_/D (sky130_fd_sc_hd__dfrtp_2)
                                  0.47   data arrival time

                  0.00    0.00    0.00   clock CLK100MHZ (rise edge)
                          0.00    0.00   clock network delay (ideal)
                          0.00    0.00   clock reconvergence pessimism
                                  0.00 ^ _262_/CLK (sky130_fd_sc_hd__dfrtp_2)
                         -0.05   -0.05   library hold time
                                 -0.05   data required time
-----------------------------------------------------------------------------
                                 -0.05   data required time
                                 -0.47   data arrival time
-----------------------------------------------------------------------------
                                  0.52   slack (MET)


Startpoint: _269_ (rising edge-triggered flip-flop clocked by CLK100MHZ)
Endpoint: _269_ (rising edge-triggered flip-flop clocked by CLK100MHZ)
Path Group: CLK100MHZ
Path Type: min

Fanout     Cap    Slew   Delay    Time   Description
-----------------------------------------------------------------------------
                  0.00    0.00    0.00   clock CLK100MHZ (rise edge)
                          0.00    0.00   clock network delay (ideal)
                  0.00    0.00    0.00 ^ _269_/CLK (sky130_fd_sc_hd__dfrtp_1)
     2    0.01    0.09    0.33    0.33 ^ _269_/Q (sky130_fd_sc_hd__dfrtp_1)
                                         decoder.delay[19] (net)
                  0.09    0.00    0.33 ^ _213_/B2 (sky130_fd_sc_hd__o2bb2a_1)
     1    0.00    0.06    0.15    0.48 ^ _213_/X (sky130_fd_sc_hd__o2bb2a_1)
                                         _010_ (net)
                  0.06    0.00    0.48 ^ _269_/D (sky130_fd_sc_hd__dfrtp_1)
                                  0.48   data arrival time

                  0.00    0.00    0.00   clock CLK100MHZ (rise edge)
                          0.00    0.00   clock network delay (ideal)
                          0.00    0.00   clock reconvergence pessimism
                                  0.00 ^ _269_/CLK (sky130_fd_sc_hd__dfrtp_1)
                         -0.04   -0.04   library hold time
                                 -0.04   data required time
-----------------------------------------------------------------------------
                                 -0.04   data required time
                                 -0.48   data arrival time
-----------------------------------------------------------------------------
                                  0.53   slack (MET)


Startpoint: _259_ (rising edge-triggered flip-flop clocked by CLK100MHZ)
Endpoint: _259_ (rising edge-triggered flip-flop clocked by CLK100MHZ)
Path Group: CLK100MHZ
Path Type: min

Fanout     Cap    Slew   Delay    Time   Description
-----------------------------------------------------------------------------
                  0.00    0.00    0.00   clock CLK100MHZ (rise edge)
                          0.00    0.00   clock network delay (ideal)
                  0.00    0.00    0.00 ^ _259_/CLK (sky130_fd_sc_hd__dfrtp_2)
     4    0.02    0.11    0.39    0.39 ^ _259_/Q (sky130_fd_sc_hd__dfrtp_2)
                                         decoder.delay[9] (net)
                  0.11    0.00    0.39 ^ _191_/A (sky130_fd_sc_hd__xnor2_1)
     1    0.00    0.05    0.09    0.48 v _191_/Y (sky130_fd_sc_hd__xnor2_1)
                                         _024_ (net)
                  0.05    0.00    0.48 v _259_/D (sky130_fd_sc_hd__dfrtp_2)
                                  0.48   data arrival time

                  0.00    0.00    0.00   clock CLK100MHZ (rise edge)
                          0.00    0.00   clock network delay (ideal)
                          0.00    0.00   clock reconvergence pessimism
                                  0.00 ^ _259_/CLK (sky130_fd_sc_hd__dfrtp_2)
                         -0.05   -0.05   library hold time
                                 -0.05   data required time
-----------------------------------------------------------------------------
                                 -0.05   data required time
                                 -0.48   data arrival time
-----------------------------------------------------------------------------
                                  0.53   slack (MET)


Startpoint: _274_ (rising edge-triggered flip-flop clocked by CLK100MHZ)
Endpoint: _274_ (rising edge-triggered flip-flop clocked by CLK100MHZ)
Path Group: CLK100MHZ
Path Type: min

Fanout     Cap    Slew   Delay    Time   Description
-----------------------------------------------------------------------------
                  0.00    0.00    0.00   clock CLK100MHZ (rise edge)
                          0.00    0.00   clock network delay (ideal)
                  0.00    0.00    0.00 ^ _274_/CLK (sky130_fd_sc_hd__dfrtp_2)
     5    0.02    0.12    0.39    0.39 ^ _274_/Q (sky130_fd_sc_hd__dfrtp_2)
                                         decoder.delay[24] (net)
                  0.12    0.00    0.39 ^ _154_/A (sky130_fd_sc_hd__xnor2_1)
     1    0.00    0.05    0.09    0.48 v _154_/Y (sky130_fd_sc_hd__xnor2_1)
                                         _016_ (net)
                  0.05    0.00    0.48 v _274_/D (sky130_fd_sc_hd__dfrtp_2)
                                  0.48   data arrival time

                  0.00    0.00    0.00   clock CLK100MHZ (rise edge)
                          0.00    0.00   clock network delay (ideal)
                          0.00    0.00   clock reconvergence pessimism
                                  0.00 ^ _274_/CLK (sky130_fd_sc_hd__dfrtp_2)
                         -0.05   -0.05   library hold time
                                 -0.05   data required time
-----------------------------------------------------------------------------
                                 -0.05   data required time
                                 -0.48   data arrival time
-----------------------------------------------------------------------------
                                  0.54   slack (MET)


Startpoint: _256_ (rising edge-triggered flip-flop clocked by CLK100MHZ)
Endpoint: _256_ (rising edge-triggered flip-flop clocked by CLK100MHZ)
Path Group: CLK100MHZ
Path Type: min

Fanout     Cap    Slew   Delay    Time   Description
-----------------------------------------------------------------------------
                  0.00    0.00    0.00   clock CLK100MHZ (rise edge)
                          0.00    0.00   clock network delay (ideal)
                  0.00    0.00    0.00 ^ _256_/CLK (sky130_fd_sc_hd__dfrtp_4)
     4    0.02    0.10    0.42    0.42 ^ _256_/Q (sky130_fd_sc_hd__dfrtp_4)
                                         decoder.delay[6] (net)
                  0.10    0.00    0.43 ^ _180_/A (sky130_fd_sc_hd__xor2_1)
     1    0.00    0.04    0.08    0.50 v _180_/X (sky130_fd_sc_hd__xor2_1)
                                         _021_ (net)
                  0.04    0.00    0.50 v _256_/D (sky130_fd_sc_hd__dfrtp_4)
                                  0.50   data arrival time

                  0.00    0.00    0.00   clock CLK100MHZ (rise edge)
                          0.00    0.00   clock network delay (ideal)
                          0.00    0.00   clock reconvergence pessimism
                                  0.00 ^ _256_/CLK (sky130_fd_sc_hd__dfrtp_4)
                         -0.05   -0.05   library hold time
                                 -0.05   data required time
-----------------------------------------------------------------------------
                                 -0.05   data required time
                                 -0.50   data arrival time
-----------------------------------------------------------------------------
                                  0.56   slack (MET)


Startpoint: _264_ (rising edge-triggered flip-flop clocked by CLK100MHZ)
Endpoint: _264_ (rising edge-triggered flip-flop clocked by CLK100MHZ)
Path Group: CLK100MHZ
Path Type: min

Fanout     Cap    Slew   Delay    Time   Description
-----------------------------------------------------------------------------
                  0.00    0.00    0.00   clock CLK100MHZ (rise edge)
                          0.00    0.00   clock network delay (ideal)
                  0.00    0.00    0.00 ^ _264_/CLK (sky130_fd_sc_hd__dfrtp_1)
     3    0.01    0.11    0.36    0.36 ^ _264_/Q (sky130_fd_sc_hd__dfrtp_1)
                                         decoder.delay[14] (net)
                  0.11    0.00    0.36 ^ _204_/B2 (sky130_fd_sc_hd__o2bb2a_1)
     1    0.00    0.06    0.16    0.51 ^ _204_/X (sky130_fd_sc_hd__o2bb2a_1)
                                         _005_ (net)
                  0.06    0.00    0.51 ^ _264_/D (sky130_fd_sc_hd__dfrtp_1)
                                  0.51   data arrival time

                  0.00    0.00    0.00   clock CLK100MHZ (rise edge)
                          0.00    0.00   clock network delay (ideal)
                          0.00    0.00   clock reconvergence pessimism
                                  0.00 ^ _264_/CLK (sky130_fd_sc_hd__dfrtp_1)
                         -0.04   -0.04   library hold time
                                 -0.04   data required time
-----------------------------------------------------------------------------
                                 -0.04   data required time
                                 -0.51   data arrival time
-----------------------------------------------------------------------------
                                  0.56   slack (MET)


Startpoint: _252_ (rising edge-triggered flip-flop clocked by CLK100MHZ)
Endpoint: _252_ (rising edge-triggered flip-flop clocked by CLK100MHZ)
Path Group: CLK100MHZ
Path Type: min

Fanout     Cap    Slew   Delay    Time   Description
-----------------------------------------------------------------------------
                  0.00    0.00    0.00   clock CLK100MHZ (rise edge)
                          0.00    0.00   clock network delay (ideal)
                  0.00    0.00    0.00 ^ _252_/CLK (sky130_fd_sc_hd__dfrtp_2)
     3    0.02    0.11    0.38    0.38 ^ _252_/Q (sky130_fd_sc_hd__dfrtp_2)
                                         decoder.delay[2] (net)
                  0.11    0.00    0.39 ^ _170_/A (sky130_fd_sc_hd__xnor2_1)
     1    0.01    0.07    0.11    0.50 v _170_/Y (sky130_fd_sc_hd__xnor2_1)
                                         _017_ (net)
                  0.07    0.00    0.50 v _252_/D (sky130_fd_sc_hd__dfrtp_2)
                                  0.50   data arrival time

                  0.00    0.00    0.00   clock CLK100MHZ (rise edge)
                          0.00    0.00   clock network delay (ideal)
                          0.00    0.00   clock reconvergence pessimism
                                  0.00 ^ _252_/CLK (sky130_fd_sc_hd__dfrtp_2)
                         -0.06   -0.06   library hold time
                                 -0.06   data required time
-----------------------------------------------------------------------------
                                 -0.06   data required time
                                 -0.50   data arrival time
-----------------------------------------------------------------------------
                                  0.56   slack (MET)


Startpoint: _271_ (rising edge-triggered flip-flop clocked by CLK100MHZ)
Endpoint: _271_ (rising edge-triggered flip-flop clocked by CLK100MHZ)
Path Group: CLK100MHZ
Path Type: min

Fanout     Cap    Slew   Delay    Time   Description
-----------------------------------------------------------------------------
                  0.00    0.00    0.00   clock CLK100MHZ (rise edge)
                          0.00    0.00   clock network delay (ideal)
                  0.00    0.00    0.00 ^ _271_/CLK (sky130_fd_sc_hd__dfrtp_1)
     2    0.01    0.09    0.34    0.34 ^ _271_/Q (sky130_fd_sc_hd__dfrtp_1)
                                         decoder.delay[21] (net)
                  0.09    0.00    0.34 ^ _147_/A1 (sky130_fd_sc_hd__o21ba_1)
     1    0.01    0.09    0.17    0.51 ^ _147_/X (sky130_fd_sc_hd__o21ba_1)
                                         _013_ (net)
                  0.09    0.00    0.51 ^ _271_/D (sky130_fd_sc_hd__dfrtp_1)
                                  0.51   data arrival time

                  0.00    0.00    0.00   clock CLK100MHZ (rise edge)
                          0.00    0.00   clock network delay (ideal)
                          0.00    0.00   clock reconvergence pessimism
                                  0.00 ^ _271_/CLK (sky130_fd_sc_hd__dfrtp_1)
                         -0.05   -0.05   library hold time
                                 -0.05   data required time
-----------------------------------------------------------------------------
                                 -0.05   data required time
                                 -0.51   data arrival time
-----------------------------------------------------------------------------
                                  0.56   slack (MET)


Startpoint: _255_ (rising edge-triggered flip-flop clocked by CLK100MHZ)
Endpoint: _255_ (rising edge-triggered flip-flop clocked by CLK100MHZ)
Path Group: CLK100MHZ
Path Type: min

Fanout     Cap    Slew   Delay    Time   Description
-----------------------------------------------------------------------------
                  0.00    0.00    0.00   clock CLK100MHZ (rise edge)
                          0.00    0.00   clock network delay (ideal)
                  0.00    0.00    0.00 ^ _255_/CLK (sky130_fd_sc_hd__dfrtp_2)
     4    0.02    0.10    0.37    0.37 ^ _255_/Q (sky130_fd_sc_hd__dfrtp_2)
                                         decoder.delay[5] (net)
                  0.10    0.00    0.38 ^ _178_/A (sky130_fd_sc_hd__nor2_1)
     1    0.00    0.03    0.06    0.44 v _178_/Y (sky130_fd_sc_hd__nor2_1)
                                         _091_ (net)
                  0.03    0.00    0.44 v _179_/B (sky130_fd_sc_hd__nor2_1)
     1    0.00    0.08    0.08    0.52 ^ _179_/Y (sky130_fd_sc_hd__nor2_1)
                                         _020_ (net)
                  0.08    0.00    0.52 ^ _255_/D (sky130_fd_sc_hd__dfrtp_2)
                                  0.52   data arrival time

                  0.00    0.00    0.00   clock CLK100MHZ (rise edge)
                          0.00    0.00   clock network delay (ideal)
                          0.00    0.00   clock reconvergence pessimism
                                  0.00 ^ _255_/CLK (sky130_fd_sc_hd__dfrtp_2)
                         -0.05   -0.05   library hold time
                                 -0.05   data required time
-----------------------------------------------------------------------------
                                 -0.05   data required time
                                 -0.52   data arrival time
-----------------------------------------------------------------------------
                                  0.57   slack (MET)


Startpoint: _272_ (rising edge-triggered flip-flop clocked by CLK100MHZ)
Endpoint: _272_ (rising edge-triggered flip-flop clocked by CLK100MHZ)
Path Group: CLK100MHZ
Path Type: min

Fanout     Cap    Slew   Delay    Time   Description
-----------------------------------------------------------------------------
                  0.00    0.00    0.00   clock CLK100MHZ (rise edge)
                          0.00    0.00   clock network delay (ideal)
                  0.00    0.00    0.00 ^ _272_/CLK (sky130_fd_sc_hd__dfrtp_1)
     3    0.01    0.14    0.38    0.38 ^ _272_/Q (sky130_fd_sc_hd__dfrtp_1)
                                         decoder.delay[22] (net)
                  0.14    0.00    0.38 ^ _149_/B2 (sky130_fd_sc_hd__o2bb2a_1)
     1    0.00    0.05    0.15    0.53 ^ _149_/X (sky130_fd_sc_hd__o2bb2a_1)
                                         _014_ (net)
                  0.05    0.00    0.53 ^ _272_/D (sky130_fd_sc_hd__dfrtp_1)
                                  0.53   data arrival time

                  0.00    0.00    0.00   clock CLK100MHZ (rise edge)
                          0.00    0.00   clock network delay (ideal)
                          0.00    0.00   clock reconvergence pessimism
                                  0.00 ^ _272_/CLK (sky130_fd_sc_hd__dfrtp_1)
                         -0.04   -0.04   library hold time
                                 -0.04   data required time
-----------------------------------------------------------------------------
                                 -0.04   data required time
                                 -0.53   data arrival time
-----------------------------------------------------------------------------
                                  0.57   slack (MET)


Startpoint: _270_ (rising edge-triggered flip-flop clocked by CLK100MHZ)
Endpoint: _270_ (rising edge-triggered flip-flop clocked by CLK100MHZ)
Path Group: CLK100MHZ
Path Type: min

Fanout     Cap    Slew   Delay    Time   Description
-----------------------------------------------------------------------------
                  0.00    0.00    0.00   clock CLK100MHZ (rise edge)
                          0.00    0.00   clock network delay (ideal)
                  0.00    0.00    0.00 ^ _270_/CLK (sky130_fd_sc_hd__dfrtp_1)
     3    0.01    0.10    0.35    0.35 ^ _270_/Q (sky130_fd_sc_hd__dfrtp_1)
                                         decoder.delay[20] (net)
                  0.10    0.00    0.35 ^ _143_/B1 (sky130_fd_sc_hd__a21oi_1)
     1    0.00    0.04    0.05    0.40 v _143_/Y (sky130_fd_sc_hd__a21oi_1)
                                         _072_ (net)
                  0.04    0.00    0.40 v _145_/A (sky130_fd_sc_hd__nor2_1)
     1    0.00    0.11    0.12    0.52 ^ _145_/Y (sky130_fd_sc_hd__nor2_1)
                                         _012_ (net)
                  0.11    0.00    0.52 ^ _270_/D (sky130_fd_sc_hd__dfrtp_1)
                                  0.52   data arrival time

                  0.00    0.00    0.00   clock CLK100MHZ (rise edge)
                          0.00    0.00   clock network delay (ideal)
                          0.00    0.00   clock reconvergence pessimism
                                  0.00 ^ _270_/CLK (sky130_fd_sc_hd__dfrtp_1)
                         -0.05   -0.05   library hold time
                                 -0.05   data required time
-----------------------------------------------------------------------------
                                 -0.05   data required time
                                 -0.52   data arrival time
-----------------------------------------------------------------------------
                                  0.58   slack (MET)


Startpoint: _254_ (rising edge-triggered flip-flop clocked by CLK100MHZ)
Endpoint: _254_ (rising edge-triggered flip-flop clocked by CLK100MHZ)
Path Group: CLK100MHZ
Path Type: min

Fanout     Cap    Slew   Delay    Time   Description
-----------------------------------------------------------------------------
                  0.00    0.00    0.00   clock CLK100MHZ (rise edge)
                          0.00    0.00   clock network delay (ideal)
                  0.00    0.00    0.00 ^ _254_/CLK (sky130_fd_sc_hd__dfrtp_2)
     5    0.02    0.11    0.38    0.38 ^ _254_/Q (sky130_fd_sc_hd__dfrtp_2)
                                         decoder.delay[4] (net)
                  0.11    0.00    0.38 ^ _175_/A (sky130_fd_sc_hd__nor2_1)
     1    0.00    0.04    0.07    0.45 v _175_/Y (sky130_fd_sc_hd__nor2_1)
                                         _089_ (net)
                  0.04    0.00    0.45 v _176_/B (sky130_fd_sc_hd__nor2_1)
     1    0.00    0.08    0.09    0.54 ^ _176_/Y (sky130_fd_sc_hd__nor2_1)
                                         _019_ (net)
                  0.08    0.00    0.54 ^ _254_/D (sky130_fd_sc_hd__dfrtp_2)
                                  0.54   data arrival time

                  0.00    0.00    0.00   clock CLK100MHZ (rise edge)
                          0.00    0.00   clock network delay (ideal)
                          0.00    0.00   clock reconvergence pessimism
                                  0.00 ^ _254_/CLK (sky130_fd_sc_hd__dfrtp_2)
                         -0.05   -0.05   library hold time
                                 -0.05   data required time
-----------------------------------------------------------------------------
                                 -0.05   data required time
                                 -0.54   data arrival time
-----------------------------------------------------------------------------
                                  0.59   slack (MET)


Startpoint: _249_ (rising edge-triggered flip-flop clocked by CLK100MHZ)
Endpoint: _249_ (rising edge-triggered flip-flop clocked by CLK100MHZ)
Path Group: CLK100MHZ
Path Type: min

Fanout     Cap    Slew   Delay    Time   Description
-----------------------------------------------------------------------------
                  0.00    0.00    0.00   clock CLK100MHZ (rise edge)
                          0.00    0.00   clock network delay (ideal)
                  0.00    0.00    0.00 ^ _249_/CLK (sky130_fd_sc_hd__dfrtp_4)
     6    0.03    0.11    0.44    0.44 ^ _249_/Q (sky130_fd_sc_hd__dfrtp_4)
                                         decoder.count[3] (net)
                  0.11    0.00    0.44 ^ _130_/A (sky130_fd_sc_hd__xor2_1)
     1    0.01    0.05    0.10    0.54 v _130_/X (sky130_fd_sc_hd__xor2_1)
                                         _057_ (net)
                  0.05    0.00    0.54 v _249_/D (sky130_fd_sc_hd__dfrtp_4)
                                  0.54   data arrival time

                  0.00    0.00    0.00   clock CLK100MHZ (rise edge)
                          0.00    0.00   clock network delay (ideal)
                          0.00    0.00   clock reconvergence pessimism
                                  0.00 ^ _249_/CLK (sky130_fd_sc_hd__dfrtp_4)
                         -0.06   -0.06   library hold time
                                 -0.06   data required time
-----------------------------------------------------------------------------
                                 -0.06   data required time
                                 -0.54   data arrival time
-----------------------------------------------------------------------------
                                  0.59   slack (MET)


Startpoint: _247_ (rising edge-triggered flip-flop clocked by CLK100MHZ)
Endpoint: _247_ (rising edge-triggered flip-flop clocked by CLK100MHZ)
Path Group: CLK100MHZ
Path Type: min

Fanout     Cap    Slew   Delay    Time   Description
-----------------------------------------------------------------------------
                  0.00    0.00    0.00   clock CLK100MHZ (rise edge)
                          0.00    0.00   clock network delay (ideal)
                  0.00    0.00    0.00 ^ _247_/CLK (sky130_fd_sc_hd__dfrtp_4)
     9    0.03    0.13    0.45    0.45 ^ _247_/Q (sky130_fd_sc_hd__dfrtp_4)
                                         decoder.count[1] (net)
                  0.13    0.00    0.45 ^ _140_/A (sky130_fd_sc_hd__xor2_1)
     1    0.01    0.05    0.10    0.55 v _140_/X (sky130_fd_sc_hd__xor2_1)
                                         _055_ (net)
                  0.05    0.00    0.55 v _247_/D (sky130_fd_sc_hd__dfrtp_4)
                                  0.55   data arrival time

                  0.00    0.00    0.00   clock CLK100MHZ (rise edge)
                          0.00    0.00   clock network delay (ideal)
                          0.00    0.00   clock reconvergence pessimism
                                  0.00 ^ _247_/CLK (sky130_fd_sc_hd__dfrtp_4)
                         -0.05   -0.05   library hold time
                                 -0.05   data required time
-----------------------------------------------------------------------------
                                 -0.05   data required time
                                 -0.55   data arrival time
-----------------------------------------------------------------------------
                                  0.60   slack (MET)


Startpoint: _267_ (rising edge-triggered flip-flop clocked by CLK100MHZ)
Endpoint: _267_ (rising edge-triggered flip-flop clocked by CLK100MHZ)
Path Group: CLK100MHZ
Path Type: min

Fanout     Cap    Slew   Delay    Time   Description
-----------------------------------------------------------------------------
                  0.00    0.00    0.00   clock CLK100MHZ (rise edge)
                          0.00    0.00   clock network delay (ideal)
                  0.00    0.00    0.00 ^ _267_/CLK (sky130_fd_sc_hd__dfrtp_1)
     4    0.01    0.13    0.37    0.37 ^ _267_/Q (sky130_fd_sc_hd__dfrtp_1)
                                         decoder.delay[17] (net)
                  0.13    0.00    0.37 ^ _208_/B1 (sky130_fd_sc_hd__a21oi_1)
     1    0.00    0.05    0.06    0.43 v _208_/Y (sky130_fd_sc_hd__a21oi_1)
                                         _109_ (net)
                  0.05    0.00    0.43 v _210_/A (sky130_fd_sc_hd__nor2_1)
     1    0.00    0.11    0.12    0.55 ^ _210_/Y (sky130_fd_sc_hd__nor2_1)
                                         _008_ (net)
                  0.11    0.00    0.55 ^ _267_/D (sky130_fd_sc_hd__dfrtp_1)
                                  0.55   data arrival time

                  0.00    0.00    0.00   clock CLK100MHZ (rise edge)
                          0.00    0.00   clock network delay (ideal)
                          0.00    0.00   clock reconvergence pessimism
                                  0.00 ^ _267_/CLK (sky130_fd_sc_hd__dfrtp_1)
                         -0.05   -0.05   library hold time
                                 -0.05   data required time
-----------------------------------------------------------------------------
                                 -0.05   data required time
                                 -0.55   data arrival time
-----------------------------------------------------------------------------
                                  0.60   slack (MET)


Startpoint: _265_ (rising edge-triggered flip-flop clocked by CLK100MHZ)
Endpoint: _265_ (rising edge-triggered flip-flop clocked by CLK100MHZ)
Path Group: CLK100MHZ
Path Type: min

Fanout     Cap    Slew   Delay    Time   Description
-----------------------------------------------------------------------------
                  0.00    0.00    0.00   clock CLK100MHZ (rise edge)
                          0.00    0.00   clock network delay (ideal)
                  0.00    0.00    0.00 ^ _265_/CLK (sky130_fd_sc_hd__dfrtp_1)
     2    0.01    0.11    0.36    0.36 ^ _265_/Q (sky130_fd_sc_hd__dfrtp_1)
                                         decoder.delay[15] (net)
                  0.11    0.00    0.36 ^ _205_/B1 (sky130_fd_sc_hd__a21oi_1)
     1    0.00    0.04    0.06    0.41 v _205_/Y (sky130_fd_sc_hd__a21oi_1)
                                         _108_ (net)
                  0.04    0.00    0.41 v _206_/B (sky130_fd_sc_hd__nor2_1)
     1    0.01    0.14    0.13    0.54 ^ _206_/Y (sky130_fd_sc_hd__nor2_1)
                                         _006_ (net)
                  0.14    0.00    0.54 ^ _265_/D (sky130_fd_sc_hd__dfrtp_1)
                                  0.54   data arrival time

                  0.00    0.00    0.00   clock CLK100MHZ (rise edge)
                          0.00    0.00   clock network delay (ideal)
                          0.00    0.00   clock reconvergence pessimism
                                  0.00 ^ _265_/CLK (sky130_fd_sc_hd__dfrtp_1)
                         -0.06   -0.06   library hold time
                                 -0.06   data required time
-----------------------------------------------------------------------------
                                 -0.06   data required time
                                 -0.54   data arrival time
-----------------------------------------------------------------------------
                                  0.61   slack (MET)


Startpoint: _263_ (rising edge-triggered flip-flop clocked by CLK100MHZ)
Endpoint: _263_ (rising edge-triggered flip-flop clocked by CLK100MHZ)
Path Group: CLK100MHZ
Path Type: min

Fanout     Cap    Slew   Delay    Time   Description
-----------------------------------------------------------------------------
                  0.00    0.00    0.00   clock CLK100MHZ (rise edge)
                          0.00    0.00   clock network delay (ideal)
                  0.00    0.00    0.00 ^ _263_/CLK (sky130_fd_sc_hd__dfrtp_1)
     4    0.02    0.15    0.39    0.39 ^ _263_/Q (sky130_fd_sc_hd__dfrtp_1)
                                         decoder.delay[13] (net)
                  0.15    0.00    0.39 ^ _202_/A1 (sky130_fd_sc_hd__o21ba_1)
     1    0.01    0.07    0.17    0.56 ^ _202_/X (sky130_fd_sc_hd__o21ba_1)
                                         _004_ (net)
                  0.07    0.00    0.56 ^ _263_/D (sky130_fd_sc_hd__dfrtp_1)
                                  0.56   data arrival time

                  0.00    0.00    0.00   clock CLK100MHZ (rise edge)
                          0.00    0.00   clock network delay (ideal)
                          0.00    0.00   clock reconvergence pessimism
                                  0.00 ^ _263_/CLK (sky130_fd_sc_hd__dfrtp_1)
                         -0.05   -0.05   library hold time
                                 -0.05   data required time
-----------------------------------------------------------------------------
                                 -0.05   data required time
                                 -0.56   data arrival time
-----------------------------------------------------------------------------
                                  0.61   slack (MET)


Startpoint: _274_ (rising edge-triggered flip-flop clocked by CLK100MHZ)
Endpoint: _248_ (rising edge-triggered flip-flop clocked by CLK100MHZ)
Path Group: CLK100MHZ
Path Type: min

Fanout     Cap    Slew   Delay    Time   Description
-----------------------------------------------------------------------------
                  0.00    0.00    0.00   clock CLK100MHZ (rise edge)
                          0.00    0.00   clock network delay (ideal)
                  0.00    0.00    0.00 ^ _274_/CLK (sky130_fd_sc_hd__dfrtp_2)
     5    0.02    0.12    0.39    0.39 ^ _274_/Q (sky130_fd_sc_hd__dfrtp_2)
                                         decoder.delay[24] (net)
                  0.12    0.00    0.39 ^ _137_/A1 (sky130_fd_sc_hd__a31o_1)
     1    0.01    0.07    0.17    0.55 ^ _137_/X (sky130_fd_sc_hd__a31o_1)
                                         _069_ (net)
                  0.07    0.00    0.55 ^ _138_/B1 (sky130_fd_sc_hd__o31ai_1)
     1    0.00    0.04    0.07    0.62 v _138_/Y (sky130_fd_sc_hd__o31ai_1)
                                         _056_ (net)
                  0.04    0.00    0.62 v _248_/D (sky130_fd_sc_hd__dfrtp_4)
                                  0.62   data arrival time

                  0.00    0.00    0.00   clock CLK100MHZ (rise edge)
                          0.00    0.00   clock network delay (ideal)
                          0.00    0.00   clock reconvergence pessimism
                                  0.00 ^ _248_/CLK (sky130_fd_sc_hd__dfrtp_4)
                         -0.05   -0.05   library hold time
                                 -0.05   data required time
-----------------------------------------------------------------------------
                                 -0.05   data required time
                                 -0.62   data arrival time
-----------------------------------------------------------------------------
                                  0.67   slack (MET)


Startpoint: _246_ (rising edge-triggered flip-flop clocked by CLK100MHZ)
Endpoint: _246_ (rising edge-triggered flip-flop clocked by CLK100MHZ)
Path Group: CLK100MHZ
Path Type: min

Fanout     Cap    Slew   Delay    Time   Description
-----------------------------------------------------------------------------
                  0.00    0.00    0.00   clock CLK100MHZ (rise edge)
                          0.00    0.00   clock network delay (ideal)
                  0.00    0.00    0.00 ^ _246_/CLK (sky130_fd_sc_hd__dfrtp_4)
     6    0.03    0.09    0.50    0.50 v _246_/Q (sky130_fd_sc_hd__dfrtp_4)
                                         decoder.count[0] (net)
                  0.09    0.00    0.50 v _141_/A (sky130_fd_sc_hd__inv_2)
     2    0.01    0.05    0.08    0.57 ^ _141_/Y (sky130_fd_sc_hd__inv_2)
                                         _071_ (net)
                  0.05    0.00    0.57 ^ _142_/A1 (sky130_fd_sc_hd__a21oi_1)
     1    0.01    0.05    0.07    0.64 v _142_/Y (sky130_fd_sc_hd__a21oi_1)
                                         _054_ (net)
                  0.05    0.00    0.64 v _246_/D (sky130_fd_sc_hd__dfrtp_4)
                                  0.64   data arrival time

                  0.00    0.00    0.00   clock CLK100MHZ (rise edge)
                          0.00    0.00   clock network delay (ideal)
                          0.00    0.00   clock reconvergence pessimism
                                  0.00 ^ _246_/CLK (sky130_fd_sc_hd__dfrtp_4)
                         -0.05   -0.05   library hold time
                                 -0.05   data required time
-----------------------------------------------------------------------------
                                 -0.05   data required time
                                 -0.64   data arrival time
-----------------------------------------------------------------------------
                                  0.69   slack (MET)


Startpoint: _260_ (rising edge-triggered flip-flop clocked by CLK100MHZ)
Endpoint: _260_ (rising edge-triggered flip-flop clocked by CLK100MHZ)
Path Group: CLK100MHZ
Path Type: min

Fanout     Cap    Slew   Delay    Time   Description
-----------------------------------------------------------------------------
                  0.00    0.00    0.00   clock CLK100MHZ (rise edge)
                          0.00    0.00   clock network delay (ideal)
                  0.00    0.00    0.00 ^ _260_/CLK (sky130_fd_sc_hd__dfrtp_1)
     3    0.02    0.14    0.38    0.38 ^ _260_/Q (sky130_fd_sc_hd__dfrtp_1)
                                         decoder.delay[10] (net)
                  0.14    0.00    0.38 ^ _193_/B1 (sky130_fd_sc_hd__a31o_1)
     1    0.00    0.06    0.13    0.51 ^ _193_/X (sky130_fd_sc_hd__a31o_1)
                                         _101_ (net)
                  0.06    0.00    0.51 ^ _194_/B1_N (sky130_fd_sc_hd__a21boi_1)
     1    0.00    0.08    0.14    0.65 ^ _194_/Y (sky130_fd_sc_hd__a21boi_1)
                                         _001_ (net)
                  0.08    0.00    0.65 ^ _260_/D (sky130_fd_sc_hd__dfrtp_1)
                                  0.65   data arrival time

                  0.00    0.00    0.00   clock CLK100MHZ (rise edge)
                          0.00    0.00   clock network delay (ideal)
                          0.00    0.00   clock reconvergence pessimism
                                  0.00 ^ _260_/CLK (sky130_fd_sc_hd__dfrtp_1)
                         -0.05   -0.05   library hold time
                                 -0.05   data required time
-----------------------------------------------------------------------------
                                 -0.05   data required time
                                 -0.65   data arrival time
-----------------------------------------------------------------------------
                                  0.70   slack (MET)


Startpoint: _273_ (rising edge-triggered flip-flop clocked by CLK100MHZ)
Endpoint: _273_ (rising edge-triggered flip-flop clocked by CLK100MHZ)
Path Group: CLK100MHZ
Path Type: min

Fanout     Cap    Slew   Delay    Time   Description
-----------------------------------------------------------------------------
                  0.00    0.00    0.00   clock CLK100MHZ (rise edge)
                          0.00    0.00   clock network delay (ideal)
                  0.00    0.00    0.00 ^ _273_/CLK (sky130_fd_sc_hd__dfrtp_1)
     2    0.01    0.07    0.32    0.32 ^ _273_/Q (sky130_fd_sc_hd__dfrtp_1)
                                         decoder.delay[23] (net)
                  0.07    0.00    0.32 ^ _151_/B1 (sky130_fd_sc_hd__a21o_1)
     1    0.01    0.07    0.11    0.43 ^ _151_/X (sky130_fd_sc_hd__a21o_1)
                                         _077_ (net)
                  0.07    0.00    0.43 ^ _152_/B (sky130_fd_sc_hd__and2_1)
     1    0.01    0.07    0.14    0.57 ^ _152_/X (sky130_fd_sc_hd__and2_1)
                                         _078_ (net)
                  0.07    0.00    0.57 ^ _153_/A (sky130_fd_sc_hd__buf_1)
     1    0.01    0.10    0.12    0.69 ^ _153_/X (sky130_fd_sc_hd__buf_1)
                                         _015_ (net)
                  0.10    0.00    0.69 ^ _273_/D (sky130_fd_sc_hd__dfrtp_1)
                                  0.69   data arrival time

                  0.00    0.00    0.00   clock CLK100MHZ (rise edge)
                          0.00    0.00   clock network delay (ideal)
                          0.00    0.00   clock reconvergence pessimism
                                  0.00 ^ _273_/CLK (sky130_fd_sc_hd__dfrtp_1)
                         -0.05   -0.05   library hold time
                                 -0.05   data required time
-----------------------------------------------------------------------------
                                 -0.05   data required time
                                 -0.69   data arrival time
-----------------------------------------------------------------------------
                                  0.74   slack (MET)


Startpoint: _251_ (rising edge-triggered flip-flop clocked by CLK100MHZ)
Endpoint: _251_ (rising edge-triggered flip-flop clocked by CLK100MHZ)
Path Group: CLK100MHZ
Path Type: min

Fanout     Cap    Slew   Delay    Time   Description
-----------------------------------------------------------------------------
                  0.00    0.00    0.00   clock CLK100MHZ (rise edge)
                          0.00    0.00   clock network delay (ideal)
                  0.00    0.00    0.00 ^ _251_/CLK (sky130_fd_sc_hd__dfrtp_2)
     4    0.02    0.09    0.37    0.37 ^ _251_/Q (sky130_fd_sc_hd__dfrtp_2)
                                         decoder.delay[1] (net)
                  0.09    0.00    0.37 ^ _167_/A (sky130_fd_sc_hd__or2_1)
     1    0.00    0.04    0.11    0.48 ^ _167_/X (sky130_fd_sc_hd__or2_1)
                                         _084_ (net)
                  0.04    0.00    0.48 ^ _168_/B (sky130_fd_sc_hd__and2_1)
     1    0.01    0.06    0.13    0.61 ^ _168_/X (sky130_fd_sc_hd__and2_1)
                                         _085_ (net)
                  0.06    0.00    0.61 ^ _169_/A (sky130_fd_sc_hd__clkbuf_1)
     1    0.00    0.07    0.10    0.72 ^ _169_/X (sky130_fd_sc_hd__clkbuf_1)
                                         _011_ (net)
                  0.07    0.00    0.72 ^ _251_/D (sky130_fd_sc_hd__dfrtp_2)
                                  0.72   data arrival time

                  0.00    0.00    0.00   clock CLK100MHZ (rise edge)
                          0.00    0.00   clock network delay (ideal)
                          0.00    0.00   clock reconvergence pessimism
                                  0.00 ^ _251_/CLK (sky130_fd_sc_hd__dfrtp_2)
                         -0.05   -0.05   library hold time
                                 -0.05   data required time
-----------------------------------------------------------------------------
                                 -0.05   data required time
                                 -0.72   data arrival time
-----------------------------------------------------------------------------
                                  0.76   slack (MET)


Startpoint: _253_ (rising edge-triggered flip-flop clocked by CLK100MHZ)
Endpoint: _253_ (rising edge-triggered flip-flop clocked by CLK100MHZ)
Path Group: CLK100MHZ
Path Type: min

Fanout     Cap    Slew   Delay    Time   Description
-----------------------------------------------------------------------------
                  0.00    0.00    0.00   clock CLK100MHZ (rise edge)
                          0.00    0.00   clock network delay (ideal)
                  0.00    0.00    0.00 ^ _253_/CLK (sky130_fd_sc_hd__dfrtp_1)
     2    0.01    0.10    0.35    0.35 ^ _253_/Q (sky130_fd_sc_hd__dfrtp_1)
                                         decoder.delay[3] (net)
                  0.10    0.00    0.35 ^ _171_/B1 (sky130_fd_sc_hd__a31o_1)
     1    0.00    0.05    0.11    0.46 ^ _171_/X (sky130_fd_sc_hd__a31o_1)
                                         _086_ (net)
                  0.05    0.00    0.46 ^ _172_/B (sky130_fd_sc_hd__and2b_1)
     1    0.01    0.09    0.15    0.61 ^ _172_/X (sky130_fd_sc_hd__and2b_1)
                                         _087_ (net)
                  0.09    0.00    0.61 ^ _173_/A (sky130_fd_sc_hd__clkbuf_1)
     1    0.00    0.06    0.10    0.72 ^ _173_/X (sky130_fd_sc_hd__clkbuf_1)
                                         _018_ (net)
                  0.06    0.00    0.72 ^ _253_/D (sky130_fd_sc_hd__dfrtp_1)
                                  0.72   data arrival time

                  0.00    0.00    0.00   clock CLK100MHZ (rise edge)
                          0.00    0.00   clock network delay (ideal)
                          0.00    0.00   clock reconvergence pessimism
                                  0.00 ^ _253_/CLK (sky130_fd_sc_hd__dfrtp_1)
                         -0.04   -0.04   library hold time
                                 -0.04   data required time
-----------------------------------------------------------------------------
                                 -0.04   data required time
                                 -0.72   data arrival time
-----------------------------------------------------------------------------
                                  0.76   slack (MET)


Startpoint: _261_ (rising edge-triggered flip-flop clocked by CLK100MHZ)
Endpoint: _261_ (rising edge-triggered flip-flop clocked by CLK100MHZ)
Path Group: CLK100MHZ
Path Type: min

Fanout     Cap    Slew   Delay    Time   Description
-----------------------------------------------------------------------------
                  0.00    0.00    0.00   clock CLK100MHZ (rise edge)
                          0.00    0.00   clock network delay (ideal)
                  0.00    0.00    0.00 ^ _261_/CLK (sky130_fd_sc_hd__dfrtp_1)
     3    0.01    0.12    0.36    0.36 ^ _261_/Q (sky130_fd_sc_hd__dfrtp_1)
                                         decoder.delay[11] (net)
                  0.12    0.00    0.36 ^ _195_/B1 (sky130_fd_sc_hd__a21oi_1)
     1    0.01    0.06    0.08    0.44 v _195_/Y (sky130_fd_sc_hd__a21oi_1)
                                         _102_ (net)
                  0.06    0.00    0.44 v _197_/A_N (sky130_fd_sc_hd__and2b_1)
     1    0.01    0.07    0.21    0.65 ^ _197_/X (sky130_fd_sc_hd__and2b_1)
                                         _104_ (net)
                  0.07    0.00    0.65 ^ _198_/A (sky130_fd_sc_hd__buf_1)
     1    0.01    0.10    0.13    0.78 ^ _198_/X (sky130_fd_sc_hd__buf_1)
                                         _002_ (net)
                  0.10    0.00    0.78 ^ _261_/D (sky130_fd_sc_hd__dfrtp_1)
                                  0.78   data arrival time

                  0.00    0.00    0.00   clock CLK100MHZ (rise edge)
                          0.00    0.00   clock network delay (ideal)
                          0.00    0.00   clock reconvergence pessimism
                                  0.00 ^ _261_/CLK (sky130_fd_sc_hd__dfrtp_1)
                         -0.05   -0.05   library hold time
                                 -0.05   data required time
-----------------------------------------------------------------------------
                                 -0.05   data required time
                                 -0.78   data arrival time
-----------------------------------------------------------------------------
                                  0.83   slack (MET)


Startpoint: _257_ (rising edge-triggered flip-flop clocked by CLK100MHZ)
Endpoint: _257_ (rising edge-triggered flip-flop clocked by CLK100MHZ)
Path Group: CLK100MHZ
Path Type: min

Fanout     Cap    Slew   Delay    Time   Description
-----------------------------------------------------------------------------
                  0.00    0.00    0.00   clock CLK100MHZ (rise edge)
                          0.00    0.00   clock network delay (ideal)
                  0.00    0.00    0.00 ^ _257_/CLK (sky130_fd_sc_hd__dfrtp_1)
     3    0.01    0.14    0.37    0.37 ^ _257_/Q (sky130_fd_sc_hd__dfrtp_1)
                                         decoder.delay[7] (net)
                  0.14    0.00    0.37 ^ _184_/B1 (sky130_fd_sc_hd__a21o_1)
     1    0.01    0.06    0.12    0.49 ^ _184_/X (sky130_fd_sc_hd__a21o_1)
                                         _095_ (net)
                  0.06    0.00    0.49 ^ _185_/B (sky130_fd_sc_hd__and2b_1)
     1    0.01    0.11    0.17    0.66 ^ _185_/X (sky130_fd_sc_hd__and2b_1)
                                         _096_ (net)
                  0.11    0.00    0.66 ^ _186_/A (sky130_fd_sc_hd__buf_1)
     1    0.01    0.09    0.13    0.80 ^ _186_/X (sky130_fd_sc_hd__buf_1)
                                         _022_ (net)
                  0.09    0.00    0.80 ^ _257_/D (sky130_fd_sc_hd__dfrtp_1)
                                  0.80   data arrival time

                  0.00    0.00    0.00   clock CLK100MHZ (rise edge)
                          0.00    0.00   clock network delay (ideal)
                          0.00    0.00   clock reconvergence pessimism
                                  0.00 ^ _257_/CLK (sky130_fd_sc_hd__dfrtp_1)
                         -0.05   -0.05   library hold time
                                 -0.05   data required time
-----------------------------------------------------------------------------
                                 -0.05   data required time
                                 -0.80   data arrival time
-----------------------------------------------------------------------------
                                  0.85   slack (MET)


Startpoint: _258_ (rising edge-triggered flip-flop clocked by CLK100MHZ)
Endpoint: _258_ (rising edge-triggered flip-flop clocked by CLK100MHZ)
Path Group: CLK100MHZ
Path Type: min

Fanout     Cap    Slew   Delay    Time   Description
-----------------------------------------------------------------------------
                  0.00    0.00    0.00   clock CLK100MHZ (rise edge)
                          0.00    0.00   clock network delay (ideal)
                  0.00    0.00    0.00 ^ _258_/CLK (sky130_fd_sc_hd__dfrtp_4)
     5    0.02    0.09    0.42    0.42 ^ _258_/Q (sky130_fd_sc_hd__dfrtp_4)
                                         decoder.delay[8] (net)
                  0.09    0.00    0.42 ^ _187_/A (sky130_fd_sc_hd__nor2_1)
     1    0.01    0.04    0.07    0.49 v _187_/Y (sky130_fd_sc_hd__nor2_1)
                                         _097_ (net)
                  0.04    0.00    0.49 v _189_/A_N (sky130_fd_sc_hd__and2b_1)
     1    0.00    0.05    0.19    0.68 ^ _189_/X (sky130_fd_sc_hd__and2b_1)
                                         _099_ (net)
                  0.05    0.00    0.68 ^ _190_/A (sky130_fd_sc_hd__buf_1)
     1    0.01    0.11    0.13    0.81 ^ _190_/X (sky130_fd_sc_hd__buf_1)
                                         _023_ (net)
                  0.11    0.00    0.81 ^ _258_/D (sky130_fd_sc_hd__dfrtp_4)
                                  0.81   data arrival time

                  0.00    0.00    0.00   clock CLK100MHZ (rise edge)
                          0.00    0.00   clock network delay (ideal)
                          0.00    0.00   clock reconvergence pessimism
                                  0.00 ^ _258_/CLK (sky130_fd_sc_hd__dfrtp_4)
                         -0.05   -0.05   library hold time
                                 -0.05   data required time
-----------------------------------------------------------------------------
                                 -0.05   data required time
                                 -0.81   data arrival time
-----------------------------------------------------------------------------
                                  0.86   slack (MET)



worst slack corner Typical: 0.4721
min_report_end
max_report

===========================================================================
report_checks -path_delay max (Setup)
============================================================================
======================= Typical Corner ===================================

Startpoint: _252_ (rising edge-triggered flip-flop clocked by CLK100MHZ)
Endpoint: _272_ (rising edge-triggered flip-flop clocked by CLK100MHZ)
Path Group: CLK100MHZ
Path Type: max

Fanout     Cap    Slew   Delay    Time   Description
-----------------------------------------------------------------------------
                  0.00    0.00    0.00   clock CLK100MHZ (rise edge)
                          0.00    0.00   clock network delay (ideal)
                  0.00    0.00    0.00 ^ _252_/CLK (sky130_fd_sc_hd__dfrtp_2)
     3    0.02    0.08    0.42    0.42 v _252_/Q (sky130_fd_sc_hd__dfrtp_2)
                                         decoder.delay[2] (net)
                  0.08    0.00    0.42 v _126_/C (sky130_fd_sc_hd__and4_2)
     6    0.02    0.08    0.28    0.70 v _126_/X (sky130_fd_sc_hd__and4_2)
                                         _059_ (net)
                  0.08    0.00    0.70 v _128_/C (sky130_fd_sc_hd__and4_2)
     7    0.03    0.09    0.29    0.99 v _128_/X (sky130_fd_sc_hd__and4_2)
                                         _061_ (net)
                  0.09    0.00    0.99 v _134_/A (sky130_fd_sc_hd__clkbuf_4)
    10    0.04    0.08    0.21    1.20 v _134_/X (sky130_fd_sc_hd__clkbuf_4)
                                         _066_ (net)
                  0.08    0.00    1.20 v _146_/C (sky130_fd_sc_hd__and3_1)
     2    0.01    0.06    0.22    1.42 v _146_/X (sky130_fd_sc_hd__and3_1)
                                         _074_ (net)
                  0.06    0.00    1.42 v _149_/B1 (sky130_fd_sc_hd__o2bb2a_1)
     1    0.00    0.05    0.29    1.71 v _149_/X (sky130_fd_sc_hd__o2bb2a_1)
                                         _014_ (net)
                  0.05    0.00    1.71 v _272_/D (sky130_fd_sc_hd__dfrtp_1)
                                  1.71   data arrival time

                  0.00   10.00   10.00   clock CLK100MHZ (rise edge)
                          0.00   10.00   clock network delay (ideal)
                          0.00   10.00   clock reconvergence pessimism
                                 10.00 ^ _272_/CLK (sky130_fd_sc_hd__dfrtp_1)
                         -0.13    9.87   library setup time
                                  9.87   data required time
-----------------------------------------------------------------------------
                                  9.87   data required time
                                 -1.71   data arrival time
-----------------------------------------------------------------------------
                                  8.16   slack (MET)


Startpoint: _250_ (rising edge-triggered flip-flop clocked by CLK100MHZ)
Endpoint: _271_ (rising edge-triggered flip-flop clocked by CLK100MHZ)
Path Group: CLK100MHZ
Path Type: max

Fanout     Cap    Slew   Delay    Time   Description
-----------------------------------------------------------------------------
                  0.00    0.00    0.00   clock CLK100MHZ (rise edge)
                          0.00    0.00   clock network delay (ideal)
                  0.00    0.00    0.00 ^ _250_/CLK (sky130_fd_sc_hd__dfrtp_2)
     5    0.02    0.12    0.39    0.39 ^ _250_/Q (sky130_fd_sc_hd__dfrtp_2)
                                         decoder.delay[0] (net)
                  0.12    0.00    0.39 ^ _126_/B (sky130_fd_sc_hd__and4_2)
     6    0.02    0.13    0.30    0.69 ^ _126_/X (sky130_fd_sc_hd__and4_2)
                                         _059_ (net)
                  0.13    0.00    0.69 ^ _128_/C (sky130_fd_sc_hd__and4_2)
     7    0.03    0.16    0.34    1.03 ^ _128_/X (sky130_fd_sc_hd__and4_2)
                                         _061_ (net)
                  0.16    0.00    1.03 ^ _134_/A (sky130_fd_sc_hd__clkbuf_4)
    10    0.04    0.13    0.24    1.27 ^ _134_/X (sky130_fd_sc_hd__clkbuf_4)
                                         _066_ (net)
                  0.13    0.00    1.27 ^ _146_/C (sky130_fd_sc_hd__and3_1)
     2    0.01    0.10    0.21    1.47 ^ _146_/X (sky130_fd_sc_hd__and3_1)
                                         _074_ (net)
                  0.10    0.00    1.47 ^ _147_/B1_N (sky130_fd_sc_hd__o21ba_1)
     1    0.01    0.06    0.18    1.65 v _147_/X (sky130_fd_sc_hd__o21ba_1)
                                         _013_ (net)
                  0.06    0.00    1.65 v _271_/D (sky130_fd_sc_hd__dfrtp_1)
                                  1.65   data arrival time

                  0.00   10.00   10.00   clock CLK100MHZ (rise edge)
                          0.00   10.00   clock network delay (ideal)
                          0.00   10.00   clock reconvergence pessimism
                                 10.00 ^ _271_/CLK (sky130_fd_sc_hd__dfrtp_1)
                         -0.13    9.87   library setup time
                                  9.87   data required time
-----------------------------------------------------------------------------
                                  9.87   data required time
                                 -1.65   data arrival time
-----------------------------------------------------------------------------
                                  8.22   slack (MET)


Startpoint: _252_ (rising edge-triggered flip-flop clocked by CLK100MHZ)
Endpoint: _261_ (rising edge-triggered flip-flop clocked by CLK100MHZ)
Path Group: CLK100MHZ
Path Type: max

Fanout     Cap    Slew   Delay    Time   Description
-----------------------------------------------------------------------------
                  0.00    0.00    0.00   clock CLK100MHZ (rise edge)
                          0.00    0.00   clock network delay (ideal)
                  0.00    0.00    0.00 ^ _252_/CLK (sky130_fd_sc_hd__dfrtp_2)
     3    0.02    0.08    0.42    0.42 v _252_/Q (sky130_fd_sc_hd__dfrtp_2)
                                         decoder.delay[2] (net)
                  0.08    0.00    0.42 v _126_/C (sky130_fd_sc_hd__and4_2)
     6    0.02    0.08    0.28    0.70 v _126_/X (sky130_fd_sc_hd__and4_2)
                                         _059_ (net)
                  0.08    0.00    0.70 v _182_/B (sky130_fd_sc_hd__and3_1)
     2    0.01    0.06    0.19    0.89 v _182_/X (sky130_fd_sc_hd__and3_1)
                                         _093_ (net)
                  0.06    0.00    0.89 v _183_/A (sky130_fd_sc_hd__buf_2)
    10    0.03    0.09    0.18    1.08 v _183_/X (sky130_fd_sc_hd__buf_2)
                                         _094_ (net)
                  0.09    0.00    1.08 v _195_/A2 (sky130_fd_sc_hd__a21oi_1)
     1    0.01    0.20    0.23    1.30 ^ _195_/Y (sky130_fd_sc_hd__a21oi_1)
                                         _102_ (net)
                  0.20    0.00    1.30 ^ _197_/A_N (sky130_fd_sc_hd__and2b_1)
     1    0.01    0.05    0.22    1.52 v _197_/X (sky130_fd_sc_hd__and2b_1)
                                         _104_ (net)
                  0.05    0.00    1.52 v _198_/A (sky130_fd_sc_hd__buf_1)
     1    0.01    0.05    0.11    1.63 v _198_/X (sky130_fd_sc_hd__buf_1)
                                         _002_ (net)
                  0.05    0.00    1.63 v _261_/D (sky130_fd_sc_hd__dfrtp_1)
                                  1.63   data arrival time

                  0.00   10.00   10.00   clock CLK100MHZ (rise edge)
                          0.00   10.00   clock network delay (ideal)
                          0.00   10.00   clock reconvergence pessimism
                                 10.00 ^ _261_/CLK (sky130_fd_sc_hd__dfrtp_1)
                         -0.13    9.87   library setup time
                                  9.87   data required time
-----------------------------------------------------------------------------
                                  9.87   data required time
                                 -1.63   data arrival time
-----------------------------------------------------------------------------
                                  8.24   slack (MET)


Startpoint: _252_ (rising edge-triggered flip-flop clocked by CLK100MHZ)
Endpoint: _264_ (rising edge-triggered flip-flop clocked by CLK100MHZ)
Path Group: CLK100MHZ
Path Type: max

Fanout     Cap    Slew   Delay    Time   Description
-----------------------------------------------------------------------------
                  0.00    0.00    0.00   clock CLK100MHZ (rise edge)
                          0.00    0.00   clock network delay (ideal)
                  0.00    0.00    0.00 ^ _252_/CLK (sky130_fd_sc_hd__dfrtp_2)
     3    0.02    0.08    0.42    0.42 v _252_/Q (sky130_fd_sc_hd__dfrtp_2)
                                         decoder.delay[2] (net)
                  0.08    0.00    0.42 v _126_/C (sky130_fd_sc_hd__and4_2)
     6    0.02    0.08    0.28    0.70 v _126_/X (sky130_fd_sc_hd__and4_2)
                                         _059_ (net)
                  0.08    0.00    0.70 v _182_/B (sky130_fd_sc_hd__and3_1)
     2    0.01    0.06    0.19    0.89 v _182_/X (sky130_fd_sc_hd__and3_1)
                                         _093_ (net)
                  0.06    0.00    0.89 v _183_/A (sky130_fd_sc_hd__buf_2)
    10    0.03    0.09    0.18    1.08 v _183_/X (sky130_fd_sc_hd__buf_2)
                                         _094_ (net)
                  0.09    0.00    1.08 v _201_/D (sky130_fd_sc_hd__and4_1)
     2    0.01    0.06    0.23    1.31 v _201_/X (sky130_fd_sc_hd__and4_1)
                                         _106_ (net)
                  0.06    0.00    1.31 v _204_/B1 (sky130_fd_sc_hd__o2bb2a_1)
     1    0.00    0.06    0.30    1.61 v _204_/X (sky130_fd_sc_hd__o2bb2a_1)
                                         _005_ (net)
                  0.06    0.00    1.61 v _264_/D (sky130_fd_sc_hd__dfrtp_1)
                                  1.61   data arrival time

                  0.00   10.00   10.00   clock CLK100MHZ (rise edge)
                          0.00   10.00   clock network delay (ideal)
                          0.00   10.00   clock reconvergence pessimism
                                 10.00 ^ _264_/CLK (sky130_fd_sc_hd__dfrtp_1)
                         -0.13    9.87   library setup time
                                  9.87   data required time
-----------------------------------------------------------------------------
                                  9.87   data required time
                                 -1.61   data arrival time
-----------------------------------------------------------------------------
                                  8.26   slack (MET)


Startpoint: _250_ (rising edge-triggered flip-flop clocked by CLK100MHZ)
Endpoint: _248_ (rising edge-triggered flip-flop clocked by CLK100MHZ)
Path Group: CLK100MHZ
Path Type: max

Fanout     Cap    Slew   Delay    Time   Description
-----------------------------------------------------------------------------
                  0.00    0.00    0.00   clock CLK100MHZ (rise edge)
                          0.00    0.00   clock network delay (ideal)
                  0.00    0.00    0.00 ^ _250_/CLK (sky130_fd_sc_hd__dfrtp_2)
     5    0.02    0.12    0.39    0.39 ^ _250_/Q (sky130_fd_sc_hd__dfrtp_2)
                                         decoder.delay[0] (net)
                  0.12    0.00    0.39 ^ _126_/B (sky130_fd_sc_hd__and4_2)
     6    0.02    0.13    0.30    0.69 ^ _126_/X (sky130_fd_sc_hd__and4_2)
                                         _059_ (net)
                  0.13    0.00    0.69 ^ _128_/C (sky130_fd_sc_hd__and4_2)
     7    0.03    0.16    0.34    1.03 ^ _128_/X (sky130_fd_sc_hd__and4_2)
                                         _061_ (net)
                  0.16    0.00    1.03 ^ _134_/A (sky130_fd_sc_hd__clkbuf_4)
    10    0.04    0.13    0.24    1.27 ^ _134_/X (sky130_fd_sc_hd__clkbuf_4)
                                         _066_ (net)
                  0.13    0.00    1.27 ^ _135_/B (sky130_fd_sc_hd__nand4b_2)
     2    0.01    0.13    0.15    1.42 v _135_/Y (sky130_fd_sc_hd__nand4b_2)
                                         _067_ (net)
                  0.13    0.00    1.42 v _138_/A3 (sky130_fd_sc_hd__o31ai_1)
     1    0.00    0.19    0.21    1.63 ^ _138_/Y (sky130_fd_sc_hd__o31ai_1)
                                         _056_ (net)
                  0.19    0.00    1.63 ^ _248_/D (sky130_fd_sc_hd__dfrtp_4)
                                  1.63   data arrival time

                  0.00   10.00   10.00   clock CLK100MHZ (rise edge)
                          0.00   10.00   clock network delay (ideal)
                          0.00   10.00   clock reconvergence pessimism
                                 10.00 ^ _248_/CLK (sky130_fd_sc_hd__dfrtp_4)
                         -0.10    9.90   library setup time
                                  9.90   data required time
-----------------------------------------------------------------------------
                                  9.90   data required time
                                 -1.63   data arrival time
-----------------------------------------------------------------------------
                                  8.26   slack (MET)


Startpoint: _250_ (rising edge-triggered flip-flop clocked by CLK100MHZ)
Endpoint: _246_ (rising edge-triggered flip-flop clocked by CLK100MHZ)
Path Group: CLK100MHZ
Path Type: max

Fanout     Cap    Slew   Delay    Time   Description
-----------------------------------------------------------------------------
                  0.00    0.00    0.00   clock CLK100MHZ (rise edge)
                          0.00    0.00   clock network delay (ideal)
                  0.00    0.00    0.00 ^ _250_/CLK (sky130_fd_sc_hd__dfrtp_2)
     5    0.02    0.12    0.39    0.39 ^ _250_/Q (sky130_fd_sc_hd__dfrtp_2)
                                         decoder.delay[0] (net)
                  0.12    0.00    0.39 ^ _126_/B (sky130_fd_sc_hd__and4_2)
     6    0.02    0.13    0.30    0.69 ^ _126_/X (sky130_fd_sc_hd__and4_2)
                                         _059_ (net)
                  0.13    0.00    0.69 ^ _128_/C (sky130_fd_sc_hd__and4_2)
     7    0.03    0.16    0.34    1.03 ^ _128_/X (sky130_fd_sc_hd__and4_2)
                                         _061_ (net)
                  0.16    0.00    1.03 ^ _134_/A (sky130_fd_sc_hd__clkbuf_4)
    10    0.04    0.13    0.24    1.27 ^ _134_/X (sky130_fd_sc_hd__clkbuf_4)
                                         _066_ (net)
                  0.13    0.00    1.27 ^ _135_/B (sky130_fd_sc_hd__nand4b_2)
     2    0.01    0.13    0.15    1.42 v _135_/Y (sky130_fd_sc_hd__nand4b_2)
                                         _067_ (net)
                  0.13    0.00    1.42 v _142_/A2 (sky130_fd_sc_hd__a21oi_1)
     1    0.01    0.15    0.20    1.62 ^ _142_/Y (sky130_fd_sc_hd__a21oi_1)
                                         _054_ (net)
                  0.15    0.00    1.62 ^ _246_/D (sky130_fd_sc_hd__dfrtp_4)
                                  1.62   data arrival time

                  0.00   10.00   10.00   clock CLK100MHZ (rise edge)
                          0.00   10.00   clock network delay (ideal)
                          0.00   10.00   clock reconvergence pessimism
                                 10.00 ^ _246_/CLK (sky130_fd_sc_hd__dfrtp_4)
                         -0.09    9.91   library setup time
                                  9.91   data required time
-----------------------------------------------------------------------------
                                  9.91   data required time
                                 -1.62   data arrival time
-----------------------------------------------------------------------------
                                  8.28   slack (MET)


Startpoint: _250_ (rising edge-triggered flip-flop clocked by CLK100MHZ)
Endpoint: _270_ (rising edge-triggered flip-flop clocked by CLK100MHZ)
Path Group: CLK100MHZ
Path Type: max

Fanout     Cap    Slew   Delay    Time   Description
-----------------------------------------------------------------------------
                  0.00    0.00    0.00   clock CLK100MHZ (rise edge)
                          0.00    0.00   clock network delay (ideal)
                  0.00    0.00    0.00 ^ _250_/CLK (sky130_fd_sc_hd__dfrtp_2)
     5    0.02    0.12    0.39    0.39 ^ _250_/Q (sky130_fd_sc_hd__dfrtp_2)
                                         decoder.delay[0] (net)
                  0.12    0.00    0.39 ^ _126_/B (sky130_fd_sc_hd__and4_2)
     6    0.02    0.13    0.30    0.69 ^ _126_/X (sky130_fd_sc_hd__and4_2)
                                         _059_ (net)
                  0.13    0.00    0.69 ^ _128_/C (sky130_fd_sc_hd__and4_2)
     7    0.03    0.16    0.34    1.03 ^ _128_/X (sky130_fd_sc_hd__and4_2)
                                         _061_ (net)
                  0.16    0.00    1.03 ^ _134_/A (sky130_fd_sc_hd__clkbuf_4)
    10    0.04    0.13    0.24    1.27 ^ _134_/X (sky130_fd_sc_hd__clkbuf_4)
                                         _066_ (net)
                  0.13    0.00    1.27 ^ _144_/C (sky130_fd_sc_hd__and3_1)
     2    0.01    0.12    0.23    1.49 ^ _144_/X (sky130_fd_sc_hd__and3_1)
                                         _073_ (net)
                  0.12    0.00    1.49 ^ _145_/B (sky130_fd_sc_hd__nor2_1)
     1    0.00    0.04    0.06    1.56 v _145_/Y (sky130_fd_sc_hd__nor2_1)
                                         _012_ (net)
                  0.04    0.00    1.56 v _270_/D (sky130_fd_sc_hd__dfrtp_1)
                                  1.56   data arrival time

                  0.00   10.00   10.00   clock CLK100MHZ (rise edge)
                          0.00   10.00   clock network delay (ideal)
                          0.00   10.00   clock reconvergence pessimism
                                 10.00 ^ _270_/CLK (sky130_fd_sc_hd__dfrtp_1)
                         -0.12    9.88   library setup time
                                  9.88   data required time
-----------------------------------------------------------------------------
                                  9.88   data required time
                                 -1.56   data arrival time
-----------------------------------------------------------------------------
                                  8.32   slack (MET)


Startpoint: _250_ (rising edge-triggered flip-flop clocked by CLK100MHZ)
Endpoint: _258_ (rising edge-triggered flip-flop clocked by CLK100MHZ)
Path Group: CLK100MHZ
Path Type: max

Fanout     Cap    Slew   Delay    Time   Description
-----------------------------------------------------------------------------
                  0.00    0.00    0.00   clock CLK100MHZ (rise edge)
                          0.00    0.00   clock network delay (ideal)
                  0.00    0.00    0.00 ^ _250_/CLK (sky130_fd_sc_hd__dfrtp_2)
     5    0.02    0.12    0.39    0.39 ^ _250_/Q (sky130_fd_sc_hd__dfrtp_2)
                                         decoder.delay[0] (net)
                  0.12    0.00    0.39 ^ _126_/B (sky130_fd_sc_hd__and4_2)
     6    0.02    0.13    0.30    0.69 ^ _126_/X (sky130_fd_sc_hd__and4_2)
                                         _059_ (net)
                  0.13    0.00    0.69 ^ _182_/B (sky130_fd_sc_hd__and3_1)
     2    0.01    0.09    0.20    0.89 ^ _182_/X (sky130_fd_sc_hd__and3_1)
                                         _093_ (net)
                  0.09    0.00    0.89 ^ _183_/A (sky130_fd_sc_hd__buf_2)
    10    0.03    0.17    0.22    1.11 ^ _183_/X (sky130_fd_sc_hd__buf_2)
                                         _094_ (net)
                  0.17    0.00    1.11 ^ _188_/B (sky130_fd_sc_hd__nand2_1)
     2    0.01    0.10    0.13    1.25 v _188_/Y (sky130_fd_sc_hd__nand2_1)
                                         _098_ (net)
                  0.10    0.00    1.25 v _189_/B (sky130_fd_sc_hd__and2b_1)
     1    0.00    0.04    0.18    1.43 v _189_/X (sky130_fd_sc_hd__and2b_1)
                                         _099_ (net)
                  0.04    0.00    1.43 v _190_/A (sky130_fd_sc_hd__buf_1)
     1    0.01    0.06    0.11    1.54 v _190_/X (sky130_fd_sc_hd__buf_1)
                                         _023_ (net)
                  0.06    0.00    1.54 v _258_/D (sky130_fd_sc_hd__dfrtp_4)
                                  1.54   data arrival time

                  0.00   10.00   10.00   clock CLK100MHZ (rise edge)
                          0.00   10.00   clock network delay (ideal)
                          0.00   10.00   clock reconvergence pessimism
                                 10.00 ^ _258_/CLK (sky130_fd_sc_hd__dfrtp_4)
                         -0.13    9.87   library setup time
                                  9.87   data required time
-----------------------------------------------------------------------------
                                  9.87   data required time
                                 -1.54   data arrival time
-----------------------------------------------------------------------------
                                  8.33   slack (MET)


Startpoint: _252_ (rising edge-triggered flip-flop clocked by CLK100MHZ)
Endpoint: _269_ (rising edge-triggered flip-flop clocked by CLK100MHZ)
Path Group: CLK100MHZ
Path Type: max

Fanout     Cap    Slew   Delay    Time   Description
-----------------------------------------------------------------------------
                  0.00    0.00    0.00   clock CLK100MHZ (rise edge)
                          0.00    0.00   clock network delay (ideal)
                  0.00    0.00    0.00 ^ _252_/CLK (sky130_fd_sc_hd__dfrtp_2)
     3    0.02    0.08    0.42    0.42 v _252_/Q (sky130_fd_sc_hd__dfrtp_2)
                                         decoder.delay[2] (net)
                  0.08    0.00    0.42 v _126_/C (sky130_fd_sc_hd__and4_2)
     6    0.02    0.08    0.28    0.70 v _126_/X (sky130_fd_sc_hd__and4_2)
                                         _059_ (net)
                  0.08    0.00    0.70 v _128_/C (sky130_fd_sc_hd__and4_2)
     7    0.03    0.09    0.29    0.99 v _128_/X (sky130_fd_sc_hd__and4_2)
                                         _061_ (net)
                  0.09    0.00    0.99 v _212_/D (sky130_fd_sc_hd__and4_1)
     1    0.01    0.05    0.23    1.22 v _212_/X (sky130_fd_sc_hd__and4_1)
                                         _111_ (net)
                  0.05    0.00    1.22 v _213_/B1 (sky130_fd_sc_hd__o2bb2a_1)
     1    0.00    0.06    0.30    1.52 v _213_/X (sky130_fd_sc_hd__o2bb2a_1)
                                         _010_ (net)
                  0.06    0.00    1.52 v _269_/D (sky130_fd_sc_hd__dfrtp_1)
                                  1.52   data arrival time

                  0.00   10.00   10.00   clock CLK100MHZ (rise edge)
                          0.00   10.00   clock network delay (ideal)
                          0.00   10.00   clock reconvergence pessimism
                                 10.00 ^ _269_/CLK (sky130_fd_sc_hd__dfrtp_1)
                         -0.13    9.87   library setup time
                                  9.87   data required time
-----------------------------------------------------------------------------
                                  9.87   data required time
                                 -1.52   data arrival time
-----------------------------------------------------------------------------
                                  8.35   slack (MET)


Startpoint: _250_ (rising edge-triggered flip-flop clocked by CLK100MHZ)
Endpoint: _263_ (rising edge-triggered flip-flop clocked by CLK100MHZ)
Path Group: CLK100MHZ
Path Type: max

Fanout     Cap    Slew   Delay    Time   Description
-----------------------------------------------------------------------------
                  0.00    0.00    0.00   clock CLK100MHZ (rise edge)
                          0.00    0.00   clock network delay (ideal)
                  0.00    0.00    0.00 ^ _250_/CLK (sky130_fd_sc_hd__dfrtp_2)
     5    0.02    0.12    0.39    0.39 ^ _250_/Q (sky130_fd_sc_hd__dfrtp_2)
                                         decoder.delay[0] (net)
                  0.12    0.00    0.39 ^ _126_/B (sky130_fd_sc_hd__and4_2)
     6    0.02    0.13    0.30    0.69 ^ _126_/X (sky130_fd_sc_hd__and4_2)
                                         _059_ (net)
                  0.13    0.00    0.69 ^ _182_/B (sky130_fd_sc_hd__and3_1)
     2    0.01    0.09    0.20    0.89 ^ _182_/X (sky130_fd_sc_hd__and3_1)
                                         _093_ (net)
                  0.09    0.00    0.89 ^ _183_/A (sky130_fd_sc_hd__buf_2)
    10    0.03    0.17    0.22    1.11 ^ _183_/X (sky130_fd_sc_hd__buf_2)
                                         _094_ (net)
                  0.17    0.00    1.11 ^ _201_/D (sky130_fd_sc_hd__and4_1)
     2    0.01    0.09    0.24    1.35 ^ _201_/X (sky130_fd_sc_hd__and4_1)
                                         _106_ (net)
                  0.09    0.00    1.35 ^ _202_/B1_N (sky130_fd_sc_hd__o21ba_1)
     1    0.01    0.05    0.17    1.52 v _202_/X (sky130_fd_sc_hd__o21ba_1)
                                         _004_ (net)
                  0.05    0.00    1.52 v _263_/D (sky130_fd_sc_hd__dfrtp_1)
                                  1.52   data arrival time

                  0.00   10.00   10.00   clock CLK100MHZ (rise edge)
                          0.00   10.00   clock network delay (ideal)
                          0.00   10.00   clock reconvergence pessimism
                                 10.00 ^ _263_/CLK (sky130_fd_sc_hd__dfrtp_1)
                         -0.13    9.87   library setup time
                                  9.87   data required time
-----------------------------------------------------------------------------
                                  9.87   data required time
                                 -1.52   data arrival time
-----------------------------------------------------------------------------
                                  8.35   slack (MET)


Startpoint: _250_ (rising edge-triggered flip-flop clocked by CLK100MHZ)
Endpoint: _249_ (rising edge-triggered flip-flop clocked by CLK100MHZ)
Path Group: CLK100MHZ
Path Type: max

Fanout     Cap    Slew   Delay    Time   Description
-----------------------------------------------------------------------------
                  0.00    0.00    0.00   clock CLK100MHZ (rise edge)
                          0.00    0.00   clock network delay (ideal)
                  0.00    0.00    0.00 ^ _250_/CLK (sky130_fd_sc_hd__dfrtp_2)
     5    0.02    0.12    0.39    0.39 ^ _250_/Q (sky130_fd_sc_hd__dfrtp_2)
                                         decoder.delay[0] (net)
                  0.12    0.00    0.39 ^ _126_/B (sky130_fd_sc_hd__and4_2)
     6    0.02    0.13    0.30    0.69 ^ _126_/X (sky130_fd_sc_hd__and4_2)
                                         _059_ (net)
                  0.13    0.00    0.69 ^ _128_/C (sky130_fd_sc_hd__and4_2)
     7    0.03    0.16    0.34    1.03 ^ _128_/X (sky130_fd_sc_hd__and4_2)
                                         _061_ (net)
                  0.16    0.00    1.03 ^ _129_/D (sky130_fd_sc_hd__and4_1)
     1    0.01    0.12    0.27    1.30 ^ _129_/X (sky130_fd_sc_hd__and4_1)
                                         _062_ (net)
                  0.12    0.00    1.30 ^ _130_/B (sky130_fd_sc_hd__xor2_1)
     1    0.01    0.18    0.21    1.50 ^ _130_/X (sky130_fd_sc_hd__xor2_1)
                                         _057_ (net)
                  0.18    0.00    1.50 ^ _249_/D (sky130_fd_sc_hd__dfrtp_4)
                                  1.50   data arrival time

                  0.00   10.00   10.00   clock CLK100MHZ (rise edge)
                          0.00   10.00   clock network delay (ideal)
                          0.00   10.00   clock reconvergence pessimism
                                 10.00 ^ _249_/CLK (sky130_fd_sc_hd__dfrtp_4)
                         -0.10    9.90   library setup time
                                  9.90   data required time
-----------------------------------------------------------------------------
                                  9.90   data required time
                                 -1.50   data arrival time
-----------------------------------------------------------------------------
                                  8.39   slack (MET)


Startpoint: _252_ (rising edge-triggered flip-flop clocked by CLK100MHZ)
Endpoint: _273_ (rising edge-triggered flip-flop clocked by CLK100MHZ)
Path Group: CLK100MHZ
Path Type: max

Fanout     Cap    Slew   Delay    Time   Description
-----------------------------------------------------------------------------
                  0.00    0.00    0.00   clock CLK100MHZ (rise edge)
                          0.00    0.00   clock network delay (ideal)
                  0.00    0.00    0.00 ^ _252_/CLK (sky130_fd_sc_hd__dfrtp_2)
     3    0.02    0.08    0.42    0.42 v _252_/Q (sky130_fd_sc_hd__dfrtp_2)
                                         decoder.delay[2] (net)
                  0.08    0.00    0.42 v _126_/C (sky130_fd_sc_hd__and4_2)
     6    0.02    0.08    0.28    0.70 v _126_/X (sky130_fd_sc_hd__and4_2)
                                         _059_ (net)
                  0.08    0.00    0.70 v _128_/C (sky130_fd_sc_hd__and4_2)
     7    0.03    0.09    0.29    0.99 v _128_/X (sky130_fd_sc_hd__and4_2)
                                         _061_ (net)
                  0.09    0.00    1.00 v _151_/A2 (sky130_fd_sc_hd__a21o_1)
     1    0.01    0.05    0.21    1.20 v _151_/X (sky130_fd_sc_hd__a21o_1)
                                         _077_ (net)
                  0.05    0.00    1.20 v _152_/B (sky130_fd_sc_hd__and2_1)
     1    0.01    0.04    0.16    1.37 v _152_/X (sky130_fd_sc_hd__and2_1)
                                         _078_ (net)
                  0.04    0.00    1.37 v _153_/A (sky130_fd_sc_hd__buf_1)
     1    0.01    0.05    0.11    1.48 v _153_/X (sky130_fd_sc_hd__buf_1)
                                         _015_ (net)
                  0.05    0.00    1.48 v _273_/D (sky130_fd_sc_hd__dfrtp_1)
                                  1.48   data arrival time

                  0.00   10.00   10.00   clock CLK100MHZ (rise edge)
                          0.00   10.00   clock network delay (ideal)
                          0.00   10.00   clock reconvergence pessimism
                                 10.00 ^ _273_/CLK (sky130_fd_sc_hd__dfrtp_1)
                         -0.13    9.87   library setup time
                                  9.87   data required time
-----------------------------------------------------------------------------
                                  9.87   data required time
                                 -1.48   data arrival time
-----------------------------------------------------------------------------
                                  8.40   slack (MET)


Startpoint: _250_ (rising edge-triggered flip-flop clocked by CLK100MHZ)
Endpoint: _257_ (rising edge-triggered flip-flop clocked by CLK100MHZ)
Path Group: CLK100MHZ
Path Type: max

Fanout     Cap    Slew   Delay    Time   Description
-----------------------------------------------------------------------------
                  0.00    0.00    0.00   clock CLK100MHZ (rise edge)
                          0.00    0.00   clock network delay (ideal)
                  0.00    0.00    0.00 ^ _250_/CLK (sky130_fd_sc_hd__dfrtp_2)
     5    0.02    0.12    0.39    0.39 ^ _250_/Q (sky130_fd_sc_hd__dfrtp_2)
                                         decoder.delay[0] (net)
                  0.12    0.00    0.39 ^ _126_/B (sky130_fd_sc_hd__and4_2)
     6    0.02    0.13    0.30    0.69 ^ _126_/X (sky130_fd_sc_hd__and4_2)
                                         _059_ (net)
                  0.13    0.00    0.69 ^ _182_/B (sky130_fd_sc_hd__and3_1)
     2    0.01    0.09    0.20    0.89 ^ _182_/X (sky130_fd_sc_hd__and3_1)
                                         _093_ (net)
                  0.09    0.00    0.89 ^ _183_/A (sky130_fd_sc_hd__buf_2)
    10    0.03    0.17    0.22    1.11 ^ _183_/X (sky130_fd_sc_hd__buf_2)
                                         _094_ (net)
                  0.17    0.00    1.11 ^ _185_/A_N (sky130_fd_sc_hd__and2b_1)
     1    0.01    0.07    0.24    1.35 v _185_/X (sky130_fd_sc_hd__and2b_1)
                                         _096_ (net)
                  0.07    0.00    1.35 v _186_/A (sky130_fd_sc_hd__buf_1)
     1    0.01    0.05    0.12    1.47 v _186_/X (sky130_fd_sc_hd__buf_1)
                                         _022_ (net)
                  0.05    0.00    1.47 v _257_/D (sky130_fd_sc_hd__dfrtp_1)
                                  1.47   data arrival time

                  0.00   10.00   10.00   clock CLK100MHZ (rise edge)
                          0.00   10.00   clock network delay (ideal)
                          0.00   10.00   clock reconvergence pessimism
                                 10.00 ^ _257_/CLK (sky130_fd_sc_hd__dfrtp_1)
                         -0.13    9.87   library setup time
                                  9.87   data required time
-----------------------------------------------------------------------------
                                  9.87   data required time
                                 -1.47   data arrival time
-----------------------------------------------------------------------------
                                  8.41   slack (MET)


Startpoint: _250_ (rising edge-triggered flip-flop clocked by CLK100MHZ)
Endpoint: _247_ (rising edge-triggered flip-flop clocked by CLK100MHZ)
Path Group: CLK100MHZ
Path Type: max

Fanout     Cap    Slew   Delay    Time   Description
-----------------------------------------------------------------------------
                  0.00    0.00    0.00   clock CLK100MHZ (rise edge)
                          0.00    0.00   clock network delay (ideal)
                  0.00    0.00    0.00 ^ _250_/CLK (sky130_fd_sc_hd__dfrtp_2)
     5    0.02    0.12    0.39    0.39 ^ _250_/Q (sky130_fd_sc_hd__dfrtp_2)
                                         decoder.delay[0] (net)
                  0.12    0.00    0.39 ^ _126_/B (sky130_fd_sc_hd__and4_2)
     6    0.02    0.13    0.30    0.69 ^ _126_/X (sky130_fd_sc_hd__and4_2)
                                         _059_ (net)
                  0.13    0.00    0.69 ^ _128_/C (sky130_fd_sc_hd__and4_2)
     7    0.03    0.16    0.34    1.03 ^ _128_/X (sky130_fd_sc_hd__and4_2)
                                         _061_ (net)
                  0.16    0.00    1.03 ^ _139_/D (sky130_fd_sc_hd__and4_1)
     2    0.01    0.13    0.27    1.30 ^ _139_/X (sky130_fd_sc_hd__and4_1)
                                         _070_ (net)
                  0.13    0.00    1.30 ^ _140_/B (sky130_fd_sc_hd__xor2_1)
     1    0.01    0.16    0.19    1.49 ^ _140_/X (sky130_fd_sc_hd__xor2_1)
                                         _055_ (net)
                  0.16    0.00    1.49 ^ _247_/D (sky130_fd_sc_hd__dfrtp_4)
                                  1.49   data arrival time

                  0.00   10.00   10.00   clock CLK100MHZ (rise edge)
                          0.00   10.00   clock network delay (ideal)
                          0.00   10.00   clock reconvergence pessimism
                                 10.00 ^ _247_/CLK (sky130_fd_sc_hd__dfrtp_4)
                         -0.10    9.90   library setup time
                                  9.90   data required time
-----------------------------------------------------------------------------
                                  9.90   data required time
                                 -1.49   data arrival time
-----------------------------------------------------------------------------
                                  8.41   slack (MET)


Startpoint: _252_ (rising edge-triggered flip-flop clocked by CLK100MHZ)
Endpoint: _260_ (rising edge-triggered flip-flop clocked by CLK100MHZ)
Path Group: CLK100MHZ
Path Type: max

Fanout     Cap    Slew   Delay    Time   Description
-----------------------------------------------------------------------------
                  0.00    0.00    0.00   clock CLK100MHZ (rise edge)
                          0.00    0.00   clock network delay (ideal)
                  0.00    0.00    0.00 ^ _252_/CLK (sky130_fd_sc_hd__dfrtp_2)
     3    0.02    0.08    0.42    0.42 v _252_/Q (sky130_fd_sc_hd__dfrtp_2)
                                         decoder.delay[2] (net)
                  0.08    0.00    0.42 v _126_/C (sky130_fd_sc_hd__and4_2)
     6    0.02    0.08    0.28    0.70 v _126_/X (sky130_fd_sc_hd__and4_2)
                                         _059_ (net)
                  0.08    0.00    0.70 v _182_/B (sky130_fd_sc_hd__and3_1)
     2    0.01    0.06    0.19    0.89 v _182_/X (sky130_fd_sc_hd__and3_1)
                                         _093_ (net)
                  0.06    0.00    0.89 v _183_/A (sky130_fd_sc_hd__buf_2)
    10    0.03    0.09    0.18    1.08 v _183_/X (sky130_fd_sc_hd__buf_2)
                                         _094_ (net)
                  0.09    0.00    1.08 v _193_/A3 (sky130_fd_sc_hd__a31o_1)
     1    0.00    0.04    0.24    1.31 v _193_/X (sky130_fd_sc_hd__a31o_1)
                                         _101_ (net)
                  0.04    0.00    1.31 v _194_/B1_N (sky130_fd_sc_hd__a21boi_1)
     1    0.00    0.05    0.12    1.43 v _194_/Y (sky130_fd_sc_hd__a21boi_1)
                                         _001_ (net)
                  0.05    0.00    1.43 v _260_/D (sky130_fd_sc_hd__dfrtp_1)
                                  1.43   data arrival time

                  0.00   10.00   10.00   clock CLK100MHZ (rise edge)
                          0.00   10.00   clock network delay (ideal)
                          0.00   10.00   clock reconvergence pessimism
                                 10.00 ^ _260_/CLK (sky130_fd_sc_hd__dfrtp_1)
                         -0.13    9.87   library setup time
                                  9.87   data required time
-----------------------------------------------------------------------------
                                  9.87   data required time
                                 -1.43   data arrival time
-----------------------------------------------------------------------------
                                  8.44   slack (MET)


Startpoint: _250_ (rising edge-triggered flip-flop clocked by CLK100MHZ)
Endpoint: _267_ (rising edge-triggered flip-flop clocked by CLK100MHZ)
Path Group: CLK100MHZ
Path Type: max

Fanout     Cap    Slew   Delay    Time   Description
-----------------------------------------------------------------------------
                  0.00    0.00    0.00   clock CLK100MHZ (rise edge)
                          0.00    0.00   clock network delay (ideal)
                  0.00    0.00    0.00 ^ _250_/CLK (sky130_fd_sc_hd__dfrtp_2)
     5    0.02    0.12    0.39    0.39 ^ _250_/Q (sky130_fd_sc_hd__dfrtp_2)
                                         decoder.delay[0] (net)
                  0.12    0.00    0.39 ^ _126_/B (sky130_fd_sc_hd__and4_2)
     6    0.02    0.13    0.30    0.69 ^ _126_/X (sky130_fd_sc_hd__and4_2)
                                         _059_ (net)
                  0.13    0.00    0.69 ^ _128_/C (sky130_fd_sc_hd__and4_2)
     7    0.03    0.16    0.34    1.03 ^ _128_/X (sky130_fd_sc_hd__and4_2)
                                         _061_ (net)
                  0.16    0.00    1.03 ^ _134_/A (sky130_fd_sc_hd__clkbuf_4)
    10    0.04    0.13    0.24    1.27 ^ _134_/X (sky130_fd_sc_hd__clkbuf_4)
                                         _066_ (net)
                  0.13    0.00    1.27 ^ _208_/A2 (sky130_fd_sc_hd__a21oi_1)
     1    0.00    0.05    0.08    1.35 v _208_/Y (sky130_fd_sc_hd__a21oi_1)
                                         _109_ (net)
                  0.05    0.00    1.35 v _210_/A (sky130_fd_sc_hd__nor2_1)
     1    0.00    0.11    0.12    1.48 ^ _210_/Y (sky130_fd_sc_hd__nor2_1)
                                         _008_ (net)
                  0.11    0.00    1.48 ^ _267_/D (sky130_fd_sc_hd__dfrtp_1)
                                  1.48   data arrival time

                  0.00   10.00   10.00   clock CLK100MHZ (rise edge)
                          0.00   10.00   clock network delay (ideal)
                          0.00   10.00   clock reconvergence pessimism
                                 10.00 ^ _267_/CLK (sky130_fd_sc_hd__dfrtp_1)
                         -0.08    9.92   library setup time
                                  9.92   data required time
-----------------------------------------------------------------------------
                                  9.92   data required time
                                 -1.48   data arrival time
-----------------------------------------------------------------------------
                                  8.44   slack (MET)


Startpoint: _250_ (rising edge-triggered flip-flop clocked by CLK100MHZ)
Endpoint: _259_ (rising edge-triggered flip-flop clocked by CLK100MHZ)
Path Group: CLK100MHZ
Path Type: max

Fanout     Cap    Slew   Delay    Time   Description
-----------------------------------------------------------------------------
                  0.00    0.00    0.00   clock CLK100MHZ (rise edge)
                          0.00    0.00   clock network delay (ideal)
                  0.00    0.00    0.00 ^ _250_/CLK (sky130_fd_sc_hd__dfrtp_2)
     5    0.02    0.12    0.39    0.39 ^ _250_/Q (sky130_fd_sc_hd__dfrtp_2)
                                         decoder.delay[0] (net)
                  0.12    0.00    0.39 ^ _126_/B (sky130_fd_sc_hd__and4_2)
     6    0.02    0.13    0.30    0.69 ^ _126_/X (sky130_fd_sc_hd__and4_2)
                                         _059_ (net)
                  0.13    0.00    0.69 ^ _182_/B (sky130_fd_sc_hd__and3_1)
     2    0.01    0.09    0.20    0.89 ^ _182_/X (sky130_fd_sc_hd__and3_1)
                                         _093_ (net)
                  0.09    0.00    0.89 ^ _183_/A (sky130_fd_sc_hd__buf_2)
    10    0.03    0.17    0.22    1.11 ^ _183_/X (sky130_fd_sc_hd__buf_2)
                                         _094_ (net)
                  0.17    0.00    1.11 ^ _188_/B (sky130_fd_sc_hd__nand2_1)
     2    0.01    0.10    0.13    1.25 v _188_/Y (sky130_fd_sc_hd__nand2_1)
                                         _098_ (net)
                  0.10    0.00    1.25 v _191_/B (sky130_fd_sc_hd__xnor2_1)
     1    0.00    0.06    0.15    1.40 v _191_/Y (sky130_fd_sc_hd__xnor2_1)
                                         _024_ (net)
                  0.06    0.00    1.40 v _259_/D (sky130_fd_sc_hd__dfrtp_2)
                                  1.40   data arrival time

                  0.00   10.00   10.00   clock CLK100MHZ (rise edge)
                          0.00   10.00   clock network delay (ideal)
                          0.00   10.00   clock reconvergence pessimism
                                 10.00 ^ _259_/CLK (sky130_fd_sc_hd__dfrtp_2)
                         -0.13    9.87   library setup time
                                  9.87   data required time
-----------------------------------------------------------------------------
                                  9.87   data required time
                                 -1.40   data arrival time
-----------------------------------------------------------------------------
                                  8.47   slack (MET)


Startpoint: _250_ (rising edge-triggered flip-flop clocked by CLK100MHZ)
Endpoint: _266_ (rising edge-triggered flip-flop clocked by CLK100MHZ)
Path Group: CLK100MHZ
Path Type: max

Fanout     Cap    Slew   Delay    Time   Description
-----------------------------------------------------------------------------
                  0.00    0.00    0.00   clock CLK100MHZ (rise edge)
                          0.00    0.00   clock network delay (ideal)
                  0.00    0.00    0.00 ^ _250_/CLK (sky130_fd_sc_hd__dfrtp_2)
     5    0.02    0.12    0.39    0.39 ^ _250_/Q (sky130_fd_sc_hd__dfrtp_2)
                                         decoder.delay[0] (net)
                  0.12    0.00    0.39 ^ _126_/B (sky130_fd_sc_hd__and4_2)
     6    0.02    0.13    0.30    0.69 ^ _126_/X (sky130_fd_sc_hd__and4_2)
                                         _059_ (net)
                  0.13    0.00    0.69 ^ _128_/C (sky130_fd_sc_hd__and4_2)
     7    0.03    0.16    0.34    1.03 ^ _128_/X (sky130_fd_sc_hd__and4_2)
                                         _061_ (net)
                  0.16    0.00    1.03 ^ _134_/A (sky130_fd_sc_hd__clkbuf_4)
    10    0.04    0.13    0.24    1.27 ^ _134_/X (sky130_fd_sc_hd__clkbuf_4)
                                         _066_ (net)
                  0.13    0.00    1.27 ^ _207_/B (sky130_fd_sc_hd__xor2_1)
     1    0.00    0.12    0.16    1.42 ^ _207_/X (sky130_fd_sc_hd__xor2_1)
                                         _007_ (net)
                  0.12    0.00    1.42 ^ _266_/D (sky130_fd_sc_hd__dfrtp_2)
                                  1.42   data arrival time

                  0.00   10.00   10.00   clock CLK100MHZ (rise edge)
                          0.00   10.00   clock network delay (ideal)
                          0.00   10.00   clock reconvergence pessimism
                                 10.00 ^ _266_/CLK (sky130_fd_sc_hd__dfrtp_2)
                         -0.09    9.91   library setup time
                                  9.91   data required time
-----------------------------------------------------------------------------
                                  9.91   data required time
                                 -1.42   data arrival time
-----------------------------------------------------------------------------
                                  8.49   slack (MET)


Startpoint: _250_ (rising edge-triggered flip-flop clocked by CLK100MHZ)
Endpoint: _268_ (rising edge-triggered flip-flop clocked by CLK100MHZ)
Path Group: CLK100MHZ
Path Type: max

Fanout     Cap    Slew   Delay    Time   Description
-----------------------------------------------------------------------------
                  0.00    0.00    0.00   clock CLK100MHZ (rise edge)
                          0.00    0.00   clock network delay (ideal)
                  0.00    0.00    0.00 ^ _250_/CLK (sky130_fd_sc_hd__dfrtp_2)
     5    0.02    0.12    0.39    0.39 ^ _250_/Q (sky130_fd_sc_hd__dfrtp_2)
                                         decoder.delay[0] (net)
                  0.12    0.00    0.39 ^ _126_/B (sky130_fd_sc_hd__and4_2)
     6    0.02    0.13    0.30    0.69 ^ _126_/X (sky130_fd_sc_hd__and4_2)
                                         _059_ (net)
                  0.13    0.00    0.69 ^ _128_/C (sky130_fd_sc_hd__and4_2)
     7    0.03    0.16    0.34    1.03 ^ _128_/X (sky130_fd_sc_hd__and4_2)
                                         _061_ (net)
                  0.16    0.00    1.03 ^ _209_/C (sky130_fd_sc_hd__and3_1)
     2    0.01    0.13    0.24    1.27 ^ _209_/X (sky130_fd_sc_hd__and3_1)
                                         _110_ (net)
                  0.13    0.00    1.27 ^ _211_/B (sky130_fd_sc_hd__xor2_1)
     1    0.00    0.11    0.15    1.42 ^ _211_/X (sky130_fd_sc_hd__xor2_1)
                                         _009_ (net)
                  0.11    0.00    1.42 ^ _268_/D (sky130_fd_sc_hd__dfrtp_2)
                                  1.42   data arrival time

                  0.00   10.00   10.00   clock CLK100MHZ (rise edge)
                          0.00   10.00   clock network delay (ideal)
                          0.00   10.00   clock reconvergence pessimism
                                 10.00 ^ _268_/CLK (sky130_fd_sc_hd__dfrtp_2)
                         -0.09    9.91   library setup time
                                  9.91   data required time
-----------------------------------------------------------------------------
                                  9.91   data required time
                                 -1.42   data arrival time
-----------------------------------------------------------------------------
                                  8.49   slack (MET)


Startpoint: _250_ (rising edge-triggered flip-flop clocked by CLK100MHZ)
Endpoint: _265_ (rising edge-triggered flip-flop clocked by CLK100MHZ)
Path Group: CLK100MHZ
Path Type: max

Fanout     Cap    Slew   Delay    Time   Description
-----------------------------------------------------------------------------
                  0.00    0.00    0.00   clock CLK100MHZ (rise edge)
                          0.00    0.00   clock network delay (ideal)
                  0.00    0.00    0.00 ^ _250_/CLK (sky130_fd_sc_hd__dfrtp_2)
     5    0.02    0.12    0.39    0.39 ^ _250_/Q (sky130_fd_sc_hd__dfrtp_2)
                                         decoder.delay[0] (net)
                  0.12    0.00    0.39 ^ _126_/B (sky130_fd_sc_hd__and4_2)
     6    0.02    0.13    0.30    0.69 ^ _126_/X (sky130_fd_sc_hd__and4_2)
                                         _059_ (net)
                  0.13    0.00    0.69 ^ _128_/C (sky130_fd_sc_hd__and4_2)
     7    0.03    0.16    0.34    1.03 ^ _128_/X (sky130_fd_sc_hd__and4_2)
                                         _061_ (net)
                  0.16    0.00    1.03 ^ _134_/A (sky130_fd_sc_hd__clkbuf_4)
    10    0.04    0.13    0.24    1.27 ^ _134_/X (sky130_fd_sc_hd__clkbuf_4)
                                         _066_ (net)
                  0.13    0.00    1.27 ^ _206_/A (sky130_fd_sc_hd__nor2_1)
     1    0.01    0.05    0.08    1.35 v _206_/Y (sky130_fd_sc_hd__nor2_1)
                                         _006_ (net)
                  0.05    0.00    1.35 v _265_/D (sky130_fd_sc_hd__dfrtp_1)
                                  1.35   data arrival time

                  0.00   10.00   10.00   clock CLK100MHZ (rise edge)
                          0.00   10.00   clock network delay (ideal)
                          0.00   10.00   clock reconvergence pessimism
                                 10.00 ^ _265_/CLK (sky130_fd_sc_hd__dfrtp_1)
                         -0.13    9.87   library setup time
                                  9.87   data required time
-----------------------------------------------------------------------------
                                  9.87   data required time
                                 -1.35   data arrival time
-----------------------------------------------------------------------------
                                  8.52   slack (MET)


Startpoint: _250_ (rising edge-triggered flip-flop clocked by CLK100MHZ)
Endpoint: _274_ (rising edge-triggered flip-flop clocked by CLK100MHZ)
Path Group: CLK100MHZ
Path Type: max

Fanout     Cap    Slew   Delay    Time   Description
-----------------------------------------------------------------------------
                  0.00    0.00    0.00   clock CLK100MHZ (rise edge)
                          0.00    0.00   clock network delay (ideal)
                  0.00    0.00    0.00 ^ _250_/CLK (sky130_fd_sc_hd__dfrtp_2)
     5    0.02    0.12    0.39    0.39 ^ _250_/Q (sky130_fd_sc_hd__dfrtp_2)
                                         decoder.delay[0] (net)
                  0.12    0.00    0.39 ^ _126_/B (sky130_fd_sc_hd__and4_2)
     6    0.02    0.13    0.30    0.69 ^ _126_/X (sky130_fd_sc_hd__and4_2)
                                         _059_ (net)
                  0.13    0.00    0.69 ^ _128_/C (sky130_fd_sc_hd__and4_2)
     7    0.03    0.16    0.34    1.03 ^ _128_/X (sky130_fd_sc_hd__and4_2)
                                         _061_ (net)
                  0.16    0.00    1.03 ^ _150_/B (sky130_fd_sc_hd__nand2_1)
     2    0.01    0.11    0.14    1.17 v _150_/Y (sky130_fd_sc_hd__nand2_1)
                                         _076_ (net)
                  0.11    0.00    1.17 v _154_/B (sky130_fd_sc_hd__xnor2_1)
     1    0.00    0.06    0.16    1.33 v _154_/Y (sky130_fd_sc_hd__xnor2_1)
                                         _016_ (net)
                  0.06    0.00    1.33 v _274_/D (sky130_fd_sc_hd__dfrtp_2)
                                  1.33   data arrival time

                  0.00   10.00   10.00   clock CLK100MHZ (rise edge)
                          0.00   10.00   clock network delay (ideal)
                          0.00   10.00   clock reconvergence pessimism
                                 10.00 ^ _274_/CLK (sky130_fd_sc_hd__dfrtp_2)
                         -0.13    9.87   library setup time
                                  9.87   data required time
-----------------------------------------------------------------------------
                                  9.87   data required time
                                 -1.33   data arrival time
-----------------------------------------------------------------------------
                                  8.54   slack (MET)


Startpoint: _250_ (rising edge-triggered flip-flop clocked by CLK100MHZ)
Endpoint: _262_ (rising edge-triggered flip-flop clocked by CLK100MHZ)
Path Group: CLK100MHZ
Path Type: max

Fanout     Cap    Slew   Delay    Time   Description
-----------------------------------------------------------------------------
                  0.00    0.00    0.00   clock CLK100MHZ (rise edge)
                          0.00    0.00   clock network delay (ideal)
                  0.00    0.00    0.00 ^ _250_/CLK (sky130_fd_sc_hd__dfrtp_2)
     5    0.02    0.12    0.39    0.39 ^ _250_/Q (sky130_fd_sc_hd__dfrtp_2)
                                         decoder.delay[0] (net)
                  0.12    0.00    0.39 ^ _126_/B (sky130_fd_sc_hd__and4_2)
     6    0.02    0.13    0.30    0.69 ^ _126_/X (sky130_fd_sc_hd__and4_2)
                                         _059_ (net)
                  0.13    0.00    0.69 ^ _182_/B (sky130_fd_sc_hd__and3_1)
     2    0.01    0.09    0.20    0.89 ^ _182_/X (sky130_fd_sc_hd__and3_1)
                                         _093_ (net)
                  0.09    0.00    0.89 ^ _196_/B (sky130_fd_sc_hd__nand2_1)
     2    0.01    0.11    0.11    1.01 v _196_/Y (sky130_fd_sc_hd__nand2_1)
                                         _103_ (net)
                  0.11    0.00    1.01 v _199_/B (sky130_fd_sc_hd__xnor2_1)
     1    0.00    0.05    0.15    1.16 v _199_/Y (sky130_fd_sc_hd__xnor2_1)
                                         _003_ (net)
                  0.05    0.00    1.16 v _262_/D (sky130_fd_sc_hd__dfrtp_2)
                                  1.16   data arrival time

                  0.00   10.00   10.00   clock CLK100MHZ (rise edge)
                          0.00   10.00   clock network delay (ideal)
                          0.00   10.00   clock reconvergence pessimism
                                 10.00 ^ _262_/CLK (sky130_fd_sc_hd__dfrtp_2)
                         -0.13    9.87   library setup time
                                  9.87   data required time
-----------------------------------------------------------------------------
                                  9.87   data required time
                                 -1.16   data arrival time
-----------------------------------------------------------------------------
                                  8.71   slack (MET)


Startpoint: _252_ (rising edge-triggered flip-flop clocked by CLK100MHZ)
Endpoint: _256_ (rising edge-triggered flip-flop clocked by CLK100MHZ)
Path Group: CLK100MHZ
Path Type: max

Fanout     Cap    Slew   Delay    Time   Description
-----------------------------------------------------------------------------
                  0.00    0.00    0.00   clock CLK100MHZ (rise edge)
                          0.00    0.00   clock network delay (ideal)
                  0.00    0.00    0.00 ^ _252_/CLK (sky130_fd_sc_hd__dfrtp_2)
     3    0.02    0.08    0.42    0.42 v _252_/Q (sky130_fd_sc_hd__dfrtp_2)
                                         decoder.delay[2] (net)
                  0.08    0.00    0.42 v _126_/C (sky130_fd_sc_hd__and4_2)
     6    0.02    0.08    0.28    0.70 v _126_/X (sky130_fd_sc_hd__and4_2)
                                         _059_ (net)
                  0.08    0.00    0.70 v _177_/C (sky130_fd_sc_hd__and3_2)
     3    0.02    0.07    0.26    0.96 v _177_/X (sky130_fd_sc_hd__and3_2)
                                         _090_ (net)
                  0.07    0.00    0.96 v _180_/B (sky130_fd_sc_hd__xor2_1)
     1    0.00    0.06    0.15    1.11 v _180_/X (sky130_fd_sc_hd__xor2_1)
                                         _021_ (net)
                  0.06    0.00    1.11 v _256_/D (sky130_fd_sc_hd__dfrtp_4)
                                  1.11   data arrival time

                  0.00   10.00   10.00   clock CLK100MHZ (rise edge)
                          0.00   10.00   clock network delay (ideal)
                          0.00   10.00   clock reconvergence pessimism
                                 10.00 ^ _256_/CLK (sky130_fd_sc_hd__dfrtp_4)
                         -0.13    9.87   library setup time
                                  9.87   data required time
-----------------------------------------------------------------------------
                                  9.87   data required time
                                 -1.11   data arrival time
-----------------------------------------------------------------------------
                                  8.76   slack (MET)


Startpoint: _252_ (rising edge-triggered flip-flop clocked by CLK100MHZ)
Endpoint: _255_ (rising edge-triggered flip-flop clocked by CLK100MHZ)
Path Group: CLK100MHZ
Path Type: max

Fanout     Cap    Slew   Delay    Time   Description
-----------------------------------------------------------------------------
                  0.00    0.00    0.00   clock CLK100MHZ (rise edge)
                          0.00    0.00   clock network delay (ideal)
                  0.00    0.00    0.00 ^ _252_/CLK (sky130_fd_sc_hd__dfrtp_2)
     3    0.02    0.08    0.42    0.42 v _252_/Q (sky130_fd_sc_hd__dfrtp_2)
                                         decoder.delay[2] (net)
                  0.08    0.00    0.42 v _126_/C (sky130_fd_sc_hd__and4_2)
     6    0.02    0.08    0.28    0.70 v _126_/X (sky130_fd_sc_hd__and4_2)
                                         _059_ (net)
                  0.08    0.00    0.70 v _174_/B (sky130_fd_sc_hd__and2_1)
     2    0.01    0.06    0.19    0.89 v _174_/X (sky130_fd_sc_hd__and2_1)
                                         _088_ (net)
                  0.06    0.00    0.89 v _178_/B (sky130_fd_sc_hd__nor2_1)
     1    0.00    0.10    0.10    0.99 ^ _178_/Y (sky130_fd_sc_hd__nor2_1)
                                         _091_ (net)
                  0.10    0.00    0.99 ^ _179_/B (sky130_fd_sc_hd__nor2_1)
     1    0.00    0.04    0.05    1.04 v _179_/Y (sky130_fd_sc_hd__nor2_1)
                                         _020_ (net)
                  0.04    0.00    1.04 v _255_/D (sky130_fd_sc_hd__dfrtp_2)
                                  1.04   data arrival time

                  0.00   10.00   10.00   clock CLK100MHZ (rise edge)
                          0.00   10.00   clock network delay (ideal)
                          0.00   10.00   clock reconvergence pessimism
                                 10.00 ^ _255_/CLK (sky130_fd_sc_hd__dfrtp_2)
                         -0.12    9.88   library setup time
                                  9.88   data required time
-----------------------------------------------------------------------------
                                  9.88   data required time
                                 -1.04   data arrival time
-----------------------------------------------------------------------------
                                  8.83   slack (MET)


Startpoint: _250_ (rising edge-triggered flip-flop clocked by CLK100MHZ)
Endpoint: _253_ (rising edge-triggered flip-flop clocked by CLK100MHZ)
Path Group: CLK100MHZ
Path Type: max

Fanout     Cap    Slew   Delay    Time   Description
-----------------------------------------------------------------------------
                  0.00    0.00    0.00   clock CLK100MHZ (rise edge)
                          0.00    0.00   clock network delay (ideal)
                  0.00    0.00    0.00 ^ _250_/CLK (sky130_fd_sc_hd__dfrtp_2)
     5    0.02    0.12    0.39    0.39 ^ _250_/Q (sky130_fd_sc_hd__dfrtp_2)
                                         decoder.delay[0] (net)
                  0.12    0.00    0.39 ^ _126_/B (sky130_fd_sc_hd__and4_2)
     6    0.02    0.13    0.30    0.69 ^ _126_/X (sky130_fd_sc_hd__and4_2)
                                         _059_ (net)
                  0.13    0.00    0.69 ^ _172_/A_N (sky130_fd_sc_hd__and2b_1)
     1    0.01    0.06    0.22    0.91 v _172_/X (sky130_fd_sc_hd__and2b_1)
                                         _087_ (net)
                  0.06    0.00    0.91 v _173_/A (sky130_fd_sc_hd__clkbuf_1)
     1    0.00    0.03    0.10    1.01 v _173_/X (sky130_fd_sc_hd__clkbuf_1)
                                         _018_ (net)
                  0.03    0.00    1.01 v _253_/D (sky130_fd_sc_hd__dfrtp_1)
                                  1.01   data arrival time

                  0.00   10.00   10.00   clock CLK100MHZ (rise edge)
                          0.00   10.00   clock network delay (ideal)
                          0.00   10.00   clock reconvergence pessimism
                                 10.00 ^ _253_/CLK (sky130_fd_sc_hd__dfrtp_1)
                         -0.12    9.88   library setup time
                                  9.88   data required time
-----------------------------------------------------------------------------
                                  9.88   data required time
                                 -1.01   data arrival time
-----------------------------------------------------------------------------
                                  8.87   slack (MET)


Startpoint: _252_ (rising edge-triggered flip-flop clocked by CLK100MHZ)
Endpoint: _254_ (rising edge-triggered flip-flop clocked by CLK100MHZ)
Path Group: CLK100MHZ
Path Type: max

Fanout     Cap    Slew   Delay    Time   Description
-----------------------------------------------------------------------------
                  0.00    0.00    0.00   clock CLK100MHZ (rise edge)
                          0.00    0.00   clock network delay (ideal)
                  0.00    0.00    0.00 ^ _252_/CLK (sky130_fd_sc_hd__dfrtp_2)
     3    0.02    0.08    0.42    0.42 v _252_/Q (sky130_fd_sc_hd__dfrtp_2)
                                         decoder.delay[2] (net)
                  0.08    0.00    0.42 v _126_/C (sky130_fd_sc_hd__and4_2)
     6    0.02    0.08    0.28    0.70 v _126_/X (sky130_fd_sc_hd__and4_2)
                                         _059_ (net)
                  0.08    0.00    0.70 v _174_/B (sky130_fd_sc_hd__and2_1)
     2    0.01    0.06    0.19    0.89 v _174_/X (sky130_fd_sc_hd__and2_1)
                                         _088_ (net)
                  0.06    0.00    0.89 v _176_/A (sky130_fd_sc_hd__nor2_1)
     1    0.00    0.08    0.11    0.99 ^ _176_/Y (sky130_fd_sc_hd__nor2_1)
                                         _019_ (net)
                  0.08    0.00    0.99 ^ _254_/D (sky130_fd_sc_hd__dfrtp_2)
                                  0.99   data arrival time

                  0.00   10.00   10.00   clock CLK100MHZ (rise edge)
                          0.00   10.00   clock network delay (ideal)
                          0.00   10.00   clock reconvergence pessimism
                                 10.00 ^ _254_/CLK (sky130_fd_sc_hd__dfrtp_2)
                         -0.08    9.92   library setup time
                                  9.92   data required time
-----------------------------------------------------------------------------
                                  9.92   data required time
                                 -0.99   data arrival time
-----------------------------------------------------------------------------
                                  8.93   slack (MET)


Startpoint: _251_ (rising edge-triggered flip-flop clocked by CLK100MHZ)
Endpoint: _251_ (rising edge-triggered flip-flop clocked by CLK100MHZ)
Path Group: CLK100MHZ
Path Type: max

Fanout     Cap    Slew   Delay    Time   Description
-----------------------------------------------------------------------------
                  0.00    0.00    0.00   clock CLK100MHZ (rise edge)
                          0.00    0.00   clock network delay (ideal)
                  0.00    0.00    0.00 ^ _251_/CLK (sky130_fd_sc_hd__dfrtp_2)
     4    0.02    0.07    0.41    0.41 v _251_/Q (sky130_fd_sc_hd__dfrtp_2)
                                         decoder.delay[1] (net)
                  0.07    0.00    0.41 v _167_/A (sky130_fd_sc_hd__or2_1)
     1    0.00    0.05    0.23    0.64 v _167_/X (sky130_fd_sc_hd__or2_1)
                                         _084_ (net)
                  0.05    0.00    0.64 v _168_/B (sky130_fd_sc_hd__and2_1)
     1    0.00    0.04    0.16    0.80 v _168_/X (sky130_fd_sc_hd__and2_1)
                                         _085_ (net)
                  0.04    0.00    0.80 v _169_/A (sky130_fd_sc_hd__clkbuf_1)
     1    0.00    0.04    0.10    0.90 v _169_/X (sky130_fd_sc_hd__clkbuf_1)
                                         _011_ (net)
                  0.04    0.00    0.90 v _251_/D (sky130_fd_sc_hd__dfrtp_2)
                                  0.90   data arrival time

                  0.00   10.00   10.00   clock CLK100MHZ (rise edge)
                          0.00   10.00   clock network delay (ideal)
                          0.00   10.00   clock reconvergence pessimism
                                 10.00 ^ _251_/CLK (sky130_fd_sc_hd__dfrtp_2)
                         -0.12    9.88   library setup time
                                  9.88   data required time
-----------------------------------------------------------------------------
                                  9.88   data required time
                                 -0.90   data arrival time
-----------------------------------------------------------------------------
                                  8.98   slack (MET)


Startpoint: _250_ (rising edge-triggered flip-flop clocked by CLK100MHZ)
Endpoint: _252_ (rising edge-triggered flip-flop clocked by CLK100MHZ)
Path Group: CLK100MHZ
Path Type: max

Fanout     Cap    Slew   Delay    Time   Description
-----------------------------------------------------------------------------
                  0.00    0.00    0.00   clock CLK100MHZ (rise edge)
                          0.00    0.00   clock network delay (ideal)
                  0.00    0.00    0.00 ^ _250_/CLK (sky130_fd_sc_hd__dfrtp_2)
     5    0.02    0.12    0.39    0.39 ^ _250_/Q (sky130_fd_sc_hd__dfrtp_2)
                                         decoder.delay[0] (net)
                  0.12    0.00    0.39 ^ _166_/B (sky130_fd_sc_hd__nand2_1)
     2    0.01    0.09    0.12    0.50 v _166_/Y (sky130_fd_sc_hd__nand2_1)
                                         _083_ (net)
                  0.09    0.00    0.50 v _170_/B (sky130_fd_sc_hd__xnor2_1)
     1    0.01    0.21    0.22    0.72 ^ _170_/Y (sky130_fd_sc_hd__xnor2_1)
                                         _017_ (net)
                  0.21    0.00    0.72 ^ _252_/D (sky130_fd_sc_hd__dfrtp_2)
                                  0.72   data arrival time

                  0.00   10.00   10.00   clock CLK100MHZ (rise edge)
                          0.00   10.00   clock network delay (ideal)
                          0.00   10.00   clock reconvergence pessimism
                                 10.00 ^ _252_/CLK (sky130_fd_sc_hd__dfrtp_2)
                         -0.11    9.89   library setup time
                                  9.89   data required time
-----------------------------------------------------------------------------
                                  9.89   data required time
                                 -0.72   data arrival time
-----------------------------------------------------------------------------
                                  9.17   slack (MET)


Startpoint: _250_ (rising edge-triggered flip-flop clocked by CLK100MHZ)
Endpoint: _250_ (rising edge-triggered flip-flop clocked by CLK100MHZ)
Path Group: CLK100MHZ
Path Type: max

Fanout     Cap    Slew   Delay    Time   Description
-----------------------------------------------------------------------------
                  0.00    0.00    0.00   clock CLK100MHZ (rise edge)
                          0.00    0.00   clock network delay (ideal)
                  0.00    0.00    0.00 ^ _250_/CLK (sky130_fd_sc_hd__dfrtp_2)
     5    0.02    0.12    0.39    0.39 ^ _250_/Q (sky130_fd_sc_hd__dfrtp_2)
                                         decoder.delay[0] (net)
                  0.12    0.00    0.39 ^ _165_/A (sky130_fd_sc_hd__inv_2)
     1    0.00    0.03    0.04    0.43 v _165_/Y (sky130_fd_sc_hd__inv_2)
                                         _000_ (net)
                  0.03    0.00    0.43 v _250_/D (sky130_fd_sc_hd__dfrtp_2)
                                  0.43   data arrival time

                  0.00   10.00   10.00   clock CLK100MHZ (rise edge)
                          0.00   10.00   clock network delay (ideal)
                          0.00   10.00   clock reconvergence pessimism
                                 10.00 ^ _250_/CLK (sky130_fd_sc_hd__dfrtp_2)
                         -0.12    9.88   library setup time
                                  9.88   data required time
-----------------------------------------------------------------------------
                                  9.88   data required time
                                 -0.43   data arrival time
-----------------------------------------------------------------------------
                                  9.45   slack (MET)



worst slack corner Typical: 8.1608
max_report_end
checks_report

===========================================================================
report_checks -unconstrained
===========================================================================
======================= Typical Corner ===================================

Startpoint: _252_ (rising edge-triggered flip-flop clocked by CLK100MHZ)
Endpoint: _272_ (rising edge-triggered flip-flop clocked by CLK100MHZ)
Path Group: CLK100MHZ
Path Type: max

Fanout     Cap    Slew   Delay    Time   Description
-----------------------------------------------------------------------------
                  0.00    0.00    0.00   clock CLK100MHZ (rise edge)
                          0.00    0.00   clock network delay (ideal)
                  0.00    0.00    0.00 ^ _252_/CLK (sky130_fd_sc_hd__dfrtp_2)
     3    0.02    0.08    0.42    0.42 v _252_/Q (sky130_fd_sc_hd__dfrtp_2)
                                         decoder.delay[2] (net)
                  0.08    0.00    0.42 v _126_/C (sky130_fd_sc_hd__and4_2)
     6    0.02    0.08    0.28    0.70 v _126_/X (sky130_fd_sc_hd__and4_2)
                                         _059_ (net)
                  0.08    0.00    0.70 v _128_/C (sky130_fd_sc_hd__and4_2)
     7    0.03    0.09    0.29    0.99 v _128_/X (sky130_fd_sc_hd__and4_2)
                                         _061_ (net)
                  0.09    0.00    0.99 v _134_/A (sky130_fd_sc_hd__clkbuf_4)
    10    0.04    0.08    0.21    1.20 v _134_/X (sky130_fd_sc_hd__clkbuf_4)
                                         _066_ (net)
                  0.08    0.00    1.20 v _146_/C (sky130_fd_sc_hd__and3_1)
     2    0.01    0.06    0.22    1.42 v _146_/X (sky130_fd_sc_hd__and3_1)
                                         _074_ (net)
                  0.06    0.00    1.42 v _149_/B1 (sky130_fd_sc_hd__o2bb2a_1)
     1    0.00    0.05    0.29    1.71 v _149_/X (sky130_fd_sc_hd__o2bb2a_1)
                                         _014_ (net)
                  0.05    0.00    1.71 v _272_/D (sky130_fd_sc_hd__dfrtp_1)
                                  1.71   data arrival time

                  0.00   10.00   10.00   clock CLK100MHZ (rise edge)
                          0.00   10.00   clock network delay (ideal)
                          0.00   10.00   clock reconvergence pessimism
                                 10.00 ^ _272_/CLK (sky130_fd_sc_hd__dfrtp_1)
                         -0.13    9.87   library setup time
                                  9.87   data required time
-----------------------------------------------------------------------------
                                  9.87   data required time
                                 -1.71   data arrival time
-----------------------------------------------------------------------------
                                  8.16   slack (MET)




===========================================================================
report_checks --slack_max -0.01
============================================================================
======================= Typical Corner ===================================

No paths found.


===========================================================================
 report_check_types -max_slew -max_cap -max_fanout -violators
============================================================================
======================= Typical Corner ===================================


max slew violations count Typical: 0
max fanout violations count Typical: 0
max cap violations count Typical: 0

===========================================================================
report_parasitic_annotation -report_unannotated
============================================================================
Found 5 unannotated drivers.
 CLK100MHZ
 ZeroToFiveCounter_10/LO
 ZeroToFiveCounter_11/LO
 ZeroToFiveCounter_8/HI
 ZeroToFiveCounter_9/LO
Found 0 partially unannotated drivers.

===========================================================================
max slew violation count 0
max fanout violation count 0
max cap violation count 0
============================================================================

===========================================================================
check_setup -verbose -unconstrained_endpoints -multiple_clock -no_clock -no_input_delay -loops -generated_clocks
===========================================================================
Warning: There is 1 input port missing set_input_delay.
  BTNC
Warning: There are 11 unconstrained endpoints.
  AN[0]
  AN[1]
  AN[2]
  AN[3]
  seg[0]
  seg[1]
  seg[2]
  seg[3]
  seg[4]
  seg[5]
  seg[6]
checks_report_end
power_report

===========================================================================
 report_power
============================================================================
======================= Typical Corner ===================================

Group                  Internal  Switching    Leakage      Total
                          Power      Power      Power      Power (Watts)
----------------------------------------------------------------
Sequential             1.20e-04   0.00e+00   3.66e-10   1.20e-04 100.0%
Combinational          1.92e-14   6.18e-14   5.26e-10   5.26e-10   0.0%
Clock                  0.00e+00   0.00e+00   2.07e-10   2.07e-10   0.0%
Macro                  0.00e+00   0.00e+00   0.00e+00   0.00e+00   0.0%
Pad                    0.00e+00   0.00e+00   0.00e+00   0.00e+00   0.0%
----------------------------------------------------------------
Total                  1.20e-04   6.18e-14   1.10e-09   1.20e-04 100.0%
                         100.0%       0.0%       0.0%

power_report_end
skew_report

===========================================================================
report_clock_skew
============================================================================
Clock CLK100MHZ
   0.00 source latency _246_/CLK ^
   0.00 target latency _246_/CLK ^
   0.00 CRPR
--------------
   0.00 setup skew

skew_report_end
summary_report

===========================================================================
report_tns
============================================================================
tns 0.00

===========================================================================
report_wns
============================================================================
wns 0.00

===========================================================================
report_worst_slack -max (Setup)
============================================================================
worst slack 8.16

===========================================================================
report_worst_slack -min (Hold)
============================================================================
worst slack 0.47
summary_report_end
area_report

===========================================================================
report_design_area
============================================================================
Design area 1652 u^2 32% utilization.
area_report_end
check_nonpropagated_clocks
CLK100MHZ
check_nonpropagated_clocks_end
[WARNING] Did not save OpenROAD database!
Writing SDF to '/openlane/designs/ZeroToFiveCounter/runs/RUN_2025.05.24_22.10.23/results/signoff/ZeroToFiveCounter.sdf'…
